/* -*- Mode: c -*- */
####################################################################################################
Core 0
####################################################################################################
Cumulative:        Cycles: 18265502              Instructions: 30000000              IPC: 1.64244

Periodic:          Cycles: 6095201               Instructions: 9999998               IPC: 1.64063

L0_ALL_PREDICTIONS                             2763523       50.000%          8294886       50.000%
MAIN_ALL_PREDICTIONS                           2763523       50.000%          8294886       50.000%
                                               5527046      100.000%         16589772      100.000%
                                                  0.50         0.50              0.50         0.50

L0_ALL_RECOVER_AT_EXEC                          538746       98.927%          1582815       98.850%
MAIN_ALL_RECOVER_AT_EXEC                          5846        1.073%            18410        1.150%
                                                544592      100.000%          1601225      100.000%
                                                  0.01         0.10              0.01         0.11

L0_ALL_RECOVER_AT_DECODE                             0        0.000%                0        0.000%
MAIN_ALL_RECOVER_AT_DECODE                           4      100.000%              202      100.000%
                                                     4      100.000%              202      100.000%
                                                  1.00         1.15              1.00         1.00

L0_ALL_PREDICTIONS_OFFPATH                     1145229       50.000%          3366914       50.000%
MAIN_ALL_PREDICTIONS_OFFPATH                   1145229       50.000%          3366914       50.000%
                                               2290458      100.000%          6733828      100.000%
                                                  0.50         0.50              0.50         0.50

L0_ALL_RECOVER_AT_EXEC_OFFPATH                  333749       73.580%           983909       72.413%
MAIN_ALL_RECOVER_AT_EXEC_OFFPATH                119838       26.420%           374834       27.587%
                                                453587      100.000%          1358743      100.000%
                                                  0.26         0.40              0.28         0.41

L0_ALL_RECOVER_AT_DECODE_OFFPATH                     0         -nan%                0        0.000%
MAIN_ALL_RECOVER_AT_DECODE_OFFPATH                   0         -nan%              169      100.000%
                                                     0         -nan%              169      100.000%
                                                  -nan         -nan              1.00         1.00

MAIN_CBR_CORRECT                               1474998       69.333%          4346892       68.057%
MAIN_CBR_CORRECT_BTB_MISS_NT_NT                 648274       30.472%          2027144       31.738%
MAIN_CBR_RECOVER_AT_EXEC                          4133        0.194%            12861        0.201%
MAIN_CBR_RECOVER_AT_DECODE                           0        0.000%                0        0.000%
MAIN_CBR_RECOVER_BTB_MISS_T_T                        0        0.000%                1        0.000%
MAIN_CBR_RECOVER_BTB_MISS_T_NT                       8        0.000%               29        0.000%
MAIN_CBR_RECOVER_BTB_MISS_NT_T                       4        0.000%              177        0.003%
                                               2127417      100.000%          6387104      100.000%
                                                  0.31         0.39              0.32         0.39

MAIN_BR_CORRECT                                 116720       99.998%           350004       99.979%
MAIN_BR_RECOVER                                      2        0.002%               75        0.021%
                                                116722      100.000%           350079      100.000%
                                                  0.00         0.00              0.00         0.01

MAIN_ICALL_CORRECT_IBTB                          17715       99.893%            53230       99.826%
MAIN_ICALL_CORRECT_BTB                              19        0.107%               83        0.156%
MAIN_ICALL_RECOVER_AT_EXEC_IBTB                      0        0.000%                0        0.000%
MAIN_ICALL_RECOVER_AT_EXEC_BTB                       0        0.000%                0        0.000%
MAIN_ICALL_RECOVER_AT_EXEC_XBTB_MISS                 0        0.000%               10        0.019%
                                                 17734      100.000%            53323      100.000%
                                                  0.00         0.03              0.00         0.07

MAIN_IBR_CORRECT_IBTB                            97581       99.904%           292210       99.846%
MAIN_IBR_CORRECT_BTB                                88        0.090%              381        0.130%
MAIN_IBR_RECOVER_AT_EXEC_IBTB                        0        0.000%                0        0.000%
MAIN_IBR_RECOVER_AT_EXEC_BTB                         6        0.006%               47        0.016%
MAIN_IBR_RECOVER_AT_EXEC_XBTB_MISS                   0        0.000%               22        0.008%
                                                 97675      100.000%           292660      100.000%
                                                  0.00         0.04              0.00         0.06

MAIN_ICO_CORRECT                                     0         -nan%                0         -nan%
MAIN_ICO_RECOVER                                     0         -nan%                0         -nan%
                                                     0         -nan%                0         -nan%
                                                  -nan         -nan              -nan         -nan

MAIN_RET_CORRECT                                209160       99.196%           627258       99.168%
MAIN_RET_RECOVER                                  1695        0.804%             5254        0.831%
MAIN_RET_RECOVER_UFLOW                               0        0.000%               10        0.002%
                                                210855      100.000%           632522      100.000%
                                                  0.01         0.09              0.01         0.09

MAIN_CALL_CORRECT                               193118       99.999%           579072       99.978%
MAIN_CALL_RECOVER                                    2        0.001%              126        0.022%
                                                193120      100.000%           579198      100.000%
                                                  0.00         0.00              0.00         0.01

L0_CBR_CORRECT                                 1094063       51.427%          3307113       51.778%
L0_CBR_CORRECT_BTB_MISS_NT_NT                   749882       35.248%          2247363       35.186%
L0_CBR_RECOVER_AT_EXEC                           31833        1.496%            96387        1.509%
L0_CBR_RECOVER_AT_DECODE                             0        0.000%                0        0.000%
L0_CBR_RECOVER_BTB_MISS_T_T                     219593       10.322%           641262       10.040%
L0_CBR_RECOVER_BTB_MISS_T_NT                     21745        1.022%            64490        1.010%
L0_CBR_RECOVER_BTB_MISS_NT_T                     10301        0.484%            30489        0.477%
                                               2127417      100.000%          6387104      100.000%
                                                  0.88         1.16              0.86         1.15

L0_BR_CORRECT                                    64676       55.410%           202152       57.745%
L0_BR_RECOVER                                    52046       44.590%           147927       42.255%
                                                116722      100.000%           350079      100.000%
                                                  0.45         0.47              0.42         0.47

L0_ICALL_CORRECT_IBTB                                0        0.000%                0        0.000%
L0_ICALL_CORRECT_BTB                                 3        0.017%               19        0.036%
L0_ICALL_RECOVER_AT_EXEC_IBTB                    17715       99.893%            53230       99.826%
L0_ICALL_RECOVER_AT_EXEC_BTB                         0        0.000%                0        0.000%
L0_ICALL_RECOVER_AT_EXEC_XBTB_MISS                  16        0.090%               74        0.139%
                                                 17734      100.000%            53323      100.000%
                                                  2.00         0.09              2.00         0.11

L0_IBR_CORRECT_IBTB                                  0        0.000%                0        0.000%
L0_IBR_CORRECT_BTB                                  80        0.082%              337        0.115%
L0_IBR_RECOVER_AT_EXEC_IBTB                      97581       99.904%           292210       99.846%
L0_IBR_RECOVER_AT_EXEC_BTB                           3        0.003%               38        0.013%
L0_IBR_RECOVER_AT_EXEC_XBTB_MISS                    11        0.011%               75        0.026%
                                                 97675      100.000%           292660      100.000%
                                                  2.00         0.04              2.00         0.06

L0_ICO_CORRECT                                       0         -nan%                0         -nan%
L0_ICO_RECOVER                                       0         -nan%                0         -nan%
                                                     0         -nan%                0         -nan%
                                                  -nan         -nan              -nan         -nan

L0_RET_CORRECT                                  209160       99.196%           627258       99.168%
L0_RET_RECOVER                                    1695        0.804%             5254        0.831%
L0_RET_RECOVER_UFLOW                                 0        0.000%               10        0.002%
                                                210855      100.000%           632522      100.000%
                                                  0.01         0.09              0.01         0.09

L0_CALL_CORRECT                                 106913       55.361%           327829       56.601%
L0_CALL_RECOVER                                  86207       44.639%           251369       43.399%
                                                193120      100.000%           579198      100.000%
                                                  0.45         0.48              0.43         0.47

MAIN_CBR_CORRECT_OFFPATH                        273562       34.523%           733410       31.899%
MAIN_CBR_CORRECT_BTB_MISS_NT_NT_OFFPATH         420287       53.039%          1276919       55.538%
MAIN_CBR_RECOVER_AT_EXEC_OFFPATH                 95595       12.064%           278966       12.133%
MAIN_CBR_RECOVER_AT_DECODE_OFFPATH                   0        0.000%                0        0.000%
MAIN_CBR_RECOVER_BTB_MISS_T_T_OFFPATH                0        0.000%               28        0.001%
MAIN_CBR_RECOVER_BTB_MISS_T_NT_OFFPATH            2965        0.374%             9716        0.423%
MAIN_CBR_RECOVER_BTB_MISS_NT_T_OFFPATH               2        0.000%              140        0.006%
                                                792411      100.000%          2299179      100.000%
                                                  0.79         0.52              0.82         0.51

MAIN_BR_CORRECT_OFFPATH                          56022      100.000%           193600       99.975%
MAIN_BR_RECOVER_OFFPATH                              0        0.000%               49        0.025%
                                                 56022      100.000%           193649      100.000%
                                                  0.00         0.00              0.00         0.02

MAIN_ICALL_CORRECT_IBTB_OFFPATH                   2749       62.820%            11110       67.219%
MAIN_ICALL_CORRECT_BTB_OFFPATH                    1627       37.180%             5395       32.642%
MAIN_ICALL_RECOVER_AT_EXEC_IBTB_OFFPATH              0        0.000%                0        0.000%
MAIN_ICALL_RECOVER_AT_EXEC_BTB_OFFPATH               0        0.000%                0        0.000%
MAIN_ICALL_RECOVER_AT_EXEC_XBTB_MISS_OFFPATH             0        0.000%               23        0.139%
                                                  4376      100.000%            16528      100.000%
                                                  0.37         0.38              0.33         0.41

MAIN_IBR_CORRECT_IBTB_OFFPATH                    29993       36.978%            64369       28.997%
MAIN_IBR_CORRECT_BTB_OFFPATH                     49642       61.203%           149979       67.562%
MAIN_IBR_RECOVER_AT_EXEC_IBTB_OFFPATH             1433        1.767%             7427        3.346%
MAIN_IBR_RECOVER_AT_EXEC_BTB_OFFPATH                42        0.052%              187        0.084%
MAIN_IBR_RECOVER_AT_EXEC_XBTB_MISS_OFFPATH             0        0.000%               25        0.011%
                                                 81110      100.000%           221987      100.000%
                                                  0.65         0.33              0.75         0.32

MAIN_ICO_CORRECT_OFFPATH                             0         -nan%                0         -nan%
MAIN_ICO_RECOVER_OFFPATH                             0         -nan%                0         -nan%
                                                     0         -nan%                0         -nan%
                                                  -nan         -nan              -nan         -nan

MAIN_RET_CORRECT_OFFPATH                         75322       79.184%           213431       73.148%
MAIN_RET_RECOVER_OFFPATH                         19801       20.816%            78321       26.842%
MAIN_RET_RECOVER_UFLOW_OFFPATH                       0        0.000%               29        0.010%
                                                 95123      100.000%           291781      100.000%
                                                  0.21         0.36              0.27         0.38

MAIN_CALL_CORRECT_OFFPATH                       116187      100.000%           343698       99.973%
MAIN_CALL_RECOVER_OFFPATH                            0        0.000%               92        0.027%
                                                116187      100.000%           343790      100.000%
                                                  0.00         0.00              0.00         0.02

L0_CBR_CORRECT_OFFPATH                          139325       17.582%           412113       17.924%
L0_CBR_CORRECT_BTB_MISS_NT_NT_OFFPATH           478694       60.410%          1391177       60.508%
L0_CBR_RECOVER_AT_EXEC_OFFPATH                   81867       10.331%           220072        9.572%
L0_CBR_RECOVER_AT_DECODE_OFFPATH                     0        0.000%                0        0.000%
L0_CBR_RECOVER_BTB_MISS_T_T_OFFPATH              63385        7.999%           194942        8.479%
L0_CBR_RECOVER_BTB_MISS_T_NT_OFFPATH             23526        2.969%            67204        2.923%
L0_CBR_RECOVER_BTB_MISS_NT_T_OFFPATH              5614        0.708%            13671        0.595%
                                                792411      100.000%          2299179      100.000%
                                                  1.32         1.12              1.32         1.12

L0_BR_CORRECT_OFFPATH                            34195       61.039%           124460       64.271%
L0_BR_RECOVER_OFFPATH                            21827       38.961%            69189       35.729%
                                                 56022      100.000%           193649      100.000%
                                                  0.39         0.45              0.36         0.44

L0_ICALL_CORRECT_IBTB_OFFPATH                        0        0.000%                0        0.000%
L0_ICALL_CORRECT_BTB_OFFPATH                      1245       28.451%             4080       24.685%
L0_ICALL_RECOVER_AT_EXEC_IBTB_OFFPATH             2749       62.820%            11110       67.219%
L0_ICALL_RECOVER_AT_EXEC_BTB_OFFPATH                 0        0.000%                0        0.000%
L0_ICALL_RECOVER_AT_EXEC_XBTB_MISS_OFFPATH           382        8.729%             1338        8.095%
                                                  4376      100.000%            16528      100.000%
                                                  1.89         0.97              1.92         0.93

L0_IBR_CORRECT_IBTB_OFFPATH                          0        0.000%                0        0.000%
L0_IBR_CORRECT_BTB_OFFPATH                       13475       16.613%            41391       18.646%
L0_IBR_RECOVER_AT_EXEC_IBTB_OFFPATH              31426       38.745%            71796       32.342%
L0_IBR_RECOVER_AT_EXEC_BTB_OFFPATH                  42        0.052%              187        0.084%
L0_IBR_RECOVER_AT_EXEC_XBTB_MISS_OFFPATH         36167       44.590%           108613       48.928%
                                                 81110      100.000%           221987      100.000%
                                                  2.73         2.18              2.79         2.31

L0_ICO_CORRECT_OFFPATH                               0         -nan%                0         -nan%
L0_ICO_RECOVER_OFFPATH                               0         -nan%                0         -nan%
                                                     0         -nan%                0         -nan%
                                                  -nan         -nan              -nan         -nan

L0_RET_CORRECT_OFFPATH                           75322       79.184%           213431       73.148%
L0_RET_RECOVER_OFFPATH                           19801       20.816%            78321       26.842%
L0_RET_RECOVER_UFLOW_OFFPATH                         0        0.000%               29        0.010%
                                                 95123      100.000%           291781      100.000%
                                                  0.21         0.36              0.27         0.38

L0_CALL_CORRECT_OFFPATH                          69224       59.580%           196353       57.114%
L0_CALL_RECOVER_OFFPATH                          46963       40.420%           147437       42.886%
                                                116187      100.000%           343790      100.000%
                                                  0.40         0.46              0.43         0.47

ALL_BTB_CORRECT                                1896637       74.300%          5611607       73.236%
ALL_BTB_INCORRECT_BUT_TARGET_CORRECT                 0        0.000%                0        0.000%
ALL_BTB_INCORRECT                               656031       25.700%          2050757       26.764%
                                               2552668      100.000%          7662364      100.000%
                                                  0.51         0.80              0.54         0.81

ALL_IBTB_CORRECT                                115296       99.902%           345440       99.843%
ALL_IBTB_INCORRECT                                 113        0.098%              543        0.157%
                                                115409      100.000%           345983      100.000%
                                                  0.00         0.03              0.00         0.04

ALL_BTB_CORRECT_OFFPATH                         626754       59.685%          1787648       58.132%
ALL_BTB_INCORRECT_BUT_TARGET_CORRECT_OFFPATH             0        0.000%                0        0.000%
ALL_BTB_INCORRECT_OFFPATH                       423352       40.315%          1287485       41.868%
                                               1050106      100.000%          3075133      100.000%
                                                  0.81         0.91              0.84         0.93

ALL_IBTB_CORRECT_OFFPATH                         32742       38.301%            75479       31.645%
ALL_IBTB_INCORRECT_OFFPATH                       52744       61.699%           163036       68.355%
                                                 85486      100.000%           238515      100.000%
                                                  0.62         0.57              0.68         0.62

CRS_MISS                                          3390        0.804%            10528        0.832%
CRS_HIT                                         418320       99.196%          1254516       99.168%
                                                421710      100.000%          1265044      100.000%
                                                  0.99         0.99              0.99         0.99

CRS_MISS_OFFPATH                                 39602       20.816%           156700       26.852%
CRS_HIT_OFFPATH                                 150644       79.184%           426862       73.148%
                                                190246      100.000%           583562      100.000%
                                                  0.79         0.73              0.73         0.67

CRS_CLOBBER                                         62                            768              

IBTB_TARG_CACHE_MISS                               113        0.098%              543        0.157%
IBTB_TARG_CACHE_HIT                             115296       99.902%           345440       99.843%
                                                115409      100.000%           345983      100.000%
                                                  1.00         1.00              1.00         1.00

IBTB_TARG_CACHE_MISS_OFFPATH                     52744       61.699%           163036       68.355%
IBTB_TARG_CACHE_HIT_OFFPATH                      32742       38.301%            75479       31.645%
                                                 85486      100.000%           238515      100.000%
                                                  0.38         0.45              0.32         0.42

IBTB_TARG_CACHE_WRITE                           115414       90.837%           345983       93.622%
IBTB_TARG_CACHE_WRITE_OFFPATH                    11642        9.163%            23570        6.378%
                                                127056      100.000%           369553      100.000%
                                                  0.09         0.28              0.06         0.24

BTB_WRITE                                       107283       99.958%           322282       99.957%
BTB_WRITE_OFFPATH                                   45        0.042%              139        0.043%
                                                107328      100.000%           322421      100.000%
                                                  0.00         0.02              0.00         0.02

BTB_L0_CORRECT                                 1379442       54.039%          4179421       54.545%
BTB_L0_INCORRECT_BUT_TARGET_CORRECT                  0        0.000%                0        0.000%
BTB_L0_INCORRECT                               1173226       45.961%          3482943       45.455%
                                               2552668      100.000%          7662364      100.000%
                                                  0.92         0.96              0.91         0.96

BTB_L1_CORRECT                                 1896637       74.300%          5611607       73.236%
BTB_L1_INCORRECT_BUT_TARGET_CORRECT                  0        0.000%                0        0.000%
BTB_L1_INCORRECT                                656031       25.700%          2050757       26.764%
                                               2552668      100.000%          7662364      100.000%
                                                  0.51         0.80              0.54         0.81

BTB_MAIN_CORRECT                               1896637       74.300%          5611607       73.236%
BTB_MAIN_INCORRECT_BUT_TARGET_CORRECT                0        0.000%                0        0.000%
BTB_MAIN_INCORRECT                              656031       25.700%          2050757       26.764%
                                               2552668      100.000%          7662364      100.000%
                                                  0.51         0.80              0.54         0.81

BTB_L0_CORRECT_OFFPATH                          363290       34.596%          1063411       34.581%
BTB_L0_INCORRECT_BUT_TARGET_CORRECT_OFFPATH             0        0.000%                0        0.000%
BTB_L0_INCORRECT_OFFPATH                        686816       65.404%          2011722       65.419%
                                               1050106      100.000%          3075133      100.000%
                                                  1.31         1.20              1.31         1.20

BTB_L1_CORRECT_OFFPATH                          626754       59.685%          1787648       58.132%
BTB_L1_INCORRECT_BUT_TARGET_CORRECT_OFFPATH             0        0.000%                0        0.000%
BTB_L1_INCORRECT_OFFPATH                        423352       40.315%          1287485       41.868%
                                               1050106      100.000%          3075133      100.000%
                                                  0.81         0.91              0.84         0.93

BTB_MAIN_CORRECT_OFFPATH                        626754       59.685%          1787648       58.132%
BTB_MAIN_INCORRECT_BUT_TARGET_CORRECT_OFFPATH             0        0.000%                0        0.000%
BTB_MAIN_INCORRECT_OFFPATH                      423352       40.315%          1287485       41.868%
                                               1050106      100.000%          3075133      100.000%
                                                  0.81         0.91              0.84         0.93

TARG_HYBRID_CORRECT_TAGLESS                          0         -nan%                0         -nan%
TARG_HYBRID_CORRECT_TAGGED                           0         -nan%                0         -nan%
TARG_HYBRID_RECOVER_AT_EXEC_TAGLESS                  0         -nan%                0         -nan%
TARG_HYBRID_RECOVER_AT_EXEC_TAGGED                   0         -nan%                0         -nan%
TARG_HYBRID_NO_PRED                                  0         -nan%                0         -nan%
                                                     0         -nan%                0         -nan%
                                                  -nan         -nan              -nan         -nan

BP_L0_EARLY_RECOVERIES                          538746       98.926%          1582815       98.838%
BP_MAIN_EXEC_RECOVERIES                           5846        1.073%            18410        1.150%
BP_MAIN_DECODE_RECOVERIES                            4        0.001%              202        0.013%
                                                544596      100.000%          1601427      100.000%
                                                  0.01         0.10              0.01         0.11

SCHEDULED_L0_EARLY_RECOVERIES                   533571       98.910%          1566438       98.817%
SCHEDULED_MAIN_EXEC_RECOVERIES                    5877        1.089%            18553        1.170%
SCHEDULED_MAIN_DECODE_RECOVERIES                     4        0.001%              202        0.013%
                                                539452      100.000%          1585193      100.000%
                                                  0.01         0.10              0.01         0.11

PERFORMED_RECOVERIES                            539421                        1585050              

PERFORMED_RECOVERY_LAT                         2833614                        8525821              

SCHEDULED_MAIN_DECODE_LAT                          381                          10798              

SCHEDULED_MAIN_EXEC_LAT                      478135656                     1088201066              

SCHEDULED_L0_EARLY_LAT                               0                              0              

MAIN_BRANCH_RESOLVE_AT_DECODE_LAT_1                  0        0.000%                0        0.000%
MAIN_BRANCH_RESOLVE_AT_DECODE_LAT_2                  0        0.000%                0        0.000%
MAIN_BRANCH_RESOLVE_AT_DECODE_LAT_3                  0        0.000%                0        0.000%
MAIN_BRANCH_RESOLVE_AT_DECODE_LAT_4                  0        0.000%                0        0.000%
MAIN_BRANCH_RESOLVE_AT_DECODE_LAT_5                  0        0.000%                0        0.000%
MAIN_BRANCH_RESOLVE_AT_DECODE_LAT_6                  0        0.000%                0        0.000%
MAIN_BRANCH_RESOLVE_AT_DECODE_LAT_7                  0        0.000%                0        0.000%
MAIN_BRANCH_RESOLVE_AT_DECODE_LAT_8                  1       25.000%               72       35.644%
MAIN_BRANCH_RESOLVE_AT_DECODE_LAT_9                  0        0.000%               29       14.356%
MAIN_BRANCH_RESOLVE_AT_DECODE_LAT_10                 0        0.000%               19        9.406%
MAIN_BRANCH_RESOLVE_AT_DECODE_LAT_11                 0        0.000%               14        6.931%
MAIN_BRANCH_RESOLVE_AT_DECODE_LAT_12                 0        0.000%                2        0.990%
MAIN_BRANCH_RESOLVE_AT_DECODE_LAT_13                 0        0.000%                2        0.990%
MAIN_BRANCH_RESOLVE_AT_DECODE_LAT_14                 0        0.000%                0        0.000%
MAIN_BRANCH_RESOLVE_AT_DECODE_LAT_15                 0        0.000%                1        0.495%
MAIN_BRANCH_RESOLVE_AT_DECODE_LAT_16                 0        0.000%                1        0.495%
MAIN_BRANCH_RESOLVE_AT_DECODE_LAT_17                 0        0.000%                0        0.000%
MAIN_BRANCH_RESOLVE_AT_DECODE_LAT_18                 0        0.000%                0        0.000%
MAIN_BRANCH_RESOLVE_AT_DECODE_LAT_19                 0        0.000%                0        0.000%
MAIN_BRANCH_RESOLVE_AT_DECODE_LAT_20                 0        0.000%                0        0.000%
MAIN_BRANCH_RESOLVE_AT_DECODE_LAT_21                 0        0.000%                2        0.990%
MAIN_BRANCH_RESOLVE_AT_DECODE_LAT_22                 0        0.000%                0        0.000%
MAIN_BRANCH_RESOLVE_AT_DECODE_LAT_23                 0        0.000%                3        1.485%
MAIN_BRANCH_RESOLVE_AT_DECODE_LAT_24                 0        0.000%                2        0.990%
MAIN_BRANCH_RESOLVE_AT_DECODE_LAT_25                 1       25.000%                7        3.465%
MAIN_BRANCH_RESOLVE_AT_DECODE_LAT_26                 0        0.000%                2        0.990%
MAIN_BRANCH_RESOLVE_AT_DECODE_LAT_27                 0        0.000%                1        0.495%
MAIN_BRANCH_RESOLVE_AT_DECODE_LAT_28                 0        0.000%                1        0.495%
MAIN_BRANCH_RESOLVE_AT_DECODE_LAT_29                 0        0.000%                0        0.000%
MAIN_BRANCH_RESOLVE_AT_DECODE_LAT_30                 0        0.000%                2        0.990%
MAIN_BRANCH_RESOLVE_AT_DECODE_LAT_31                 0        0.000%                0        0.000%
MAIN_BRANCH_RESOLVE_AT_DECODE_LAT_32                 0        0.000%                1        0.495%
MAIN_BRANCH_RESOLVE_AT_DECODE_LAT_33                 0        0.000%                0        0.000%
MAIN_BRANCH_RESOLVE_AT_DECODE_LAT_34                 0        0.000%                0        0.000%
MAIN_BRANCH_RESOLVE_AT_DECODE_LAT_35                 0        0.000%                0        0.000%
MAIN_BRANCH_RESOLVE_AT_DECODE_LAT_36                 0        0.000%                0        0.000%
MAIN_BRANCH_RESOLVE_AT_DECODE_LAT_37                 0        0.000%                1        0.495%
MAIN_BRANCH_RESOLVE_AT_DECODE_LAT_38                 0        0.000%                0        0.000%
MAIN_BRANCH_RESOLVE_AT_DECODE_LAT_39                 0        0.000%                0        0.000%
MAIN_BRANCH_RESOLVE_AT_DECODE_LAT_40                 0        0.000%                0        0.000%
MAIN_BRANCH_RESOLVE_AT_DECODE_LAT_41                 0        0.000%                0        0.000%
MAIN_BRANCH_RESOLVE_AT_DECODE_LAT_42                 0        0.000%                0        0.000%
MAIN_BRANCH_RESOLVE_AT_DECODE_LAT_43                 0        0.000%                0        0.000%
MAIN_BRANCH_RESOLVE_AT_DECODE_LAT_44                 0        0.000%                0        0.000%
MAIN_BRANCH_RESOLVE_AT_DECODE_LAT_45                 0        0.000%                0        0.000%
MAIN_BRANCH_RESOLVE_AT_DECODE_LAT_46                 0        0.000%                0        0.000%
MAIN_BRANCH_RESOLVE_AT_DECODE_LAT_47                 0        0.000%                0        0.000%
MAIN_BRANCH_RESOLVE_AT_DECODE_LAT_48                 0        0.000%                0        0.000%
MAIN_BRANCH_RESOLVE_AT_DECODE_LAT_49                 0        0.000%                0        0.000%
MAIN_BRANCH_RESOLVE_AT_DECODE_LAT_50                 0        0.000%                0        0.000%
MAIN_BRANCH_RESOLVE_AT_DECODE_LAT_51                 0        0.000%                0        0.000%
MAIN_BRANCH_RESOLVE_AT_DECODE_LAT_52                 0        0.000%                0        0.000%
MAIN_BRANCH_RESOLVE_AT_DECODE_LAT_53                 0        0.000%                0        0.000%
MAIN_BRANCH_RESOLVE_AT_DECODE_LAT_54                 0        0.000%                0        0.000%
MAIN_BRANCH_RESOLVE_AT_DECODE_LAT_55                 0        0.000%                0        0.000%
MAIN_BRANCH_RESOLVE_AT_DECODE_LAT_56                 0        0.000%                0        0.000%
MAIN_BRANCH_RESOLVE_AT_DECODE_LAT_57                 0        0.000%                0        0.000%
MAIN_BRANCH_RESOLVE_AT_DECODE_LAT_58                 0        0.000%                0        0.000%
MAIN_BRANCH_RESOLVE_AT_DECODE_LAT_59                 0        0.000%                0        0.000%
MAIN_BRANCH_RESOLVE_AT_DECODE_LAT_60                 0        0.000%                0        0.000%
MAIN_BRANCH_RESOLVE_AT_DECODE_LAT_61                 0        0.000%                0        0.000%
MAIN_BRANCH_RESOLVE_AT_DECODE_LAT_62                 0        0.000%                0        0.000%
MAIN_BRANCH_RESOLVE_AT_DECODE_LAT_63                 0        0.000%                0        0.000%
MAIN_BRANCH_RESOLVE_AT_DECODE_LAT_64                 0        0.000%                0        0.000%
MAIN_BRANCH_RESOLVE_AT_DECODE_LAT_65                 0        0.000%                0        0.000%
MAIN_BRANCH_RESOLVE_AT_DECODE_LAT_66                 0        0.000%                0        0.000%
MAIN_BRANCH_RESOLVE_AT_DECODE_LAT_67                 0        0.000%                0        0.000%
MAIN_BRANCH_RESOLVE_AT_DECODE_LAT_68                 0        0.000%                0        0.000%
MAIN_BRANCH_RESOLVE_AT_DECODE_LAT_69                 0        0.000%                0        0.000%
MAIN_BRANCH_RESOLVE_AT_DECODE_LAT_70                 0        0.000%                0        0.000%
MAIN_BRANCH_RESOLVE_AT_DECODE_LAT_71                 0        0.000%                0        0.000%
MAIN_BRANCH_RESOLVE_AT_DECODE_LAT_72                 0        0.000%                0        0.000%
MAIN_BRANCH_RESOLVE_AT_DECODE_LAT_73                 0        0.000%                0        0.000%
MAIN_BRANCH_RESOLVE_AT_DECODE_LAT_74                 0        0.000%                0        0.000%
MAIN_BRANCH_RESOLVE_AT_DECODE_LAT_75                 0        0.000%                0        0.000%
MAIN_BRANCH_RESOLVE_AT_DECODE_LAT_76                 0        0.000%                0        0.000%
MAIN_BRANCH_RESOLVE_AT_DECODE_LAT_77                 0        0.000%                0        0.000%
MAIN_BRANCH_RESOLVE_AT_DECODE_LAT_78                 0        0.000%                0        0.000%
MAIN_BRANCH_RESOLVE_AT_DECODE_LAT_79                 0        0.000%                0        0.000%
MAIN_BRANCH_RESOLVE_AT_DECODE_LAT_80                 0        0.000%                0        0.000%
MAIN_BRANCH_RESOLVE_AT_DECODE_LAT_81                 0        0.000%                0        0.000%
MAIN_BRANCH_RESOLVE_AT_DECODE_LAT_82                 0        0.000%                0        0.000%
MAIN_BRANCH_RESOLVE_AT_DECODE_LAT_83                 0        0.000%                0        0.000%
MAIN_BRANCH_RESOLVE_AT_DECODE_LAT_84                 0        0.000%                0        0.000%
MAIN_BRANCH_RESOLVE_AT_DECODE_LAT_85                 0        0.000%                0        0.000%
MAIN_BRANCH_RESOLVE_AT_DECODE_LAT_86                 0        0.000%                0        0.000%
MAIN_BRANCH_RESOLVE_AT_DECODE_LAT_87                 0        0.000%                0        0.000%
MAIN_BRANCH_RESOLVE_AT_DECODE_LAT_88                 0        0.000%                0        0.000%
MAIN_BRANCH_RESOLVE_AT_DECODE_LAT_89                 0        0.000%                1        0.495%
MAIN_BRANCH_RESOLVE_AT_DECODE_LAT_90                 0        0.000%                0        0.000%
MAIN_BRANCH_RESOLVE_AT_DECODE_LAT_91                 0        0.000%                0        0.000%
MAIN_BRANCH_RESOLVE_AT_DECODE_LAT_92                 0        0.000%                0        0.000%
MAIN_BRANCH_RESOLVE_AT_DECODE_LAT_93                 0        0.000%                0        0.000%
MAIN_BRANCH_RESOLVE_AT_DECODE_LAT_94                 0        0.000%                0        0.000%
MAIN_BRANCH_RESOLVE_AT_DECODE_LAT_95                 0        0.000%                0        0.000%
MAIN_BRANCH_RESOLVE_AT_DECODE_LAT_96                 0        0.000%                0        0.000%
MAIN_BRANCH_RESOLVE_AT_DECODE_LAT_97                 0        0.000%                0        0.000%
MAIN_BRANCH_RESOLVE_AT_DECODE_LAT_98                 0        0.000%                0        0.000%
MAIN_BRANCH_RESOLVE_AT_DECODE_LAT_99                 0        0.000%                0        0.000%
MAIN_BRANCH_RESOLVE_AT_DECODE_LAT_100                0        0.000%                0        0.000%
MAIN_BRANCH_RESOLVE_AT_DECODE_LAT_GT100              2       50.000%               39       19.307%
                                                     4      100.000%              202      100.000%
                                                 57.75        68.20             28.01        38.18

MAIN_BRANCH_RESOLVE_AT_EXEC_LAT_1                    0        0.000%                0        0.000%
MAIN_BRANCH_RESOLVE_AT_EXEC_LAT_2                    0        0.000%                0        0.000%
MAIN_BRANCH_RESOLVE_AT_EXEC_LAT_3                    0        0.000%                0        0.000%
MAIN_BRANCH_RESOLVE_AT_EXEC_LAT_4                    0        0.000%                0        0.000%
MAIN_BRANCH_RESOLVE_AT_EXEC_LAT_5                    0        0.000%                0        0.000%
MAIN_BRANCH_RESOLVE_AT_EXEC_LAT_6                    0        0.000%                0        0.000%
MAIN_BRANCH_RESOLVE_AT_EXEC_LAT_7                    0        0.000%                0        0.000%
MAIN_BRANCH_RESOLVE_AT_EXEC_LAT_8                    0        0.000%                0        0.000%
MAIN_BRANCH_RESOLVE_AT_EXEC_LAT_9                    0        0.000%                0        0.000%
MAIN_BRANCH_RESOLVE_AT_EXEC_LAT_10                   0        0.000%                2        0.011%
MAIN_BRANCH_RESOLVE_AT_EXEC_LAT_11                   0        0.000%                6        0.033%
MAIN_BRANCH_RESOLVE_AT_EXEC_LAT_12                   1        0.017%                1        0.005%
MAIN_BRANCH_RESOLVE_AT_EXEC_LAT_13                   0        0.000%                2        0.011%
MAIN_BRANCH_RESOLVE_AT_EXEC_LAT_14                   0        0.000%                1        0.005%
MAIN_BRANCH_RESOLVE_AT_EXEC_LAT_15                   0        0.000%                0        0.000%
MAIN_BRANCH_RESOLVE_AT_EXEC_LAT_16                   4        0.068%               32        0.174%
MAIN_BRANCH_RESOLVE_AT_EXEC_LAT_17                   7        0.120%               56        0.304%
MAIN_BRANCH_RESOLVE_AT_EXEC_LAT_18                   4        0.068%               73        0.397%
MAIN_BRANCH_RESOLVE_AT_EXEC_LAT_19                  13        0.222%               39        0.212%
MAIN_BRANCH_RESOLVE_AT_EXEC_LAT_20                  18        0.308%               82        0.445%
MAIN_BRANCH_RESOLVE_AT_EXEC_LAT_21                   9        0.154%               39        0.212%
MAIN_BRANCH_RESOLVE_AT_EXEC_LAT_22                  21        0.359%               74        0.402%
MAIN_BRANCH_RESOLVE_AT_EXEC_LAT_23                  15        0.257%               60        0.326%
MAIN_BRANCH_RESOLVE_AT_EXEC_LAT_24                  34        0.582%              173        0.940%
MAIN_BRANCH_RESOLVE_AT_EXEC_LAT_25                  12        0.205%               51        0.277%
MAIN_BRANCH_RESOLVE_AT_EXEC_LAT_26                 161        2.754%              474        2.575%
MAIN_BRANCH_RESOLVE_AT_EXEC_LAT_27                  53        0.907%              221        1.200%
MAIN_BRANCH_RESOLVE_AT_EXEC_LAT_28                  14        0.239%               46        0.250%
MAIN_BRANCH_RESOLVE_AT_EXEC_LAT_29                 287        4.909%              725        3.938%
MAIN_BRANCH_RESOLVE_AT_EXEC_LAT_30                  15        0.257%              220        1.195%
MAIN_BRANCH_RESOLVE_AT_EXEC_LAT_31                   8        0.137%               33        0.179%
MAIN_BRANCH_RESOLVE_AT_EXEC_LAT_32                  21        0.359%               86        0.467%
MAIN_BRANCH_RESOLVE_AT_EXEC_LAT_33                  13        0.222%               64        0.348%
MAIN_BRANCH_RESOLVE_AT_EXEC_LAT_34                   8        0.137%               42        0.228%
MAIN_BRANCH_RESOLVE_AT_EXEC_LAT_35                  23        0.393%              109        0.592%
MAIN_BRANCH_RESOLVE_AT_EXEC_LAT_36                   8        0.137%               36        0.196%
MAIN_BRANCH_RESOLVE_AT_EXEC_LAT_37                  12        0.205%               50        0.272%
MAIN_BRANCH_RESOLVE_AT_EXEC_LAT_38                   9        0.154%               50        0.272%
MAIN_BRANCH_RESOLVE_AT_EXEC_LAT_39                   7        0.120%               33        0.179%
MAIN_BRANCH_RESOLVE_AT_EXEC_LAT_40                 142        2.429%              419        2.276%
MAIN_BRANCH_RESOLVE_AT_EXEC_LAT_41                  10        0.171%               69        0.375%
MAIN_BRANCH_RESOLVE_AT_EXEC_LAT_42                   9        0.154%               35        0.190%
MAIN_BRANCH_RESOLVE_AT_EXEC_LAT_43                 145        2.480%              381        2.070%
MAIN_BRANCH_RESOLVE_AT_EXEC_LAT_44                  59        1.009%              251        1.363%
MAIN_BRANCH_RESOLVE_AT_EXEC_LAT_45                 136        2.326%              260        1.412%
MAIN_BRANCH_RESOLVE_AT_EXEC_LAT_46                 225        3.849%              828        4.498%
MAIN_BRANCH_RESOLVE_AT_EXEC_LAT_47                   7        0.120%               18        0.098%
MAIN_BRANCH_RESOLVE_AT_EXEC_LAT_48                   3        0.051%                7        0.038%
MAIN_BRANCH_RESOLVE_AT_EXEC_LAT_49                   6        0.103%               22        0.120%
MAIN_BRANCH_RESOLVE_AT_EXEC_LAT_50                   9        0.154%               25        0.136%
MAIN_BRANCH_RESOLVE_AT_EXEC_LAT_51                   5        0.086%               30        0.163%
MAIN_BRANCH_RESOLVE_AT_EXEC_LAT_52                   6        0.103%               33        0.179%
MAIN_BRANCH_RESOLVE_AT_EXEC_LAT_53                   9        0.154%               24        0.130%
MAIN_BRANCH_RESOLVE_AT_EXEC_LAT_54                   8        0.137%               28        0.152%
MAIN_BRANCH_RESOLVE_AT_EXEC_LAT_55                 173        2.959%              477        2.591%
MAIN_BRANCH_RESOLVE_AT_EXEC_LAT_56                  23        0.393%              130        0.706%
MAIN_BRANCH_RESOLVE_AT_EXEC_LAT_57                  33        0.564%               84        0.456%
MAIN_BRANCH_RESOLVE_AT_EXEC_LAT_58                   8        0.137%               23        0.125%
MAIN_BRANCH_RESOLVE_AT_EXEC_LAT_59                   5        0.086%               15        0.081%
MAIN_BRANCH_RESOLVE_AT_EXEC_LAT_60                   9        0.154%               13        0.071%
MAIN_BRANCH_RESOLVE_AT_EXEC_LAT_61                   2        0.034%               11        0.060%
MAIN_BRANCH_RESOLVE_AT_EXEC_LAT_62                   1        0.017%                4        0.022%
MAIN_BRANCH_RESOLVE_AT_EXEC_LAT_63                   1        0.017%                6        0.033%
MAIN_BRANCH_RESOLVE_AT_EXEC_LAT_64                   3        0.051%               13        0.071%
MAIN_BRANCH_RESOLVE_AT_EXEC_LAT_65                   1        0.017%                7        0.038%
MAIN_BRANCH_RESOLVE_AT_EXEC_LAT_66                   3        0.051%                8        0.043%
MAIN_BRANCH_RESOLVE_AT_EXEC_LAT_67                   2        0.034%                7        0.038%
MAIN_BRANCH_RESOLVE_AT_EXEC_LAT_68                   3        0.051%                6        0.033%
MAIN_BRANCH_RESOLVE_AT_EXEC_LAT_69                  24        0.411%               60        0.326%
MAIN_BRANCH_RESOLVE_AT_EXEC_LAT_70                   1        0.017%                9        0.049%
MAIN_BRANCH_RESOLVE_AT_EXEC_LAT_71                   1        0.017%               12        0.065%
MAIN_BRANCH_RESOLVE_AT_EXEC_LAT_72                   4        0.068%               20        0.109%
MAIN_BRANCH_RESOLVE_AT_EXEC_LAT_73                   7        0.120%               25        0.136%
MAIN_BRANCH_RESOLVE_AT_EXEC_LAT_74                   7        0.120%               26        0.141%
MAIN_BRANCH_RESOLVE_AT_EXEC_LAT_75                  19        0.325%               40        0.217%
MAIN_BRANCH_RESOLVE_AT_EXEC_LAT_76                  16        0.274%               45        0.244%
MAIN_BRANCH_RESOLVE_AT_EXEC_LAT_77                  23        0.393%               59        0.320%
MAIN_BRANCH_RESOLVE_AT_EXEC_LAT_78                  25        0.428%               57        0.310%
MAIN_BRANCH_RESOLVE_AT_EXEC_LAT_79                  16        0.274%               50        0.272%
MAIN_BRANCH_RESOLVE_AT_EXEC_LAT_80                  16        0.274%               42        0.228%
MAIN_BRANCH_RESOLVE_AT_EXEC_LAT_81                  23        0.393%               33        0.179%
MAIN_BRANCH_RESOLVE_AT_EXEC_LAT_82                  10        0.171%               30        0.163%
MAIN_BRANCH_RESOLVE_AT_EXEC_LAT_83                  19        0.325%               38        0.206%
MAIN_BRANCH_RESOLVE_AT_EXEC_LAT_84                  46        0.787%               81        0.440%
MAIN_BRANCH_RESOLVE_AT_EXEC_LAT_85                  41        0.701%              173        0.940%
MAIN_BRANCH_RESOLVE_AT_EXEC_LAT_86                  40        0.684%              140        0.760%
MAIN_BRANCH_RESOLVE_AT_EXEC_LAT_87                  33        0.564%              111        0.603%
MAIN_BRANCH_RESOLVE_AT_EXEC_LAT_88                  25        0.428%               87        0.473%
MAIN_BRANCH_RESOLVE_AT_EXEC_LAT_89                  44        0.753%              131        0.712%
MAIN_BRANCH_RESOLVE_AT_EXEC_LAT_90                  59        1.009%              172        0.934%
MAIN_BRANCH_RESOLVE_AT_EXEC_LAT_91                  62        1.061%              188        1.021%
MAIN_BRANCH_RESOLVE_AT_EXEC_LAT_92                  53        0.907%              166        0.902%
MAIN_BRANCH_RESOLVE_AT_EXEC_LAT_93                  26        0.445%               76        0.413%
MAIN_BRANCH_RESOLVE_AT_EXEC_LAT_94                   7        0.120%               21        0.114%
MAIN_BRANCH_RESOLVE_AT_EXEC_LAT_95                  16        0.274%               33        0.179%
MAIN_BRANCH_RESOLVE_AT_EXEC_LAT_96                   3        0.051%               30        0.163%
MAIN_BRANCH_RESOLVE_AT_EXEC_LAT_97                  12        0.205%               32        0.174%
MAIN_BRANCH_RESOLVE_AT_EXEC_LAT_98                   4        0.068%               12        0.065%
MAIN_BRANCH_RESOLVE_AT_EXEC_LAT_99                   3        0.051%               10        0.054%
MAIN_BRANCH_RESOLVE_AT_EXEC_LAT_100                  2        0.034%                9        0.049%
MAIN_BRANCH_RESOLVE_AT_EXEC_LAT_GT100             3336       57.065%            10278       55.828%
                                                  5846      100.000%            18410      100.000%
                                                 78.85        66.12             77.43        65.02

PRED_TO_UPDATE_CYCLES_0                              0         -nan%                0         -nan%
PRED_TO_UPDATE_CYCLES_1                              0         -nan%                0         -nan%
PRED_TO_UPDATE_CYCLES_2                              0         -nan%                0         -nan%
PRED_TO_UPDATE_CYCLES_3                              0         -nan%                0         -nan%
PRED_TO_UPDATE_CYCLES_4                              0         -nan%                0         -nan%
PRED_TO_UPDATE_CYCLES_5                              0         -nan%                0         -nan%
PRED_TO_UPDATE_CYCLES_6                              0         -nan%                0         -nan%
PRED_TO_UPDATE_CYCLES_7                              0         -nan%                0         -nan%
PRED_TO_UPDATE_CYCLES_8                              0         -nan%                0         -nan%
PRED_TO_UPDATE_CYCLES_9                              0         -nan%                0         -nan%
PRED_TO_UPDATE_CYCLES_10                             0         -nan%                0         -nan%
PRED_TO_UPDATE_CYCLES_11                             0         -nan%                0         -nan%
PRED_TO_UPDATE_CYCLES_12                             0         -nan%                0         -nan%
PRED_TO_UPDATE_CYCLES_13                             0         -nan%                0         -nan%
PRED_TO_UPDATE_CYCLES_14                             0         -nan%                0         -nan%
PRED_TO_UPDATE_CYCLES_15                             0         -nan%                0         -nan%
PRED_TO_UPDATE_CYCLES_16                             0         -nan%                0         -nan%
PRED_TO_UPDATE_CYCLES_17                             0         -nan%                0         -nan%
PRED_TO_UPDATE_CYCLES_18                             0         -nan%                0         -nan%
PRED_TO_UPDATE_CYCLES_19                             0         -nan%                0         -nan%
PRED_TO_UPDATE_CYCLES_20                             0         -nan%                0         -nan%
PRED_TO_UPDATE_CYCLES_21                             0         -nan%                0         -nan%
PRED_TO_UPDATE_CYCLES_22                             0         -nan%                0         -nan%
PRED_TO_UPDATE_CYCLES_23                             0         -nan%                0         -nan%
PRED_TO_UPDATE_CYCLES_24                             0         -nan%                0         -nan%
PRED_TO_UPDATE_CYCLES_25                             0         -nan%                0         -nan%
PRED_TO_UPDATE_CYCLES_26                             0         -nan%                0         -nan%
PRED_TO_UPDATE_CYCLES_27                             0         -nan%                0         -nan%
PRED_TO_UPDATE_CYCLES_28                             0         -nan%                0         -nan%
PRED_TO_UPDATE_CYCLES_29                             0         -nan%                0         -nan%
PRED_TO_UPDATE_CYCLES_30                             0         -nan%                0         -nan%
                                                     0         -nan%                0         -nan%
                                                  -nan         -nan              -nan         -nan

BP_ON_PATH_CONF_RECOVER_AT_EXEC                      0         -nan%                0         -nan%
BP_ON_PATH_CONF_CORRECT                              0         -nan%                0         -nan%
                                                     0         -nan%                0         -nan%
                                                  -nan         -nan              -nan         -nan

BP_OFF_PATH_CONF_RECOVER_AT_EXEC                     0         -nan%                0         -nan%
BP_OFF_PATH_CONF_CORRECT                             0         -nan%                0         -nan%
                                                     0         -nan%                0         -nan%
                                                  -nan         -nan              -nan         -nan

BP_ON_PATH_PRED_MIS_CONF_RECOVER_AT_EXEC             0         -nan%                0         -nan%
BP_ON_PATH_PRED_MIS_CONF_CORRECT                     0         -nan%                0         -nan%
                                                     0         -nan%                0         -nan%
                                                  -nan         -nan              -nan         -nan

BP_ON_PATH_PRED_COR_CONF_RECOVER_AT_EXEC             0         -nan%                0         -nan%
BP_ON_PATH_PRED_COR_CONF_CORRECT                     0         -nan%                0         -nan%
                                                     0         -nan%                0         -nan%
                                                  -nan         -nan              -nan         -nan

BP_OFF_PATH_PRED_MIS_CONF_RECOVER_AT_EXEC             0         -nan%                0         -nan%
BP_OFF_PATH_PRED_MIS_CONF_CORRECT                    0         -nan%                0         -nan%
                                                     0         -nan%                0         -nan%
                                                  -nan         -nan              -nan         -nan

BP_OFF_PATH_PRED_COR_CONF_RECOVER_AT_EXEC             0         -nan%                0         -nan%
BP_OFF_PATH_PRED_COR_CONF_CORRECT                    0         -nan%                0         -nan%
                                                     0         -nan%                0         -nan%
                                                  -nan         -nan              -nan         -nan

ONPATH_CONF_RECOVER_AT_EXEC                          0         -nan%                0         -nan%
ONPATH_CONF_CORRECT                                  0         -nan%                0         -nan%
                                                     0         -nan%                0         -nan%
                                                  -nan         -nan              -nan         -nan

ONPATH_ON_PATH_CONF_RECOVER_AT_EXEC                  0         -nan%                0         -nan%
ONPATH_ON_PATH_CONF_CORRECT                          0         -nan%                0         -nan%
                                                     0         -nan%                0         -nan%
                                                  -nan         -nan              -nan         -nan

ONPATH_OFF_PATH_CONF_RECOVER_AT_EXEC                 0         -nan%                0         -nan%
ONPATH_OFF_PATH_CONF_CORRECT                         0         -nan%                0         -nan%
                                                     0         -nan%                0         -nan%
                                                  -nan         -nan              -nan         -nan

PRED_ONPATH_CONF_RECOVER_AT_EXEC                     0         -nan%                0         -nan%
PRED_ONPATH_CONF_CORRECT                             0         -nan%                0         -nan%
                                                     0         -nan%                0         -nan%
                                                  -nan         -nan              -nan         -nan

PRED_OFFPATH_CONF_RECOVER_AT_EXEC                    0         -nan%                0         -nan%
PRED_OFFPATH_CONF_CORRECT                            0         -nan%                0         -nan%
                                                     0         -nan%                0         -nan%
                                                  -nan         -nan              -nan         -nan

LONG_OVWT_MIS                                        0         -nan%                0         -nan%
LONG_OVWT_COR                                        0         -nan%                0         -nan%
                                                     0         -nan%                0         -nan%
                                                  -nan         -nan              -nan         -nan

OPC_LENGTH_0_7_MIS                                   0         -nan%                0         -nan%
OPC_LENGTH_0_7_COR                                   0         -nan%                0         -nan%
                                                     0         -nan%                0         -nan%
                                                  -nan         -nan              -nan         -nan

OPC_LENGTH_8_15_MIS                                  0         -nan%                0         -nan%
OPC_LENGTH_8_15_COR                                  0         -nan%                0         -nan%
                                                     0         -nan%                0         -nan%
                                                  -nan         -nan              -nan         -nan

OPC_LENGTH_16_23_MIS                                 0         -nan%                0         -nan%
OPC_LENGTH_16_23_COR                                 0         -nan%                0         -nan%
                                                     0         -nan%                0         -nan%
                                                  -nan         -nan              -nan         -nan

OPC_LENGTH_24_31_MIS                                 0         -nan%                0         -nan%
OPC_LENGTH_24_31_COR                                 0         -nan%                0         -nan%
                                                     0         -nan%                0         -nan%
                                                  -nan         -nan              -nan         -nan

OPC_LENGTH_32_39_MIS                                 0         -nan%                0         -nan%
OPC_LENGTH_32_39_COR                                 0         -nan%                0         -nan%
                                                     0         -nan%                0         -nan%
                                                  -nan         -nan              -nan         -nan

OPC_LENGTH_40_47_MIS                                 0         -nan%                0         -nan%
OPC_LENGTH_40_47_COR                                 0         -nan%                0         -nan%
                                                     0         -nan%                0         -nan%
                                                  -nan         -nan              -nan         -nan

OPC_LENGTH_48_55_MIS                                 0         -nan%                0         -nan%
OPC_LENGTH_48_55_COR                                 0         -nan%                0         -nan%
                                                     0         -nan%                0         -nan%
                                                  -nan         -nan              -nan         -nan

OPC_LENGTH_56_63_MIS                                 0         -nan%                0         -nan%
OPC_LENGTH_56_63_COR                                 0         -nan%                0         -nan%
                                                     0         -nan%                0         -nan%
                                                  -nan         -nan              -nan         -nan

OPC_LENGTH_64_71_MIS                                 0         -nan%                0         -nan%
OPC_LENGTH_64_71_COR                                 0         -nan%                0         -nan%
                                                     0         -nan%                0         -nan%
                                                  -nan         -nan              -nan         -nan

OPC_LENGTH_72_79_MIS                                 0         -nan%                0         -nan%
OPC_LENGTH_72_79_COR                                 0         -nan%                0         -nan%
                                                     0         -nan%                0         -nan%
                                                  -nan         -nan              -nan         -nan

OPC_LENGTH_80_MIS                                    0         -nan%                0         -nan%
OPC_LENGTH_80_COR                                    0         -nan%                0         -nan%
                                                     0         -nan%                0         -nan%
                                                  -nan         -nan              -nan         -nan

ALL_ONES_MIS                                         0         -nan%                0         -nan%
ALL_ONES_COR                                         0         -nan%                0         -nan%
                                                     0         -nan%                0         -nan%
                                                  -nan         -nan              -nan         -nan

FIRST_ONE_MIS                                        0         -nan%                0         -nan%
FIRST_ONE_COR                                        0         -nan%                0         -nan%
                                                     0         -nan%                0         -nan%
                                                  -nan         -nan              -nan         -nan

ZEROS_0_1_MIS                                        0         -nan%                0         -nan%
ZEROS_0_1_COR                                        0         -nan%                0         -nan%
                                                     0         -nan%                0         -nan%
                                                  -nan         -nan              -nan         -nan

ZEROS_2_3_MIS                                        0         -nan%                0         -nan%
ZEROS_2_3_COR                                        0         -nan%                0         -nan%
                                                     0         -nan%                0         -nan%
                                                  -nan         -nan              -nan         -nan

ZEROS_4_5_MIS                                        0         -nan%                0         -nan%
ZEROS_4_5_COR                                        0         -nan%                0         -nan%
                                                     0         -nan%                0         -nan%
                                                  -nan         -nan              -nan         -nan

ZEROS_6_7_MIS                                        0         -nan%                0         -nan%
ZEROS_6_7_COR                                        0         -nan%                0         -nan%
                                                     0         -nan%                0         -nan%
                                                  -nan         -nan              -nan         -nan

ZEROS_8_9_MIS                                        0         -nan%                0         -nan%
ZEROS_8_9_COR                                        0         -nan%                0         -nan%
                                                     0         -nan%                0         -nan%
                                                  -nan         -nan              -nan         -nan

ZEROS_10_11_MIS                                      0         -nan%                0         -nan%
ZEROS_10_11_COR                                      0         -nan%                0         -nan%
                                                     0         -nan%                0         -nan%
                                                  -nan         -nan              -nan         -nan

ZEROS_12_13_MIS                                      0         -nan%                0         -nan%
ZEROS_12_13_COR                                      0         -nan%                0         -nan%
                                                     0         -nan%                0         -nan%
                                                  -nan         -nan              -nan         -nan

ZEROS_14_15_MIS                                      0         -nan%                0         -nan%
ZEROS_14_15_COR                                      0         -nan%                0         -nan%
                                                     0         -nan%                0         -nan%
                                                  -nan         -nan              -nan         -nan

ZEROS_16_MIS                                         0         -nan%                0         -nan%
ZEROS_16_COR                                         0         -nan%                0         -nan%
                                                     0         -nan%                0         -nan%
                                                  -nan         -nan              -nan         -nan

GS2BC_GSHARE                                         0         -nan%                0         -nan%
GS2BC_2BC                                            0         -nan%                0         -nan%
                                                     0         -nan%                0         -nan%
                                                  -nan         -nan              -nan         -nan

GSKEW2BC_VOTE                                        0         -nan%                0         -nan%
GSKEW2BC_2BC                                         0         -nan%                0         -nan%
                                                     0         -nan%                0         -nan%
                                                  -nan         -nan              -nan         -nan

FUTGSHARE_INIT_ON_PATH_CORRECT                       0         -nan%                0         -nan%
FUTGSHARE_INIT_ON_PATH_RECOVER_AT_EXEC               0         -nan%                0         -nan%
                                                     0         -nan%                0         -nan%
                                                  -nan         -nan              -nan         -nan

FUTGSHARE_INIT_OFF_PATH_CORRECT                      0         -nan%                0         -nan%
FUTGSHARE_INIT_OFF_PATH_RECOVER_AT_EXEC              0         -nan%                0         -nan%
                                                     0         -nan%                0         -nan%
                                                  -nan         -nan              -nan         -nan

FUTGSHARE_CHANGED_CORRECTED_ON_PATH                  0         -nan%                0         -nan%
FUTGSHARE_CHANGED_SCREWED_ON_PATH                    0         -nan%                0         -nan%
                                                     0         -nan%                0         -nan%
                                                  -nan         -nan              -nan         -nan

FUTGSHARE_CHANGED_CORRECTED_OFF_PATH                 0         -nan%                0         -nan%
FUTGSHARE_CHANGED_SCREWED_OFF_PATH                   0         -nan%                0         -nan%
                                                     0         -nan%                0         -nan%
                                                  -nan         -nan              -nan         -nan

FUTGSHARE_ORIG_CORRECT_FUT_CORRECT_ON_PATH             0         -nan%                0         -nan%
FUTGSHARE_ORIG_RECOVER_AT_EXEC_FUT_CORRECT_ON_PATH             0         -nan%                0         -nan%
FUTGSHARE_ORIG_CORRECT_FUT_RECOVER_AT_EXEC_ON_PATH             0         -nan%                0         -nan%
FUTGSHARE_ORIG_RECOVER_AT_EXEC_FUT_RECOVER_AT_EXEC_ON_PATH             0         -nan%                0         -nan%
                                                     0         -nan%                0         -nan%
                                                  -nan         -nan              -nan         -nan

FUTGSHARE_ORIG_CORRECT_FUT_CORRECT_OFF_PATH             0         -nan%                0         -nan%
FUTGSHARE_ORIG_RECOVER_AT_EXEC_FUT_CORRECT_OFF_PATH             0         -nan%                0         -nan%
FUTGSHARE_ORIG_CORRECT_FUT_RECOVER_AT_EXEC_OFF_PATH             0         -nan%                0         -nan%
FUTGSHARE_ORIG_RECOVER_AT_EXEC_FUT_RECOVER_AT_EXEC_OFF_PATH             0         -nan%                0         -nan%
                                                     0         -nan%                0         -nan%
                                                  -nan         -nan              -nan         -nan

FUTGSHARE_ON_PATH_CORRECT_0                          0         -nan%                0         -nan%
FUTGSHARE_ON_PATH_RECOVER_AT_EXEC_0                  0         -nan%                0         -nan%
                                                     0         -nan%                0         -nan%
                                                  -nan         -nan              -nan         -nan

FUTGSHARE_OFF_PATH_CORRECT_0                         0         -nan%                0         -nan%
FUTGSHARE_OFF_PATH_RECOVER_AT_EXEC_0                 0         -nan%                0         -nan%
                                                     0         -nan%                0         -nan%
                                                  -nan         -nan              -nan         -nan

FUTGSHARE_ON_PATH_CORRECT_1                          0         -nan%                0         -nan%
FUTGSHARE_ON_PATH_RECOVER_AT_EXEC_1                  0         -nan%                0         -nan%
                                                     0         -nan%                0         -nan%
                                                  -nan         -nan              -nan         -nan

FUTGSHARE_OFF_PATH_CORRECT_1                         0         -nan%                0         -nan%
FUTGSHARE_OFF_PATH_RECOVER_AT_EXEC_1                 0         -nan%                0         -nan%
                                                     0         -nan%                0         -nan%
                                                  -nan         -nan              -nan         -nan

FUTGSHARE_ON_PATH_CORRECT_2                          0         -nan%                0         -nan%
FUTGSHARE_ON_PATH_RECOVER_AT_EXEC_2                  0         -nan%                0         -nan%
                                                     0         -nan%                0         -nan%
                                                  -nan         -nan              -nan         -nan

FUTGSHARE_OFF_PATH_CORRECT_2                         0         -nan%                0         -nan%
FUTGSHARE_OFF_PATH_RECOVER_AT_EXEC_2                 0         -nan%                0         -nan%
                                                     0         -nan%                0         -nan%
                                                  -nan         -nan              -nan         -nan

FUTGSHARE_ON_PATH_CORRECT_3                          0         -nan%                0         -nan%
FUTGSHARE_ON_PATH_RECOVER_AT_EXEC_3                  0         -nan%                0         -nan%
                                                     0         -nan%                0         -nan%
                                                  -nan         -nan              -nan         -nan

FUTGSHARE_OFF_PATH_CORRECT_3                         0         -nan%                0         -nan%
FUTGSHARE_OFF_PATH_RECOVER_AT_EXEC_3                 0         -nan%                0         -nan%
                                                     0         -nan%                0         -nan%
                                                  -nan         -nan              -nan         -nan

FUTGSHARE_ON_PATH_CORRECT_4                          0         -nan%                0         -nan%
FUTGSHARE_ON_PATH_RECOVER_AT_EXEC_4                  0         -nan%                0         -nan%
                                                     0         -nan%                0         -nan%
                                                  -nan         -nan              -nan         -nan

FUTGSHARE_OFF_PATH_CORRECT_4                         0         -nan%                0         -nan%
FUTGSHARE_OFF_PATH_RECOVER_AT_EXEC_4                 0         -nan%                0         -nan%
                                                     0         -nan%                0         -nan%
                                                  -nan         -nan              -nan         -nan

FUTGSHARE_ON_PATH_CORRECT_5                          0         -nan%                0         -nan%
FUTGSHARE_ON_PATH_RECOVER_AT_EXEC_5                  0         -nan%                0         -nan%
                                                     0         -nan%                0         -nan%
                                                  -nan         -nan              -nan         -nan

FUTGSHARE_OFF_PATH_CORRECT_5                         0         -nan%                0         -nan%
FUTGSHARE_OFF_PATH_RECOVER_AT_EXEC_5                 0         -nan%                0         -nan%
                                                     0         -nan%                0         -nan%
                                                  -nan         -nan              -nan         -nan

FUTGSHARE_ON_PATH_CORRECT_6                          0         -nan%                0         -nan%
FUTGSHARE_ON_PATH_RECOVER_AT_EXEC_6                  0         -nan%                0         -nan%
                                                     0         -nan%                0         -nan%
                                                  -nan         -nan              -nan         -nan

FUTGSHARE_OFF_PATH_CORRECT_6                         0         -nan%                0         -nan%
FUTGSHARE_OFF_PATH_RECOVER_AT_EXEC_6                 0         -nan%                0         -nan%
                                                     0         -nan%                0         -nan%
                                                  -nan         -nan              -nan         -nan

FUTGSHARE_ON_PATH_CORRECT_7                          0         -nan%                0         -nan%
FUTGSHARE_ON_PATH_RECOVER_AT_EXEC_7                  0         -nan%                0         -nan%
                                                     0         -nan%                0         -nan%
                                                  -nan         -nan              -nan         -nan

FUTGSHARE_OFF_PATH_CORRECT_7                         0         -nan%                0         -nan%
FUTGSHARE_OFF_PATH_RECOVER_AT_EXEC_7                 0         -nan%                0         -nan%
                                                     0         -nan%                0         -nan%
                                                  -nan         -nan              -nan         -nan

FUTGSHARE_ON_PATH_CORRECT_8                          0         -nan%                0         -nan%
FUTGSHARE_ON_PATH_RECOVER_AT_EXEC_8                  0         -nan%                0         -nan%
                                                     0         -nan%                0         -nan%
                                                  -nan         -nan              -nan         -nan

FUTGSHARE_OFF_PATH_CORRECT_8                         0         -nan%                0         -nan%
FUTGSHARE_OFF_PATH_RECOVER_AT_EXEC_8                 0         -nan%                0         -nan%
                                                     0         -nan%                0         -nan%
                                                  -nan         -nan              -nan         -nan

FUTGSHARE_ON_PATH_CORRECT_9                          0         -nan%                0         -nan%
FUTGSHARE_ON_PATH_RECOVER_AT_EXEC_9                  0         -nan%                0         -nan%
                                                     0         -nan%                0         -nan%
                                                  -nan         -nan              -nan         -nan

FUTGSHARE_OFF_PATH_CORRECT_9                         0         -nan%                0         -nan%
FUTGSHARE_OFF_PATH_RECOVER_AT_EXEC_9                 0         -nan%                0         -nan%
                                                     0         -nan%                0         -nan%
                                                  -nan         -nan              -nan         -nan

FUTGSHARE_ON_PATH_CORRECT_10                         0         -nan%                0         -nan%
FUTGSHARE_ON_PATH_RECOVER_AT_EXEC_10                 0         -nan%                0         -nan%
                                                     0         -nan%                0         -nan%
                                                  -nan         -nan              -nan         -nan

FUTGSHARE_OFF_PATH_CORRECT_10                        0         -nan%                0         -nan%
FUTGSHARE_OFF_PATH_RECOVER_AT_EXEC_10                0         -nan%                0         -nan%
                                                     0         -nan%                0         -nan%
                                                  -nan         -nan              -nan         -nan

FUTGSHARE_ON_PATH_CORRECT_11                         0         -nan%                0         -nan%
FUTGSHARE_ON_PATH_RECOVER_AT_EXEC_11                 0         -nan%                0         -nan%
                                                     0         -nan%                0         -nan%
                                                  -nan         -nan              -nan         -nan

FUTGSHARE_OFF_PATH_CORRECT_11                        0         -nan%                0         -nan%
FUTGSHARE_OFF_PATH_RECOVER_AT_EXEC_11                0         -nan%                0         -nan%
                                                     0         -nan%                0         -nan%
                                                  -nan         -nan              -nan         -nan

FUTGSHARE_ON_PATH_CORRECT_12                         0         -nan%                0         -nan%
FUTGSHARE_ON_PATH_RECOVER_AT_EXEC_12                 0         -nan%                0         -nan%
                                                     0         -nan%                0         -nan%
                                                  -nan         -nan              -nan         -nan

FUTGSHARE_OFF_PATH_CORRECT_12                        0         -nan%                0         -nan%
FUTGSHARE_OFF_PATH_RECOVER_AT_EXEC_12                0         -nan%                0         -nan%
                                                     0         -nan%                0         -nan%
                                                  -nan         -nan              -nan         -nan

FUTGSHARE_ON_PATH_CORRECT_13                         0         -nan%                0         -nan%
FUTGSHARE_ON_PATH_RECOVER_AT_EXEC_13                 0         -nan%                0         -nan%
                                                     0         -nan%                0         -nan%
                                                  -nan         -nan              -nan         -nan

FUTGSHARE_OFF_PATH_CORRECT_13                        0         -nan%                0         -nan%
FUTGSHARE_OFF_PATH_RECOVER_AT_EXEC_13                0         -nan%                0         -nan%
                                                     0         -nan%                0         -nan%
                                                  -nan         -nan              -nan         -nan

FUTGSHARE_ON_PATH_CORRECT_14                         0         -nan%                0         -nan%
FUTGSHARE_ON_PATH_RECOVER_AT_EXEC_14                 0         -nan%                0         -nan%
                                                     0         -nan%                0         -nan%
                                                  -nan         -nan              -nan         -nan

FUTGSHARE_OFF_PATH_CORRECT_14                        0         -nan%                0         -nan%
FUTGSHARE_OFF_PATH_RECOVER_AT_EXEC_14                0         -nan%                0         -nan%
                                                     0         -nan%                0         -nan%
                                                  -nan         -nan              -nan         -nan

FUTGSHARE_ON_PATH_CORRECT_15                         0         -nan%                0         -nan%
FUTGSHARE_ON_PATH_RECOVER_AT_EXEC_15                 0         -nan%                0         -nan%
                                                     0         -nan%                0         -nan%
                                                  -nan         -nan              -nan         -nan

FUTGSHARE_OFF_PATH_CORRECT_15                        0         -nan%                0         -nan%
FUTGSHARE_OFF_PATH_RECOVER_AT_EXEC_15                0         -nan%                0         -nan%
                                                     0         -nan%                0         -nan%
                                                  -nan         -nan              -nan         -nan

FUTGSHARE_CHANGED_CORRECTED_ON_PATH_0                0         -nan%                0         -nan%
FUTGSHARE_CHANGED_SCREWED_ON_PATH_0                  0         -nan%                0         -nan%
                                                     0         -nan%                0         -nan%
                                                  -nan         -nan              -nan         -nan

FUTGSHARE_CHANGED_CORRECTED_OFF_PATH_0               0         -nan%                0         -nan%
FUTGSHARE_CHANGED_SCREWED_OFF_PATH_0                 0         -nan%                0         -nan%
                                                     0         -nan%                0         -nan%
                                                  -nan         -nan              -nan         -nan

FUTGSHARE_CHANGED_CORRECTED_ON_PATH_1                0         -nan%                0         -nan%
FUTGSHARE_CHANGED_SCREWED_ON_PATH_1                  0         -nan%                0         -nan%
                                                     0         -nan%                0         -nan%
                                                  -nan         -nan              -nan         -nan

FUTGSHARE_CHANGED_CORRECTED_OFF_PATH_1               0         -nan%                0         -nan%
FUTGSHARE_CHANGED_SCREWED_OFF_PATH_1                 0         -nan%                0         -nan%
                                                     0         -nan%                0         -nan%
                                                  -nan         -nan              -nan         -nan

FUTGSHARE_CHANGED_CORRECTED_ON_PATH_2                0         -nan%                0         -nan%
FUTGSHARE_CHANGED_SCREWED_ON_PATH_2                  0         -nan%                0         -nan%
                                                     0         -nan%                0         -nan%
                                                  -nan         -nan              -nan         -nan

FUTGSHARE_CHANGED_CORRECTED_OFF_PATH_2               0         -nan%                0         -nan%
FUTGSHARE_CHANGED_SCREWED_OFF_PATH_2                 0         -nan%                0         -nan%
                                                     0         -nan%                0         -nan%
                                                  -nan         -nan              -nan         -nan

FUTGSHARE_CHANGED_CORRECTED_ON_PATH_3                0         -nan%                0         -nan%
FUTGSHARE_CHANGED_SCREWED_ON_PATH_3                  0         -nan%                0         -nan%
                                                     0         -nan%                0         -nan%
                                                  -nan         -nan              -nan         -nan

FUTGSHARE_CHANGED_CORRECTED_OFF_PATH_3               0         -nan%                0         -nan%
FUTGSHARE_CHANGED_SCREWED_OFF_PATH_3                 0         -nan%                0         -nan%
                                                     0         -nan%                0         -nan%
                                                  -nan         -nan              -nan         -nan

FUTGSHARE_CHANGED_CORRECTED_ON_PATH_4                0         -nan%                0         -nan%
FUTGSHARE_CHANGED_SCREWED_ON_PATH_4                  0         -nan%                0         -nan%
                                                     0         -nan%                0         -nan%
                                                  -nan         -nan              -nan         -nan

FUTGSHARE_CHANGED_CORRECTED_OFF_PATH_4               0         -nan%                0         -nan%
FUTGSHARE_CHANGED_SCREWED_OFF_PATH_4                 0         -nan%                0         -nan%
                                                     0         -nan%                0         -nan%
                                                  -nan         -nan              -nan         -nan

FUTGSHARE_CHANGED_CORRECTED_ON_PATH_5                0         -nan%                0         -nan%
FUTGSHARE_CHANGED_SCREWED_ON_PATH_5                  0         -nan%                0         -nan%
                                                     0         -nan%                0         -nan%
                                                  -nan         -nan              -nan         -nan

FUTGSHARE_CHANGED_CORRECTED_OFF_PATH_5               0         -nan%                0         -nan%
FUTGSHARE_CHANGED_SCREWED_OFF_PATH_5                 0         -nan%                0         -nan%
                                                     0         -nan%                0         -nan%
                                                  -nan         -nan              -nan         -nan

FUTGSHARE_CHANGED_CORRECTED_ON_PATH_6                0         -nan%                0         -nan%
FUTGSHARE_CHANGED_SCREWED_ON_PATH_6                  0         -nan%                0         -nan%
                                                     0         -nan%                0         -nan%
                                                  -nan         -nan              -nan         -nan

FUTGSHARE_CHANGED_CORRECTED_OFF_PATH_6               0         -nan%                0         -nan%
FUTGSHARE_CHANGED_SCREWED_OFF_PATH_6                 0         -nan%                0         -nan%
                                                     0         -nan%                0         -nan%
                                                  -nan         -nan              -nan         -nan

FUTGSHARE_CHANGED_CORRECTED_ON_PATH_7                0         -nan%                0         -nan%
FUTGSHARE_CHANGED_SCREWED_ON_PATH_7                  0         -nan%                0         -nan%
                                                     0         -nan%                0         -nan%
                                                  -nan         -nan              -nan         -nan

FUTGSHARE_CHANGED_CORRECTED_OFF_PATH_7               0         -nan%                0         -nan%
FUTGSHARE_CHANGED_SCREWED_OFF_PATH_7                 0         -nan%                0         -nan%
                                                     0         -nan%                0         -nan%
                                                  -nan         -nan              -nan         -nan

FUTGSHARE_CHANGED_CORRECTED_ON_PATH_8                0         -nan%                0         -nan%
FUTGSHARE_CHANGED_SCREWED_ON_PATH_8                  0         -nan%                0         -nan%
                                                     0         -nan%                0         -nan%
                                                  -nan         -nan              -nan         -nan

FUTGSHARE_CHANGED_CORRECTED_OFF_PATH_8               0         -nan%                0         -nan%
FUTGSHARE_CHANGED_SCREWED_OFF_PATH_8                 0         -nan%                0         -nan%
                                                     0         -nan%                0         -nan%
                                                  -nan         -nan              -nan         -nan

FUTGSHARE_CHANGED_CORRECTED_ON_PATH_9                0         -nan%                0         -nan%
FUTGSHARE_CHANGED_SCREWED_ON_PATH_9                  0         -nan%                0         -nan%
                                                     0         -nan%                0         -nan%
                                                  -nan         -nan              -nan         -nan

FUTGSHARE_CHANGED_CORRECTED_OFF_PATH_9               0         -nan%                0         -nan%
FUTGSHARE_CHANGED_SCREWED_OFF_PATH_9                 0         -nan%                0         -nan%
                                                     0         -nan%                0         -nan%
                                                  -nan         -nan              -nan         -nan

FUTGSHARE_CHANGED_CORRECTED_ON_PATH_10               0         -nan%                0         -nan%
FUTGSHARE_CHANGED_SCREWED_ON_PATH_10                 0         -nan%                0         -nan%
                                                     0         -nan%                0         -nan%
                                                  -nan         -nan              -nan         -nan

FUTGSHARE_CHANGED_CORRECTED_OFF_PATH_10              0         -nan%                0         -nan%
FUTGSHARE_CHANGED_SCREWED_OFF_PATH_10                0         -nan%                0         -nan%
                                                     0         -nan%                0         -nan%
                                                  -nan         -nan              -nan         -nan

FUTGSHARE_CHANGED_CORRECTED_ON_PATH_11               0         -nan%                0         -nan%
FUTGSHARE_CHANGED_SCREWED_ON_PATH_11                 0         -nan%                0         -nan%
                                                     0         -nan%                0         -nan%
                                                  -nan         -nan              -nan         -nan

FUTGSHARE_CHANGED_CORRECTED_OFF_PATH_11              0         -nan%                0         -nan%
FUTGSHARE_CHANGED_SCREWED_OFF_PATH_11                0         -nan%                0         -nan%
                                                     0         -nan%                0         -nan%
                                                  -nan         -nan              -nan         -nan

FUTGSHARE_CHANGED_CORRECTED_ON_PATH_12               0         -nan%                0         -nan%
FUTGSHARE_CHANGED_SCREWED_ON_PATH_12                 0         -nan%                0         -nan%
                                                     0         -nan%                0         -nan%
                                                  -nan         -nan              -nan         -nan

FUTGSHARE_CHANGED_CORRECTED_OFF_PATH_12              0         -nan%                0         -nan%
FUTGSHARE_CHANGED_SCREWED_OFF_PATH_12                0         -nan%                0         -nan%
                                                     0         -nan%                0         -nan%
                                                  -nan         -nan              -nan         -nan

FUTGSHARE_CHANGED_CORRECTED_ON_PATH_13               0         -nan%                0         -nan%
FUTGSHARE_CHANGED_SCREWED_ON_PATH_13                 0         -nan%                0         -nan%
                                                     0         -nan%                0         -nan%
                                                  -nan         -nan              -nan         -nan

FUTGSHARE_CHANGED_CORRECTED_OFF_PATH_13              0         -nan%                0         -nan%
FUTGSHARE_CHANGED_SCREWED_OFF_PATH_13                0         -nan%                0         -nan%
                                                     0         -nan%                0         -nan%
                                                  -nan         -nan              -nan         -nan

FUTGSHARE_CHANGED_CORRECTED_ON_PATH_14               0         -nan%                0         -nan%
FUTGSHARE_CHANGED_SCREWED_ON_PATH_14                 0         -nan%                0         -nan%
                                                     0         -nan%                0         -nan%
                                                  -nan         -nan              -nan         -nan

FUTGSHARE_CHANGED_CORRECTED_OFF_PATH_14              0         -nan%                0         -nan%
FUTGSHARE_CHANGED_SCREWED_OFF_PATH_14                0         -nan%                0         -nan%
                                                     0         -nan%                0         -nan%
                                                  -nan         -nan              -nan         -nan

FUTGSHARE_CHANGED_CORRECTED_ON_PATH_15               0         -nan%                0         -nan%
FUTGSHARE_CHANGED_SCREWED_ON_PATH_15                 0         -nan%                0         -nan%
                                                     0         -nan%                0         -nan%
                                                  -nan         -nan              -nan         -nan

FUTGSHARE_CHANGED_CORRECTED_OFF_PATH_15              0         -nan%                0         -nan%
FUTGSHARE_CHANGED_SCREWED_OFF_PATH_15                0         -nan%                0         -nan%
                                                     0         -nan%                0         -nan%
                                                  -nan         -nan              -nan         -nan

FRAGHIST_BIN_0                                       0         -nan%                0         -nan%
FRAGHIST_BIN_1                                       0         -nan%                0         -nan%
FRAGHIST_BIN_2                                       0         -nan%                0         -nan%
FRAGHIST_BIN_3                                       0         -nan%                0         -nan%
FRAGHIST_BIN_4                                       0         -nan%                0         -nan%
FRAGHIST_BIN_5                                       0         -nan%                0         -nan%
FRAGHIST_BIN_6                                       0         -nan%                0         -nan%
FRAGHIST_BIN_7                                       0         -nan%                0         -nan%
FRAGHIST_BIN_8                                       0         -nan%                0         -nan%
FRAGHIST_BIN_9                                       0         -nan%                0         -nan%
FRAGHIST_BIN_10                                      0         -nan%                0         -nan%
FRAGHIST_BIN_11                                      0         -nan%                0         -nan%
FRAGHIST_BIN_12                                      0         -nan%                0         -nan%
FRAGHIST_BIN_13                                      0         -nan%                0         -nan%
FRAGHIST_BIN_14                                      0         -nan%                0         -nan%
FRAGHIST_BIN_15                                      0         -nan%                0         -nan%
FRAGHIST_BIN_16                                      0         -nan%                0         -nan%
FRAGHIST_BIN_17                                      0         -nan%                0         -nan%
FRAGHIST_BIN_18                                      0         -nan%                0         -nan%
FRAGHIST_BIN_19                                      0         -nan%                0         -nan%
FRAGHIST_BIN_20                                      0         -nan%                0         -nan%
FRAGHIST_BIN_21                                      0         -nan%                0         -nan%
FRAGHIST_BIN_22                                      0         -nan%                0         -nan%
FRAGHIST_BIN_23                                      0         -nan%                0         -nan%
FRAGHIST_BIN_24                                      0         -nan%                0         -nan%
FRAGHIST_BIN_25                                      0         -nan%                0         -nan%
FRAGHIST_BIN_26                                      0         -nan%                0         -nan%
FRAGHIST_BIN_27                                      0         -nan%                0         -nan%
FRAGHIST_BIN_28                                      0         -nan%                0         -nan%
FRAGHIST_BIN_29                                      0         -nan%                0         -nan%
FRAGHIST_BIN_30                                      0         -nan%                0         -nan%
FRAGHIST_BIN_31                                      0         -nan%                0         -nan%
FRAGHIST_BIN_32                                      0         -nan%                0         -nan%
                                                     0         -nan%                0         -nan%
                                                  -nan         -nan              -nan         -nan

BTB_UPDATE_BTB_HIT_JITTED_NOT_CF                     0        0.000%                0        0.000%
BTB_UPDATE_BTB_HIT_JITTED_CF_BR                      0        0.000%                0        0.000%
BTB_UPDATE_BTB_HIT_JITTED_CF_CBR                     0        0.000%                0        0.000%
BTB_UPDATE_BTB_HIT_JITTED_CF_CALL                    0        0.000%                0        0.000%
BTB_UPDATE_BTB_HIT_JITTED_CF_IBR                     0        0.000%                0        0.000%
BTB_UPDATE_BTB_HIT_JITTED_CF_ICALL               12143      100.000%            36476      100.000%
BTB_UPDATE_BTB_HIT_JITTED_CF_ICO                     0        0.000%                0        0.000%
BTB_UPDATE_BTB_HIT_JITTED_CF_RET                     0        0.000%                0        0.000%
                                                 12143      100.000%            36476      100.000%
                                                  5.00         0.00              5.00         0.00

RESTEER_BTB_MISS_NOT_CF                          95175       94.180%           285359       93.833%
RESTEER_BTB_MISS_CF_BR                               0        0.000%                0        0.000%
RESTEER_BTB_MISS_CF_CBR                              2        0.002%               75        0.025%
RESTEER_BTB_MISS_CF_REP                              0        0.000%                1        0.000%
RESTEER_BTB_MISS_CF_CALL                             0        0.000%                0        0.000%
RESTEER_BTB_MISS_CF_IBR                              2        0.002%              126        0.041%
RESTEER_BTB_MISS_CF_ICALL                            0        0.000%                0        0.000%
RESTEER_BTB_MISS_CF_ICO                              0        0.000%                0        0.000%
RESTEER_BTB_MISS_CF_RET                              0        0.000%                0        0.000%
RESTEER_RECOVER_AT_EXEC_NOT_CF                      31        0.031%              143        0.047%
RESTEER_RECOVER_AT_EXEC_CF_BR                        0        0.000%                0        0.000%
RESTEER_RECOVER_AT_EXEC_CF_CBR                    3863        3.823%            12210        4.015%
RESTEER_RECOVER_AT_EXEC_CF_REP                     282        0.279%              857        0.282%
RESTEER_RECOVER_AT_EXEC_CF_CALL                      0        0.000%                0        0.000%
RESTEER_RECOVER_AT_EXEC_CF_IBR                       6        0.006%               69        0.023%
RESTEER_RECOVER_AT_EXEC_CF_ICALL                     0        0.000%               10        0.003%
RESTEER_RECOVER_AT_EXEC_CF_ICO                       0        0.000%                0        0.000%
RESTEER_RECOVER_AT_EXEC_CF_RET                    1695        1.677%             5264        1.731%
RESTEER_RECOVER_AT_DECODE_NOT_CF                     0        0.000%                0        0.000%
RESTEER_RECOVER_AT_DECODE_CF_BR                      0        0.000%                0        0.000%
RESTEER_RECOVER_AT_DECODE_CF_CBR                     0        0.000%                0        0.000%
RESTEER_RECOVER_AT_DECODE_CF_REP                     0        0.000%                0        0.000%
RESTEER_RECOVER_AT_DECODE_CF_CALL                    0        0.000%                0        0.000%
RESTEER_RECOVER_AT_DECODE_CF_IBR                     0        0.000%                0        0.000%
RESTEER_RECOVER_AT_DECODE_CF_ICALL                   0        0.000%                0        0.000%
RESTEER_RECOVER_AT_DECODE_CF_ICO                     0        0.000%                0        0.000%
RESTEER_RECOVER_AT_DECODE_CF_RET                     0        0.000%                0        0.000%
RESTEER_NO_TARGET_CF_IBR                             0        0.000%                0        0.000%
RESTEER_NO_TARGET_CF_ICALL                           0        0.000%                0        0.000%
RESTEER_NO_TARGET_CF_ICO                             0        0.000%                0        0.000%
RESTEER_NO_TARGET_CF_RET                             0        0.000%                0        0.000%
                                                101056      100.000%           304114      100.000%
                                                  0.74         2.97              0.78         3.03

TAGESCL_COMP_TAGE_BASE_CORRECT                  704920       33.135%          2199015       34.429%
TAGESCL_COMP_TAGE_BASE_RECOVER_AT_EXEC               7        0.000%              258        0.004%
TAGESCL_COMP_TAGE_SHORT_CORRECT                 485398       22.816%          1386125       21.702%
TAGESCL_COMP_TAGE_SHORT_RECOVER_AT_EXEC             28        0.001%              189        0.003%
TAGESCL_COMP_TAGE_LONG_CORRECT                   80925        3.804%           251999        3.945%
TAGESCL_COMP_TAGE_LONG_RECOVER_AT_EXEC            3568        0.168%            10855        0.170%
TAGESCL_COMP_LOOP_CORRECT                       851225       40.012%          2534301       39.678%
TAGESCL_COMP_LOOP_RECOVER_AT_EXEC                  278        0.013%              827        0.013%
TAGESCL_COMP_SC_CORRECT                            804        0.038%             2597        0.041%
TAGESCL_COMP_SC_RECOVER_AT_EXEC                    264        0.012%              938        0.015%
                                               2127417      100.000%          6387104      100.000%
                                                  3.02         1.96              2.99         1.97

TAGESCL_COMP_BTB_MISS_TAGE_BASE_CORRECT         631040       97.340%          1975658       97.450%
TAGESCL_COMP_BTB_MISS_TAGE_BASE_RECOVER_AT_EXEC             4        0.001%              179        0.009%
TAGESCL_COMP_BTB_MISS_TAGE_SHORT_CORRECT         13652        2.106%            40914        2.018%
TAGESCL_COMP_BTB_MISS_TAGE_SHORT_RECOVER_AT_EXEC             0        0.000%                5        0.000%
TAGESCL_COMP_BTB_MISS_TAGE_LONG_CORRECT           3577        0.552%            10566        0.521%
TAGESCL_COMP_BTB_MISS_TAGE_LONG_RECOVER_AT_EXEC             8        0.001%               22        0.001%
TAGESCL_COMP_BTB_MISS_LOOP_CORRECT                   0        0.000%                0        0.000%
TAGESCL_COMP_BTB_MISS_LOOP_RECOVER_AT_EXEC             0        0.000%                0        0.000%
TAGESCL_COMP_BTB_MISS_SC_CORRECT                     5        0.001%                7        0.000%
TAGESCL_COMP_BTB_MISS_SC_RECOVER_AT_EXEC             0        0.000%                0        0.000%
                                                648286      100.000%          2027351      100.000%
                                                  0.06         0.41              0.06         0.40

TAGESCL_CONF_0_PER_BASE_RECOVER_AT_EXEC              0        0.000%                0        0.000%
TAGESCL_CONF_1_PER_BASE_RECOVER_AT_EXEC              3        0.072%              182        1.393%
TAGESCL_CONF_2_PER_BASE_RECOVER_AT_EXEC              0        0.000%                0        0.000%
TAGESCL_CONF_3_PER_BASE_RECOVER_AT_EXEC              4        0.097%               76        0.582%
TAGESCL_CONF_0_PER_SHORT_RECOVER_AT_EXEC             2        0.048%                6        0.046%
TAGESCL_CONF_1_PER_SHORT_RECOVER_AT_EXEC             7        0.169%               73        0.559%
TAGESCL_CONF_2_PER_SHORT_RECOVER_AT_EXEC             6        0.145%               12        0.092%
TAGESCL_CONF_3_PER_SHORT_RECOVER_AT_EXEC            13        0.314%               98        0.750%
TAGESCL_CONF_0_PER_LONG_RECOVER_AT_EXEC            348        8.396%             1134        8.678%
TAGESCL_CONF_1_PER_LONG_RECOVER_AT_EXEC            502       12.111%             1861       14.242%
TAGESCL_CONF_2_PER_LONG_RECOVER_AT_EXEC            647       15.609%             1777       13.599%
TAGESCL_CONF_3_PER_LONG_RECOVER_AT_EXEC           2071       49.964%             6083       46.552%
TAGESCL_CONF_0_PER_LOOP_RECOVER_AT_EXEC              5        0.121%               29        0.222%
TAGESCL_CONF_1_PER_LOOP_RECOVER_AT_EXEC              5        0.121%               45        0.344%
TAGESCL_CONF_2_PER_LOOP_RECOVER_AT_EXEC             19        0.458%               52        0.398%
TAGESCL_CONF_3_PER_LOOP_RECOVER_AT_EXEC            249        6.007%              701        5.365%
TAGESCL_CONF_0_PER_SC_RECOVER_AT_EXEC              117        2.823%              381        2.916%
TAGESCL_CONF_1_PER_SC_RECOVER_AT_EXEC               59        1.423%              269        2.059%
TAGESCL_CONF_2_PER_SC_RECOVER_AT_EXEC               52        1.255%              176        1.347%
TAGESCL_CONF_3_PER_SC_RECOVER_AT_EXEC               36        0.869%              112        0.857%
                                                  4145      100.000%            13067      100.000%
                                                 10.94         2.48             10.73         2.85

TAGESCL_SC_SMALLLSUM                               575        0.027%             2059        0.032%
TAGESCL_SC_SMALLLFIRST                               0        0.000%               30        0.000%
TAGESCL_SC_SMALLLSECOND                             36        0.002%              122        0.002%
TAGESCL_SC_IDENTICAL                           2126277       99.971%          6383352       99.965%
                                               2126888      100.000%          6385563      100.000%
                                                  3.00         3.00              3.00         3.00

CRS_UNDERFLOW_ON_PATH                                0         -nan%               20       25.641%
CRS_UNDERFLOW_OFF_PATH                               0         -nan%               58       74.359%
                                                     0         -nan%               78      100.000%
                                                  -nan         -nan              0.74         0.68



