/* -*- Mode: c -*- */
####################################################################################################
Core 0
####################################################################################################
Cumulative:        Cycles: 14034845              Instructions: 30000000              IPC: 2.13754

Periodic:          Cycles: 4598308               Instructions: 9999996               IPC: 2.17471

L0_ALL_PREDICTIONS                             2187413       50.000%          6541733       50.000%
MAIN_ALL_PREDICTIONS                           2187413       50.000%          6541733       50.000%
                                               4374826      100.000%         13083466      100.000%
                                                  0.50         0.50              0.50         0.50

L0_ALL_RECOVER_AT_EXEC                          485549       97.099%          1451651       97.151%
MAIN_ALL_RECOVER_AT_EXEC                         14507        2.901%            42566        2.849%
                                                500056      100.000%          1494217      100.000%
                                                  0.03         0.17              0.03         0.16

L0_ALL_RECOVER_AT_DECODE                             0        0.000%                0        0.000%
MAIN_ALL_RECOVER_AT_DECODE                          37      100.000%              962      100.000%
                                                    37      100.000%              962      100.000%
                                                  1.00         1.01              1.00         1.00

L0_ALL_PREDICTIONS_OFFPATH                     2256975       50.000%          6365734       50.000%
MAIN_ALL_PREDICTIONS_OFFPATH                   2256975       50.000%          6365734       50.000%
                                               4513950      100.000%         12731468      100.000%
                                                  0.50         0.50              0.50         0.50

L0_ALL_RECOVER_AT_EXEC_OFFPATH                  554284       66.915%          1602153       67.058%
MAIN_ALL_RECOVER_AT_EXEC_OFFPATH                274061       33.085%           787061       32.942%
                                                828345      100.000%          2389214      100.000%
                                                  0.33         0.43              0.33         0.43

L0_ALL_RECOVER_AT_DECODE_OFFPATH                     0        0.000%                0        0.000%
MAIN_ALL_RECOVER_AT_DECODE_OFFPATH                  36      100.000%              777      100.000%
                                                    36      100.000%              777      100.000%
                                                  1.00         1.01              1.00         1.00

MAIN_CBR_CORRECT                                584604       36.492%          1584511       33.069%
MAIN_CBR_CORRECT_BTB_MISS_NT_NT                1012422       63.197%          3191946       66.617%
MAIN_CBR_RECOVER_AT_EXEC                          4888        0.305%            13905        0.290%
MAIN_CBR_RECOVER_AT_DECODE                           0        0.000%                0        0.000%
MAIN_CBR_RECOVER_BTB_MISS_T_T                        9        0.001%               22        0.000%
MAIN_CBR_RECOVER_BTB_MISS_T_NT                      56        0.003%              295        0.006%
MAIN_CBR_RECOVER_BTB_MISS_NT_T                      30        0.002%              798        0.017%
                                               1602009      100.000%          4791477      100.000%
                                                  0.64         0.30              0.67         0.29

MAIN_BR_CORRECT                                 110886       99.986%           329358       99.881%
MAIN_BR_RECOVER                                     15        0.014%              394        0.119%
                                                110901      100.000%           329752      100.000%
                                                  0.00         0.01              0.00         0.03

MAIN_ICALL_CORRECT_IBTB                          47037       96.208%           138722       95.987%
MAIN_ICALL_CORRECT_BTB                             682        1.395%             1970        1.363%
MAIN_ICALL_RECOVER_AT_EXEC_IBTB                    999        2.043%             3208        2.220%
MAIN_ICALL_RECOVER_AT_EXEC_BTB                     171        0.350%              449        0.311%
MAIN_ICALL_RECOVER_AT_EXEC_XBTB_MISS                 2        0.004%              172        0.119%
                                                 48891      100.000%           144521      100.000%
                                                  0.07         0.35              0.07         0.37

MAIN_IBR_CORRECT_IBTB                            68002       89.154%           205698       89.739%
MAIN_IBR_CORRECT_BTB                              1922        2.520%             5711        2.492%
MAIN_IBR_RECOVER_AT_EXEC_IBTB                     3628        4.756%             9677        4.222%
MAIN_IBR_RECOVER_AT_EXEC_BTB                      2723        3.570%             8044        3.509%
MAIN_IBR_RECOVER_AT_EXEC_XBTB_MISS                   0        0.000%               88        0.038%
                                                 76275      100.000%           229218      100.000%
                                                  0.23         0.66              0.22         0.65

MAIN_ICO_CORRECT                                     0         -nan%                0         -nan%
MAIN_ICO_RECOVER                                     0         -nan%                0         -nan%
                                                     0         -nan%                0         -nan%
                                                  -nan         -nan              -nan         -nan

MAIN_RET_CORRECT                                197103       98.991%           589712       99.004%
MAIN_RET_RECOVER                                  2010        1.009%             5917        0.993%
MAIN_RET_RECOVER_UFLOW                               0        0.000%               13        0.002%
                                                199113      100.000%           595642      100.000%
                                                  0.01         0.10              0.01         0.10

MAIN_CALL_CORRECT                               150211       99.991%           450577       99.879%
MAIN_CALL_RECOVER                                   13        0.009%              546        0.121%
                                                150224      100.000%           451123      100.000%
                                                  0.00         0.01              0.00         0.03

L0_CBR_CORRECT                                  110992        6.928%           323623        6.754%
L0_CBR_CORRECT_BTB_MISS_NT_NT                  1289642       80.502%          3864063       80.645%
L0_CBR_RECOVER_AT_EXEC                           31548        1.969%            93670        1.955%
L0_CBR_RECOVER_AT_DECODE                             0        0.000%                0        0.000%
L0_CBR_RECOVER_BTB_MISS_T_T                      92951        5.802%           278539        5.813%
L0_CBR_RECOVER_BTB_MISS_T_NT                     30338        1.894%            91647        1.913%
L0_CBR_RECOVER_BTB_MISS_NT_T                     46538        2.905%           139935        2.920%
                                               1602009      100.000%          4791477      100.000%
                                                  1.35         1.20              1.35         1.21

L0_BR_CORRECT                                    36043       32.500%           101680       30.835%
L0_BR_RECOVER                                    74858       67.500%           228072       69.165%
                                                110901      100.000%           329752      100.000%
                                                  0.67         0.62              0.69         0.63

L0_ICALL_CORRECT_IBTB                                0        0.000%                0        0.000%
L0_ICALL_CORRECT_BTB                               368        0.753%             1089        0.754%
L0_ICALL_RECOVER_AT_EXEC_IBTB                    48036       98.251%           141930       98.207%
L0_ICALL_RECOVER_AT_EXEC_BTB                        79        0.162%              185        0.128%
L0_ICALL_RECOVER_AT_EXEC_XBTB_MISS                 408        0.835%             1317        0.911%
                                                 48891      100.000%           144521      100.000%
                                                  2.01         0.28              2.01         0.29

L0_IBR_CORRECT_IBTB                                  8        0.010%               14        0.006%
L0_IBR_CORRECT_BTB                                1236        1.620%             3831        1.671%
L0_IBR_RECOVER_AT_EXEC_IBTB                      71622       93.900%           215361       93.955%
L0_IBR_RECOVER_AT_EXEC_BTB                        2069        2.713%             6168        2.691%
L0_IBR_RECOVER_AT_EXEC_XBTB_MISS                  1340        1.757%             3844        1.677%
                                                 76275      100.000%           229218      100.000%
                                                  2.05         0.43              2.04         0.42

L0_ICO_CORRECT                                       0         -nan%                0         -nan%
L0_ICO_RECOVER                                       0         -nan%                0         -nan%
                                                     0         -nan%                0         -nan%
                                                  -nan         -nan              -nan         -nan

L0_RET_CORRECT                                  197103       98.991%           589712       99.004%
L0_RET_RECOVER                                    2010        1.009%             5917        0.993%
L0_RET_RECOVER_UFLOW                                 0        0.000%               13        0.002%
                                                199113      100.000%           595642      100.000%
                                                  0.01         0.10              0.01         0.10

L0_CALL_CORRECT                                  66472       44.249%           206070       45.679%
L0_CALL_RECOVER                                  83752       55.751%           245053       54.321%
                                                150224      100.000%           451123      100.000%
                                                  0.56         0.53              0.54         0.52

MAIN_CBR_CORRECT_OFFPATH                        493085       29.224%          1277195       26.998%
MAIN_CBR_CORRECT_BTB_MISS_NT_NT_OFFPATH        1016227       60.229%          2959881       62.568%
MAIN_CBR_RECOVER_AT_EXEC_OFFPATH                172650       10.233%           478988       10.125%
MAIN_CBR_RECOVER_AT_DECODE_OFFPATH                   0        0.000%                0        0.000%
MAIN_CBR_RECOVER_BTB_MISS_T_T_OFFPATH               14        0.001%               95        0.002%
MAIN_CBR_RECOVER_BTB_MISS_T_NT_OFFPATH            5134        0.304%            13838        0.293%
MAIN_CBR_RECOVER_BTB_MISS_NT_T_OFFPATH             157        0.009%              665        0.014%
                                               1687267      100.000%          4730662      100.000%
                                                  0.82         0.47              0.84         0.45

MAIN_BR_CORRECT_OFFPATH                         110786       99.992%           314234       99.914%
MAIN_BR_RECOVER_OFFPATH                              9        0.008%              272        0.086%
                                                110795      100.000%           314506      100.000%
                                                  0.00         0.01              0.00         0.03

MAIN_ICALL_CORRECT_IBTB_OFFPATH                  15666       33.301%            46266       35.080%
MAIN_ICALL_CORRECT_BTB_OFFPATH                   28916       61.467%            76675       58.137%
MAIN_ICALL_RECOVER_AT_EXEC_IBTB_OFFPATH           2044        4.345%             7385        5.600%
MAIN_ICALL_RECOVER_AT_EXEC_BTB_OFFPATH             410        0.872%             1335        1.012%
MAIN_ICALL_RECOVER_AT_EXEC_XBTB_MISS_OFFPATH             7        0.015%              225        0.171%
                                                 47043      100.000%           131886      100.000%
                                                  0.73         0.40              0.73         0.45

MAIN_IBR_CORRECT_IBTB_OFFPATH                    21184       28.238%            57585       27.596%
MAIN_IBR_CORRECT_BTB_OFFPATH                     38556       51.394%           105733       50.670%
MAIN_IBR_RECOVER_AT_EXEC_IBTB_OFFPATH             9319       12.422%            27673       13.262%
MAIN_IBR_RECOVER_AT_EXEC_BTB_OFFPATH              5961        7.946%            17489        8.381%
MAIN_IBR_RECOVER_AT_EXEC_XBTB_MISS_OFFPATH             0        0.000%              191        0.092%
                                                 75020      100.000%           208671      100.000%
                                                  1.00         0.66              1.03         0.68

MAIN_ICO_CORRECT_OFFPATH                             0         -nan%                0         -nan%
MAIN_ICO_RECOVER_OFFPATH                             0         -nan%                0         -nan%
                                                     0         -nan%                0         -nan%
                                                  -nan         -nan              -nan         -nan

MAIN_RET_CORRECT_OFFPATH                        109526       58.288%           316853       56.975%
MAIN_RET_RECOVER_OFFPATH                         72424       38.543%           209759       37.718%
MAIN_RET_RECOVER_UFLOW_OFFPATH                    5955        3.169%            29513        5.307%
                                                187905      100.000%           556125      100.000%
                                                  0.45         0.45              0.48         0.48

MAIN_CALL_CORRECT_OFFPATH                       148932       99.991%           423474       99.903%
MAIN_CALL_RECOVER_OFFPATH                           13        0.009%              410        0.097%
                                                148945      100.000%           423884      100.000%
                                                  0.00         0.01              0.00         0.03

L0_CBR_CORRECT_OFFPATH                          139911        8.292%           375250        7.932%
L0_CBR_CORRECT_BTB_MISS_NT_NT_OFFPATH          1303598       77.261%          3655591       77.274%
L0_CBR_RECOVER_AT_EXEC_OFFPATH                   43892        2.601%           124040        2.622%
L0_CBR_RECOVER_AT_DECODE_OFFPATH                     0        0.000%                0        0.000%
L0_CBR_RECOVER_BTB_MISS_T_T_OFFPATH             105705        6.265%           313315        6.623%
L0_CBR_RECOVER_BTB_MISS_T_NT_OFFPATH             36990        2.192%           106550        2.252%
L0_CBR_RECOVER_BTB_MISS_NT_T_OFFPATH             57171        3.388%           155916        3.296%
                                               1687267      100.000%          4730662      100.000%
                                                  1.39         1.27              1.40         1.28

L0_BR_CORRECT_OFFPATH                            45172       40.771%           124344       39.536%
L0_BR_RECOVER_OFFPATH                            65623       59.229%           190162       60.464%
                                                110795      100.000%           314506      100.000%
                                                  0.59         0.55              0.60         0.56

L0_ICALL_CORRECT_IBTB_OFFPATH                        0        0.000%                0        0.000%
L0_ICALL_CORRECT_BTB_OFFPATH                     11046       23.481%            28612       21.694%
L0_ICALL_RECOVER_AT_EXEC_IBTB_OFFPATH            17710       37.646%            53651       40.680%
L0_ICALL_RECOVER_AT_EXEC_BTB_OFFPATH               184        0.391%              491        0.372%
L0_ICALL_RECOVER_AT_EXEC_XBTB_MISS_OFFPATH         18103       38.482%            49132       37.253%
                                                 47043      100.000%           131886      100.000%
                                                  2.54         1.99              2.53         1.95

L0_IBR_CORRECT_IBTB_OFFPATH                         12        0.016%               24        0.012%
L0_IBR_CORRECT_BTB_OFFPATH                       18603       24.797%            51173       24.523%
L0_IBR_RECOVER_AT_EXEC_IBTB_OFFPATH              30491       40.644%            85234       40.846%
L0_IBR_RECOVER_AT_EXEC_BTB_OFFPATH                3514        4.684%             9731        4.663%
L0_IBR_RECOVER_AT_EXEC_XBTB_MISS_OFFPATH         22400       29.859%            62509       29.956%
                                                 75020      100.000%           208671      100.000%
                                                  2.40         1.75              2.40         1.75

L0_ICO_CORRECT_OFFPATH                               0         -nan%                0         -nan%
L0_ICO_RECOVER_OFFPATH                               0         -nan%                0         -nan%
                                                     0         -nan%                0         -nan%
                                                  -nan         -nan              -nan         -nan

L0_RET_CORRECT_OFFPATH                          109526       58.288%           316853       56.975%
L0_RET_RECOVER_OFFPATH                           72424       38.543%           209759       37.718%
L0_RET_RECOVER_UFLOW_OFFPATH                      5955        3.169%            29513        5.307%
                                                187905      100.000%           556125      100.000%
                                                  0.45         0.45              0.48         0.48

L0_CALL_CORRECT_OFFPATH                          74823       50.235%           211734       49.951%
L0_CALL_RECOVER_OFFPATH                          74122       49.765%           212150       50.049%
                                                148945      100.000%           423884      100.000%
                                                  0.50         0.50              0.50         0.50

ALL_BTB_CORRECT                                 858728       43.189%          2421580       40.726%
ALL_BTB_INCORRECT_BUT_TARGET_CORRECT                10        0.001%               22        0.000%
ALL_BTB_INCORRECT                              1129562       56.810%          3524489       59.274%
                                               1988300      100.000%          5946091      100.000%
                                                  1.14         1.08              1.19         1.11

ALL_IBTB_CORRECT                                115039       91.909%           344420       92.155%
ALL_IBTB_INCORRECT                               10127        8.091%            29319        7.845%
                                                125166      100.000%           373739      100.000%
                                                  0.08         0.26              0.08         0.26

ALL_BTB_CORRECT_OFFPATH                         975600       47.152%          2621523       45.124%
ALL_BTB_INCORRECT_BUT_TARGET_CORRECT_OFFPATH            30        0.001%               61        0.001%
ALL_BTB_INCORRECT_OFFPATH                      1093440       52.847%          3188025       54.875%
                                               2069070      100.000%          5809609      100.000%
                                                  1.06         1.03              1.10         1.05

ALL_IBTB_CORRECT_OFFPATH                         36850       30.189%           103851       30.494%
ALL_IBTB_INCORRECT_OFFPATH                       85213       69.811%           236706       69.506%
                                                122063      100.000%           340557      100.000%
                                                  0.70         0.64              0.70         0.63

CRS_MISS                                          4020        1.009%            11860        0.996%
CRS_HIT                                         394206       98.991%          1179424       99.004%
                                                398226      100.000%          1191284      100.000%
                                                  0.99         0.98              0.99         0.99

CRS_MISS_OFFPATH                                156758       41.712%           478544       43.025%
CRS_HIT_OFFPATH                                 219052       58.288%           633706       56.975%
                                                375810      100.000%          1112250      100.000%
                                                  0.58         0.55              0.57         0.54

CRS_CLOBBER                                          0                              0              

IBTB_TARG_CACHE_MISS                             10127        8.091%            29319        7.845%
IBTB_TARG_CACHE_HIT                             115039       91.909%           344420       92.155%
                                                125166      100.000%           373739      100.000%
                                                  0.92         0.88              0.92         0.89

IBTB_TARG_CACHE_MISS_OFFPATH                     85213       69.811%           236706       69.506%
IBTB_TARG_CACHE_HIT_OFFPATH                      36850       30.189%           103851       30.494%
                                                122063      100.000%           340557      100.000%
                                                  0.30         0.42              0.30         0.42

IBTB_TARG_CACHE_WRITE                           125166       96.390%           373739       96.238%
IBTB_TARG_CACHE_WRITE_OFFPATH                     4688        3.610%            14608        3.762%
                                                129854      100.000%           388347      100.000%
                                                  0.04         0.18              0.04         0.19

BTB_WRITE                                       102428       99.905%           310818       99.859%
BTB_WRITE_OFFPATH                                   97        0.095%              438        0.141%
                                                102525      100.000%           311256      100.000%
                                                  0.00         0.03              0.00         0.04

BTB_L0_CORRECT                                  279041       14.034%           823428       13.848%
BTB_L0_INCORRECT_BUT_TARGET_CORRECT                 10        0.001%               22        0.000%
BTB_L0_INCORRECT                               1709249       85.965%          5122641       86.151%
                                               1988300      100.000%          5946091      100.000%
                                                  1.72         1.62              1.72         1.62

BTB_L1_CORRECT                                  857512       43.128%          2418688       40.677%
BTB_L1_INCORRECT_BUT_TARGET_CORRECT                  1        0.000%                7        0.000%
BTB_L1_INCORRECT                               1130787       56.872%          3527396       59.323%
                                               1988300      100.000%          5946091      100.000%
                                                  1.14         1.08              1.19         1.11

BTB_MAIN_CORRECT                                858728       43.189%          2421580       40.726%
BTB_MAIN_INCORRECT_BUT_TARGET_CORRECT               10        0.001%               22        0.000%
BTB_MAIN_INCORRECT                             1129562       56.810%          3524489       59.274%
                                               1988300      100.000%          5946091      100.000%
                                                  1.14         1.08              1.19         1.11

BTB_L0_CORRECT_OFFPATH                          358896       17.346%           982280       16.908%
BTB_L0_INCORRECT_BUT_TARGET_CORRECT_OFFPATH            13        0.001%               21        0.000%
BTB_L0_INCORRECT_OFFPATH                       1710161       82.654%          4827308       83.092%
                                               2069070      100.000%          5809609      100.000%
                                                  1.65         1.54              1.66         1.55

BTB_L1_CORRECT_OFFPATH                          973924       47.071%          2617542       45.055%
BTB_L1_INCORRECT_BUT_TARGET_CORRECT_OFFPATH             0        0.000%                1        0.000%
BTB_L1_INCORRECT_OFFPATH                       1095146       52.929%          3192066       54.945%
                                               2069070      100.000%          5809609      100.000%
                                                  1.06         1.03              1.10         1.05

BTB_MAIN_CORRECT_OFFPATH                        975600       47.152%          2621523       45.124%
BTB_MAIN_INCORRECT_BUT_TARGET_CORRECT_OFFPATH            30        0.001%               61        0.001%
BTB_MAIN_INCORRECT_OFFPATH                     1093440       52.847%          3188025       54.875%
                                               2069070      100.000%          5809609      100.000%
                                                  1.06         1.03              1.10         1.05

TARG_HYBRID_CORRECT_TAGLESS                          0         -nan%                0         -nan%
TARG_HYBRID_CORRECT_TAGGED                           0         -nan%                0         -nan%
TARG_HYBRID_RECOVER_AT_EXEC_TAGLESS                  0         -nan%                0         -nan%
TARG_HYBRID_RECOVER_AT_EXEC_TAGGED                   0         -nan%                0         -nan%
TARG_HYBRID_NO_PRED                                  0         -nan%                0         -nan%
                                                     0         -nan%                0         -nan%
                                                  -nan         -nan              -nan         -nan

BP_L0_EARLY_RECOVERIES                          485549       97.092%          1451651       97.089%
BP_MAIN_EXEC_RECOVERIES                          14507        2.901%            42566        2.847%
BP_MAIN_DECODE_RECOVERIES                           37        0.007%              962        0.064%
                                                500093      100.000%          1495179      100.000%
                                                  0.03         0.17              0.03         0.17

SCHEDULED_L0_EARLY_RECOVERIES                   472439       97.013%          1412228       97.010%
SCHEDULED_MAIN_EXEC_RECOVERIES                   14507        2.979%            42566        2.924%
SCHEDULED_MAIN_DECODE_RECOVERIES                    37        0.008%              962        0.066%
                                                486983      100.000%          1455756      100.000%
                                                  0.03         0.17              0.03         0.17

PERFORMED_RECOVERIES                            486984                        1455756              

PERFORMED_RECOVERY_LAT                         2859153                        8546593              

SCHEDULED_MAIN_DECODE_LAT                         1071                          55812              

SCHEDULED_MAIN_EXEC_LAT                        1663110                        4918259              

SCHEDULED_L0_EARLY_LAT                               0                              0              

MAIN_BRANCH_RESOLVE_AT_DECODE_LAT_1                  0        0.000%                0        0.000%
MAIN_BRANCH_RESOLVE_AT_DECODE_LAT_2                  0        0.000%                0        0.000%
MAIN_BRANCH_RESOLVE_AT_DECODE_LAT_3                  0        0.000%                0        0.000%
MAIN_BRANCH_RESOLVE_AT_DECODE_LAT_4                  0        0.000%                0        0.000%
MAIN_BRANCH_RESOLVE_AT_DECODE_LAT_5                  0        0.000%                0        0.000%
MAIN_BRANCH_RESOLVE_AT_DECODE_LAT_6                  0        0.000%                0        0.000%
MAIN_BRANCH_RESOLVE_AT_DECODE_LAT_7                  0        0.000%                0        0.000%
MAIN_BRANCH_RESOLVE_AT_DECODE_LAT_8                 11       29.730%              297       30.873%
MAIN_BRANCH_RESOLVE_AT_DECODE_LAT_9                  2        5.405%              124       12.890%
MAIN_BRANCH_RESOLVE_AT_DECODE_LAT_10                 0        0.000%               30        3.119%
MAIN_BRANCH_RESOLVE_AT_DECODE_LAT_11                 1        2.703%               10        1.040%
MAIN_BRANCH_RESOLVE_AT_DECODE_LAT_12                 1        2.703%                7        0.728%
MAIN_BRANCH_RESOLVE_AT_DECODE_LAT_13                 0        0.000%                7        0.728%
MAIN_BRANCH_RESOLVE_AT_DECODE_LAT_14                 0        0.000%                2        0.208%
MAIN_BRANCH_RESOLVE_AT_DECODE_LAT_15                 0        0.000%                4        0.416%
MAIN_BRANCH_RESOLVE_AT_DECODE_LAT_16                 0        0.000%                5        0.520%
MAIN_BRANCH_RESOLVE_AT_DECODE_LAT_17                 0        0.000%                4        0.416%
MAIN_BRANCH_RESOLVE_AT_DECODE_LAT_18                 0        0.000%                6        0.624%
MAIN_BRANCH_RESOLVE_AT_DECODE_LAT_19                 1        2.703%                4        0.416%
MAIN_BRANCH_RESOLVE_AT_DECODE_LAT_20                 0        0.000%                9        0.936%
MAIN_BRANCH_RESOLVE_AT_DECODE_LAT_21                 0        0.000%               11        1.143%
MAIN_BRANCH_RESOLVE_AT_DECODE_LAT_22                 1        2.703%               24        2.495%
MAIN_BRANCH_RESOLVE_AT_DECODE_LAT_23                 1        2.703%               31        3.222%
MAIN_BRANCH_RESOLVE_AT_DECODE_LAT_24                 3        8.108%               20        2.079%
MAIN_BRANCH_RESOLVE_AT_DECODE_LAT_25                 6       16.216%               81        8.420%
MAIN_BRANCH_RESOLVE_AT_DECODE_LAT_26                 5       13.514%               49        5.094%
MAIN_BRANCH_RESOLVE_AT_DECODE_LAT_27                 0        0.000%               15        1.559%
MAIN_BRANCH_RESOLVE_AT_DECODE_LAT_28                 0        0.000%               10        1.040%
MAIN_BRANCH_RESOLVE_AT_DECODE_LAT_29                 0        0.000%                3        0.312%
MAIN_BRANCH_RESOLVE_AT_DECODE_LAT_30                 0        0.000%                1        0.104%
MAIN_BRANCH_RESOLVE_AT_DECODE_LAT_31                 0        0.000%                3        0.312%
MAIN_BRANCH_RESOLVE_AT_DECODE_LAT_32                 0        0.000%                2        0.208%
MAIN_BRANCH_RESOLVE_AT_DECODE_LAT_33                 0        0.000%                0        0.000%
MAIN_BRANCH_RESOLVE_AT_DECODE_LAT_34                 0        0.000%                0        0.000%
MAIN_BRANCH_RESOLVE_AT_DECODE_LAT_35                 1        2.703%                3        0.312%
MAIN_BRANCH_RESOLVE_AT_DECODE_LAT_36                 0        0.000%                1        0.104%
MAIN_BRANCH_RESOLVE_AT_DECODE_LAT_37                 0        0.000%                2        0.208%
MAIN_BRANCH_RESOLVE_AT_DECODE_LAT_38                 0        0.000%                3        0.312%
MAIN_BRANCH_RESOLVE_AT_DECODE_LAT_39                 0        0.000%                1        0.104%
MAIN_BRANCH_RESOLVE_AT_DECODE_LAT_40                 0        0.000%                0        0.000%
MAIN_BRANCH_RESOLVE_AT_DECODE_LAT_41                 0        0.000%                1        0.104%
MAIN_BRANCH_RESOLVE_AT_DECODE_LAT_42                 0        0.000%                1        0.104%
MAIN_BRANCH_RESOLVE_AT_DECODE_LAT_43                 0        0.000%                0        0.000%
MAIN_BRANCH_RESOLVE_AT_DECODE_LAT_44                 0        0.000%                1        0.104%
MAIN_BRANCH_RESOLVE_AT_DECODE_LAT_45                 0        0.000%                0        0.000%
MAIN_BRANCH_RESOLVE_AT_DECODE_LAT_46                 0        0.000%                2        0.208%
MAIN_BRANCH_RESOLVE_AT_DECODE_LAT_47                 0        0.000%                0        0.000%
MAIN_BRANCH_RESOLVE_AT_DECODE_LAT_48                 0        0.000%                0        0.000%
MAIN_BRANCH_RESOLVE_AT_DECODE_LAT_49                 0        0.000%                0        0.000%
MAIN_BRANCH_RESOLVE_AT_DECODE_LAT_50                 0        0.000%                1        0.104%
MAIN_BRANCH_RESOLVE_AT_DECODE_LAT_51                 0        0.000%                0        0.000%
MAIN_BRANCH_RESOLVE_AT_DECODE_LAT_52                 0        0.000%                0        0.000%
MAIN_BRANCH_RESOLVE_AT_DECODE_LAT_53                 0        0.000%                0        0.000%
MAIN_BRANCH_RESOLVE_AT_DECODE_LAT_54                 0        0.000%                0        0.000%
MAIN_BRANCH_RESOLVE_AT_DECODE_LAT_55                 0        0.000%                2        0.208%
MAIN_BRANCH_RESOLVE_AT_DECODE_LAT_56                 0        0.000%                1        0.104%
MAIN_BRANCH_RESOLVE_AT_DECODE_LAT_57                 0        0.000%                0        0.000%
MAIN_BRANCH_RESOLVE_AT_DECODE_LAT_58                 0        0.000%                0        0.000%
MAIN_BRANCH_RESOLVE_AT_DECODE_LAT_59                 1        2.703%                2        0.208%
MAIN_BRANCH_RESOLVE_AT_DECODE_LAT_60                 0        0.000%                1        0.104%
MAIN_BRANCH_RESOLVE_AT_DECODE_LAT_61                 0        0.000%                1        0.104%
MAIN_BRANCH_RESOLVE_AT_DECODE_LAT_62                 0        0.000%                1        0.104%
MAIN_BRANCH_RESOLVE_AT_DECODE_LAT_63                 0        0.000%                0        0.000%
MAIN_BRANCH_RESOLVE_AT_DECODE_LAT_64                 0        0.000%                5        0.520%
MAIN_BRANCH_RESOLVE_AT_DECODE_LAT_65                 1        2.703%                2        0.208%
MAIN_BRANCH_RESOLVE_AT_DECODE_LAT_66                 0        0.000%                1        0.104%
MAIN_BRANCH_RESOLVE_AT_DECODE_LAT_67                 0        0.000%                0        0.000%
MAIN_BRANCH_RESOLVE_AT_DECODE_LAT_68                 0        0.000%                0        0.000%
MAIN_BRANCH_RESOLVE_AT_DECODE_LAT_69                 0        0.000%                1        0.104%
MAIN_BRANCH_RESOLVE_AT_DECODE_LAT_70                 0        0.000%                0        0.000%
MAIN_BRANCH_RESOLVE_AT_DECODE_LAT_71                 0        0.000%                0        0.000%
MAIN_BRANCH_RESOLVE_AT_DECODE_LAT_72                 0        0.000%                0        0.000%
MAIN_BRANCH_RESOLVE_AT_DECODE_LAT_73                 0        0.000%                0        0.000%
MAIN_BRANCH_RESOLVE_AT_DECODE_LAT_74                 0        0.000%                0        0.000%
MAIN_BRANCH_RESOLVE_AT_DECODE_LAT_75                 0        0.000%                1        0.104%
MAIN_BRANCH_RESOLVE_AT_DECODE_LAT_76                 0        0.000%                0        0.000%
MAIN_BRANCH_RESOLVE_AT_DECODE_LAT_77                 0        0.000%                1        0.104%
MAIN_BRANCH_RESOLVE_AT_DECODE_LAT_78                 0        0.000%                1        0.104%
MAIN_BRANCH_RESOLVE_AT_DECODE_LAT_79                 0        0.000%                0        0.000%
MAIN_BRANCH_RESOLVE_AT_DECODE_LAT_80                 0        0.000%                1        0.104%
MAIN_BRANCH_RESOLVE_AT_DECODE_LAT_81                 0        0.000%                0        0.000%
MAIN_BRANCH_RESOLVE_AT_DECODE_LAT_82                 0        0.000%                0        0.000%
MAIN_BRANCH_RESOLVE_AT_DECODE_LAT_83                 0        0.000%                0        0.000%
MAIN_BRANCH_RESOLVE_AT_DECODE_LAT_84                 0        0.000%                0        0.000%
MAIN_BRANCH_RESOLVE_AT_DECODE_LAT_85                 0        0.000%                0        0.000%
MAIN_BRANCH_RESOLVE_AT_DECODE_LAT_86                 0        0.000%                0        0.000%
MAIN_BRANCH_RESOLVE_AT_DECODE_LAT_87                 0        0.000%                0        0.000%
MAIN_BRANCH_RESOLVE_AT_DECODE_LAT_88                 0        0.000%                0        0.000%
MAIN_BRANCH_RESOLVE_AT_DECODE_LAT_89                 0        0.000%                0        0.000%
MAIN_BRANCH_RESOLVE_AT_DECODE_LAT_90                 0        0.000%                0        0.000%
MAIN_BRANCH_RESOLVE_AT_DECODE_LAT_91                 0        0.000%                0        0.000%
MAIN_BRANCH_RESOLVE_AT_DECODE_LAT_92                 0        0.000%                0        0.000%
MAIN_BRANCH_RESOLVE_AT_DECODE_LAT_93                 0        0.000%                0        0.000%
MAIN_BRANCH_RESOLVE_AT_DECODE_LAT_94                 0        0.000%                0        0.000%
MAIN_BRANCH_RESOLVE_AT_DECODE_LAT_95                 0        0.000%                0        0.000%
MAIN_BRANCH_RESOLVE_AT_DECODE_LAT_96                 0        0.000%                0        0.000%
MAIN_BRANCH_RESOLVE_AT_DECODE_LAT_97                 0        0.000%                0        0.000%
MAIN_BRANCH_RESOLVE_AT_DECODE_LAT_98                 0        0.000%                0        0.000%
MAIN_BRANCH_RESOLVE_AT_DECODE_LAT_99                 0        0.000%                0        0.000%
MAIN_BRANCH_RESOLVE_AT_DECODE_LAT_100                0        0.000%                0        0.000%
MAIN_BRANCH_RESOLVE_AT_DECODE_LAT_GT100              2        5.405%              166       17.256%
                                                    37      100.000%              962      100.000%
                                                 23.49        23.34             29.82        35.97

MAIN_BRANCH_RESOLVE_AT_EXEC_LAT_1                    0        0.000%                0        0.000%
MAIN_BRANCH_RESOLVE_AT_EXEC_LAT_2                    0        0.000%                0        0.000%
MAIN_BRANCH_RESOLVE_AT_EXEC_LAT_3                    0        0.000%                0        0.000%
MAIN_BRANCH_RESOLVE_AT_EXEC_LAT_4                    0        0.000%                0        0.000%
MAIN_BRANCH_RESOLVE_AT_EXEC_LAT_5                    0        0.000%                0        0.000%
MAIN_BRANCH_RESOLVE_AT_EXEC_LAT_6                    0        0.000%                0        0.000%
MAIN_BRANCH_RESOLVE_AT_EXEC_LAT_7                    0        0.000%                0        0.000%
MAIN_BRANCH_RESOLVE_AT_EXEC_LAT_8                    0        0.000%                0        0.000%
MAIN_BRANCH_RESOLVE_AT_EXEC_LAT_9                    0        0.000%                0        0.000%
MAIN_BRANCH_RESOLVE_AT_EXEC_LAT_10                 154        1.062%              476        1.118%
MAIN_BRANCH_RESOLVE_AT_EXEC_LAT_11                 160        1.103%              528        1.240%
MAIN_BRANCH_RESOLVE_AT_EXEC_LAT_12                  57        0.393%              250        0.587%
MAIN_BRANCH_RESOLVE_AT_EXEC_LAT_13                  39        0.269%              141        0.331%
MAIN_BRANCH_RESOLVE_AT_EXEC_LAT_14                  45        0.310%              142        0.334%
MAIN_BRANCH_RESOLVE_AT_EXEC_LAT_15                  43        0.296%              126        0.296%
MAIN_BRANCH_RESOLVE_AT_EXEC_LAT_16                  49        0.338%              135        0.317%
MAIN_BRANCH_RESOLVE_AT_EXEC_LAT_17                 366        2.523%             1307        3.071%
MAIN_BRANCH_RESOLVE_AT_EXEC_LAT_18                 351        2.420%             1041        2.446%
MAIN_BRANCH_RESOLVE_AT_EXEC_LAT_19                 174        1.199%              584        1.372%
MAIN_BRANCH_RESOLVE_AT_EXEC_LAT_20                 144        0.993%              360        0.846%
MAIN_BRANCH_RESOLVE_AT_EXEC_LAT_21                  73        0.503%              210        0.493%
MAIN_BRANCH_RESOLVE_AT_EXEC_LAT_22                  98        0.676%              197        0.463%
MAIN_BRANCH_RESOLVE_AT_EXEC_LAT_23                 229        1.579%              632        1.485%
MAIN_BRANCH_RESOLVE_AT_EXEC_LAT_24                 422        2.909%             1330        3.125%
MAIN_BRANCH_RESOLVE_AT_EXEC_LAT_25                  98        0.676%              213        0.500%
MAIN_BRANCH_RESOLVE_AT_EXEC_LAT_26                 119        0.820%              396        0.930%
MAIN_BRANCH_RESOLVE_AT_EXEC_LAT_27                  35        0.241%               82        0.193%
MAIN_BRANCH_RESOLVE_AT_EXEC_LAT_28                  35        0.241%               94        0.221%
MAIN_BRANCH_RESOLVE_AT_EXEC_LAT_29                  46        0.317%              128        0.301%
MAIN_BRANCH_RESOLVE_AT_EXEC_LAT_30                 368        2.537%             1324        3.110%
MAIN_BRANCH_RESOLVE_AT_EXEC_LAT_31                 392        2.702%              763        1.793%
MAIN_BRANCH_RESOLVE_AT_EXEC_LAT_32                 108        0.744%              270        0.634%
MAIN_BRANCH_RESOLVE_AT_EXEC_LAT_33                 277        1.909%              958        2.251%
MAIN_BRANCH_RESOLVE_AT_EXEC_LAT_34                 199        1.372%              717        1.684%
MAIN_BRANCH_RESOLVE_AT_EXEC_LAT_35                 165        1.137%              426        1.001%
MAIN_BRANCH_RESOLVE_AT_EXEC_LAT_36                 126        0.869%              383        0.900%
MAIN_BRANCH_RESOLVE_AT_EXEC_LAT_37                 143        0.986%              462        1.085%
MAIN_BRANCH_RESOLVE_AT_EXEC_LAT_38                  73        0.503%              175        0.411%
MAIN_BRANCH_RESOLVE_AT_EXEC_LAT_39                  75        0.517%              188        0.442%
MAIN_BRANCH_RESOLVE_AT_EXEC_LAT_40                  53        0.365%              167        0.392%
MAIN_BRANCH_RESOLVE_AT_EXEC_LAT_41                 146        1.006%              448        1.052%
MAIN_BRANCH_RESOLVE_AT_EXEC_LAT_42                  47        0.324%              192        0.451%
MAIN_BRANCH_RESOLVE_AT_EXEC_LAT_43                  49        0.338%               98        0.230%
MAIN_BRANCH_RESOLVE_AT_EXEC_LAT_44                 158        1.089%              449        1.055%
MAIN_BRANCH_RESOLVE_AT_EXEC_LAT_45                  48        0.331%              214        0.503%
MAIN_BRANCH_RESOLVE_AT_EXEC_LAT_46                  57        0.393%              142        0.334%
MAIN_BRANCH_RESOLVE_AT_EXEC_LAT_47                  42        0.290%               92        0.216%
MAIN_BRANCH_RESOLVE_AT_EXEC_LAT_48                  40        0.276%              113        0.265%
MAIN_BRANCH_RESOLVE_AT_EXEC_LAT_49                  34        0.234%               89        0.209%
MAIN_BRANCH_RESOLVE_AT_EXEC_LAT_50                  33        0.227%               97        0.228%
MAIN_BRANCH_RESOLVE_AT_EXEC_LAT_51                  26        0.179%              139        0.327%
MAIN_BRANCH_RESOLVE_AT_EXEC_LAT_52                  90        0.620%              168        0.395%
MAIN_BRANCH_RESOLVE_AT_EXEC_LAT_53                 103        0.710%              369        0.867%
MAIN_BRANCH_RESOLVE_AT_EXEC_LAT_54                 115        0.793%              483        1.135%
MAIN_BRANCH_RESOLVE_AT_EXEC_LAT_55                  84        0.579%              354        0.832%
MAIN_BRANCH_RESOLVE_AT_EXEC_LAT_56                  71        0.489%              142        0.334%
MAIN_BRANCH_RESOLVE_AT_EXEC_LAT_57                  39        0.269%              145        0.341%
MAIN_BRANCH_RESOLVE_AT_EXEC_LAT_58                 114        0.786%              353        0.829%
MAIN_BRANCH_RESOLVE_AT_EXEC_LAT_59                 185        1.275%              641        1.506%
MAIN_BRANCH_RESOLVE_AT_EXEC_LAT_60                 180        1.241%              611        1.435%
MAIN_BRANCH_RESOLVE_AT_EXEC_LAT_61                 224        1.544%              262        0.616%
MAIN_BRANCH_RESOLVE_AT_EXEC_LAT_62                  30        0.207%               54        0.127%
MAIN_BRANCH_RESOLVE_AT_EXEC_LAT_63                  35        0.241%               97        0.228%
MAIN_BRANCH_RESOLVE_AT_EXEC_LAT_64                  23        0.159%               62        0.146%
MAIN_BRANCH_RESOLVE_AT_EXEC_LAT_65                  28        0.193%               53        0.125%
MAIN_BRANCH_RESOLVE_AT_EXEC_LAT_66                  21        0.145%               50        0.117%
MAIN_BRANCH_RESOLVE_AT_EXEC_LAT_67                  15        0.103%               38        0.089%
MAIN_BRANCH_RESOLVE_AT_EXEC_LAT_68                  19        0.131%               51        0.120%
MAIN_BRANCH_RESOLVE_AT_EXEC_LAT_69                  22        0.152%               56        0.132%
MAIN_BRANCH_RESOLVE_AT_EXEC_LAT_70                  49        0.338%              222        0.522%
MAIN_BRANCH_RESOLVE_AT_EXEC_LAT_71                  21        0.145%               73        0.171%
MAIN_BRANCH_RESOLVE_AT_EXEC_LAT_72                  19        0.131%              117        0.275%
MAIN_BRANCH_RESOLVE_AT_EXEC_LAT_73                  50        0.345%              152        0.357%
MAIN_BRANCH_RESOLVE_AT_EXEC_LAT_74                  42        0.290%              107        0.251%
MAIN_BRANCH_RESOLVE_AT_EXEC_LAT_75                  30        0.207%               63        0.148%
MAIN_BRANCH_RESOLVE_AT_EXEC_LAT_76                 292        2.013%              747        1.755%
MAIN_BRANCH_RESOLVE_AT_EXEC_LAT_77                 197        1.358%              612        1.438%
MAIN_BRANCH_RESOLVE_AT_EXEC_LAT_78                  79        0.545%              136        0.320%
MAIN_BRANCH_RESOLVE_AT_EXEC_LAT_79                  74        0.510%              225        0.529%
MAIN_BRANCH_RESOLVE_AT_EXEC_LAT_80                  76        0.524%              246        0.578%
MAIN_BRANCH_RESOLVE_AT_EXEC_LAT_81                  64        0.441%              311        0.731%
MAIN_BRANCH_RESOLVE_AT_EXEC_LAT_82                  57        0.393%              181        0.425%
MAIN_BRANCH_RESOLVE_AT_EXEC_LAT_83                  35        0.241%              107        0.251%
MAIN_BRANCH_RESOLVE_AT_EXEC_LAT_84                  27        0.186%               96        0.226%
MAIN_BRANCH_RESOLVE_AT_EXEC_LAT_85                  30        0.207%              116        0.273%
MAIN_BRANCH_RESOLVE_AT_EXEC_LAT_86                  14        0.097%               62        0.146%
MAIN_BRANCH_RESOLVE_AT_EXEC_LAT_87                  41        0.283%              168        0.395%
MAIN_BRANCH_RESOLVE_AT_EXEC_LAT_88                  52        0.358%              162        0.381%
MAIN_BRANCH_RESOLVE_AT_EXEC_LAT_89                  24        0.165%               76        0.179%
MAIN_BRANCH_RESOLVE_AT_EXEC_LAT_90                  26        0.179%               52        0.122%
MAIN_BRANCH_RESOLVE_AT_EXEC_LAT_91                  24        0.165%               50        0.117%
MAIN_BRANCH_RESOLVE_AT_EXEC_LAT_92                  25        0.172%               45        0.106%
MAIN_BRANCH_RESOLVE_AT_EXEC_LAT_93                  25        0.172%              103        0.242%
MAIN_BRANCH_RESOLVE_AT_EXEC_LAT_94                 158        1.089%              460        1.081%
MAIN_BRANCH_RESOLVE_AT_EXEC_LAT_95                 139        0.958%              485        1.139%
MAIN_BRANCH_RESOLVE_AT_EXEC_LAT_96                 189        1.303%              364        0.855%
MAIN_BRANCH_RESOLVE_AT_EXEC_LAT_97                  84        0.579%              156        0.366%
MAIN_BRANCH_RESOLVE_AT_EXEC_LAT_98                  72        0.496%              171        0.402%
MAIN_BRANCH_RESOLVE_AT_EXEC_LAT_99                  52        0.358%               73        0.171%
MAIN_BRANCH_RESOLVE_AT_EXEC_LAT_100                 32        0.221%               71        0.167%
MAIN_BRANCH_RESOLVE_AT_EXEC_LAT_GT100             5614       38.699%            16290       38.270%
                                                 14507      100.000%            42566      100.000%
                                                 66.34        53.20             65.47        52.74

PRED_TO_UPDATE_CYCLES_0                              0         -nan%                0         -nan%
PRED_TO_UPDATE_CYCLES_1                              0         -nan%                0         -nan%
PRED_TO_UPDATE_CYCLES_2                              0         -nan%                0         -nan%
PRED_TO_UPDATE_CYCLES_3                              0         -nan%                0         -nan%
PRED_TO_UPDATE_CYCLES_4                              0         -nan%                0         -nan%
PRED_TO_UPDATE_CYCLES_5                              0         -nan%                0         -nan%
PRED_TO_UPDATE_CYCLES_6                              0         -nan%                0         -nan%
PRED_TO_UPDATE_CYCLES_7                              0         -nan%                0         -nan%
PRED_TO_UPDATE_CYCLES_8                              0         -nan%                0         -nan%
PRED_TO_UPDATE_CYCLES_9                              0         -nan%                0         -nan%
PRED_TO_UPDATE_CYCLES_10                             0         -nan%                0         -nan%
PRED_TO_UPDATE_CYCLES_11                             0         -nan%                0         -nan%
PRED_TO_UPDATE_CYCLES_12                             0         -nan%                0         -nan%
PRED_TO_UPDATE_CYCLES_13                             0         -nan%                0         -nan%
PRED_TO_UPDATE_CYCLES_14                             0         -nan%                0         -nan%
PRED_TO_UPDATE_CYCLES_15                             0         -nan%                0         -nan%
PRED_TO_UPDATE_CYCLES_16                             0         -nan%                0         -nan%
PRED_TO_UPDATE_CYCLES_17                             0         -nan%                0         -nan%
PRED_TO_UPDATE_CYCLES_18                             0         -nan%                0         -nan%
PRED_TO_UPDATE_CYCLES_19                             0         -nan%                0         -nan%
PRED_TO_UPDATE_CYCLES_20                             0         -nan%                0         -nan%
PRED_TO_UPDATE_CYCLES_21                             0         -nan%                0         -nan%
PRED_TO_UPDATE_CYCLES_22                             0         -nan%                0         -nan%
PRED_TO_UPDATE_CYCLES_23                             0         -nan%                0         -nan%
PRED_TO_UPDATE_CYCLES_24                             0         -nan%                0         -nan%
PRED_TO_UPDATE_CYCLES_25                             0         -nan%                0         -nan%
PRED_TO_UPDATE_CYCLES_26                             0         -nan%                0         -nan%
PRED_TO_UPDATE_CYCLES_27                             0         -nan%                0         -nan%
PRED_TO_UPDATE_CYCLES_28                             0         -nan%                0         -nan%
PRED_TO_UPDATE_CYCLES_29                             0         -nan%                0         -nan%
PRED_TO_UPDATE_CYCLES_30                             0         -nan%                0         -nan%
                                                     0         -nan%                0         -nan%
                                                  -nan         -nan              -nan         -nan

BP_ON_PATH_CONF_RECOVER_AT_EXEC                      0         -nan%                0         -nan%
BP_ON_PATH_CONF_CORRECT                              0         -nan%                0         -nan%
                                                     0         -nan%                0         -nan%
                                                  -nan         -nan              -nan         -nan

BP_OFF_PATH_CONF_RECOVER_AT_EXEC                     0         -nan%                0         -nan%
BP_OFF_PATH_CONF_CORRECT                             0         -nan%                0         -nan%
                                                     0         -nan%                0         -nan%
                                                  -nan         -nan              -nan         -nan

BP_ON_PATH_PRED_MIS_CONF_RECOVER_AT_EXEC             0         -nan%                0         -nan%
BP_ON_PATH_PRED_MIS_CONF_CORRECT                     0         -nan%                0         -nan%
                                                     0         -nan%                0         -nan%
                                                  -nan         -nan              -nan         -nan

BP_ON_PATH_PRED_COR_CONF_RECOVER_AT_EXEC             0         -nan%                0         -nan%
BP_ON_PATH_PRED_COR_CONF_CORRECT                     0         -nan%                0         -nan%
                                                     0         -nan%                0         -nan%
                                                  -nan         -nan              -nan         -nan

BP_OFF_PATH_PRED_MIS_CONF_RECOVER_AT_EXEC             0         -nan%                0         -nan%
BP_OFF_PATH_PRED_MIS_CONF_CORRECT                    0         -nan%                0         -nan%
                                                     0         -nan%                0         -nan%
                                                  -nan         -nan              -nan         -nan

BP_OFF_PATH_PRED_COR_CONF_RECOVER_AT_EXEC             0         -nan%                0         -nan%
BP_OFF_PATH_PRED_COR_CONF_CORRECT                    0         -nan%                0         -nan%
                                                     0         -nan%                0         -nan%
                                                  -nan         -nan              -nan         -nan

ONPATH_CONF_RECOVER_AT_EXEC                          0         -nan%                0         -nan%
ONPATH_CONF_CORRECT                                  0         -nan%                0         -nan%
                                                     0         -nan%                0         -nan%
                                                  -nan         -nan              -nan         -nan

ONPATH_ON_PATH_CONF_RECOVER_AT_EXEC                  0         -nan%                0         -nan%
ONPATH_ON_PATH_CONF_CORRECT                          0         -nan%                0         -nan%
                                                     0         -nan%                0         -nan%
                                                  -nan         -nan              -nan         -nan

ONPATH_OFF_PATH_CONF_RECOVER_AT_EXEC                 0         -nan%                0         -nan%
ONPATH_OFF_PATH_CONF_CORRECT                         0         -nan%                0         -nan%
                                                     0         -nan%                0         -nan%
                                                  -nan         -nan              -nan         -nan

PRED_ONPATH_CONF_RECOVER_AT_EXEC                     0         -nan%                0         -nan%
PRED_ONPATH_CONF_CORRECT                             0         -nan%                0         -nan%
                                                     0         -nan%                0         -nan%
                                                  -nan         -nan              -nan         -nan

PRED_OFFPATH_CONF_RECOVER_AT_EXEC                    0         -nan%                0         -nan%
PRED_OFFPATH_CONF_CORRECT                            0         -nan%                0         -nan%
                                                     0         -nan%                0         -nan%
                                                  -nan         -nan              -nan         -nan

LONG_OVWT_MIS                                        0         -nan%                0         -nan%
LONG_OVWT_COR                                        0         -nan%                0         -nan%
                                                     0         -nan%                0         -nan%
                                                  -nan         -nan              -nan         -nan

OPC_LENGTH_0_7_MIS                                   0         -nan%                0         -nan%
OPC_LENGTH_0_7_COR                                   0         -nan%                0         -nan%
                                                     0         -nan%                0         -nan%
                                                  -nan         -nan              -nan         -nan

OPC_LENGTH_8_15_MIS                                  0         -nan%                0         -nan%
OPC_LENGTH_8_15_COR                                  0         -nan%                0         -nan%
                                                     0         -nan%                0         -nan%
                                                  -nan         -nan              -nan         -nan

OPC_LENGTH_16_23_MIS                                 0         -nan%                0         -nan%
OPC_LENGTH_16_23_COR                                 0         -nan%                0         -nan%
                                                     0         -nan%                0         -nan%
                                                  -nan         -nan              -nan         -nan

OPC_LENGTH_24_31_MIS                                 0         -nan%                0         -nan%
OPC_LENGTH_24_31_COR                                 0         -nan%                0         -nan%
                                                     0         -nan%                0         -nan%
                                                  -nan         -nan              -nan         -nan

OPC_LENGTH_32_39_MIS                                 0         -nan%                0         -nan%
OPC_LENGTH_32_39_COR                                 0         -nan%                0         -nan%
                                                     0         -nan%                0         -nan%
                                                  -nan         -nan              -nan         -nan

OPC_LENGTH_40_47_MIS                                 0         -nan%                0         -nan%
OPC_LENGTH_40_47_COR                                 0         -nan%                0         -nan%
                                                     0         -nan%                0         -nan%
                                                  -nan         -nan              -nan         -nan

OPC_LENGTH_48_55_MIS                                 0         -nan%                0         -nan%
OPC_LENGTH_48_55_COR                                 0         -nan%                0         -nan%
                                                     0         -nan%                0         -nan%
                                                  -nan         -nan              -nan         -nan

OPC_LENGTH_56_63_MIS                                 0         -nan%                0         -nan%
OPC_LENGTH_56_63_COR                                 0         -nan%                0         -nan%
                                                     0         -nan%                0         -nan%
                                                  -nan         -nan              -nan         -nan

OPC_LENGTH_64_71_MIS                                 0         -nan%                0         -nan%
OPC_LENGTH_64_71_COR                                 0         -nan%                0         -nan%
                                                     0         -nan%                0         -nan%
                                                  -nan         -nan              -nan         -nan

OPC_LENGTH_72_79_MIS                                 0         -nan%                0         -nan%
OPC_LENGTH_72_79_COR                                 0         -nan%                0         -nan%
                                                     0         -nan%                0         -nan%
                                                  -nan         -nan              -nan         -nan

OPC_LENGTH_80_MIS                                    0         -nan%                0         -nan%
OPC_LENGTH_80_COR                                    0         -nan%                0         -nan%
                                                     0         -nan%                0         -nan%
                                                  -nan         -nan              -nan         -nan

ALL_ONES_MIS                                         0         -nan%                0         -nan%
ALL_ONES_COR                                         0         -nan%                0         -nan%
                                                     0         -nan%                0         -nan%
                                                  -nan         -nan              -nan         -nan

FIRST_ONE_MIS                                        0         -nan%                0         -nan%
FIRST_ONE_COR                                        0         -nan%                0         -nan%
                                                     0         -nan%                0         -nan%
                                                  -nan         -nan              -nan         -nan

ZEROS_0_1_MIS                                        0         -nan%                0         -nan%
ZEROS_0_1_COR                                        0         -nan%                0         -nan%
                                                     0         -nan%                0         -nan%
                                                  -nan         -nan              -nan         -nan

ZEROS_2_3_MIS                                        0         -nan%                0         -nan%
ZEROS_2_3_COR                                        0         -nan%                0         -nan%
                                                     0         -nan%                0         -nan%
                                                  -nan         -nan              -nan         -nan

ZEROS_4_5_MIS                                        0         -nan%                0         -nan%
ZEROS_4_5_COR                                        0         -nan%                0         -nan%
                                                     0         -nan%                0         -nan%
                                                  -nan         -nan              -nan         -nan

ZEROS_6_7_MIS                                        0         -nan%                0         -nan%
ZEROS_6_7_COR                                        0         -nan%                0         -nan%
                                                     0         -nan%                0         -nan%
                                                  -nan         -nan              -nan         -nan

ZEROS_8_9_MIS                                        0         -nan%                0         -nan%
ZEROS_8_9_COR                                        0         -nan%                0         -nan%
                                                     0         -nan%                0         -nan%
                                                  -nan         -nan              -nan         -nan

ZEROS_10_11_MIS                                      0         -nan%                0         -nan%
ZEROS_10_11_COR                                      0         -nan%                0         -nan%
                                                     0         -nan%                0         -nan%
                                                  -nan         -nan              -nan         -nan

ZEROS_12_13_MIS                                      0         -nan%                0         -nan%
ZEROS_12_13_COR                                      0         -nan%                0         -nan%
                                                     0         -nan%                0         -nan%
                                                  -nan         -nan              -nan         -nan

ZEROS_14_15_MIS                                      0         -nan%                0         -nan%
ZEROS_14_15_COR                                      0         -nan%                0         -nan%
                                                     0         -nan%                0         -nan%
                                                  -nan         -nan              -nan         -nan

ZEROS_16_MIS                                         0         -nan%                0         -nan%
ZEROS_16_COR                                         0         -nan%                0         -nan%
                                                     0         -nan%                0         -nan%
                                                  -nan         -nan              -nan         -nan

GS2BC_GSHARE                                         0         -nan%                0         -nan%
GS2BC_2BC                                            0         -nan%                0         -nan%
                                                     0         -nan%                0         -nan%
                                                  -nan         -nan              -nan         -nan

GSKEW2BC_VOTE                                        0         -nan%                0         -nan%
GSKEW2BC_2BC                                         0         -nan%                0         -nan%
                                                     0         -nan%                0         -nan%
                                                  -nan         -nan              -nan         -nan

FUTGSHARE_INIT_ON_PATH_CORRECT                       0         -nan%                0         -nan%
FUTGSHARE_INIT_ON_PATH_RECOVER_AT_EXEC               0         -nan%                0         -nan%
                                                     0         -nan%                0         -nan%
                                                  -nan         -nan              -nan         -nan

FUTGSHARE_INIT_OFF_PATH_CORRECT                      0         -nan%                0         -nan%
FUTGSHARE_INIT_OFF_PATH_RECOVER_AT_EXEC              0         -nan%                0         -nan%
                                                     0         -nan%                0         -nan%
                                                  -nan         -nan              -nan         -nan

FUTGSHARE_CHANGED_CORRECTED_ON_PATH                  0         -nan%                0         -nan%
FUTGSHARE_CHANGED_SCREWED_ON_PATH                    0         -nan%                0         -nan%
                                                     0         -nan%                0         -nan%
                                                  -nan         -nan              -nan         -nan

FUTGSHARE_CHANGED_CORRECTED_OFF_PATH                 0         -nan%                0         -nan%
FUTGSHARE_CHANGED_SCREWED_OFF_PATH                   0         -nan%                0         -nan%
                                                     0         -nan%                0         -nan%
                                                  -nan         -nan              -nan         -nan

FUTGSHARE_ORIG_CORRECT_FUT_CORRECT_ON_PATH             0         -nan%                0         -nan%
FUTGSHARE_ORIG_RECOVER_AT_EXEC_FUT_CORRECT_ON_PATH             0         -nan%                0         -nan%
FUTGSHARE_ORIG_CORRECT_FUT_RECOVER_AT_EXEC_ON_PATH             0         -nan%                0         -nan%
FUTGSHARE_ORIG_RECOVER_AT_EXEC_FUT_RECOVER_AT_EXEC_ON_PATH             0         -nan%                0         -nan%
                                                     0         -nan%                0         -nan%
                                                  -nan         -nan              -nan         -nan

FUTGSHARE_ORIG_CORRECT_FUT_CORRECT_OFF_PATH             0         -nan%                0         -nan%
FUTGSHARE_ORIG_RECOVER_AT_EXEC_FUT_CORRECT_OFF_PATH             0         -nan%                0         -nan%
FUTGSHARE_ORIG_CORRECT_FUT_RECOVER_AT_EXEC_OFF_PATH             0         -nan%                0         -nan%
FUTGSHARE_ORIG_RECOVER_AT_EXEC_FUT_RECOVER_AT_EXEC_OFF_PATH             0         -nan%                0         -nan%
                                                     0         -nan%                0         -nan%
                                                  -nan         -nan              -nan         -nan

FUTGSHARE_ON_PATH_CORRECT_0                          0         -nan%                0         -nan%
FUTGSHARE_ON_PATH_RECOVER_AT_EXEC_0                  0         -nan%                0         -nan%
                                                     0         -nan%                0         -nan%
                                                  -nan         -nan              -nan         -nan

FUTGSHARE_OFF_PATH_CORRECT_0                         0         -nan%                0         -nan%
FUTGSHARE_OFF_PATH_RECOVER_AT_EXEC_0                 0         -nan%                0         -nan%
                                                     0         -nan%                0         -nan%
                                                  -nan         -nan              -nan         -nan

FUTGSHARE_ON_PATH_CORRECT_1                          0         -nan%                0         -nan%
FUTGSHARE_ON_PATH_RECOVER_AT_EXEC_1                  0         -nan%                0         -nan%
                                                     0         -nan%                0         -nan%
                                                  -nan         -nan              -nan         -nan

FUTGSHARE_OFF_PATH_CORRECT_1                         0         -nan%                0         -nan%
FUTGSHARE_OFF_PATH_RECOVER_AT_EXEC_1                 0         -nan%                0         -nan%
                                                     0         -nan%                0         -nan%
                                                  -nan         -nan              -nan         -nan

FUTGSHARE_ON_PATH_CORRECT_2                          0         -nan%                0         -nan%
FUTGSHARE_ON_PATH_RECOVER_AT_EXEC_2                  0         -nan%                0         -nan%
                                                     0         -nan%                0         -nan%
                                                  -nan         -nan              -nan         -nan

FUTGSHARE_OFF_PATH_CORRECT_2                         0         -nan%                0         -nan%
FUTGSHARE_OFF_PATH_RECOVER_AT_EXEC_2                 0         -nan%                0         -nan%
                                                     0         -nan%                0         -nan%
                                                  -nan         -nan              -nan         -nan

FUTGSHARE_ON_PATH_CORRECT_3                          0         -nan%                0         -nan%
FUTGSHARE_ON_PATH_RECOVER_AT_EXEC_3                  0         -nan%                0         -nan%
                                                     0         -nan%                0         -nan%
                                                  -nan         -nan              -nan         -nan

FUTGSHARE_OFF_PATH_CORRECT_3                         0         -nan%                0         -nan%
FUTGSHARE_OFF_PATH_RECOVER_AT_EXEC_3                 0         -nan%                0         -nan%
                                                     0         -nan%                0         -nan%
                                                  -nan         -nan              -nan         -nan

FUTGSHARE_ON_PATH_CORRECT_4                          0         -nan%                0         -nan%
FUTGSHARE_ON_PATH_RECOVER_AT_EXEC_4                  0         -nan%                0         -nan%
                                                     0         -nan%                0         -nan%
                                                  -nan         -nan              -nan         -nan

FUTGSHARE_OFF_PATH_CORRECT_4                         0         -nan%                0         -nan%
FUTGSHARE_OFF_PATH_RECOVER_AT_EXEC_4                 0         -nan%                0         -nan%
                                                     0         -nan%                0         -nan%
                                                  -nan         -nan              -nan         -nan

FUTGSHARE_ON_PATH_CORRECT_5                          0         -nan%                0         -nan%
FUTGSHARE_ON_PATH_RECOVER_AT_EXEC_5                  0         -nan%                0         -nan%
                                                     0         -nan%                0         -nan%
                                                  -nan         -nan              -nan         -nan

FUTGSHARE_OFF_PATH_CORRECT_5                         0         -nan%                0         -nan%
FUTGSHARE_OFF_PATH_RECOVER_AT_EXEC_5                 0         -nan%                0         -nan%
                                                     0         -nan%                0         -nan%
                                                  -nan         -nan              -nan         -nan

FUTGSHARE_ON_PATH_CORRECT_6                          0         -nan%                0         -nan%
FUTGSHARE_ON_PATH_RECOVER_AT_EXEC_6                  0         -nan%                0         -nan%
                                                     0         -nan%                0         -nan%
                                                  -nan         -nan              -nan         -nan

FUTGSHARE_OFF_PATH_CORRECT_6                         0         -nan%                0         -nan%
FUTGSHARE_OFF_PATH_RECOVER_AT_EXEC_6                 0         -nan%                0         -nan%
                                                     0         -nan%                0         -nan%
                                                  -nan         -nan              -nan         -nan

FUTGSHARE_ON_PATH_CORRECT_7                          0         -nan%                0         -nan%
FUTGSHARE_ON_PATH_RECOVER_AT_EXEC_7                  0         -nan%                0         -nan%
                                                     0         -nan%                0         -nan%
                                                  -nan         -nan              -nan         -nan

FUTGSHARE_OFF_PATH_CORRECT_7                         0         -nan%                0         -nan%
FUTGSHARE_OFF_PATH_RECOVER_AT_EXEC_7                 0         -nan%                0         -nan%
                                                     0         -nan%                0         -nan%
                                                  -nan         -nan              -nan         -nan

FUTGSHARE_ON_PATH_CORRECT_8                          0         -nan%                0         -nan%
FUTGSHARE_ON_PATH_RECOVER_AT_EXEC_8                  0         -nan%                0         -nan%
                                                     0         -nan%                0         -nan%
                                                  -nan         -nan              -nan         -nan

FUTGSHARE_OFF_PATH_CORRECT_8                         0         -nan%                0         -nan%
FUTGSHARE_OFF_PATH_RECOVER_AT_EXEC_8                 0         -nan%                0         -nan%
                                                     0         -nan%                0         -nan%
                                                  -nan         -nan              -nan         -nan

FUTGSHARE_ON_PATH_CORRECT_9                          0         -nan%                0         -nan%
FUTGSHARE_ON_PATH_RECOVER_AT_EXEC_9                  0         -nan%                0         -nan%
                                                     0         -nan%                0         -nan%
                                                  -nan         -nan              -nan         -nan

FUTGSHARE_OFF_PATH_CORRECT_9                         0         -nan%                0         -nan%
FUTGSHARE_OFF_PATH_RECOVER_AT_EXEC_9                 0         -nan%                0         -nan%
                                                     0         -nan%                0         -nan%
                                                  -nan         -nan              -nan         -nan

FUTGSHARE_ON_PATH_CORRECT_10                         0         -nan%                0         -nan%
FUTGSHARE_ON_PATH_RECOVER_AT_EXEC_10                 0         -nan%                0         -nan%
                                                     0         -nan%                0         -nan%
                                                  -nan         -nan              -nan         -nan

FUTGSHARE_OFF_PATH_CORRECT_10                        0         -nan%                0         -nan%
FUTGSHARE_OFF_PATH_RECOVER_AT_EXEC_10                0         -nan%                0         -nan%
                                                     0         -nan%                0         -nan%
                                                  -nan         -nan              -nan         -nan

FUTGSHARE_ON_PATH_CORRECT_11                         0         -nan%                0         -nan%
FUTGSHARE_ON_PATH_RECOVER_AT_EXEC_11                 0         -nan%                0         -nan%
                                                     0         -nan%                0         -nan%
                                                  -nan         -nan              -nan         -nan

FUTGSHARE_OFF_PATH_CORRECT_11                        0         -nan%                0         -nan%
FUTGSHARE_OFF_PATH_RECOVER_AT_EXEC_11                0         -nan%                0         -nan%
                                                     0         -nan%                0         -nan%
                                                  -nan         -nan              -nan         -nan

FUTGSHARE_ON_PATH_CORRECT_12                         0         -nan%                0         -nan%
FUTGSHARE_ON_PATH_RECOVER_AT_EXEC_12                 0         -nan%                0         -nan%
                                                     0         -nan%                0         -nan%
                                                  -nan         -nan              -nan         -nan

FUTGSHARE_OFF_PATH_CORRECT_12                        0         -nan%                0         -nan%
FUTGSHARE_OFF_PATH_RECOVER_AT_EXEC_12                0         -nan%                0         -nan%
                                                     0         -nan%                0         -nan%
                                                  -nan         -nan              -nan         -nan

FUTGSHARE_ON_PATH_CORRECT_13                         0         -nan%                0         -nan%
FUTGSHARE_ON_PATH_RECOVER_AT_EXEC_13                 0         -nan%                0         -nan%
                                                     0         -nan%                0         -nan%
                                                  -nan         -nan              -nan         -nan

FUTGSHARE_OFF_PATH_CORRECT_13                        0         -nan%                0         -nan%
FUTGSHARE_OFF_PATH_RECOVER_AT_EXEC_13                0         -nan%                0         -nan%
                                                     0         -nan%                0         -nan%
                                                  -nan         -nan              -nan         -nan

FUTGSHARE_ON_PATH_CORRECT_14                         0         -nan%                0         -nan%
FUTGSHARE_ON_PATH_RECOVER_AT_EXEC_14                 0         -nan%                0         -nan%
                                                     0         -nan%                0         -nan%
                                                  -nan         -nan              -nan         -nan

FUTGSHARE_OFF_PATH_CORRECT_14                        0         -nan%                0         -nan%
FUTGSHARE_OFF_PATH_RECOVER_AT_EXEC_14                0         -nan%                0         -nan%
                                                     0         -nan%                0         -nan%
                                                  -nan         -nan              -nan         -nan

FUTGSHARE_ON_PATH_CORRECT_15                         0         -nan%                0         -nan%
FUTGSHARE_ON_PATH_RECOVER_AT_EXEC_15                 0         -nan%                0         -nan%
                                                     0         -nan%                0         -nan%
                                                  -nan         -nan              -nan         -nan

FUTGSHARE_OFF_PATH_CORRECT_15                        0         -nan%                0         -nan%
FUTGSHARE_OFF_PATH_RECOVER_AT_EXEC_15                0         -nan%                0         -nan%
                                                     0         -nan%                0         -nan%
                                                  -nan         -nan              -nan         -nan

FUTGSHARE_CHANGED_CORRECTED_ON_PATH_0                0         -nan%                0         -nan%
FUTGSHARE_CHANGED_SCREWED_ON_PATH_0                  0         -nan%                0         -nan%
                                                     0         -nan%                0         -nan%
                                                  -nan         -nan              -nan         -nan

FUTGSHARE_CHANGED_CORRECTED_OFF_PATH_0               0         -nan%                0         -nan%
FUTGSHARE_CHANGED_SCREWED_OFF_PATH_0                 0         -nan%                0         -nan%
                                                     0         -nan%                0         -nan%
                                                  -nan         -nan              -nan         -nan

FUTGSHARE_CHANGED_CORRECTED_ON_PATH_1                0         -nan%                0         -nan%
FUTGSHARE_CHANGED_SCREWED_ON_PATH_1                  0         -nan%                0         -nan%
                                                     0         -nan%                0         -nan%
                                                  -nan         -nan              -nan         -nan

FUTGSHARE_CHANGED_CORRECTED_OFF_PATH_1               0         -nan%                0         -nan%
FUTGSHARE_CHANGED_SCREWED_OFF_PATH_1                 0         -nan%                0         -nan%
                                                     0         -nan%                0         -nan%
                                                  -nan         -nan              -nan         -nan

FUTGSHARE_CHANGED_CORRECTED_ON_PATH_2                0         -nan%                0         -nan%
FUTGSHARE_CHANGED_SCREWED_ON_PATH_2                  0         -nan%                0         -nan%
                                                     0         -nan%                0         -nan%
                                                  -nan         -nan              -nan         -nan

FUTGSHARE_CHANGED_CORRECTED_OFF_PATH_2               0         -nan%                0         -nan%
FUTGSHARE_CHANGED_SCREWED_OFF_PATH_2                 0         -nan%                0         -nan%
                                                     0         -nan%                0         -nan%
                                                  -nan         -nan              -nan         -nan

FUTGSHARE_CHANGED_CORRECTED_ON_PATH_3                0         -nan%                0         -nan%
FUTGSHARE_CHANGED_SCREWED_ON_PATH_3                  0         -nan%                0         -nan%
                                                     0         -nan%                0         -nan%
                                                  -nan         -nan              -nan         -nan

FUTGSHARE_CHANGED_CORRECTED_OFF_PATH_3               0         -nan%                0         -nan%
FUTGSHARE_CHANGED_SCREWED_OFF_PATH_3                 0         -nan%                0         -nan%
                                                     0         -nan%                0         -nan%
                                                  -nan         -nan              -nan         -nan

FUTGSHARE_CHANGED_CORRECTED_ON_PATH_4                0         -nan%                0         -nan%
FUTGSHARE_CHANGED_SCREWED_ON_PATH_4                  0         -nan%                0         -nan%
                                                     0         -nan%                0         -nan%
                                                  -nan         -nan              -nan         -nan

FUTGSHARE_CHANGED_CORRECTED_OFF_PATH_4               0         -nan%                0         -nan%
FUTGSHARE_CHANGED_SCREWED_OFF_PATH_4                 0         -nan%                0         -nan%
                                                     0         -nan%                0         -nan%
                                                  -nan         -nan              -nan         -nan

FUTGSHARE_CHANGED_CORRECTED_ON_PATH_5                0         -nan%                0         -nan%
FUTGSHARE_CHANGED_SCREWED_ON_PATH_5                  0         -nan%                0         -nan%
                                                     0         -nan%                0         -nan%
                                                  -nan         -nan              -nan         -nan

FUTGSHARE_CHANGED_CORRECTED_OFF_PATH_5               0         -nan%                0         -nan%
FUTGSHARE_CHANGED_SCREWED_OFF_PATH_5                 0         -nan%                0         -nan%
                                                     0         -nan%                0         -nan%
                                                  -nan         -nan              -nan         -nan

FUTGSHARE_CHANGED_CORRECTED_ON_PATH_6                0         -nan%                0         -nan%
FUTGSHARE_CHANGED_SCREWED_ON_PATH_6                  0         -nan%                0         -nan%
                                                     0         -nan%                0         -nan%
                                                  -nan         -nan              -nan         -nan

FUTGSHARE_CHANGED_CORRECTED_OFF_PATH_6               0         -nan%                0         -nan%
FUTGSHARE_CHANGED_SCREWED_OFF_PATH_6                 0         -nan%                0         -nan%
                                                     0         -nan%                0         -nan%
                                                  -nan         -nan              -nan         -nan

FUTGSHARE_CHANGED_CORRECTED_ON_PATH_7                0         -nan%                0         -nan%
FUTGSHARE_CHANGED_SCREWED_ON_PATH_7                  0         -nan%                0         -nan%
                                                     0         -nan%                0         -nan%
                                                  -nan         -nan              -nan         -nan

FUTGSHARE_CHANGED_CORRECTED_OFF_PATH_7               0         -nan%                0         -nan%
FUTGSHARE_CHANGED_SCREWED_OFF_PATH_7                 0         -nan%                0         -nan%
                                                     0         -nan%                0         -nan%
                                                  -nan         -nan              -nan         -nan

FUTGSHARE_CHANGED_CORRECTED_ON_PATH_8                0         -nan%                0         -nan%
FUTGSHARE_CHANGED_SCREWED_ON_PATH_8                  0         -nan%                0         -nan%
                                                     0         -nan%                0         -nan%
                                                  -nan         -nan              -nan         -nan

FUTGSHARE_CHANGED_CORRECTED_OFF_PATH_8               0         -nan%                0         -nan%
FUTGSHARE_CHANGED_SCREWED_OFF_PATH_8                 0         -nan%                0         -nan%
                                                     0         -nan%                0         -nan%
                                                  -nan         -nan              -nan         -nan

FUTGSHARE_CHANGED_CORRECTED_ON_PATH_9                0         -nan%                0         -nan%
FUTGSHARE_CHANGED_SCREWED_ON_PATH_9                  0         -nan%                0         -nan%
                                                     0         -nan%                0         -nan%
                                                  -nan         -nan              -nan         -nan

FUTGSHARE_CHANGED_CORRECTED_OFF_PATH_9               0         -nan%                0         -nan%
FUTGSHARE_CHANGED_SCREWED_OFF_PATH_9                 0         -nan%                0         -nan%
                                                     0         -nan%                0         -nan%
                                                  -nan         -nan              -nan         -nan

FUTGSHARE_CHANGED_CORRECTED_ON_PATH_10               0         -nan%                0         -nan%
FUTGSHARE_CHANGED_SCREWED_ON_PATH_10                 0         -nan%                0         -nan%
                                                     0         -nan%                0         -nan%
                                                  -nan         -nan              -nan         -nan

FUTGSHARE_CHANGED_CORRECTED_OFF_PATH_10              0         -nan%                0         -nan%
FUTGSHARE_CHANGED_SCREWED_OFF_PATH_10                0         -nan%                0         -nan%
                                                     0         -nan%                0         -nan%
                                                  -nan         -nan              -nan         -nan

FUTGSHARE_CHANGED_CORRECTED_ON_PATH_11               0         -nan%                0         -nan%
FUTGSHARE_CHANGED_SCREWED_ON_PATH_11                 0         -nan%                0         -nan%
                                                     0         -nan%                0         -nan%
                                                  -nan         -nan              -nan         -nan

FUTGSHARE_CHANGED_CORRECTED_OFF_PATH_11              0         -nan%                0         -nan%
FUTGSHARE_CHANGED_SCREWED_OFF_PATH_11                0         -nan%                0         -nan%
                                                     0         -nan%                0         -nan%
                                                  -nan         -nan              -nan         -nan

FUTGSHARE_CHANGED_CORRECTED_ON_PATH_12               0         -nan%                0         -nan%
FUTGSHARE_CHANGED_SCREWED_ON_PATH_12                 0         -nan%                0         -nan%
                                                     0         -nan%                0         -nan%
                                                  -nan         -nan              -nan         -nan

FUTGSHARE_CHANGED_CORRECTED_OFF_PATH_12              0         -nan%                0         -nan%
FUTGSHARE_CHANGED_SCREWED_OFF_PATH_12                0         -nan%                0         -nan%
                                                     0         -nan%                0         -nan%
                                                  -nan         -nan              -nan         -nan

FUTGSHARE_CHANGED_CORRECTED_ON_PATH_13               0         -nan%                0         -nan%
FUTGSHARE_CHANGED_SCREWED_ON_PATH_13                 0         -nan%                0         -nan%
                                                     0         -nan%                0         -nan%
                                                  -nan         -nan              -nan         -nan

FUTGSHARE_CHANGED_CORRECTED_OFF_PATH_13              0         -nan%                0         -nan%
FUTGSHARE_CHANGED_SCREWED_OFF_PATH_13                0         -nan%                0         -nan%
                                                     0         -nan%                0         -nan%
                                                  -nan         -nan              -nan         -nan

FUTGSHARE_CHANGED_CORRECTED_ON_PATH_14               0         -nan%                0         -nan%
FUTGSHARE_CHANGED_SCREWED_ON_PATH_14                 0         -nan%                0         -nan%
                                                     0         -nan%                0         -nan%
                                                  -nan         -nan              -nan         -nan

FUTGSHARE_CHANGED_CORRECTED_OFF_PATH_14              0         -nan%                0         -nan%
FUTGSHARE_CHANGED_SCREWED_OFF_PATH_14                0         -nan%                0         -nan%
                                                     0         -nan%                0         -nan%
                                                  -nan         -nan              -nan         -nan

FUTGSHARE_CHANGED_CORRECTED_ON_PATH_15               0         -nan%                0         -nan%
FUTGSHARE_CHANGED_SCREWED_ON_PATH_15                 0         -nan%                0         -nan%
                                                     0         -nan%                0         -nan%
                                                  -nan         -nan              -nan         -nan

FUTGSHARE_CHANGED_CORRECTED_OFF_PATH_15              0         -nan%                0         -nan%
FUTGSHARE_CHANGED_SCREWED_OFF_PATH_15                0         -nan%                0         -nan%
                                                     0         -nan%                0         -nan%
                                                  -nan         -nan              -nan         -nan

FRAGHIST_BIN_0                                       0         -nan%                0         -nan%
FRAGHIST_BIN_1                                       0         -nan%                0         -nan%
FRAGHIST_BIN_2                                       0         -nan%                0         -nan%
FRAGHIST_BIN_3                                       0         -nan%                0         -nan%
FRAGHIST_BIN_4                                       0         -nan%                0         -nan%
FRAGHIST_BIN_5                                       0         -nan%                0         -nan%
FRAGHIST_BIN_6                                       0         -nan%                0         -nan%
FRAGHIST_BIN_7                                       0         -nan%                0         -nan%
FRAGHIST_BIN_8                                       0         -nan%                0         -nan%
FRAGHIST_BIN_9                                       0         -nan%                0         -nan%
FRAGHIST_BIN_10                                      0         -nan%                0         -nan%
FRAGHIST_BIN_11                                      0         -nan%                0         -nan%
FRAGHIST_BIN_12                                      0         -nan%                0         -nan%
FRAGHIST_BIN_13                                      0         -nan%                0         -nan%
FRAGHIST_BIN_14                                      0         -nan%                0         -nan%
FRAGHIST_BIN_15                                      0         -nan%                0         -nan%
FRAGHIST_BIN_16                                      0         -nan%                0         -nan%
FRAGHIST_BIN_17                                      0         -nan%                0         -nan%
FRAGHIST_BIN_18                                      0         -nan%                0         -nan%
FRAGHIST_BIN_19                                      0         -nan%                0         -nan%
FRAGHIST_BIN_20                                      0         -nan%                0         -nan%
FRAGHIST_BIN_21                                      0         -nan%                0         -nan%
FRAGHIST_BIN_22                                      0         -nan%                0         -nan%
FRAGHIST_BIN_23                                      0         -nan%                0         -nan%
FRAGHIST_BIN_24                                      0         -nan%                0         -nan%
FRAGHIST_BIN_25                                      0         -nan%                0         -nan%
FRAGHIST_BIN_26                                      0         -nan%                0         -nan%
FRAGHIST_BIN_27                                      0         -nan%                0         -nan%
FRAGHIST_BIN_28                                      0         -nan%                0         -nan%
FRAGHIST_BIN_29                                      0         -nan%                0         -nan%
FRAGHIST_BIN_30                                      0         -nan%                0         -nan%
FRAGHIST_BIN_31                                      0         -nan%                0         -nan%
FRAGHIST_BIN_32                                      0         -nan%                0         -nan%
                                                     0         -nan%                0         -nan%
                                                  -nan         -nan              -nan         -nan

BTB_UPDATE_BTB_HIT_JITTED_NOT_CF                     0        0.000%                0        0.000%
BTB_UPDATE_BTB_HIT_JITTED_CF_BR                      0        0.000%                0        0.000%
BTB_UPDATE_BTB_HIT_JITTED_CF_CBR                     0        0.000%                0        0.000%
BTB_UPDATE_BTB_HIT_JITTED_CF_CALL                    0        0.000%                0        0.000%
BTB_UPDATE_BTB_HIT_JITTED_CF_IBR                     0        0.000%                0        0.000%
BTB_UPDATE_BTB_HIT_JITTED_CF_ICALL               36735       80.376%           112383       80.709%
BTB_UPDATE_BTB_HIT_JITTED_CF_ICO                  8969       19.624%            26862       19.291%
BTB_UPDATE_BTB_HIT_JITTED_CF_RET                     0        0.000%                0        0.000%
                                                 45704      100.000%           139245      100.000%
                                                  5.20         0.40              5.19         0.39

RESTEER_BTB_MISS_NOT_CF                          56729       79.594%           169349       79.553%
RESTEER_BTB_MISS_CF_BR                               0        0.000%                0        0.000%
RESTEER_BTB_MISS_CF_CBR                             15        0.021%              394        0.185%
RESTEER_BTB_MISS_CF_REP                              9        0.013%               22        0.010%
RESTEER_BTB_MISS_CF_CALL                             0        0.000%                0        0.000%
RESTEER_BTB_MISS_CF_IBR                             13        0.018%              546        0.256%
RESTEER_BTB_MISS_CF_ICALL                            0        0.000%                0        0.000%
RESTEER_BTB_MISS_CF_ICO                              0        0.000%                0        0.000%
RESTEER_BTB_MISS_CF_RET                              0        0.000%                0        0.000%
RESTEER_RECOVER_AT_EXEC_NOT_CF                       0        0.000%                0        0.000%
RESTEER_RECOVER_AT_EXEC_CF_BR                        0        0.000%                0        0.000%
RESTEER_RECOVER_AT_EXEC_CF_CBR                    4974        6.979%            14998        7.045%
RESTEER_RECOVER_AT_EXEC_CF_REP                       0        0.000%                0        0.000%
RESTEER_RECOVER_AT_EXEC_CF_CALL                      0        0.000%                0        0.000%
RESTEER_RECOVER_AT_EXEC_CF_IBR                    6351        8.911%            17809        8.366%
RESTEER_RECOVER_AT_EXEC_CF_ICALL                  1172        1.644%             3829        1.799%
RESTEER_RECOVER_AT_EXEC_CF_ICO                       0        0.000%                0        0.000%
RESTEER_RECOVER_AT_EXEC_CF_RET                    2010        2.820%             5930        2.786%
RESTEER_RECOVER_AT_DECODE_NOT_CF                     0        0.000%                0        0.000%
RESTEER_RECOVER_AT_DECODE_CF_BR                      0        0.000%                0        0.000%
RESTEER_RECOVER_AT_DECODE_CF_CBR                     0        0.000%                0        0.000%
RESTEER_RECOVER_AT_DECODE_CF_REP                     0        0.000%                0        0.000%
RESTEER_RECOVER_AT_DECODE_CF_CALL                    0        0.000%                0        0.000%
RESTEER_RECOVER_AT_DECODE_CF_IBR                     0        0.000%                0        0.000%
RESTEER_RECOVER_AT_DECODE_CF_ICALL                   0        0.000%                0        0.000%
RESTEER_RECOVER_AT_DECODE_CF_ICO                     0        0.000%                0        0.000%
RESTEER_RECOVER_AT_DECODE_CF_RET                     0        0.000%                0        0.000%
RESTEER_NO_TARGET_CF_IBR                             0        0.000%                0        0.000%
RESTEER_NO_TARGET_CF_ICALL                           0        0.000%                0        0.000%
RESTEER_NO_TARGET_CF_ICO                             0        0.000%                0        0.000%
RESTEER_NO_TARGET_CF_RET                             0        0.000%                0        0.000%
                                                 71273      100.000%           212877      100.000%
                                                  2.74         4.92              2.71         4.89

TAGESCL_COMP_TAGE_BASE_CORRECT                 1087880       67.907%          3369487       70.323%
TAGESCL_COMP_TAGE_BASE_RECOVER_AT_EXEC             193        0.012%             1828        0.038%
TAGESCL_COMP_TAGE_SHORT_CORRECT                 363475       22.689%          1011908       21.119%
TAGESCL_COMP_TAGE_SHORT_RECOVER_AT_EXEC            856        0.053%             2672        0.056%
TAGESCL_COMP_TAGE_LONG_CORRECT                  143061        8.930%           372980        7.784%
TAGESCL_COMP_TAGE_LONG_RECOVER_AT_EXEC            3257        0.203%             8856        0.185%
TAGESCL_COMP_LOOP_CORRECT                         1374        0.086%            19244        0.402%
TAGESCL_COMP_LOOP_RECOVER_AT_EXEC                    7        0.000%               26        0.001%
TAGESCL_COMP_SC_CORRECT                           1245        0.078%             2860        0.060%
TAGESCL_COMP_SC_RECOVER_AT_EXEC                    661        0.041%             1616        0.034%
                                               1602009      100.000%          4791477      100.000%
                                                  0.84         1.15              0.78         1.15

TAGESCL_COMP_BTB_MISS_TAGE_BASE_CORRECT         959221       94.736%          3042072       95.271%
TAGESCL_COMP_BTB_MISS_TAGE_BASE_RECOVER_AT_EXEC            37        0.004%              894        0.028%
TAGESCL_COMP_BTB_MISS_TAGE_SHORT_CORRECT         39297        3.881%           112996        3.539%
TAGESCL_COMP_BTB_MISS_TAGE_SHORT_RECOVER_AT_EXEC            13        0.001%               98        0.003%
TAGESCL_COMP_BTB_MISS_TAGE_LONG_CORRECT          13538        1.337%            36343        1.138%
TAGESCL_COMP_BTB_MISS_TAGE_LONG_RECOVER_AT_EXEC            29        0.003%               88        0.003%
TAGESCL_COMP_BTB_MISS_LOOP_CORRECT                 368        0.036%              526        0.016%
TAGESCL_COMP_BTB_MISS_LOOP_RECOVER_AT_EXEC             1        0.000%                1        0.000%
TAGESCL_COMP_BTB_MISS_SC_CORRECT                     7        0.001%               31        0.001%
TAGESCL_COMP_BTB_MISS_SC_RECOVER_AT_EXEC             6        0.001%               12        0.000%
                                               1012517      100.000%          3193061      100.000%
                                                  0.13         0.59              0.12         0.55

TAGESCL_CONF_0_PER_BASE_RECOVER_AT_EXEC              0        0.000%                0        0.000%
TAGESCL_CONF_1_PER_BASE_RECOVER_AT_EXEC             91        1.830%              891        5.941%
TAGESCL_CONF_2_PER_BASE_RECOVER_AT_EXEC              0        0.000%                0        0.000%
TAGESCL_CONF_3_PER_BASE_RECOVER_AT_EXEC            102        2.051%              937        6.247%
TAGESCL_CONF_0_PER_SHORT_RECOVER_AT_EXEC           114        2.292%              371        2.474%
TAGESCL_CONF_1_PER_SHORT_RECOVER_AT_EXEC           321        6.454%             1076        7.174%
TAGESCL_CONF_2_PER_SHORT_RECOVER_AT_EXEC            98        1.970%              278        1.854%
TAGESCL_CONF_3_PER_SHORT_RECOVER_AT_EXEC           323        6.494%              947        6.314%
TAGESCL_CONF_0_PER_LONG_RECOVER_AT_EXEC            505       10.153%             1459        9.728%
TAGESCL_CONF_1_PER_LONG_RECOVER_AT_EXEC            852       17.129%             2692       17.949%
TAGESCL_CONF_2_PER_LONG_RECOVER_AT_EXEC            541       10.877%             1384        9.228%
TAGESCL_CONF_3_PER_LONG_RECOVER_AT_EXEC           1359       27.322%             3321       22.143%
TAGESCL_CONF_0_PER_LOOP_RECOVER_AT_EXEC              0        0.000%                1        0.007%
TAGESCL_CONF_1_PER_LOOP_RECOVER_AT_EXEC              1        0.020%                5        0.033%
TAGESCL_CONF_2_PER_LOOP_RECOVER_AT_EXEC              2        0.040%                2        0.013%
TAGESCL_CONF_3_PER_LOOP_RECOVER_AT_EXEC              4        0.080%               18        0.120%
TAGESCL_CONF_0_PER_SC_RECOVER_AT_EXEC              148        2.975%              348        2.320%
TAGESCL_CONF_1_PER_SC_RECOVER_AT_EXEC              409        8.223%             1072        7.148%
TAGESCL_CONF_2_PER_SC_RECOVER_AT_EXEC               69        1.387%              143        0.953%
TAGESCL_CONF_3_PER_SC_RECOVER_AT_EXEC               35        0.704%               53        0.353%
                                                  4974      100.000%            14998      100.000%
                                                  9.79         3.73              8.86         4.06

TAGESCL_SC_SMALLLSUM                              1583        0.099%             3893        0.081%
TAGESCL_SC_SMALLLFIRST                               0        0.000%                1        0.000%
TAGESCL_SC_SMALLLSECOND                             14        0.001%               26        0.001%
TAGESCL_SC_IDENTICAL                           1599938       99.900%          4786666       99.918%
                                               1601535      100.000%          4790586      100.000%
                                                  3.00         3.00              3.00         3.00

CRS_UNDERFLOW_ON_PATH                                0        0.000%               26        0.044%
CRS_UNDERFLOW_OFF_PATH                           11910      100.000%            59026       99.956%
                                                 11910      100.000%            59052      100.000%
                                                  1.00         1.00              1.00         1.00



