/* -*- Mode: c -*- */
####################################################################################################
Core 0
####################################################################################################
Cumulative:        Cycles: 14043281              Instructions: 30000000              IPC: 2.13625

Periodic:          Cycles: 4559198               Instructions: 10000000              IPC: 2.19337

L0_ALL_PREDICTIONS                             2185169       50.000%          6541303       50.000%
MAIN_ALL_PREDICTIONS                           2185169       50.000%          6541303       50.000%
                                               4370338      100.000%         13082606      100.000%
                                                  0.50         0.50              0.50         0.50

L0_ALL_RECOVER_AT_EXEC                          483095       96.883%          1451703       97.153%
MAIN_ALL_RECOVER_AT_EXEC                         15544        3.117%            42547        2.847%
                                                498639      100.000%          1494250      100.000%
                                                  0.03         0.17              0.03         0.16

L0_ALL_RECOVER_AT_DECODE                             0        0.000%                0        0.000%
MAIN_ALL_RECOVER_AT_DECODE                          37      100.000%              960      100.000%
                                                    37      100.000%              960      100.000%
                                                  1.00         1.01              1.00         1.00

L0_ALL_PREDICTIONS_OFFPATH                     2394127       50.000%          6395767       50.000%
MAIN_ALL_PREDICTIONS_OFFPATH                   2394127       50.000%          6395767       50.000%
                                               4788254      100.000%         12791534      100.000%
                                                  0.50         0.50              0.50         0.50

L0_ALL_RECOVER_AT_EXEC_OFFPATH                  592894       66.551%          1613120       67.131%
MAIN_ALL_RECOVER_AT_EXEC_OFFPATH                297988       33.449%           789820       32.869%
                                                890882      100.000%          2402940      100.000%
                                                  0.33         0.43              0.33         0.43

L0_ALL_RECOVER_AT_DECODE_OFFPATH                     0        0.000%                0        0.000%
MAIN_ALL_RECOVER_AT_DECODE_OFFPATH                  37      100.000%              775      100.000%
                                                    37      100.000%              775      100.000%
                                                  1.00         1.01              1.00         1.00

MAIN_CBR_CORRECT                                584740       36.466%          1595538       33.302%
MAIN_CBR_CORRECT_BTB_MISS_NT_NT                1014482       63.266%          3180786       66.390%
MAIN_CBR_RECOVER_AT_EXEC                          4212        0.263%            13635        0.285%
MAIN_CBR_RECOVER_AT_DECODE                           0        0.000%                0        0.000%
MAIN_CBR_RECOVER_BTB_MISS_T_T                        6        0.000%               19        0.000%
MAIN_CBR_RECOVER_BTB_MISS_T_NT                      48        0.003%              298        0.006%
MAIN_CBR_RECOVER_BTB_MISS_NT_T                      30        0.002%              799        0.017%
                                               1603518      100.000%          4791075      100.000%
                                                  0.64         0.30              0.67         0.29

MAIN_BR_CORRECT                                 103149       99.985%           328815       99.881%
MAIN_BR_RECOVER                                     15        0.015%              393        0.119%
                                                103164      100.000%           329208      100.000%
                                                  0.00         0.01              0.00         0.03

MAIN_ICALL_CORRECT_IBTB                          49601       95.396%           139082       95.944%
MAIN_ICALL_CORRECT_BTB                             730        1.404%             1959        1.351%
MAIN_ICALL_RECOVER_AT_EXEC_IBTB                   1476        2.839%             3282        2.264%
MAIN_ICALL_RECOVER_AT_EXEC_BTB                     187        0.360%              467        0.322%
MAIN_ICALL_RECOVER_AT_EXEC_XBTB_MISS                 1        0.002%              172        0.119%
                                                 51995      100.000%           144962      100.000%
                                                  0.08         0.38              0.07         0.38

MAIN_IBR_CORRECT_IBTB                            60580       86.093%           204611       89.579%
MAIN_IBR_CORRECT_BTB                              2360        3.354%             5870        2.570%
MAIN_IBR_RECOVER_AT_EXEC_IBTB                     3705        5.265%             9736        4.262%
MAIN_IBR_RECOVER_AT_EXEC_BTB                      3721        5.288%             8110        3.551%
MAIN_IBR_RECOVER_AT_EXEC_XBTB_MISS                   0        0.000%               88        0.039%
                                                 70366      100.000%           228415      100.000%
                                                  0.30         0.75              0.22         0.66

MAIN_ICO_CORRECT                                     0         -nan%                0         -nan%
MAIN_ICO_RECOVER                                     0         -nan%                0         -nan%
                                                     0         -nan%                0         -nan%
                                                  -nan         -nan              -nan         -nan

MAIN_RET_CORRECT                                201899       98.940%           590344       99.001%
MAIN_RET_RECOVER                                  2164        1.060%             5947        0.997%
MAIN_RET_RECOVER_UFLOW                               0        0.000%               13        0.002%
                                                204063      100.000%           596304      100.000%
                                                  0.01         0.10              0.01         0.10

MAIN_CALL_CORRECT                               152047       99.989%           450791       99.879%
MAIN_CALL_RECOVER                                   16        0.011%              548        0.121%
                                                152063      100.000%           451339      100.000%
                                                  0.00         0.01              0.00         0.03

L0_CBR_CORRECT                                  109169        6.808%           322046        6.722%
L0_CBR_CORRECT_BTB_MISS_NT_NT                  1289632       80.425%          3864060       80.651%
L0_CBR_RECOVER_AT_EXEC                           33572        2.094%            93514        1.952%
L0_CBR_RECOVER_AT_DECODE                             0        0.000%                0        0.000%
L0_CBR_RECOVER_BTB_MISS_T_T                      94251        5.878%           280777        5.860%
L0_CBR_RECOVER_BTB_MISS_T_NT                     29107        1.815%            91629        1.912%
L0_CBR_RECOVER_BTB_MISS_NT_T                     47787        2.980%           139049        2.902%
                                               1603518      100.000%          4791075      100.000%
                                                  1.35         1.21              1.35         1.21

L0_BR_CORRECT                                    34938       33.866%           101752       30.908%
L0_BR_RECOVER                                    68226       66.134%           227456       69.092%
                                                103164      100.000%           329208      100.000%
                                                  0.66         0.60              0.69         0.63

L0_ICALL_CORRECT_IBTB                                0        0.000%                0        0.000%
L0_ICALL_CORRECT_BTB                               471        0.906%             1103        0.761%
L0_ICALL_RECOVER_AT_EXEC_IBTB                    51077       98.234%           142364       98.208%
L0_ICALL_RECOVER_AT_EXEC_BTB                        92        0.177%              202        0.139%
L0_ICALL_RECOVER_AT_EXEC_XBTB_MISS                 355        0.683%             1293        0.892%
                                                 51995      100.000%           144962      100.000%
                                                  2.01         0.26              2.01         0.28

L0_IBR_CORRECT_IBTB                                  8        0.011%               14        0.006%
L0_IBR_CORRECT_BTB                                1720        2.444%             4037        1.767%
L0_IBR_RECOVER_AT_EXEC_IBTB                      64277       91.347%           214333       93.835%
L0_IBR_RECOVER_AT_EXEC_BTB                        2940        4.178%             6292        2.755%
L0_IBR_RECOVER_AT_EXEC_XBTB_MISS                  1421        2.019%             3739        1.637%
                                                 70366      100.000%           228415      100.000%
                                                  2.06         0.48              2.04         0.42

L0_ICO_CORRECT                                       0         -nan%                0         -nan%
L0_ICO_RECOVER                                       0         -nan%                0         -nan%
                                                     0         -nan%                0         -nan%
                                                  -nan         -nan              -nan         -nan

L0_RET_CORRECT                                  201899       98.940%           590344       99.001%
L0_RET_RECOVER                                    2164        1.060%             5947        0.997%
L0_RET_RECOVER_UFLOW                                 0        0.000%               13        0.002%
                                                204063      100.000%           596304      100.000%
                                                  0.01         0.10              0.01         0.10

L0_CALL_CORRECT                                  64237       42.244%           206244       45.696%
L0_CALL_RECOVER                                  87826       57.756%           245095       54.304%
                                                152063      100.000%           451339      100.000%
                                                  0.58         0.54              0.54         0.52

MAIN_CBR_CORRECT_OFFPATH                        510252       28.671%          1282790       27.074%
MAIN_CBR_CORRECT_BTB_MISS_NT_NT_OFFPATH        1085252       60.980%          2969981       62.683%
MAIN_CBR_RECOVER_AT_EXEC_OFFPATH                179608       10.092%           472008        9.962%
MAIN_CBR_RECOVER_AT_DECODE_OFFPATH                   0        0.000%                0        0.000%
MAIN_CBR_RECOVER_BTB_MISS_T_T_OFFPATH               15        0.001%               93        0.002%
MAIN_CBR_RECOVER_BTB_MISS_T_NT_OFFPATH            4513        0.254%            12691        0.268%
MAIN_CBR_RECOVER_BTB_MISS_NT_T_OFFPATH              34        0.002%              537        0.011%
                                               1779674      100.000%          4738100      100.000%
                                                  0.82         0.45              0.84         0.45

MAIN_BR_CORRECT_OFFPATH                         119389       99.990%           323751       99.915%
MAIN_BR_RECOVER_OFFPATH                             12        0.010%              275        0.085%
                                                119401      100.000%           324026      100.000%
                                                  0.00         0.01              0.00         0.03

MAIN_ICALL_CORRECT_IBTB_OFFPATH                  17598       34.547%            46542       35.100%
MAIN_ICALL_CORRECT_BTB_OFFPATH                   30690       60.249%            77152       58.185%
MAIN_ICALL_RECOVER_AT_EXEC_IBTB_OFFPATH           2150        4.221%             7329        5.527%
MAIN_ICALL_RECOVER_AT_EXEC_BTB_OFFPATH             495        0.972%             1350        1.018%
MAIN_ICALL_RECOVER_AT_EXEC_XBTB_MISS_OFFPATH             6        0.012%              224        0.169%
                                                 50939      100.000%           132597      100.000%
                                                  0.72         0.41              0.73         0.45

MAIN_IBR_CORRECT_IBTB_OFFPATH                    21101       27.836%            55329       26.866%
MAIN_IBR_CORRECT_BTB_OFFPATH                     38960       51.395%           106649       51.785%
MAIN_IBR_RECOVER_AT_EXEC_IBTB_OFFPATH             8382       11.057%            26377       12.808%
MAIN_IBR_RECOVER_AT_EXEC_BTB_OFFPATH              7362        9.712%            17399        8.448%
MAIN_IBR_RECOVER_AT_EXEC_XBTB_MISS_OFFPATH             0        0.000%              191        0.093%
                                                 75805      100.000%           205945      100.000%
                                                  1.03         0.70              1.03         0.68

MAIN_ICO_CORRECT_OFFPATH                             0         -nan%                0         -nan%
MAIN_ICO_RECOVER_OFFPATH                             0         -nan%                0         -nan%
                                                     0         -nan%                0         -nan%
                                                  -nan         -nan              -nan         -nan

MAIN_RET_CORRECT_OFFPATH                        119043       55.503%           319517       55.935%
MAIN_RET_RECOVER_OFFPATH                         80221       37.402%           210940       36.927%
MAIN_RET_RECOVER_UFLOW_OFFPATH                   15217        7.095%            40774        7.138%
                                                214481      100.000%           571231      100.000%
                                                  0.52         0.51              0.51         0.51

MAIN_CALL_CORRECT_OFFPATH                       153817       99.993%           423461       99.904%
MAIN_CALL_RECOVER_OFFPATH                           10        0.007%              407        0.096%
                                                153827      100.000%           423868      100.000%
                                                  0.00         0.01              0.00         0.03

L0_CBR_CORRECT_OFFPATH                          144804        8.137%           376357        7.943%
L0_CBR_CORRECT_BTB_MISS_NT_NT_OFFPATH          1382816       77.701%          3670720       77.472%
L0_CBR_RECOVER_AT_EXEC_OFFPATH                   44690        2.511%           121801        2.571%
L0_CBR_RECOVER_AT_DECODE_OFFPATH                     0        0.000%                0        0.000%
L0_CBR_RECOVER_BTB_MISS_T_T_OFFPATH             109798        6.170%           311593        6.576%
L0_CBR_RECOVER_BTB_MISS_T_NT_OFFPATH             37158        2.088%           108485        2.290%
L0_CBR_RECOVER_BTB_MISS_NT_T_OFFPATH             60408        3.394%           149144        3.148%
                                               1779674      100.000%          4738100      100.000%
                                                  1.38         1.27              1.39         1.27

L0_BR_CORRECT_OFFPATH                            44643       37.389%           124239       38.342%
L0_BR_RECOVER_OFFPATH                            74758       62.611%           199787       61.658%
                                                119401      100.000%           324026      100.000%
                                                  0.63         0.58              0.62         0.57

L0_ICALL_CORRECT_IBTB_OFFPATH                        0        0.000%                0        0.000%
L0_ICALL_CORRECT_BTB_OFFPATH                     11731       23.030%            28085       21.181%
L0_ICALL_RECOVER_AT_EXEC_IBTB_OFFPATH            19748       38.768%            53871       40.628%
L0_ICALL_RECOVER_AT_EXEC_BTB_OFFPATH               155        0.304%              468        0.353%
L0_ICALL_RECOVER_AT_EXEC_XBTB_MISS_OFFPATH         19305       37.898%            50173       37.839%
                                                 50939      100.000%           132597      100.000%
                                                  2.53         1.97              2.55         1.97

L0_IBR_CORRECT_IBTB_OFFPATH                         41        0.054%               53        0.026%
L0_IBR_CORRECT_BTB_OFFPATH                       20985       27.683%            51349       24.933%
L0_IBR_RECOVER_AT_EXEC_IBTB_OFFPATH              29442       38.839%            81653       39.648%
L0_IBR_RECOVER_AT_EXEC_BTB_OFFPATH                4580        6.042%             9506        4.616%
L0_IBR_RECOVER_AT_EXEC_XBTB_MISS_OFFPATH         20757       27.382%            63384       30.777%
                                                 75805      100.000%           205945      100.000%
                                                  2.33         1.68              2.41         1.77

L0_ICO_CORRECT_OFFPATH                               0         -nan%                0         -nan%
L0_ICO_RECOVER_OFFPATH                               0         -nan%                0         -nan%
                                                     0         -nan%                0         -nan%
                                                  -nan         -nan              -nan         -nan

L0_RET_CORRECT_OFFPATH                          119043       55.503%           319517       55.935%
L0_RET_RECOVER_OFFPATH                           80221       37.402%           210940       36.927%
L0_RET_RECOVER_UFLOW_OFFPATH                     15217        7.095%            40774        7.138%
                                                214481      100.000%           571231      100.000%
                                                  0.52         0.51              0.51         0.51

L0_CALL_CORRECT_OFFPATH                          77170       50.167%           212327       50.093%
L0_CALL_RECOVER_OFFPATH                          76657       49.833%           211541       49.907%
                                                153827      100.000%           423868      100.000%
                                                  0.50         0.50              0.50         0.50

ALL_BTB_CORRECT                                 868571       43.843%          2436568       40.985%
ALL_BTB_INCORRECT_BUT_TARGET_CORRECT                10        0.001%               22        0.000%
ALL_BTB_INCORRECT                              1112525       56.157%          3508409       59.014%
                                               1981106      100.000%          5944999      100.000%
                                                  1.12         1.07              1.18         1.10

ALL_IBTB_CORRECT                                110181       90.046%           343693       92.050%
ALL_IBTB_INCORRECT                               12180        9.954%            29684        7.950%
                                                122361      100.000%           373377      100.000%
                                                  0.10         0.29              0.08         0.26

ALL_BTB_CORRECT_OFFPATH                        1028754       47.198%          2636466       45.265%
ALL_BTB_INCORRECT_BUT_TARGET_CORRECT_OFFPATH            98        0.004%              129        0.002%
ALL_BTB_INCORRECT_OFFPATH                      1150794       52.797%          3187941       54.733%
                                               2179646      100.000%          5824536      100.000%
                                                  1.06         1.03              1.09         1.05

ALL_IBTB_CORRECT_OFFPATH                         38699       30.533%           101871       30.091%
ALL_IBTB_INCORRECT_OFFPATH                       88045       69.467%           236671       69.909%
                                                126744      100.000%           338542      100.000%
                                                  0.69         0.63              0.70         0.64

CRS_MISS                                          4328        1.060%            11920        0.999%
CRS_HIT                                         403798       98.940%          1180688       99.001%
                                                408126      100.000%          1192608      100.000%
                                                  0.99         0.98              0.99         0.99

CRS_MISS_OFFPATH                                190876       44.497%           503428       44.065%
CRS_HIT_OFFPATH                                 238086       55.503%           639034       55.935%
                                                428962      100.000%          1142462      100.000%
                                                  0.56         0.53              0.56         0.53

CRS_CLOBBER                                          0                              0              

IBTB_TARG_CACHE_MISS                             12180        9.954%            29684        7.950%
IBTB_TARG_CACHE_HIT                             110181       90.046%           343693       92.050%
                                                122361      100.000%           373377      100.000%
                                                  0.90         0.86              0.92         0.89

IBTB_TARG_CACHE_MISS_OFFPATH                     88045       69.467%           236671       69.909%
IBTB_TARG_CACHE_HIT_OFFPATH                      38699       30.533%           101871       30.091%
                                                126744      100.000%           338542      100.000%
                                                  0.31         0.42              0.30         0.42

IBTB_TARG_CACHE_WRITE                           122365       95.701%           373377       96.190%
IBTB_TARG_CACHE_WRITE_OFFPATH                     5497        4.299%            14789        3.810%
                                                127862      100.000%           388166      100.000%
                                                  0.04         0.20              0.04         0.19

BTB_WRITE                                       105150       99.898%           311474       99.853%
BTB_WRITE_OFFPATH                                  107        0.102%              459        0.147%
                                                105257      100.000%           311933      100.000%
                                                  0.00         0.03              0.00         0.04

BTB_L0_CORRECT                                  276019       13.933%           821606       13.820%
BTB_L0_INCORRECT_BUT_TARGET_CORRECT                  9        0.000%               21        0.000%
BTB_L0_INCORRECT                               1705078       86.067%          5123372       86.180%
                                               1981106      100.000%          5944999      100.000%
                                                  1.72         1.62              1.72         1.62

BTB_L1_CORRECT                                  866609       43.744%          2433155       40.928%
BTB_L1_INCORRECT_BUT_TARGET_CORRECT                  1        0.000%                7        0.000%
BTB_L1_INCORRECT                               1114496       56.256%          3511837       59.072%
                                               1981106      100.000%          5944999      100.000%
                                                  1.13         1.07              1.18         1.10

BTB_MAIN_CORRECT                                868571       43.843%          2436568       40.985%
BTB_MAIN_INCORRECT_BUT_TARGET_CORRECT               10        0.001%               22        0.000%
BTB_MAIN_INCORRECT                             1112525       56.157%          3508409       59.014%
                                               1981106      100.000%          5944999      100.000%
                                                  1.12         1.07              1.18         1.10

BTB_L0_CORRECT_OFFPATH                          370402       16.994%           979915       16.824%
BTB_L0_INCORRECT_BUT_TARGET_CORRECT_OFFPATH            79        0.004%               87        0.001%
BTB_L0_INCORRECT_OFFPATH                       1809165       83.003%          4844534       83.175%
                                               2179646      100.000%          5824536      100.000%
                                                  1.66         1.54              1.66         1.55

BTB_L1_CORRECT_OFFPATH                         1025996       47.072%          2632045       45.189%
BTB_L1_INCORRECT_BUT_TARGET_CORRECT_OFFPATH             0        0.000%                1        0.000%
BTB_L1_INCORRECT_OFFPATH                       1153650       52.928%          3192490       54.811%
                                               2179646      100.000%          5824536      100.000%
                                                  1.06         1.03              1.10         1.05

BTB_MAIN_CORRECT_OFFPATH                       1028754       47.198%          2636466       45.265%
BTB_MAIN_INCORRECT_BUT_TARGET_CORRECT_OFFPATH            98        0.004%              129        0.002%
BTB_MAIN_INCORRECT_OFFPATH                     1150794       52.797%          3187941       54.733%
                                               2179646      100.000%          5824536      100.000%
                                                  1.06         1.03              1.09         1.05

TARG_HYBRID_CORRECT_TAGLESS                          0         -nan%                0         -nan%
TARG_HYBRID_CORRECT_TAGGED                           0         -nan%                0         -nan%
TARG_HYBRID_RECOVER_AT_EXEC_TAGLESS                  0         -nan%                0         -nan%
TARG_HYBRID_RECOVER_AT_EXEC_TAGGED                   0         -nan%                0         -nan%
TARG_HYBRID_NO_PRED                                  0         -nan%                0         -nan%
                                                     0         -nan%                0         -nan%
                                                  -nan         -nan              -nan         -nan

BP_L0_EARLY_RECOVERIES                          483095       96.876%          1451703       97.090%
BP_MAIN_EXEC_RECOVERIES                          15544        3.117%            42547        2.846%
BP_MAIN_DECODE_RECOVERIES                           37        0.007%              960        0.064%
                                                498676      100.000%          1495210      100.000%
                                                  0.03         0.17              0.03         0.17

SCHEDULED_L0_EARLY_RECOVERIES                   468841       96.784%          1412327       97.012%
SCHEDULED_MAIN_EXEC_RECOVERIES                   15544        3.209%            42547        2.923%
SCHEDULED_MAIN_DECODE_RECOVERIES                    37        0.008%              960        0.066%
                                                484422      100.000%          1455834      100.000%
                                                  0.03         0.17              0.03         0.17

PERFORMED_RECOVERIES                            484423                        1455834              

PERFORMED_RECOVERY_LAT                         2934031                        8548307              

SCHEDULED_MAIN_DECODE_LAT                         1096                          52322              

SCHEDULED_MAIN_EXEC_LAT                        1745077                        4924701              

SCHEDULED_L0_EARLY_LAT                               0                              0              

MAIN_BRANCH_RESOLVE_AT_DECODE_LAT_1                  0        0.000%                0        0.000%
MAIN_BRANCH_RESOLVE_AT_DECODE_LAT_2                  0        0.000%                0        0.000%
MAIN_BRANCH_RESOLVE_AT_DECODE_LAT_3                  0        0.000%                0        0.000%
MAIN_BRANCH_RESOLVE_AT_DECODE_LAT_4                  0        0.000%                0        0.000%
MAIN_BRANCH_RESOLVE_AT_DECODE_LAT_5                  0        0.000%                0        0.000%
MAIN_BRANCH_RESOLVE_AT_DECODE_LAT_6                  0        0.000%                0        0.000%
MAIN_BRANCH_RESOLVE_AT_DECODE_LAT_7                  0        0.000%                0        0.000%
MAIN_BRANCH_RESOLVE_AT_DECODE_LAT_8                  9       24.324%              298       31.042%
MAIN_BRANCH_RESOLVE_AT_DECODE_LAT_9                  5       13.514%              121       12.604%
MAIN_BRANCH_RESOLVE_AT_DECODE_LAT_10                 1        2.703%               31        3.229%
MAIN_BRANCH_RESOLVE_AT_DECODE_LAT_11                 0        0.000%                9        0.938%
MAIN_BRANCH_RESOLVE_AT_DECODE_LAT_12                 1        2.703%                7        0.729%
MAIN_BRANCH_RESOLVE_AT_DECODE_LAT_13                 0        0.000%                7        0.729%
MAIN_BRANCH_RESOLVE_AT_DECODE_LAT_14                 0        0.000%                2        0.208%
MAIN_BRANCH_RESOLVE_AT_DECODE_LAT_15                 0        0.000%                5        0.521%
MAIN_BRANCH_RESOLVE_AT_DECODE_LAT_16                 0        0.000%                4        0.417%
MAIN_BRANCH_RESOLVE_AT_DECODE_LAT_17                 0        0.000%                4        0.417%
MAIN_BRANCH_RESOLVE_AT_DECODE_LAT_18                 0        0.000%                6        0.625%
MAIN_BRANCH_RESOLVE_AT_DECODE_LAT_19                 1        2.703%                4        0.417%
MAIN_BRANCH_RESOLVE_AT_DECODE_LAT_20                 0        0.000%                9        0.938%
MAIN_BRANCH_RESOLVE_AT_DECODE_LAT_21                 1        2.703%               12        1.250%
MAIN_BRANCH_RESOLVE_AT_DECODE_LAT_22                 0        0.000%               23        2.396%
MAIN_BRANCH_RESOLVE_AT_DECODE_LAT_23                 1        2.703%               32        3.333%
MAIN_BRANCH_RESOLVE_AT_DECODE_LAT_24                 2        5.405%               19        1.979%
MAIN_BRANCH_RESOLVE_AT_DECODE_LAT_25                 6       16.216%               80        8.333%
MAIN_BRANCH_RESOLVE_AT_DECODE_LAT_26                 3        8.108%               47        4.896%
MAIN_BRANCH_RESOLVE_AT_DECODE_LAT_27                 0        0.000%               16        1.667%
MAIN_BRANCH_RESOLVE_AT_DECODE_LAT_28                 1        2.703%               11        1.146%
MAIN_BRANCH_RESOLVE_AT_DECODE_LAT_29                 0        0.000%                3        0.312%
MAIN_BRANCH_RESOLVE_AT_DECODE_LAT_30                 0        0.000%                0        0.000%
MAIN_BRANCH_RESOLVE_AT_DECODE_LAT_31                 0        0.000%                4        0.417%
MAIN_BRANCH_RESOLVE_AT_DECODE_LAT_32                 0        0.000%                1        0.104%
MAIN_BRANCH_RESOLVE_AT_DECODE_LAT_33                 0        0.000%                0        0.000%
MAIN_BRANCH_RESOLVE_AT_DECODE_LAT_34                 0        0.000%                0        0.000%
MAIN_BRANCH_RESOLVE_AT_DECODE_LAT_35                 1        2.703%                3        0.312%
MAIN_BRANCH_RESOLVE_AT_DECODE_LAT_36                 0        0.000%                2        0.208%
MAIN_BRANCH_RESOLVE_AT_DECODE_LAT_37                 0        0.000%                2        0.208%
MAIN_BRANCH_RESOLVE_AT_DECODE_LAT_38                 0        0.000%                3        0.312%
MAIN_BRANCH_RESOLVE_AT_DECODE_LAT_39                 0        0.000%                1        0.104%
MAIN_BRANCH_RESOLVE_AT_DECODE_LAT_40                 0        0.000%                0        0.000%
MAIN_BRANCH_RESOLVE_AT_DECODE_LAT_41                 0        0.000%                1        0.104%
MAIN_BRANCH_RESOLVE_AT_DECODE_LAT_42                 0        0.000%                0        0.000%
MAIN_BRANCH_RESOLVE_AT_DECODE_LAT_43                 0        0.000%                0        0.000%
MAIN_BRANCH_RESOLVE_AT_DECODE_LAT_44                 0        0.000%                1        0.104%
MAIN_BRANCH_RESOLVE_AT_DECODE_LAT_45                 0        0.000%                0        0.000%
MAIN_BRANCH_RESOLVE_AT_DECODE_LAT_46                 0        0.000%                2        0.208%
MAIN_BRANCH_RESOLVE_AT_DECODE_LAT_47                 0        0.000%                0        0.000%
MAIN_BRANCH_RESOLVE_AT_DECODE_LAT_48                 0        0.000%                0        0.000%
MAIN_BRANCH_RESOLVE_AT_DECODE_LAT_49                 0        0.000%                0        0.000%
MAIN_BRANCH_RESOLVE_AT_DECODE_LAT_50                 0        0.000%                1        0.104%
MAIN_BRANCH_RESOLVE_AT_DECODE_LAT_51                 0        0.000%                0        0.000%
MAIN_BRANCH_RESOLVE_AT_DECODE_LAT_52                 0        0.000%                0        0.000%
MAIN_BRANCH_RESOLVE_AT_DECODE_LAT_53                 0        0.000%                0        0.000%
MAIN_BRANCH_RESOLVE_AT_DECODE_LAT_54                 0        0.000%                0        0.000%
MAIN_BRANCH_RESOLVE_AT_DECODE_LAT_55                 0        0.000%                2        0.208%
MAIN_BRANCH_RESOLVE_AT_DECODE_LAT_56                 0        0.000%                2        0.208%
MAIN_BRANCH_RESOLVE_AT_DECODE_LAT_57                 0        0.000%                0        0.000%
MAIN_BRANCH_RESOLVE_AT_DECODE_LAT_58                 0        0.000%                1        0.104%
MAIN_BRANCH_RESOLVE_AT_DECODE_LAT_59                 1        2.703%                2        0.208%
MAIN_BRANCH_RESOLVE_AT_DECODE_LAT_60                 0        0.000%                0        0.000%
MAIN_BRANCH_RESOLVE_AT_DECODE_LAT_61                 0        0.000%                1        0.104%
MAIN_BRANCH_RESOLVE_AT_DECODE_LAT_62                 0        0.000%                1        0.104%
MAIN_BRANCH_RESOLVE_AT_DECODE_LAT_63                 1        2.703%                1        0.104%
MAIN_BRANCH_RESOLVE_AT_DECODE_LAT_64                 0        0.000%                5        0.521%
MAIN_BRANCH_RESOLVE_AT_DECODE_LAT_65                 1        2.703%                2        0.208%
MAIN_BRANCH_RESOLVE_AT_DECODE_LAT_66                 0        0.000%                1        0.104%
MAIN_BRANCH_RESOLVE_AT_DECODE_LAT_67                 0        0.000%                0        0.000%
MAIN_BRANCH_RESOLVE_AT_DECODE_LAT_68                 0        0.000%                0        0.000%
MAIN_BRANCH_RESOLVE_AT_DECODE_LAT_69                 0        0.000%                0        0.000%
MAIN_BRANCH_RESOLVE_AT_DECODE_LAT_70                 0        0.000%                0        0.000%
MAIN_BRANCH_RESOLVE_AT_DECODE_LAT_71                 0        0.000%                0        0.000%
MAIN_BRANCH_RESOLVE_AT_DECODE_LAT_72                 0        0.000%                0        0.000%
MAIN_BRANCH_RESOLVE_AT_DECODE_LAT_73                 0        0.000%                0        0.000%
MAIN_BRANCH_RESOLVE_AT_DECODE_LAT_74                 0        0.000%                0        0.000%
MAIN_BRANCH_RESOLVE_AT_DECODE_LAT_75                 0        0.000%                1        0.104%
MAIN_BRANCH_RESOLVE_AT_DECODE_LAT_76                 0        0.000%                0        0.000%
MAIN_BRANCH_RESOLVE_AT_DECODE_LAT_77                 0        0.000%                1        0.104%
MAIN_BRANCH_RESOLVE_AT_DECODE_LAT_78                 0        0.000%                1        0.104%
MAIN_BRANCH_RESOLVE_AT_DECODE_LAT_79                 0        0.000%                0        0.000%
MAIN_BRANCH_RESOLVE_AT_DECODE_LAT_80                 0        0.000%                1        0.104%
MAIN_BRANCH_RESOLVE_AT_DECODE_LAT_81                 0        0.000%                0        0.000%
MAIN_BRANCH_RESOLVE_AT_DECODE_LAT_82                 0        0.000%                0        0.000%
MAIN_BRANCH_RESOLVE_AT_DECODE_LAT_83                 0        0.000%                0        0.000%
MAIN_BRANCH_RESOLVE_AT_DECODE_LAT_84                 0        0.000%                0        0.000%
MAIN_BRANCH_RESOLVE_AT_DECODE_LAT_85                 0        0.000%                0        0.000%
MAIN_BRANCH_RESOLVE_AT_DECODE_LAT_86                 0        0.000%                0        0.000%
MAIN_BRANCH_RESOLVE_AT_DECODE_LAT_87                 0        0.000%                0        0.000%
MAIN_BRANCH_RESOLVE_AT_DECODE_LAT_88                 0        0.000%                0        0.000%
MAIN_BRANCH_RESOLVE_AT_DECODE_LAT_89                 0        0.000%                0        0.000%
MAIN_BRANCH_RESOLVE_AT_DECODE_LAT_90                 0        0.000%                0        0.000%
MAIN_BRANCH_RESOLVE_AT_DECODE_LAT_91                 0        0.000%                0        0.000%
MAIN_BRANCH_RESOLVE_AT_DECODE_LAT_92                 0        0.000%                0        0.000%
MAIN_BRANCH_RESOLVE_AT_DECODE_LAT_93                 0        0.000%                0        0.000%
MAIN_BRANCH_RESOLVE_AT_DECODE_LAT_94                 0        0.000%                0        0.000%
MAIN_BRANCH_RESOLVE_AT_DECODE_LAT_95                 0        0.000%                0        0.000%
MAIN_BRANCH_RESOLVE_AT_DECODE_LAT_96                 0        0.000%                0        0.000%
MAIN_BRANCH_RESOLVE_AT_DECODE_LAT_97                 0        0.000%                0        0.000%
MAIN_BRANCH_RESOLVE_AT_DECODE_LAT_98                 0        0.000%                0        0.000%
MAIN_BRANCH_RESOLVE_AT_DECODE_LAT_99                 0        0.000%                0        0.000%
MAIN_BRANCH_RESOLVE_AT_DECODE_LAT_100                0        0.000%                0        0.000%
MAIN_BRANCH_RESOLVE_AT_DECODE_LAT_GT100              2        5.405%              167       17.396%
                                                    37      100.000%              960      100.000%
                                                 24.14        24.36             29.96        36.10

MAIN_BRANCH_RESOLVE_AT_EXEC_LAT_1                    0        0.000%                0        0.000%
MAIN_BRANCH_RESOLVE_AT_EXEC_LAT_2                    0        0.000%                0        0.000%
MAIN_BRANCH_RESOLVE_AT_EXEC_LAT_3                    0        0.000%                0        0.000%
MAIN_BRANCH_RESOLVE_AT_EXEC_LAT_4                    0        0.000%                0        0.000%
MAIN_BRANCH_RESOLVE_AT_EXEC_LAT_5                    0        0.000%                0        0.000%
MAIN_BRANCH_RESOLVE_AT_EXEC_LAT_6                    0        0.000%                0        0.000%
MAIN_BRANCH_RESOLVE_AT_EXEC_LAT_7                    0        0.000%                0        0.000%
MAIN_BRANCH_RESOLVE_AT_EXEC_LAT_8                    0        0.000%                0        0.000%
MAIN_BRANCH_RESOLVE_AT_EXEC_LAT_9                    0        0.000%                0        0.000%
MAIN_BRANCH_RESOLVE_AT_EXEC_LAT_10                 138        0.888%              457        1.074%
MAIN_BRANCH_RESOLVE_AT_EXEC_LAT_11                 160        1.029%              533        1.253%
MAIN_BRANCH_RESOLVE_AT_EXEC_LAT_12                  62        0.399%              272        0.639%
MAIN_BRANCH_RESOLVE_AT_EXEC_LAT_13                  45        0.290%              147        0.346%
MAIN_BRANCH_RESOLVE_AT_EXEC_LAT_14                  61        0.392%              158        0.371%
MAIN_BRANCH_RESOLVE_AT_EXEC_LAT_15                  40        0.257%              128        0.301%
MAIN_BRANCH_RESOLVE_AT_EXEC_LAT_16                  67        0.431%              152        0.357%
MAIN_BRANCH_RESOLVE_AT_EXEC_LAT_17                 320        2.059%             1338        3.145%
MAIN_BRANCH_RESOLVE_AT_EXEC_LAT_18                 282        1.814%              982        2.308%
MAIN_BRANCH_RESOLVE_AT_EXEC_LAT_19                 138        0.888%              553        1.300%
MAIN_BRANCH_RESOLVE_AT_EXEC_LAT_20                 123        0.791%              342        0.804%
MAIN_BRANCH_RESOLVE_AT_EXEC_LAT_21                  56        0.360%              203        0.477%
MAIN_BRANCH_RESOLVE_AT_EXEC_LAT_22                  63        0.405%              167        0.393%
MAIN_BRANCH_RESOLVE_AT_EXEC_LAT_23                 333        2.142%              703        1.652%
MAIN_BRANCH_RESOLVE_AT_EXEC_LAT_24                 188        1.209%             1231        2.893%
MAIN_BRANCH_RESOLVE_AT_EXEC_LAT_25                  96        0.618%              196        0.461%
MAIN_BRANCH_RESOLVE_AT_EXEC_LAT_26                 166        1.068%              416        0.978%
MAIN_BRANCH_RESOLVE_AT_EXEC_LAT_27                  26        0.167%               71        0.167%
MAIN_BRANCH_RESOLVE_AT_EXEC_LAT_28                  32        0.206%               96        0.226%
MAIN_BRANCH_RESOLVE_AT_EXEC_LAT_29                  36        0.232%              116        0.273%
MAIN_BRANCH_RESOLVE_AT_EXEC_LAT_30                 546        3.513%             1346        3.164%
MAIN_BRANCH_RESOLVE_AT_EXEC_LAT_31                 360        2.316%              693        1.629%
MAIN_BRANCH_RESOLVE_AT_EXEC_LAT_32                  73        0.470%              235        0.552%
MAIN_BRANCH_RESOLVE_AT_EXEC_LAT_33                 357        2.297%              946        2.223%
MAIN_BRANCH_RESOLVE_AT_EXEC_LAT_34                 147        0.946%              687        1.615%
MAIN_BRANCH_RESOLVE_AT_EXEC_LAT_35                 120        0.772%              353        0.830%
MAIN_BRANCH_RESOLVE_AT_EXEC_LAT_36                 113        0.727%              394        0.926%
MAIN_BRANCH_RESOLVE_AT_EXEC_LAT_37                  63        0.405%              361        0.848%
MAIN_BRANCH_RESOLVE_AT_EXEC_LAT_38                  42        0.270%              164        0.385%
MAIN_BRANCH_RESOLVE_AT_EXEC_LAT_39                 241        1.550%              363        0.853%
MAIN_BRANCH_RESOLVE_AT_EXEC_LAT_40                  86        0.553%              278        0.653%
MAIN_BRANCH_RESOLVE_AT_EXEC_LAT_41                 185        1.190%              368        0.865%
MAIN_BRANCH_RESOLVE_AT_EXEC_LAT_42                  55        0.354%              186        0.437%
MAIN_BRANCH_RESOLVE_AT_EXEC_LAT_43                  26        0.167%               99        0.233%
MAIN_BRANCH_RESOLVE_AT_EXEC_LAT_44                 225        1.448%              458        1.076%
MAIN_BRANCH_RESOLVE_AT_EXEC_LAT_45                  77        0.495%              258        0.606%
MAIN_BRANCH_RESOLVE_AT_EXEC_LAT_46                  51        0.328%              145        0.341%
MAIN_BRANCH_RESOLVE_AT_EXEC_LAT_47                  28        0.180%               93        0.219%
MAIN_BRANCH_RESOLVE_AT_EXEC_LAT_48                  26        0.167%               95        0.223%
MAIN_BRANCH_RESOLVE_AT_EXEC_LAT_49                  40        0.257%              106        0.249%
MAIN_BRANCH_RESOLVE_AT_EXEC_LAT_50                  21        0.135%              101        0.237%
MAIN_BRANCH_RESOLVE_AT_EXEC_LAT_51                  80        0.515%              153        0.360%
MAIN_BRANCH_RESOLVE_AT_EXEC_LAT_52                  61        0.392%              136        0.320%
MAIN_BRANCH_RESOLVE_AT_EXEC_LAT_53                 165        1.062%              465        1.093%
MAIN_BRANCH_RESOLVE_AT_EXEC_LAT_54                 204        1.312%              490        1.152%
MAIN_BRANCH_RESOLVE_AT_EXEC_LAT_55                 101        0.650%              306        0.719%
MAIN_BRANCH_RESOLVE_AT_EXEC_LAT_56                  88        0.566%              161        0.378%
MAIN_BRANCH_RESOLVE_AT_EXEC_LAT_57                 102        0.656%              184        0.432%
MAIN_BRANCH_RESOLVE_AT_EXEC_LAT_58                 114        0.733%              258        0.606%
MAIN_BRANCH_RESOLVE_AT_EXEC_LAT_59                 257        1.653%              609        1.431%
MAIN_BRANCH_RESOLVE_AT_EXEC_LAT_60                 297        1.911%              603        1.417%
MAIN_BRANCH_RESOLVE_AT_EXEC_LAT_61                 145        0.933%              190        0.447%
MAIN_BRANCH_RESOLVE_AT_EXEC_LAT_62                  20        0.129%               47        0.110%
MAIN_BRANCH_RESOLVE_AT_EXEC_LAT_63                  31        0.199%              106        0.249%
MAIN_BRANCH_RESOLVE_AT_EXEC_LAT_64                  18        0.116%               95        0.223%
MAIN_BRANCH_RESOLVE_AT_EXEC_LAT_65                  14        0.090%               56        0.132%
MAIN_BRANCH_RESOLVE_AT_EXEC_LAT_66                  21        0.135%               44        0.103%
MAIN_BRANCH_RESOLVE_AT_EXEC_LAT_67                  19        0.122%               41        0.096%
MAIN_BRANCH_RESOLVE_AT_EXEC_LAT_68                  25        0.161%               53        0.125%
MAIN_BRANCH_RESOLVE_AT_EXEC_LAT_69                  16        0.103%               62        0.146%
MAIN_BRANCH_RESOLVE_AT_EXEC_LAT_70                 104        0.669%              208        0.489%
MAIN_BRANCH_RESOLVE_AT_EXEC_LAT_71                  34        0.219%               71        0.167%
MAIN_BRANCH_RESOLVE_AT_EXEC_LAT_72                  62        0.399%              215        0.505%
MAIN_BRANCH_RESOLVE_AT_EXEC_LAT_73                  38        0.244%              197        0.463%
MAIN_BRANCH_RESOLVE_AT_EXEC_LAT_74                  24        0.154%               94        0.221%
MAIN_BRANCH_RESOLVE_AT_EXEC_LAT_75                  34        0.219%               79        0.186%
MAIN_BRANCH_RESOLVE_AT_EXEC_LAT_76                 251        1.615%              706        1.659%
MAIN_BRANCH_RESOLVE_AT_EXEC_LAT_77                  73        0.470%              594        1.396%
MAIN_BRANCH_RESOLVE_AT_EXEC_LAT_78                  93        0.598%              226        0.531%
MAIN_BRANCH_RESOLVE_AT_EXEC_LAT_79                 172        1.107%              325        0.764%
MAIN_BRANCH_RESOLVE_AT_EXEC_LAT_80                  38        0.244%              105        0.247%
MAIN_BRANCH_RESOLVE_AT_EXEC_LAT_81                  66        0.425%              283        0.665%
MAIN_BRANCH_RESOLVE_AT_EXEC_LAT_82                  50        0.322%              163        0.383%
MAIN_BRANCH_RESOLVE_AT_EXEC_LAT_83                  42        0.270%              102        0.240%
MAIN_BRANCH_RESOLVE_AT_EXEC_LAT_84                  24        0.154%               99        0.233%
MAIN_BRANCH_RESOLVE_AT_EXEC_LAT_85                  71        0.457%              171        0.402%
MAIN_BRANCH_RESOLVE_AT_EXEC_LAT_86                  31        0.199%               81        0.190%
MAIN_BRANCH_RESOLVE_AT_EXEC_LAT_87                  31        0.199%              162        0.381%
MAIN_BRANCH_RESOLVE_AT_EXEC_LAT_88                  79        0.508%              197        0.463%
MAIN_BRANCH_RESOLVE_AT_EXEC_LAT_89                  11        0.071%               57        0.134%
MAIN_BRANCH_RESOLVE_AT_EXEC_LAT_90                  12        0.077%               47        0.110%
MAIN_BRANCH_RESOLVE_AT_EXEC_LAT_91                  10        0.064%               37        0.087%
MAIN_BRANCH_RESOLVE_AT_EXEC_LAT_92                  17        0.109%               46        0.108%
MAIN_BRANCH_RESOLVE_AT_EXEC_LAT_93                  92        0.592%              139        0.327%
MAIN_BRANCH_RESOLVE_AT_EXEC_LAT_94                 144        0.926%              416        0.978%
MAIN_BRANCH_RESOLVE_AT_EXEC_LAT_95                 162        1.042%              454        1.067%
MAIN_BRANCH_RESOLVE_AT_EXEC_LAT_96                 153        0.984%              325        0.764%
MAIN_BRANCH_RESOLVE_AT_EXEC_LAT_97                 251        1.615%              317        0.745%
MAIN_BRANCH_RESOLVE_AT_EXEC_LAT_98                  10        0.064%               94        0.221%
MAIN_BRANCH_RESOLVE_AT_EXEC_LAT_99                  55        0.354%               75        0.176%
MAIN_BRANCH_RESOLVE_AT_EXEC_LAT_100                 32        0.206%               75        0.176%
MAIN_BRANCH_RESOLVE_AT_EXEC_LAT_GT100             6186       39.797%            16338       38.400%
                                                 15544      100.000%            42547      100.000%
                                                 67.95        53.97             65.73        52.87

PRED_TO_UPDATE_CYCLES_0                              0         -nan%                0         -nan%
PRED_TO_UPDATE_CYCLES_1                              0         -nan%                0         -nan%
PRED_TO_UPDATE_CYCLES_2                              0         -nan%                0         -nan%
PRED_TO_UPDATE_CYCLES_3                              0         -nan%                0         -nan%
PRED_TO_UPDATE_CYCLES_4                              0         -nan%                0         -nan%
PRED_TO_UPDATE_CYCLES_5                              0         -nan%                0         -nan%
PRED_TO_UPDATE_CYCLES_6                              0         -nan%                0         -nan%
PRED_TO_UPDATE_CYCLES_7                              0         -nan%                0         -nan%
PRED_TO_UPDATE_CYCLES_8                              0         -nan%                0         -nan%
PRED_TO_UPDATE_CYCLES_9                              0         -nan%                0         -nan%
PRED_TO_UPDATE_CYCLES_10                             0         -nan%                0         -nan%
PRED_TO_UPDATE_CYCLES_11                             0         -nan%                0         -nan%
PRED_TO_UPDATE_CYCLES_12                             0         -nan%                0         -nan%
PRED_TO_UPDATE_CYCLES_13                             0         -nan%                0         -nan%
PRED_TO_UPDATE_CYCLES_14                             0         -nan%                0         -nan%
PRED_TO_UPDATE_CYCLES_15                             0         -nan%                0         -nan%
PRED_TO_UPDATE_CYCLES_16                             0         -nan%                0         -nan%
PRED_TO_UPDATE_CYCLES_17                             0         -nan%                0         -nan%
PRED_TO_UPDATE_CYCLES_18                             0         -nan%                0         -nan%
PRED_TO_UPDATE_CYCLES_19                             0         -nan%                0         -nan%
PRED_TO_UPDATE_CYCLES_20                             0         -nan%                0         -nan%
PRED_TO_UPDATE_CYCLES_21                             0         -nan%                0         -nan%
PRED_TO_UPDATE_CYCLES_22                             0         -nan%                0         -nan%
PRED_TO_UPDATE_CYCLES_23                             0         -nan%                0         -nan%
PRED_TO_UPDATE_CYCLES_24                             0         -nan%                0         -nan%
PRED_TO_UPDATE_CYCLES_25                             0         -nan%                0         -nan%
PRED_TO_UPDATE_CYCLES_26                             0         -nan%                0         -nan%
PRED_TO_UPDATE_CYCLES_27                             0         -nan%                0         -nan%
PRED_TO_UPDATE_CYCLES_28                             0         -nan%                0         -nan%
PRED_TO_UPDATE_CYCLES_29                             0         -nan%                0         -nan%
PRED_TO_UPDATE_CYCLES_30                             0         -nan%                0         -nan%
                                                     0         -nan%                0         -nan%
                                                  -nan         -nan              -nan         -nan

BP_ON_PATH_CONF_RECOVER_AT_EXEC                      0         -nan%                0         -nan%
BP_ON_PATH_CONF_CORRECT                              0         -nan%                0         -nan%
                                                     0         -nan%                0         -nan%
                                                  -nan         -nan              -nan         -nan

BP_OFF_PATH_CONF_RECOVER_AT_EXEC                     0         -nan%                0         -nan%
BP_OFF_PATH_CONF_CORRECT                             0         -nan%                0         -nan%
                                                     0         -nan%                0         -nan%
                                                  -nan         -nan              -nan         -nan

BP_ON_PATH_PRED_MIS_CONF_RECOVER_AT_EXEC             0         -nan%                0         -nan%
BP_ON_PATH_PRED_MIS_CONF_CORRECT                     0         -nan%                0         -nan%
                                                     0         -nan%                0         -nan%
                                                  -nan         -nan              -nan         -nan

BP_ON_PATH_PRED_COR_CONF_RECOVER_AT_EXEC             0         -nan%                0         -nan%
BP_ON_PATH_PRED_COR_CONF_CORRECT                     0         -nan%                0         -nan%
                                                     0         -nan%                0         -nan%
                                                  -nan         -nan              -nan         -nan

BP_OFF_PATH_PRED_MIS_CONF_RECOVER_AT_EXEC             0         -nan%                0         -nan%
BP_OFF_PATH_PRED_MIS_CONF_CORRECT                    0         -nan%                0         -nan%
                                                     0         -nan%                0         -nan%
                                                  -nan         -nan              -nan         -nan

BP_OFF_PATH_PRED_COR_CONF_RECOVER_AT_EXEC             0         -nan%                0         -nan%
BP_OFF_PATH_PRED_COR_CONF_CORRECT                    0         -nan%                0         -nan%
                                                     0         -nan%                0         -nan%
                                                  -nan         -nan              -nan         -nan

ONPATH_CONF_RECOVER_AT_EXEC                          0         -nan%                0         -nan%
ONPATH_CONF_CORRECT                                  0         -nan%                0         -nan%
                                                     0         -nan%                0         -nan%
                                                  -nan         -nan              -nan         -nan

ONPATH_ON_PATH_CONF_RECOVER_AT_EXEC                  0         -nan%                0         -nan%
ONPATH_ON_PATH_CONF_CORRECT                          0         -nan%                0         -nan%
                                                     0         -nan%                0         -nan%
                                                  -nan         -nan              -nan         -nan

ONPATH_OFF_PATH_CONF_RECOVER_AT_EXEC                 0         -nan%                0         -nan%
ONPATH_OFF_PATH_CONF_CORRECT                         0         -nan%                0         -nan%
                                                     0         -nan%                0         -nan%
                                                  -nan         -nan              -nan         -nan

PRED_ONPATH_CONF_RECOVER_AT_EXEC                     0         -nan%                0         -nan%
PRED_ONPATH_CONF_CORRECT                             0         -nan%                0         -nan%
                                                     0         -nan%                0         -nan%
                                                  -nan         -nan              -nan         -nan

PRED_OFFPATH_CONF_RECOVER_AT_EXEC                    0         -nan%                0         -nan%
PRED_OFFPATH_CONF_CORRECT                            0         -nan%                0         -nan%
                                                     0         -nan%                0         -nan%
                                                  -nan         -nan              -nan         -nan

LONG_OVWT_MIS                                        0         -nan%                0         -nan%
LONG_OVWT_COR                                        0         -nan%                0         -nan%
                                                     0         -nan%                0         -nan%
                                                  -nan         -nan              -nan         -nan

OPC_LENGTH_0_7_MIS                                   0         -nan%                0         -nan%
OPC_LENGTH_0_7_COR                                   0         -nan%                0         -nan%
                                                     0         -nan%                0         -nan%
                                                  -nan         -nan              -nan         -nan

OPC_LENGTH_8_15_MIS                                  0         -nan%                0         -nan%
OPC_LENGTH_8_15_COR                                  0         -nan%                0         -nan%
                                                     0         -nan%                0         -nan%
                                                  -nan         -nan              -nan         -nan

OPC_LENGTH_16_23_MIS                                 0         -nan%                0         -nan%
OPC_LENGTH_16_23_COR                                 0         -nan%                0         -nan%
                                                     0         -nan%                0         -nan%
                                                  -nan         -nan              -nan         -nan

OPC_LENGTH_24_31_MIS                                 0         -nan%                0         -nan%
OPC_LENGTH_24_31_COR                                 0         -nan%                0         -nan%
                                                     0         -nan%                0         -nan%
                                                  -nan         -nan              -nan         -nan

OPC_LENGTH_32_39_MIS                                 0         -nan%                0         -nan%
OPC_LENGTH_32_39_COR                                 0         -nan%                0         -nan%
                                                     0         -nan%                0         -nan%
                                                  -nan         -nan              -nan         -nan

OPC_LENGTH_40_47_MIS                                 0         -nan%                0         -nan%
OPC_LENGTH_40_47_COR                                 0         -nan%                0         -nan%
                                                     0         -nan%                0         -nan%
                                                  -nan         -nan              -nan         -nan

OPC_LENGTH_48_55_MIS                                 0         -nan%                0         -nan%
OPC_LENGTH_48_55_COR                                 0         -nan%                0         -nan%
                                                     0         -nan%                0         -nan%
                                                  -nan         -nan              -nan         -nan

OPC_LENGTH_56_63_MIS                                 0         -nan%                0         -nan%
OPC_LENGTH_56_63_COR                                 0         -nan%                0         -nan%
                                                     0         -nan%                0         -nan%
                                                  -nan         -nan              -nan         -nan

OPC_LENGTH_64_71_MIS                                 0         -nan%                0         -nan%
OPC_LENGTH_64_71_COR                                 0         -nan%                0         -nan%
                                                     0         -nan%                0         -nan%
                                                  -nan         -nan              -nan         -nan

OPC_LENGTH_72_79_MIS                                 0         -nan%                0         -nan%
OPC_LENGTH_72_79_COR                                 0         -nan%                0         -nan%
                                                     0         -nan%                0         -nan%
                                                  -nan         -nan              -nan         -nan

OPC_LENGTH_80_MIS                                    0         -nan%                0         -nan%
OPC_LENGTH_80_COR                                    0         -nan%                0         -nan%
                                                     0         -nan%                0         -nan%
                                                  -nan         -nan              -nan         -nan

ALL_ONES_MIS                                         0         -nan%                0         -nan%
ALL_ONES_COR                                         0         -nan%                0         -nan%
                                                     0         -nan%                0         -nan%
                                                  -nan         -nan              -nan         -nan

FIRST_ONE_MIS                                        0         -nan%                0         -nan%
FIRST_ONE_COR                                        0         -nan%                0         -nan%
                                                     0         -nan%                0         -nan%
                                                  -nan         -nan              -nan         -nan

ZEROS_0_1_MIS                                        0         -nan%                0         -nan%
ZEROS_0_1_COR                                        0         -nan%                0         -nan%
                                                     0         -nan%                0         -nan%
                                                  -nan         -nan              -nan         -nan

ZEROS_2_3_MIS                                        0         -nan%                0         -nan%
ZEROS_2_3_COR                                        0         -nan%                0         -nan%
                                                     0         -nan%                0         -nan%
                                                  -nan         -nan              -nan         -nan

ZEROS_4_5_MIS                                        0         -nan%                0         -nan%
ZEROS_4_5_COR                                        0         -nan%                0         -nan%
                                                     0         -nan%                0         -nan%
                                                  -nan         -nan              -nan         -nan

ZEROS_6_7_MIS                                        0         -nan%                0         -nan%
ZEROS_6_7_COR                                        0         -nan%                0         -nan%
                                                     0         -nan%                0         -nan%
                                                  -nan         -nan              -nan         -nan

ZEROS_8_9_MIS                                        0         -nan%                0         -nan%
ZEROS_8_9_COR                                        0         -nan%                0         -nan%
                                                     0         -nan%                0         -nan%
                                                  -nan         -nan              -nan         -nan

ZEROS_10_11_MIS                                      0         -nan%                0         -nan%
ZEROS_10_11_COR                                      0         -nan%                0         -nan%
                                                     0         -nan%                0         -nan%
                                                  -nan         -nan              -nan         -nan

ZEROS_12_13_MIS                                      0         -nan%                0         -nan%
ZEROS_12_13_COR                                      0         -nan%                0         -nan%
                                                     0         -nan%                0         -nan%
                                                  -nan         -nan              -nan         -nan

ZEROS_14_15_MIS                                      0         -nan%                0         -nan%
ZEROS_14_15_COR                                      0         -nan%                0         -nan%
                                                     0         -nan%                0         -nan%
                                                  -nan         -nan              -nan         -nan

ZEROS_16_MIS                                         0         -nan%                0         -nan%
ZEROS_16_COR                                         0         -nan%                0         -nan%
                                                     0         -nan%                0         -nan%
                                                  -nan         -nan              -nan         -nan

GS2BC_GSHARE                                         0         -nan%                0         -nan%
GS2BC_2BC                                            0         -nan%                0         -nan%
                                                     0         -nan%                0         -nan%
                                                  -nan         -nan              -nan         -nan

GSKEW2BC_VOTE                                        0         -nan%                0         -nan%
GSKEW2BC_2BC                                         0         -nan%                0         -nan%
                                                     0         -nan%                0         -nan%
                                                  -nan         -nan              -nan         -nan

FUTGSHARE_INIT_ON_PATH_CORRECT                       0         -nan%                0         -nan%
FUTGSHARE_INIT_ON_PATH_RECOVER_AT_EXEC               0         -nan%                0         -nan%
                                                     0         -nan%                0         -nan%
                                                  -nan         -nan              -nan         -nan

FUTGSHARE_INIT_OFF_PATH_CORRECT                      0         -nan%                0         -nan%
FUTGSHARE_INIT_OFF_PATH_RECOVER_AT_EXEC              0         -nan%                0         -nan%
                                                     0         -nan%                0         -nan%
                                                  -nan         -nan              -nan         -nan

FUTGSHARE_CHANGED_CORRECTED_ON_PATH                  0         -nan%                0         -nan%
FUTGSHARE_CHANGED_SCREWED_ON_PATH                    0         -nan%                0         -nan%
                                                     0         -nan%                0         -nan%
                                                  -nan         -nan              -nan         -nan

FUTGSHARE_CHANGED_CORRECTED_OFF_PATH                 0         -nan%                0         -nan%
FUTGSHARE_CHANGED_SCREWED_OFF_PATH                   0         -nan%                0         -nan%
                                                     0         -nan%                0         -nan%
                                                  -nan         -nan              -nan         -nan

FUTGSHARE_ORIG_CORRECT_FUT_CORRECT_ON_PATH             0         -nan%                0         -nan%
FUTGSHARE_ORIG_RECOVER_AT_EXEC_FUT_CORRECT_ON_PATH             0         -nan%                0         -nan%
FUTGSHARE_ORIG_CORRECT_FUT_RECOVER_AT_EXEC_ON_PATH             0         -nan%                0         -nan%
FUTGSHARE_ORIG_RECOVER_AT_EXEC_FUT_RECOVER_AT_EXEC_ON_PATH             0         -nan%                0         -nan%
                                                     0         -nan%                0         -nan%
                                                  -nan         -nan              -nan         -nan

FUTGSHARE_ORIG_CORRECT_FUT_CORRECT_OFF_PATH             0         -nan%                0         -nan%
FUTGSHARE_ORIG_RECOVER_AT_EXEC_FUT_CORRECT_OFF_PATH             0         -nan%                0         -nan%
FUTGSHARE_ORIG_CORRECT_FUT_RECOVER_AT_EXEC_OFF_PATH             0         -nan%                0         -nan%
FUTGSHARE_ORIG_RECOVER_AT_EXEC_FUT_RECOVER_AT_EXEC_OFF_PATH             0         -nan%                0         -nan%
                                                     0         -nan%                0         -nan%
                                                  -nan         -nan              -nan         -nan

FUTGSHARE_ON_PATH_CORRECT_0                          0         -nan%                0         -nan%
FUTGSHARE_ON_PATH_RECOVER_AT_EXEC_0                  0         -nan%                0         -nan%
                                                     0         -nan%                0         -nan%
                                                  -nan         -nan              -nan         -nan

FUTGSHARE_OFF_PATH_CORRECT_0                         0         -nan%                0         -nan%
FUTGSHARE_OFF_PATH_RECOVER_AT_EXEC_0                 0         -nan%                0         -nan%
                                                     0         -nan%                0         -nan%
                                                  -nan         -nan              -nan         -nan

FUTGSHARE_ON_PATH_CORRECT_1                          0         -nan%                0         -nan%
FUTGSHARE_ON_PATH_RECOVER_AT_EXEC_1                  0         -nan%                0         -nan%
                                                     0         -nan%                0         -nan%
                                                  -nan         -nan              -nan         -nan

FUTGSHARE_OFF_PATH_CORRECT_1                         0         -nan%                0         -nan%
FUTGSHARE_OFF_PATH_RECOVER_AT_EXEC_1                 0         -nan%                0         -nan%
                                                     0         -nan%                0         -nan%
                                                  -nan         -nan              -nan         -nan

FUTGSHARE_ON_PATH_CORRECT_2                          0         -nan%                0         -nan%
FUTGSHARE_ON_PATH_RECOVER_AT_EXEC_2                  0         -nan%                0         -nan%
                                                     0         -nan%                0         -nan%
                                                  -nan         -nan              -nan         -nan

FUTGSHARE_OFF_PATH_CORRECT_2                         0         -nan%                0         -nan%
FUTGSHARE_OFF_PATH_RECOVER_AT_EXEC_2                 0         -nan%                0         -nan%
                                                     0         -nan%                0         -nan%
                                                  -nan         -nan              -nan         -nan

FUTGSHARE_ON_PATH_CORRECT_3                          0         -nan%                0         -nan%
FUTGSHARE_ON_PATH_RECOVER_AT_EXEC_3                  0         -nan%                0         -nan%
                                                     0         -nan%                0         -nan%
                                                  -nan         -nan              -nan         -nan

FUTGSHARE_OFF_PATH_CORRECT_3                         0         -nan%                0         -nan%
FUTGSHARE_OFF_PATH_RECOVER_AT_EXEC_3                 0         -nan%                0         -nan%
                                                     0         -nan%                0         -nan%
                                                  -nan         -nan              -nan         -nan

FUTGSHARE_ON_PATH_CORRECT_4                          0         -nan%                0         -nan%
FUTGSHARE_ON_PATH_RECOVER_AT_EXEC_4                  0         -nan%                0         -nan%
                                                     0         -nan%                0         -nan%
                                                  -nan         -nan              -nan         -nan

FUTGSHARE_OFF_PATH_CORRECT_4                         0         -nan%                0         -nan%
FUTGSHARE_OFF_PATH_RECOVER_AT_EXEC_4                 0         -nan%                0         -nan%
                                                     0         -nan%                0         -nan%
                                                  -nan         -nan              -nan         -nan

FUTGSHARE_ON_PATH_CORRECT_5                          0         -nan%                0         -nan%
FUTGSHARE_ON_PATH_RECOVER_AT_EXEC_5                  0         -nan%                0         -nan%
                                                     0         -nan%                0         -nan%
                                                  -nan         -nan              -nan         -nan

FUTGSHARE_OFF_PATH_CORRECT_5                         0         -nan%                0         -nan%
FUTGSHARE_OFF_PATH_RECOVER_AT_EXEC_5                 0         -nan%                0         -nan%
                                                     0         -nan%                0         -nan%
                                                  -nan         -nan              -nan         -nan

FUTGSHARE_ON_PATH_CORRECT_6                          0         -nan%                0         -nan%
FUTGSHARE_ON_PATH_RECOVER_AT_EXEC_6                  0         -nan%                0         -nan%
                                                     0         -nan%                0         -nan%
                                                  -nan         -nan              -nan         -nan

FUTGSHARE_OFF_PATH_CORRECT_6                         0         -nan%                0         -nan%
FUTGSHARE_OFF_PATH_RECOVER_AT_EXEC_6                 0         -nan%                0         -nan%
                                                     0         -nan%                0         -nan%
                                                  -nan         -nan              -nan         -nan

FUTGSHARE_ON_PATH_CORRECT_7                          0         -nan%                0         -nan%
FUTGSHARE_ON_PATH_RECOVER_AT_EXEC_7                  0         -nan%                0         -nan%
                                                     0         -nan%                0         -nan%
                                                  -nan         -nan              -nan         -nan

FUTGSHARE_OFF_PATH_CORRECT_7                         0         -nan%                0         -nan%
FUTGSHARE_OFF_PATH_RECOVER_AT_EXEC_7                 0         -nan%                0         -nan%
                                                     0         -nan%                0         -nan%
                                                  -nan         -nan              -nan         -nan

FUTGSHARE_ON_PATH_CORRECT_8                          0         -nan%                0         -nan%
FUTGSHARE_ON_PATH_RECOVER_AT_EXEC_8                  0         -nan%                0         -nan%
                                                     0         -nan%                0         -nan%
                                                  -nan         -nan              -nan         -nan

FUTGSHARE_OFF_PATH_CORRECT_8                         0         -nan%                0         -nan%
FUTGSHARE_OFF_PATH_RECOVER_AT_EXEC_8                 0         -nan%                0         -nan%
                                                     0         -nan%                0         -nan%
                                                  -nan         -nan              -nan         -nan

FUTGSHARE_ON_PATH_CORRECT_9                          0         -nan%                0         -nan%
FUTGSHARE_ON_PATH_RECOVER_AT_EXEC_9                  0         -nan%                0         -nan%
                                                     0         -nan%                0         -nan%
                                                  -nan         -nan              -nan         -nan

FUTGSHARE_OFF_PATH_CORRECT_9                         0         -nan%                0         -nan%
FUTGSHARE_OFF_PATH_RECOVER_AT_EXEC_9                 0         -nan%                0         -nan%
                                                     0         -nan%                0         -nan%
                                                  -nan         -nan              -nan         -nan

FUTGSHARE_ON_PATH_CORRECT_10                         0         -nan%                0         -nan%
FUTGSHARE_ON_PATH_RECOVER_AT_EXEC_10                 0         -nan%                0         -nan%
                                                     0         -nan%                0         -nan%
                                                  -nan         -nan              -nan         -nan

FUTGSHARE_OFF_PATH_CORRECT_10                        0         -nan%                0         -nan%
FUTGSHARE_OFF_PATH_RECOVER_AT_EXEC_10                0         -nan%                0         -nan%
                                                     0         -nan%                0         -nan%
                                                  -nan         -nan              -nan         -nan

FUTGSHARE_ON_PATH_CORRECT_11                         0         -nan%                0         -nan%
FUTGSHARE_ON_PATH_RECOVER_AT_EXEC_11                 0         -nan%                0         -nan%
                                                     0         -nan%                0         -nan%
                                                  -nan         -nan              -nan         -nan

FUTGSHARE_OFF_PATH_CORRECT_11                        0         -nan%                0         -nan%
FUTGSHARE_OFF_PATH_RECOVER_AT_EXEC_11                0         -nan%                0         -nan%
                                                     0         -nan%                0         -nan%
                                                  -nan         -nan              -nan         -nan

FUTGSHARE_ON_PATH_CORRECT_12                         0         -nan%                0         -nan%
FUTGSHARE_ON_PATH_RECOVER_AT_EXEC_12                 0         -nan%                0         -nan%
                                                     0         -nan%                0         -nan%
                                                  -nan         -nan              -nan         -nan

FUTGSHARE_OFF_PATH_CORRECT_12                        0         -nan%                0         -nan%
FUTGSHARE_OFF_PATH_RECOVER_AT_EXEC_12                0         -nan%                0         -nan%
                                                     0         -nan%                0         -nan%
                                                  -nan         -nan              -nan         -nan

FUTGSHARE_ON_PATH_CORRECT_13                         0         -nan%                0         -nan%
FUTGSHARE_ON_PATH_RECOVER_AT_EXEC_13                 0         -nan%                0         -nan%
                                                     0         -nan%                0         -nan%
                                                  -nan         -nan              -nan         -nan

FUTGSHARE_OFF_PATH_CORRECT_13                        0         -nan%                0         -nan%
FUTGSHARE_OFF_PATH_RECOVER_AT_EXEC_13                0         -nan%                0         -nan%
                                                     0         -nan%                0         -nan%
                                                  -nan         -nan              -nan         -nan

FUTGSHARE_ON_PATH_CORRECT_14                         0         -nan%                0         -nan%
FUTGSHARE_ON_PATH_RECOVER_AT_EXEC_14                 0         -nan%                0         -nan%
                                                     0         -nan%                0         -nan%
                                                  -nan         -nan              -nan         -nan

FUTGSHARE_OFF_PATH_CORRECT_14                        0         -nan%                0         -nan%
FUTGSHARE_OFF_PATH_RECOVER_AT_EXEC_14                0         -nan%                0         -nan%
                                                     0         -nan%                0         -nan%
                                                  -nan         -nan              -nan         -nan

FUTGSHARE_ON_PATH_CORRECT_15                         0         -nan%                0         -nan%
FUTGSHARE_ON_PATH_RECOVER_AT_EXEC_15                 0         -nan%                0         -nan%
                                                     0         -nan%                0         -nan%
                                                  -nan         -nan              -nan         -nan

FUTGSHARE_OFF_PATH_CORRECT_15                        0         -nan%                0         -nan%
FUTGSHARE_OFF_PATH_RECOVER_AT_EXEC_15                0         -nan%                0         -nan%
                                                     0         -nan%                0         -nan%
                                                  -nan         -nan              -nan         -nan

FUTGSHARE_CHANGED_CORRECTED_ON_PATH_0                0         -nan%                0         -nan%
FUTGSHARE_CHANGED_SCREWED_ON_PATH_0                  0         -nan%                0         -nan%
                                                     0         -nan%                0         -nan%
                                                  -nan         -nan              -nan         -nan

FUTGSHARE_CHANGED_CORRECTED_OFF_PATH_0               0         -nan%                0         -nan%
FUTGSHARE_CHANGED_SCREWED_OFF_PATH_0                 0         -nan%                0         -nan%
                                                     0         -nan%                0         -nan%
                                                  -nan         -nan              -nan         -nan

FUTGSHARE_CHANGED_CORRECTED_ON_PATH_1                0         -nan%                0         -nan%
FUTGSHARE_CHANGED_SCREWED_ON_PATH_1                  0         -nan%                0         -nan%
                                                     0         -nan%                0         -nan%
                                                  -nan         -nan              -nan         -nan

FUTGSHARE_CHANGED_CORRECTED_OFF_PATH_1               0         -nan%                0         -nan%
FUTGSHARE_CHANGED_SCREWED_OFF_PATH_1                 0         -nan%                0         -nan%
                                                     0         -nan%                0         -nan%
                                                  -nan         -nan              -nan         -nan

FUTGSHARE_CHANGED_CORRECTED_ON_PATH_2                0         -nan%                0         -nan%
FUTGSHARE_CHANGED_SCREWED_ON_PATH_2                  0         -nan%                0         -nan%
                                                     0         -nan%                0         -nan%
                                                  -nan         -nan              -nan         -nan

FUTGSHARE_CHANGED_CORRECTED_OFF_PATH_2               0         -nan%                0         -nan%
FUTGSHARE_CHANGED_SCREWED_OFF_PATH_2                 0         -nan%                0         -nan%
                                                     0         -nan%                0         -nan%
                                                  -nan         -nan              -nan         -nan

FUTGSHARE_CHANGED_CORRECTED_ON_PATH_3                0         -nan%                0         -nan%
FUTGSHARE_CHANGED_SCREWED_ON_PATH_3                  0         -nan%                0         -nan%
                                                     0         -nan%                0         -nan%
                                                  -nan         -nan              -nan         -nan

FUTGSHARE_CHANGED_CORRECTED_OFF_PATH_3               0         -nan%                0         -nan%
FUTGSHARE_CHANGED_SCREWED_OFF_PATH_3                 0         -nan%                0         -nan%
                                                     0         -nan%                0         -nan%
                                                  -nan         -nan              -nan         -nan

FUTGSHARE_CHANGED_CORRECTED_ON_PATH_4                0         -nan%                0         -nan%
FUTGSHARE_CHANGED_SCREWED_ON_PATH_4                  0         -nan%                0         -nan%
                                                     0         -nan%                0         -nan%
                                                  -nan         -nan              -nan         -nan

FUTGSHARE_CHANGED_CORRECTED_OFF_PATH_4               0         -nan%                0         -nan%
FUTGSHARE_CHANGED_SCREWED_OFF_PATH_4                 0         -nan%                0         -nan%
                                                     0         -nan%                0         -nan%
                                                  -nan         -nan              -nan         -nan

FUTGSHARE_CHANGED_CORRECTED_ON_PATH_5                0         -nan%                0         -nan%
FUTGSHARE_CHANGED_SCREWED_ON_PATH_5                  0         -nan%                0         -nan%
                                                     0         -nan%                0         -nan%
                                                  -nan         -nan              -nan         -nan

FUTGSHARE_CHANGED_CORRECTED_OFF_PATH_5               0         -nan%                0         -nan%
FUTGSHARE_CHANGED_SCREWED_OFF_PATH_5                 0         -nan%                0         -nan%
                                                     0         -nan%                0         -nan%
                                                  -nan         -nan              -nan         -nan

FUTGSHARE_CHANGED_CORRECTED_ON_PATH_6                0         -nan%                0         -nan%
FUTGSHARE_CHANGED_SCREWED_ON_PATH_6                  0         -nan%                0         -nan%
                                                     0         -nan%                0         -nan%
                                                  -nan         -nan              -nan         -nan

FUTGSHARE_CHANGED_CORRECTED_OFF_PATH_6               0         -nan%                0         -nan%
FUTGSHARE_CHANGED_SCREWED_OFF_PATH_6                 0         -nan%                0         -nan%
                                                     0         -nan%                0         -nan%
                                                  -nan         -nan              -nan         -nan

FUTGSHARE_CHANGED_CORRECTED_ON_PATH_7                0         -nan%                0         -nan%
FUTGSHARE_CHANGED_SCREWED_ON_PATH_7                  0         -nan%                0         -nan%
                                                     0         -nan%                0         -nan%
                                                  -nan         -nan              -nan         -nan

FUTGSHARE_CHANGED_CORRECTED_OFF_PATH_7               0         -nan%                0         -nan%
FUTGSHARE_CHANGED_SCREWED_OFF_PATH_7                 0         -nan%                0         -nan%
                                                     0         -nan%                0         -nan%
                                                  -nan         -nan              -nan         -nan

FUTGSHARE_CHANGED_CORRECTED_ON_PATH_8                0         -nan%                0         -nan%
FUTGSHARE_CHANGED_SCREWED_ON_PATH_8                  0         -nan%                0         -nan%
                                                     0         -nan%                0         -nan%
                                                  -nan         -nan              -nan         -nan

FUTGSHARE_CHANGED_CORRECTED_OFF_PATH_8               0         -nan%                0         -nan%
FUTGSHARE_CHANGED_SCREWED_OFF_PATH_8                 0         -nan%                0         -nan%
                                                     0         -nan%                0         -nan%
                                                  -nan         -nan              -nan         -nan

FUTGSHARE_CHANGED_CORRECTED_ON_PATH_9                0         -nan%                0         -nan%
FUTGSHARE_CHANGED_SCREWED_ON_PATH_9                  0         -nan%                0         -nan%
                                                     0         -nan%                0         -nan%
                                                  -nan         -nan              -nan         -nan

FUTGSHARE_CHANGED_CORRECTED_OFF_PATH_9               0         -nan%                0         -nan%
FUTGSHARE_CHANGED_SCREWED_OFF_PATH_9                 0         -nan%                0         -nan%
                                                     0         -nan%                0         -nan%
                                                  -nan         -nan              -nan         -nan

FUTGSHARE_CHANGED_CORRECTED_ON_PATH_10               0         -nan%                0         -nan%
FUTGSHARE_CHANGED_SCREWED_ON_PATH_10                 0         -nan%                0         -nan%
                                                     0         -nan%                0         -nan%
                                                  -nan         -nan              -nan         -nan

FUTGSHARE_CHANGED_CORRECTED_OFF_PATH_10              0         -nan%                0         -nan%
FUTGSHARE_CHANGED_SCREWED_OFF_PATH_10                0         -nan%                0         -nan%
                                                     0         -nan%                0         -nan%
                                                  -nan         -nan              -nan         -nan

FUTGSHARE_CHANGED_CORRECTED_ON_PATH_11               0         -nan%                0         -nan%
FUTGSHARE_CHANGED_SCREWED_ON_PATH_11                 0         -nan%                0         -nan%
                                                     0         -nan%                0         -nan%
                                                  -nan         -nan              -nan         -nan

FUTGSHARE_CHANGED_CORRECTED_OFF_PATH_11              0         -nan%                0         -nan%
FUTGSHARE_CHANGED_SCREWED_OFF_PATH_11                0         -nan%                0         -nan%
                                                     0         -nan%                0         -nan%
                                                  -nan         -nan              -nan         -nan

FUTGSHARE_CHANGED_CORRECTED_ON_PATH_12               0         -nan%                0         -nan%
FUTGSHARE_CHANGED_SCREWED_ON_PATH_12                 0         -nan%                0         -nan%
                                                     0         -nan%                0         -nan%
                                                  -nan         -nan              -nan         -nan

FUTGSHARE_CHANGED_CORRECTED_OFF_PATH_12              0         -nan%                0         -nan%
FUTGSHARE_CHANGED_SCREWED_OFF_PATH_12                0         -nan%                0         -nan%
                                                     0         -nan%                0         -nan%
                                                  -nan         -nan              -nan         -nan

FUTGSHARE_CHANGED_CORRECTED_ON_PATH_13               0         -nan%                0         -nan%
FUTGSHARE_CHANGED_SCREWED_ON_PATH_13                 0         -nan%                0         -nan%
                                                     0         -nan%                0         -nan%
                                                  -nan         -nan              -nan         -nan

FUTGSHARE_CHANGED_CORRECTED_OFF_PATH_13              0         -nan%                0         -nan%
FUTGSHARE_CHANGED_SCREWED_OFF_PATH_13                0         -nan%                0         -nan%
                                                     0         -nan%                0         -nan%
                                                  -nan         -nan              -nan         -nan

FUTGSHARE_CHANGED_CORRECTED_ON_PATH_14               0         -nan%                0         -nan%
FUTGSHARE_CHANGED_SCREWED_ON_PATH_14                 0         -nan%                0         -nan%
                                                     0         -nan%                0         -nan%
                                                  -nan         -nan              -nan         -nan

FUTGSHARE_CHANGED_CORRECTED_OFF_PATH_14              0         -nan%                0         -nan%
FUTGSHARE_CHANGED_SCREWED_OFF_PATH_14                0         -nan%                0         -nan%
                                                     0         -nan%                0         -nan%
                                                  -nan         -nan              -nan         -nan

FUTGSHARE_CHANGED_CORRECTED_ON_PATH_15               0         -nan%                0         -nan%
FUTGSHARE_CHANGED_SCREWED_ON_PATH_15                 0         -nan%                0         -nan%
                                                     0         -nan%                0         -nan%
                                                  -nan         -nan              -nan         -nan

FUTGSHARE_CHANGED_CORRECTED_OFF_PATH_15              0         -nan%                0         -nan%
FUTGSHARE_CHANGED_SCREWED_OFF_PATH_15                0         -nan%                0         -nan%
                                                     0         -nan%                0         -nan%
                                                  -nan         -nan              -nan         -nan

FRAGHIST_BIN_0                                       0         -nan%                0         -nan%
FRAGHIST_BIN_1                                       0         -nan%                0         -nan%
FRAGHIST_BIN_2                                       0         -nan%                0         -nan%
FRAGHIST_BIN_3                                       0         -nan%                0         -nan%
FRAGHIST_BIN_4                                       0         -nan%                0         -nan%
FRAGHIST_BIN_5                                       0         -nan%                0         -nan%
FRAGHIST_BIN_6                                       0         -nan%                0         -nan%
FRAGHIST_BIN_7                                       0         -nan%                0         -nan%
FRAGHIST_BIN_8                                       0         -nan%                0         -nan%
FRAGHIST_BIN_9                                       0         -nan%                0         -nan%
FRAGHIST_BIN_10                                      0         -nan%                0         -nan%
FRAGHIST_BIN_11                                      0         -nan%                0         -nan%
FRAGHIST_BIN_12                                      0         -nan%                0         -nan%
FRAGHIST_BIN_13                                      0         -nan%                0         -nan%
FRAGHIST_BIN_14                                      0         -nan%                0         -nan%
FRAGHIST_BIN_15                                      0         -nan%                0         -nan%
FRAGHIST_BIN_16                                      0         -nan%                0         -nan%
FRAGHIST_BIN_17                                      0         -nan%                0         -nan%
FRAGHIST_BIN_18                                      0         -nan%                0         -nan%
FRAGHIST_BIN_19                                      0         -nan%                0         -nan%
FRAGHIST_BIN_20                                      0         -nan%                0         -nan%
FRAGHIST_BIN_21                                      0         -nan%                0         -nan%
FRAGHIST_BIN_22                                      0         -nan%                0         -nan%
FRAGHIST_BIN_23                                      0         -nan%                0         -nan%
FRAGHIST_BIN_24                                      0         -nan%                0         -nan%
FRAGHIST_BIN_25                                      0         -nan%                0         -nan%
FRAGHIST_BIN_26                                      0         -nan%                0         -nan%
FRAGHIST_BIN_27                                      0         -nan%                0         -nan%
FRAGHIST_BIN_28                                      0         -nan%                0         -nan%
FRAGHIST_BIN_29                                      0         -nan%                0         -nan%
FRAGHIST_BIN_30                                      0         -nan%                0         -nan%
FRAGHIST_BIN_31                                      0         -nan%                0         -nan%
FRAGHIST_BIN_32                                      0         -nan%                0         -nan%
                                                     0         -nan%                0         -nan%
                                                  -nan         -nan              -nan         -nan

BTB_UPDATE_BTB_HIT_JITTED_NOT_CF                     0        0.000%                0        0.000%
BTB_UPDATE_BTB_HIT_JITTED_CF_BR                      0        0.000%                0        0.000%
BTB_UPDATE_BTB_HIT_JITTED_CF_CBR                     0        0.000%                0        0.000%
BTB_UPDATE_BTB_HIT_JITTED_CF_CALL                    0        0.000%                0        0.000%
BTB_UPDATE_BTB_HIT_JITTED_CF_IBR                     0        0.000%                0        0.000%
BTB_UPDATE_BTB_HIT_JITTED_CF_ICALL               32877       77.151%           111879       80.522%
BTB_UPDATE_BTB_HIT_JITTED_CF_ICO                  9737       22.849%            27063       19.478%
BTB_UPDATE_BTB_HIT_JITTED_CF_RET                     0        0.000%                0        0.000%
                                                 42614      100.000%           138942      100.000%
                                                  5.23         0.42              5.19         0.40

RESTEER_BTB_MISS_NOT_CF                          62546       80.057%           170331       79.654%
RESTEER_BTB_MISS_CF_BR                               0        0.000%                0        0.000%
RESTEER_BTB_MISS_CF_CBR                             15        0.019%              393        0.184%
RESTEER_BTB_MISS_CF_REP                              6        0.008%               19        0.009%
RESTEER_BTB_MISS_CF_CALL                             0        0.000%                0        0.000%
RESTEER_BTB_MISS_CF_IBR                             16        0.020%              548        0.256%
RESTEER_BTB_MISS_CF_ICALL                            0        0.000%                0        0.000%
RESTEER_BTB_MISS_CF_ICO                              0        0.000%                0        0.000%
RESTEER_BTB_MISS_CF_RET                              0        0.000%                0        0.000%
RESTEER_RECOVER_AT_EXEC_NOT_CF                       0        0.000%                0        0.000%
RESTEER_RECOVER_AT_EXEC_CF_BR                        0        0.000%                0        0.000%
RESTEER_RECOVER_AT_EXEC_CF_CBR                    4290        5.491%            14732        6.889%
RESTEER_RECOVER_AT_EXEC_CF_REP                       0        0.000%                0        0.000%
RESTEER_RECOVER_AT_EXEC_CF_CALL                      0        0.000%                0        0.000%
RESTEER_RECOVER_AT_EXEC_CF_IBR                    7426        9.505%            17934        8.387%
RESTEER_RECOVER_AT_EXEC_CF_ICALL                  1664        2.130%             3921        1.834%
RESTEER_RECOVER_AT_EXEC_CF_ICO                       0        0.000%                0        0.000%
RESTEER_RECOVER_AT_EXEC_CF_RET                    2164        2.770%             5960        2.787%
RESTEER_RECOVER_AT_DECODE_NOT_CF                     0        0.000%                0        0.000%
RESTEER_RECOVER_AT_DECODE_CF_BR                      0        0.000%                0        0.000%
RESTEER_RECOVER_AT_DECODE_CF_CBR                     0        0.000%                0        0.000%
RESTEER_RECOVER_AT_DECODE_CF_REP                     0        0.000%                0        0.000%
RESTEER_RECOVER_AT_DECODE_CF_CALL                    0        0.000%                0        0.000%
RESTEER_RECOVER_AT_DECODE_CF_IBR                     0        0.000%                0        0.000%
RESTEER_RECOVER_AT_DECODE_CF_ICALL                   0        0.000%                0        0.000%
RESTEER_RECOVER_AT_DECODE_CF_ICO                     0        0.000%                0        0.000%
RESTEER_RECOVER_AT_DECODE_CF_RET                     0        0.000%                0        0.000%
RESTEER_NO_TARGET_CF_IBR                             0        0.000%                0        0.000%
RESTEER_NO_TARGET_CF_ICALL                           0        0.000%                0        0.000%
RESTEER_NO_TARGET_CF_ICO                             0        0.000%                0        0.000%
RESTEER_NO_TARGET_CF_RET                             0        0.000%                0        0.000%
                                                 78127      100.000%           213838      100.000%
                                                  2.73         4.97              2.70         4.89

TAGESCL_COMP_TAGE_BASE_CORRECT                 1088734       67.897%          3364815       70.231%
TAGESCL_COMP_TAGE_BASE_RECOVER_AT_EXEC             178        0.011%             1814        0.038%
TAGESCL_COMP_TAGE_SHORT_CORRECT                 367379       22.911%          1010824       21.098%
TAGESCL_COMP_TAGE_SHORT_RECOVER_AT_EXEC            796        0.050%             2682        0.056%
TAGESCL_COMP_TAGE_LONG_CORRECT                  133779        8.343%           369455        7.711%
TAGESCL_COMP_TAGE_LONG_RECOVER_AT_EXEC            2703        0.169%             8611        0.180%
TAGESCL_COMP_LOOP_CORRECT                         8306        0.518%            28570        0.596%
TAGESCL_COMP_LOOP_RECOVER_AT_EXEC                   12        0.001%               33        0.001%
TAGESCL_COMP_SC_CORRECT                           1030        0.064%             2679        0.056%
TAGESCL_COMP_SC_RECOVER_AT_EXEC                    601        0.037%             1592        0.033%
                                               1603518      100.000%          4791075      100.000%
                                                  0.84         1.17              0.78         1.17

TAGESCL_COMP_BTB_MISS_TAGE_BASE_CORRECT         962276       94.846%          3032669       95.310%
TAGESCL_COMP_BTB_MISS_TAGE_BASE_RECOVER_AT_EXEC            34        0.003%              893        0.028%
TAGESCL_COMP_BTB_MISS_TAGE_SHORT_CORRECT         39736        3.917%           112821        3.546%
TAGESCL_COMP_BTB_MISS_TAGE_SHORT_RECOVER_AT_EXEC            13        0.001%               99        0.003%
TAGESCL_COMP_BTB_MISS_TAGE_LONG_CORRECT          12202        1.203%            34770        1.093%
TAGESCL_COMP_BTB_MISS_TAGE_LONG_RECOVER_AT_EXEC            28        0.003%               95        0.003%
TAGESCL_COMP_BTB_MISS_LOOP_CORRECT                 264        0.026%              515        0.016%
TAGESCL_COMP_BTB_MISS_LOOP_RECOVER_AT_EXEC             1        0.000%                2        0.000%
TAGESCL_COMP_BTB_MISS_SC_CORRECT                    10        0.001%               30        0.001%
TAGESCL_COMP_BTB_MISS_SC_RECOVER_AT_EXEC             2        0.000%                8        0.000%
                                               1014566      100.000%          3181902      100.000%
                                                  0.13         0.57              0.12         0.55

TAGESCL_CONF_0_PER_BASE_RECOVER_AT_EXEC              0        0.000%                0        0.000%
TAGESCL_CONF_1_PER_BASE_RECOVER_AT_EXEC             63        1.469%              861        5.844%
TAGESCL_CONF_2_PER_BASE_RECOVER_AT_EXEC              0        0.000%                0        0.000%
TAGESCL_CONF_3_PER_BASE_RECOVER_AT_EXEC            115        2.681%              953        6.469%
TAGESCL_CONF_0_PER_SHORT_RECOVER_AT_EXEC            81        1.888%              351        2.383%
TAGESCL_CONF_1_PER_SHORT_RECOVER_AT_EXEC           302        7.040%             1076        7.304%
TAGESCL_CONF_2_PER_SHORT_RECOVER_AT_EXEC            95        2.214%              287        1.948%
TAGESCL_CONF_3_PER_SHORT_RECOVER_AT_EXEC           318        7.413%              968        6.571%
TAGESCL_CONF_0_PER_LONG_RECOVER_AT_EXEC            458       10.676%             1441        9.781%
TAGESCL_CONF_1_PER_LONG_RECOVER_AT_EXEC            767       17.879%             2688       18.246%
TAGESCL_CONF_2_PER_LONG_RECOVER_AT_EXEC            408        9.510%             1307        8.872%
TAGESCL_CONF_3_PER_LONG_RECOVER_AT_EXEC           1070       24.942%             3175       21.552%
TAGESCL_CONF_0_PER_LOOP_RECOVER_AT_EXEC              0        0.000%                1        0.007%
TAGESCL_CONF_1_PER_LOOP_RECOVER_AT_EXEC              1        0.023%                4        0.027%
TAGESCL_CONF_2_PER_LOOP_RECOVER_AT_EXEC              1        0.023%                2        0.014%
TAGESCL_CONF_3_PER_LOOP_RECOVER_AT_EXEC             10        0.233%               26        0.176%
TAGESCL_CONF_0_PER_SC_RECOVER_AT_EXEC              126        2.937%              305        2.070%
TAGESCL_CONF_1_PER_SC_RECOVER_AT_EXEC              414        9.650%             1113        7.555%
TAGESCL_CONF_2_PER_SC_RECOVER_AT_EXEC               38        0.886%              132        0.896%
TAGESCL_CONF_3_PER_SC_RECOVER_AT_EXEC               23        0.536%               42        0.285%
                                                  4290      100.000%            14732      100.000%
                                                  9.75         3.76              8.84         4.06

TAGESCL_SC_SMALLLSUM                              1429        0.089%             3813        0.080%
TAGESCL_SC_SMALLLFIRST                               0        0.000%                1        0.000%
TAGESCL_SC_SMALLLSECOND                              9        0.001%               16        0.000%
TAGESCL_SC_IDENTICAL                           1601778       99.910%          4786499       99.920%
                                               1603216      100.000%          4790329      100.000%
                                                  3.00         3.00              3.00         3.00

CRS_UNDERFLOW_ON_PATH                                0        0.000%               26        0.032%
CRS_UNDERFLOW_OFF_PATH                           30434      100.000%            81548       99.968%
                                                 30434      100.000%            81574      100.000%
                                                  1.00         1.00              1.00         1.00



