/* -*- Mode: c -*- */
####################################################################################################
Core 0
####################################################################################################
Cumulative:        Cycles: 6124615               Instructions: 30000000              IPC: 4.89827

Periodic:          Cycles: 2022762               Instructions: 9999995               IPC: 4.94373

ICACHE_MISS                                          0        0.000%              105        0.040%
ICACHE_HIT                                       87542      100.000%           264273       99.960%
                                                 87542      100.000%           264378      100.000%
                                                  1.00         1.00              1.00         1.00

ICACHE_MISS_ONPATH                                   0         -nan%               30       28.571%
ICACHE_MISS_OFFPATH                                  0         -nan%               75       71.429%
                                                     0         -nan%              105      100.000%
                                                  -nan         -nan              0.71         0.65

ICACHE_MISS_NOT_PREFETCHED                           0         -nan%                4        3.922%
ICACHE_MISS_PREFETCHED_AND_EVICTED_BY_IFETCH             0         -nan%                0        0.000%
ICACHE_MISS_PREFETCHED_AND_EVICTED_BY_FDIP             0         -nan%                0        0.000%
ICACHE_MISS_MSHR_HIT_PREFETCHED_OFFPATH              0         -nan%               73       71.569%
ICACHE_MISS_MSHR_HIT_PREFETCHED_ONPATH               0         -nan%               25       24.510%
                                                     0         -nan%              102      100.000%
                                                  -nan         -nan              3.13         1.62

ICACHE_HIT_ONPATH                                87542      100.000%           263980       99.889%
ICACHE_HIT_OFFPATH                                   0        0.000%              293        0.111%
                                                 87542      100.000%           264273      100.000%
                                                  0.00         0.00              0.00         0.03

ICACHE_HIT_ONPATH_SAT_BY_OFFPATH                     0         -nan%                0         -nan%
ICACHE_HIT_ONPATH_SAT_BY_ONPATH                      0         -nan%                0         -nan%
                                                     0         -nan%                0         -nan%
                                                  -nan         -nan              -nan         -nan

ICACHE_HIT_OFFPATH_SAT_BY_OFFPATH                    0         -nan%                0         -nan%
ICACHE_HIT_OFFPATH_SAT_BY_ONPATH                     0         -nan%                0         -nan%
                                                     0         -nan%                0         -nan%
                                                  -nan         -nan              -nan         -nan

ICACHE_HIT_BY_FDIP_ONPATH                            0         -nan%                0         -nan%
ICACHE_HIT_BY_FDIP_OFFPATH                           0         -nan%                0         -nan%
                                                     0         -nan%                0         -nan%
                                                  -nan         -nan              -nan         -nan

ICACHE_MISS_MSHR_HIT_BY_FDIP_ONPATH                  0         -nan%               12       12.245%
ICACHE_MISS_MSHR_HIT_BY_FDIP_OFFPATH                 0         -nan%               86       87.755%
                                                     0         -nan%               98      100.000%
                                                  -nan         -nan              0.88         0.83

ICACHE_HIT_ONPATH_BY_FDIP                            0         -nan%                0        0.000%
ICACHE_HIT_OFFPATH_BY_FDIP                           0         -nan%                0        0.000%
ICACHE_MISS_MSHR_HIT_ONPATH_BY_FDIP                  0         -nan%               26       24.762%
ICACHE_MISS_MSHR_HIT_OFFPATH_BY_FDIP                 0         -nan%               72       68.571%
ICACHE_MISS_TOO_EARLY_ONPATH                         0         -nan%                0        0.000%
ICACHE_MISS_TOO_EARLY_OFFPATH                        0         -nan%                0        0.000%
ICACHE_MISS_NOT_PREFETCHED_ONPATH                    0         -nan%                4        3.810%
ICACHE_MISS_NOT_PREFETCHED_OFFPATH                   0         -nan%                3        2.857%
                                                     0         -nan%              105      100.000%
                                                  -nan         -nan              2.98         1.15

ICACHE_MISS_MEM_REQ_FAIL_ON_PATH                     0         -nan%                0        0.000%
ICACHE_MISS_MEM_REQ_SUCCESS_ON_PATH                  0         -nan%                4      100.000%
                                                     0         -nan%                4      100.000%
                                                  -nan         -nan              1.00         1.15

ICACHE_UNIQUE_MISSED_LINES                           0                             26              

ICACHE_UNIQUE_HIT_LINES                              0                              0              

ICACHE_OVERTAKE_FDIP                                 0                              0              

FT_UOP_CACHE_HIT_ON_PATH                       1147570       92.912%          3447963       92.888%
FT_UOP_CACHE_MISS_ICACHE_HIT_ON_PATH             87542        7.088%           263980        7.112%
FT_UOP_CACHE_MISS_ICACHE_MISS_ON_PATH                0        0.000%               30        0.001%
                                               1235112      100.000%          3711973      100.000%
                                                  0.07         0.25              0.07         0.25

FT_UOP_CACHE_HIT_OFF_PATH                            0         -nan%             1109       75.085%
FT_UOP_CACHE_MISS_ICACHE_HIT_OFF_PATH                0         -nan%              293       19.838%
FT_UOP_CACHE_MISS_ICACHE_MISS_OFF_PATH               0         -nan%               75        5.078%
                                                     0         -nan%             1477      100.000%
                                                  -nan         -nan              0.30         0.50

UOPS_SERVED_BY_ICACHE_ON_PATH                   829575        6.893%          2496829        6.904%
UOPS_SERVED_BY_UOP_CACHE_ON_PATH              11205012       93.107%         33670232       93.096%
                                              12034587      100.000%         36167061      100.000%
                                                  0.93         0.90              0.93         0.90

UOPS_SERVED_BY_ICACHE_OFF_PATH                       0         -nan%             6906       40.245%
UOPS_SERVED_BY_UOP_CACHE_OFF_PATH                    0         -nan%            10254       59.755%
                                                     0         -nan%            17160      100.000%
                                                  -nan         -nan              0.60         0.56

UOP_CACHE_FT_INSERTED_ONPATH_USED_ONPATH         28991                          87630              

UOP_CACHE_FT_INSERTED_OFFPATH_USED_ONPATH             0                             45              

UOP_CACHE_LINE_INSERTED_ONPATH_USED_ONPATH         57982                         174941              

UOP_CACHE_LINE_INSERTED_OFFPATH_USED_ONPATH             0                             69              

UOP_CACHE_PREFETCH                                   0                              0              

UOP_CACHE_FT_INSERT_FAILED_INST_TOO_BIG_ON_PATH             0        0.000%                0        0.000%
UOP_CACHE_FT_INSERT_FAILED_FT_TOO_BIG_ON_PATH             0        0.000%                0        0.000%
UOP_CACHE_FT_SHORT_REUSE_CONFLICTED_ON_PATH         15346       17.530%            46606       17.654%
UOP_CACHE_FT_INSERT_SUCCEEDED_ON_PATH            72196       82.470%           217389       82.346%
                                                 87542      100.000%           263995      100.000%
                                                  2.82         2.59              2.82         2.59

UOP_CACHE_FT_INSERT_FAILED_INST_TOO_BIG_OFF_PATH             0         -nan%                0        0.000%
UOP_CACHE_FT_INSERT_FAILED_FT_TOO_BIG_OFF_PATH             0         -nan%                0        0.000%
UOP_CACHE_FT_SHORT_REUSE_CONFLICTED_OFF_PATH             0         -nan%               21        9.767%
UOP_CACHE_FT_INSERT_SUCCEEDED_OFF_PATH               0         -nan%              194       90.233%
                                                     0         -nan%              215      100.000%
                                                  -nan         -nan              2.90         2.78

UOP_CACHE_LINE_INSERT_FAILED_INST_TOO_BIG_ON_PATH             0        0.000%                0        0.000%
UOP_CACHE_LINE_INSERT_FAILED_FT_TOO_BIG_ON_PATH             0        0.000%                0        0.000%
UOP_CACHE_LINE_SHORT_REUSE_CONFLICTED_ON_PATH         16669       10.362%            50845       10.490%
UOP_CACHE_LINE_INSERT_SUCCEEDED_ON_PATH         144203       89.638%           433839       89.510%
                                                160872      100.000%           484684      100.000%
                                                  2.90         2.76              2.90         2.76

UOP_CACHE_LINE_INSERT_FAILED_INST_TOO_BIG_OFF_PATH             0         -nan%                0        0.000%
UOP_CACHE_LINE_INSERT_FAILED_FT_TOO_BIG_OFF_PATH             0         -nan%                0        0.000%
UOP_CACHE_LINE_SHORT_REUSE_CONFLICTED_OFF_PATH             0         -nan%               22        4.104%
UOP_CACHE_LINE_INSERT_SUCCEEDED_OFF_PATH             0         -nan%              514       95.896%
                                                     0         -nan%              536      100.000%
                                                  -nan         -nan              2.96         2.91

UOP_CACHE_ICACHE_SWITCH_BR_NOT_TAKEN_RESTEERED             0         -nan%                0         -nan%
UOP_CACHE_ICACHE_SWITCH_BR_NOT_TAKEN_CORRECT_PRED             0         -nan%                0         -nan%
UOP_CACHE_ICACHE_SWITCH_BR_TAKEN_RESTEERED             0         -nan%                0         -nan%
UOP_CACHE_ICACHE_SWITCH_BR_TAKEN_CORRECT_PRED             0         -nan%                0         -nan%
                                                     0         -nan%                0         -nan%
                                                  -nan         -nan              -nan         -nan

UOP_CACHE_FT_LINES_1_ON_PATH                     43015       49.136%           129766       49.155%
UOP_CACHE_FT_LINES_2_ON_PATH                     15913       18.178%            48346       18.313%
UOP_CACHE_FT_LINES_3_ON_PATH                     28425       32.470%            85306       32.313%
UOP_CACHE_FT_LINES_4_ON_PATH                       189        0.216%              577        0.219%
UOP_CACHE_FT_LINES_5_ON_PATH                         0        0.000%                0        0.000%
UOP_CACHE_FT_LINES_6_ON_PATH                         0        0.000%                0        0.000%
UOP_CACHE_FT_LINES_7_ON_PATH                         0        0.000%                0        0.000%
UOP_CACHE_FT_LINES_8_ON_PATH                         0        0.000%                0        0.000%
UOP_CACHE_FT_LINES_9_AND_MORE_ON_PATH                0        0.000%                0        0.000%
                                                 87542      100.000%           263995      100.000%
                                                  0.84         0.67              0.84         0.67

UOP_CACHE_FT_LINES_1_OFF_PATH                        0         -nan%               40       18.605%
UOP_CACHE_FT_LINES_2_OFF_PATH                        0         -nan%               30       13.953%
UOP_CACHE_FT_LINES_3_OFF_PATH                        0         -nan%              144       66.977%
UOP_CACHE_FT_LINES_4_OFF_PATH                        0         -nan%                1        0.465%
UOP_CACHE_FT_LINES_5_OFF_PATH                        0         -nan%                0        0.000%
UOP_CACHE_FT_LINES_6_OFF_PATH                        0         -nan%                0        0.000%
UOP_CACHE_FT_LINES_7_OFF_PATH                        0         -nan%                0        0.000%
UOP_CACHE_FT_LINES_8_OFF_PATH                        0         -nan%                0        0.000%
UOP_CACHE_FT_LINES_9_AND_MORE_OFF_PATH               0         -nan%                0        0.000%
                                                     0         -nan%              215      100.000%
                                                  -nan         -nan              1.49         0.47

UOP_CACHE_PREFETCH_PW_LENGTH_1                       0         -nan%                0         -nan%
UOP_CACHE_PREFETCH_PW_LENGTH_2                       0         -nan%                0         -nan%
UOP_CACHE_PREFETCH_PW_LENGTH_3                       0         -nan%                0         -nan%
UOP_CACHE_PREFETCH_PW_LENGTH_4                       0         -nan%                0         -nan%
UOP_CACHE_PREFETCH_PW_LENGTH_5                       0         -nan%                0         -nan%
UOP_CACHE_PREFETCH_PW_LENGTH_6                       0         -nan%                0         -nan%
UOP_CACHE_PREFETCH_PW_LENGTH_7                       0         -nan%                0         -nan%
UOP_CACHE_PREFETCH_PW_LENGTH_8                       0         -nan%                0         -nan%
UOP_CACHE_PREFETCH_PW_LENGTH_9                       0         -nan%                0         -nan%
UOP_CACHE_PREFETCH_PW_LENGTH_10                      0         -nan%                0         -nan%
UOP_CACHE_PREFETCH_PW_LENGTH_11                      0         -nan%                0         -nan%
UOP_CACHE_PREFETCH_PW_LENGTH_12                      0         -nan%                0         -nan%
UOP_CACHE_PREFETCH_PW_LENGTH_13                      0         -nan%                0         -nan%
UOP_CACHE_PREFETCH_PW_LENGTH_14                      0         -nan%                0         -nan%
UOP_CACHE_PREFETCH_PW_LENGTH_15                      0         -nan%                0         -nan%
UOP_CACHE_PREFETCH_PW_LENGTH_16                      0         -nan%                0         -nan%
UOP_CACHE_PREFETCH_PW_LENGTH_17                      0         -nan%                0         -nan%
UOP_CACHE_PREFETCH_PW_LENGTH_18                      0         -nan%                0         -nan%
UOP_CACHE_PREFETCH_PW_LENGTH_19                      0         -nan%                0         -nan%
UOP_CACHE_PREFETCH_PW_LENGTH_20                      0         -nan%                0         -nan%
UOP_CACHE_PREFETCH_PW_LENGTH_21                      0         -nan%                0         -nan%
UOP_CACHE_PREFETCH_PW_LENGTH_22                      0         -nan%                0         -nan%
UOP_CACHE_PREFETCH_PW_LENGTH_23                      0         -nan%                0         -nan%
UOP_CACHE_PREFETCH_PW_LENGTH_24                      0         -nan%                0         -nan%
                                                     0         -nan%                0         -nan%
                                                  -nan         -nan              -nan         -nan

DCACHE_MISS                                     175499        5.348%           522660        5.302%
DCACHE_ST_BUFFER_HIT                            208513        6.354%           619566        6.285%
DCACHE_HIT                                     2897742       88.299%          8714943       88.412%
                                               3281754      100.000%          9857169      100.000%
                                                  1.83         1.74              1.83         1.74

DCACHE_MISS_ONPATH                              175499      100.000%           522660       99.998%
DCACHE_MISS_OFFPATH                                  0        0.000%               12        0.002%
                                                175499      100.000%           522672      100.000%
                                                  0.00         0.00              0.00         0.00

DCACHE_ST_BUFFER_HIT_ONPATH                     208513      100.000%           619566       99.999%
DCACHE_ST_BUFFER_HIT_OFFPATH                         0        0.000%                4        0.001%
                                                208513      100.000%           619570      100.000%
                                                  0.00         0.00              0.00         0.00

DCACHE_HIT_ONPATH                              2897742      100.000%          8714943       99.995%
DCACHE_HIT_OFFPATH                                   0        0.000%              439        0.005%
                                               2897742      100.000%          8715382      100.000%
                                                  0.00         0.00              0.00         0.01

DCACHE_HIT_ONPATH_SAT_BY_OFFPATH                     0        0.000%                0        0.000%
DCACHE_HIT_ONPATH_SAT_BY_ONPATH                2897742      100.000%          8714943      100.000%
                                               2897742      100.000%          8714943      100.000%
                                                  1.00         1.00              1.00         1.00

DCACHE_HIT_OFFPATH_SAT_BY_OFFPATH                    0         -nan%                0        0.000%
DCACHE_HIT_OFFPATH_SAT_BY_ONPATH                     0         -nan%              439      100.000%
                                                     0         -nan%              439      100.000%
                                                  -nan         -nan              1.00         1.00

DCACHE_MISS_LD                                     251        0.143%             1390        0.266%
DCACHE_MISS_ST                                  175248       99.857%           521270       99.734%
                                                175499      100.000%           522660      100.000%
                                                  1.00         1.00              1.00         1.00

DCACHE_MISS_LD_ONPATH                              251      100.000%             1390       99.144%
DCACHE_MISS_LD_OFFPATH                               0        0.000%               12        0.856%
                                                   251      100.000%             1402      100.000%
                                                  0.00         0.00              0.01         0.09

DCACHE_MISS_ST_ONPATH                           175248      100.000%           521270      100.000%
DCACHE_MISS_ST_OFFPATH                               0        0.000%                0        0.000%
                                                175248      100.000%           521270      100.000%
                                                  0.00         0.00              0.00         0.00

DCACHE_MISS_WAITMEM                                 33                            402              

MEM_REQ_ROW_BUFFER_HITS                              0         -nan%                0         -nan%
MEM_REQ_ROW_BUFFER_MISSES                            0         -nan%                0         -nan%
MEM_REQ_ROW_BUFFER_CONFLICTS                         0         -nan%                0         -nan%
                                                     0         -nan%                0         -nan%
                                                  -nan         -nan              -nan         -nan

SHADOW_ROW_BUFFER_HITS                               0                              0              

SHADOW_ROW_HIT_STALL_TIME                            0                              0              

CHANNEL0_BUS_BUSY_CYCLES                             0         -nan%                0         -nan%
CHANNEL1_BUS_BUSY_CYCLES                             0         -nan%                0         -nan%
CHANNEL2_BUS_BUSY_CYCLES                             0         -nan%                0         -nan%
CHANNEL3_BUS_BUSY_CYCLES                             0         -nan%                0         -nan%
CHANNEL4_BUS_BUSY_CYCLES                             0         -nan%                0         -nan%
CHANNEL5_BUS_BUSY_CYCLES                             0         -nan%                0         -nan%
CHANNEL6_BUS_BUSY_CYCLES                             0         -nan%                0         -nan%
CHANNEL7_BUS_BUSY_CYCLES                             0         -nan%                0         -nan%
                                                     0         -nan%                0         -nan%
                                                  -nan         -nan              -nan         -nan

CHANNEL_IDLE_DESPITE_READY_CMD                       0                              0              

MEM_NUM_TOTAL_BUS_CYCLES                             0                              0              

MEM_NUM_BANK_BUSY_PER_BUS_CYCLE                      0          -nan                0          -nan

CORE_NUM_BANK_BUSY_PER_BUS_CYCLE                     0          -nan                0          -nan

CHANNEL0_MEM_NUM_TOTAL_BUS_CYCLES                    0         -nan%                0         -nan%
CHANNEL1_MEM_NUM_TOTAL_BUS_CYCLES                    0         -nan%                0         -nan%
CHANNEL2_MEM_NUM_TOTAL_BUS_CYCLES                    0         -nan%                0         -nan%
CHANNEL3_MEM_NUM_TOTAL_BUS_CYCLES                    0         -nan%                0         -nan%
CHANNEL4_MEM_NUM_TOTAL_BUS_CYCLES                    0         -nan%                0         -nan%
CHANNEL5_MEM_NUM_TOTAL_BUS_CYCLES                    0         -nan%                0         -nan%
CHANNEL6_MEM_NUM_TOTAL_BUS_CYCLES                    0         -nan%                0         -nan%
CHANNEL7_MEM_NUM_TOTAL_BUS_CYCLES                    0         -nan%                0         -nan%
                                                     0         -nan%                0         -nan%
                                                  -nan         -nan              -nan         -nan

CHANNEL0_MEM_NUM_BANK_BUSY_PER_BUS_CYCLE             0          -nan                0          -nan

CHANNEL1_MEM_NUM_BANK_BUSY_PER_BUS_CYCLE             0          -nan                0          -nan

CHANNEL2_MEM_NUM_BANK_BUSY_PER_BUS_CYCLE             0          -nan                0          -nan

CHANNEL3_MEM_NUM_BANK_BUSY_PER_BUS_CYCLE             0          -nan                0          -nan

CHANNEL4_MEM_NUM_BANK_BUSY_PER_BUS_CYCLE             0          -nan                0          -nan

CHANNEL5_MEM_NUM_BANK_BUSY_PER_BUS_CYCLE             0          -nan                0          -nan

CHANNEL6_MEM_NUM_BANK_BUSY_PER_BUS_CYCLE             0          -nan                0          -nan

CHANNEL7_MEM_NUM_BANK_BUSY_PER_BUS_CYCLE             0          -nan                0          -nan

RAMULATOR_QUEUE_ENQUEUED                             0                              0              

RAMULATOR_QUEUE_FULL                                 0                              0              

BUS_DEMAND_ACCESS                                30593                          92201              

BUS_PREF_ACCESS                                      0                              4              

BUS_ACCESS                                           0                              0              

L1_DEMAND_ACCESS                                119055                         355525              

L1_PREF_ACCESS                                       0                            376              

L1_ACCESS                                        90121                         270160              

MLC_DEMAND_ACCESS                                61537                         184062              

MLC_PREF_ACCESS                                      0                            379              

MLC_ACCESS                                       61537                         184441              

L1_HIT                                               0        0.000%                5        0.005%
L1_MISS                                          30593      100.000%            91834       99.995%
                                                 30593      100.000%            91839      100.000%
                                                  1.00         1.00              1.00         1.00

L1_HIT_ALL                                       28933       48.605%            85737       48.181%
L1_MISS_ALL                                      30594       51.395%            92211       51.819%
                                                 59527      100.000%           177948      100.000%
                                                  0.51         0.51              0.52         0.51

L1_DEMAND_MISS                                   30593       99.997%            91834       99.591%
L1_PREF_REQ_MISS                                     0        0.000%                4        0.004%
L1_WB_MISS                                           1        0.003%              373        0.405%
                                                 30594      100.000%            92211      100.000%
                                                  0.00         0.01              0.01         0.13

L1_DEMAND_HIT                                        0        0.000%                5        0.006%
L1_PREF_REQ_HIT                                      0        0.000%                0        0.000%
L1_WB_HIT                                        28933      100.000%            85732       99.994%
                                                 28933      100.000%            85737      100.000%
                                                  2.00         2.00              2.00         2.00

L1_MISS_ONPATH                                   30593      100.000%            91829       99.995%
L1_MISS_OFFPATH                                      0        0.000%                5        0.005%
                                                 30593      100.000%            91834      100.000%
                                                  0.00         0.00              0.00         0.01

L1_MISS_ALL_ONPATH                               30594      100.000%            91843       99.601%
L1_MISS_ALL_OFFPATH                                  0        0.000%              368        0.399%
                                                 30594      100.000%            92211      100.000%
                                                  0.00         0.00              0.00         0.06

L1_HIT_ONPATH                                        0         -nan%                5      100.000%
L1_HIT_OFFPATH                                       0         -nan%                0        0.000%
                                                     0         -nan%                5      100.000%
                                                  -nan         -nan              0.00         0.00

L1_HIT_ALL_ONPATH                                28933      100.000%            85737      100.000%
L1_HIT_ALL_OFFPATH                                   0        0.000%                0        0.000%
                                                 28933      100.000%            85737      100.000%
                                                  0.00         0.00              0.00         0.00

L1_HIT_ONPATH_SAT_BY_OFFPATH                         0        0.000%                0        0.000%
L1_HIT_ONPATH_SAT_BY_ONPATH                      28933      100.000%            85737      100.000%
                                                 28933      100.000%            85737      100.000%
                                                  1.00         1.00              1.00         1.00

L1_HIT_OFFPATH_SAT_BY_OFFPATH                        0         -nan%                0         -nan%
L1_HIT_OFFPATH_SAT_BY_ONPATH                         0         -nan%                0         -nan%
                                                     0         -nan%                0         -nan%
                                                  -nan         -nan              -nan         -nan

L1_HIT_ONPATH_IFETCH_SAT_BY_OFFPATH                  0         -nan%                0         -nan%
L1_HIT_ONPATH_IFETCH_SAT_BY_ONPATH                   0         -nan%                0         -nan%
                                                     0         -nan%                0         -nan%
                                                  -nan         -nan              -nan         -nan

L1_HIT_ONPATH_DATA_SAT_BY_OFFPATH                    0         -nan%                0        0.000%
L1_HIT_ONPATH_DATA_SAT_BY_ONPATH                     0         -nan%                5      100.000%
                                                     0         -nan%                5      100.000%
                                                  -nan         -nan              1.00         1.12

L1_FILL_OFFPATH_IFETCH                               0                              3              

L1_FILL_OFFPATH_DATA                                 0                              0              

L1_FILL_OFFPATH                                      0                            366              

L1_USE_OFFPATH_IFETCH                                0          -nan                0        0.0000

L1_USE_OFFPATH_DATA                                  0          -nan                0          -nan

L1_USE_OFFPATH                                       0          -nan                0        0.0000

JUST_L1_USE_OFFPATH                                  0          -nan                0        0.0000

L1_FILL_ONPATH_IFETCH                                0                             15              

L1_FILL_ONPATH_DATA                              30593                          91814              

L1_FILL_ONPATH                                   30593                          91833              

L1_USE_ONPATH_IFETCH                                 0          -nan                0        0.0000

L1_USE_ONPATH_DATA                                   0        0.0000                5        0.0001

L1_USE_ONPATH                                    28933        0.9457            85737        0.9336

L1_CYCLE                                       2022762                        6124615              

L1_LINES                                   14022462543     6932.3344      31934719905     5214.1596

MLC_HIT                                            264        0.856%              855        0.922%
MLC_MISS                                         30593       99.144%            91839       99.078%
                                                 30857      100.000%            92694      100.000%
                                                  0.99         0.99              0.99         0.99

MLC_HIT_ALL                                      30739       49.952%            91626       49.679%
MLC_MISS_ALL                                     30798       50.048%            92811       50.321%
                                                 61537      100.000%           184437      100.000%
                                                  0.50         0.50              0.50         0.50

MLC_DEMAND_MISS                                  30593       99.334%            91839       98.953%
MLC_PREF_REQ_MISS                                    0        0.000%                0        0.000%
MLC_WB_MISS                                        205        0.666%              972        1.047%
                                                 30798      100.000%            92811      100.000%
                                                  0.01         0.16              0.02         0.20

MLC_DEMAND_HIT                                     264        0.859%              855        0.933%
MLC_PREF_REQ_HIT                                     0        0.000%                0        0.000%
MLC_WB_HIT                                       30475       99.141%            90771       99.067%
                                                 30739      100.000%            91626      100.000%
                                                  1.98         1.97              1.98         1.97

MLC_MISS_ONPATH                                  30593      100.000%            91834       99.995%
MLC_MISS_OFFPATH                                     0        0.000%                5        0.005%
                                                 30593      100.000%            91839      100.000%
                                                  0.00         0.00              0.00         0.01

MLC_MISS_ALL_ONPATH                              30798      100.000%            92442       99.602%
MLC_MISS_ALL_OFFPATH                                 0        0.000%              369        0.398%
                                                 30798      100.000%            92811      100.000%
                                                  0.00         0.00              0.00         0.06

MLC_HIT_ONPATH                                     264      100.000%              855      100.000%
MLC_HIT_OFFPATH                                      0        0.000%                0        0.000%
                                                   264      100.000%              855      100.000%
                                                  0.00         0.00              0.00         0.00

MLC_HIT_ALL_ONPATH                               30739      100.000%            91626      100.000%
MLC_HIT_ALL_OFFPATH                                  0        0.000%                0        0.000%
                                                 30739      100.000%            91626      100.000%
                                                  0.00         0.00              0.00         0.00

L1_QUEUE_OCCUPANCY                             2231284        0.3643          6669358        1.0889

MLC_QUEUE_OCCUPANCY                            2171757        0.3546          6491410        1.0599

DCACHE_FILL_PORT_UNAVAILABLE_ONPATH                  4                            197              

DCACHE_FILL_PORT_UNAVAILABLE_OFFPATH                 0                              0              

DCACHE_READ_PORT_UNAVAILABLE_ONPATH             429443                        1296564              

DCACHE_READ_PORT_UNAVAILABLE_OFFPATH                 0                             51              

DCACHE_FILL_OFFPATH                                  0                              0              

DCACHE_USE_OFFPATH                                   0          -nan                0          -nan

DCACHE_FILL_ONPATH                               30856                          92673              

DCACHE_USE_ONPATH                              2897742       93.9118          8714943       94.0397

ICACHE_FILL_OFFPATH                                  0                            366              

ICACHE_USE_OFFPATH                                   0          -nan                0        0.0000

ICACHE_FILL_ONPATH                                   0                             19              

ICACHE_USE_ONPATH                                    0          -nan                0        0.0000

REQBUF_CREATE_ONPATH                            119382                         354105              

REQBUF_ONPATH_MATCH_OFFPATH                          0        0.0000                2        0.0000

REQBUF_CREATE_ONPATH_DATA                        30857                          92676              

REQBUF_ONPATH_MATCH_OFFPATH_DATA                     0        0.0000                1        0.0000

REQBUF_CREATE_ONPATH_IFETCH                          0                              4              

REQBUF_ONPATH_MATCH_OFFPATH_IFETCH                   0          -nan                1        0.2500

REQBUF_CREATE_OFFPATH                                0                            369              

ONPATH_KICKED_OUT_OFFPATH                            0                              0              

ONPATH_KICKED_OUT_PREFETCH                           0                              0              

DIST_ICACHE_FILL_OFFPATH_USED                        0         -nan%                0        0.000%
DIST_ICACHE_FILL_OFFPATH_NOTUSED                     0         -nan%                0        0.000%
DIST_ICACHE_FILL_ONPATH_PARTIAL                      0         -nan%                1        5.263%
DIST_ICACHE_FILL_ONPATH                              0         -nan%               18       94.737%
                                                     0         -nan%               19      100.000%
                                                  -nan         -nan              2.95         2.96

DIST_DCACHE_FILL_OFFPATH_USED                        0        0.000%                0        0.000%
DIST_DCACHE_FILL_OFFPATH_NOTUSED                     0        0.000%                0        0.000%
DIST_DCACHE_FILL_ONPATH_PARTIAL                      0        0.000%                1        0.001%
DIST_DCACHE_FILL_ONPATH                          30856      100.000%            92672       99.999%
                                                 30856      100.000%            92673      100.000%
                                                  3.00         3.00              3.00         3.00

DIST_L1_FILL_OFFPATH_USED                            0        0.000%                0        0.000%
DIST_L1_FILL_OFFPATH_NOTUSED                         0        0.000%                0        0.000%
DIST_L1_FILL_ONPATH_PARTIAL                          0        0.000%                2        0.002%
DIST_L1_FILL_ONPATH                              30593      100.000%            91831       99.998%
                                                 30593      100.000%            91833      100.000%
                                                  3.00         3.00              3.00         3.00

DIST_JUST_L1_FILL_OFFPATH_USED                       0         -nan%                0         -nan%
DIST_JUST_L1_FILL_OFFPATH_NOTUSED                    0         -nan%                0         -nan%
DIST_JUST_L1_FILL_ONPATH_PARTIAL                     0         -nan%                0         -nan%
DIST_JUST_L1_FILL_ONPATH                             0         -nan%                0         -nan%
                                                     0         -nan%                0         -nan%
                                                  -nan         -nan              -nan         -nan

DIST_REQBUF_OFFPATH_USED                             0        0.000%                2        0.002%
DIST_REQBUF_OFFPATH_NOTUSED                          0        0.000%                0        0.000%
DIST_REQBUF_ONPATH                               30857      100.000%            92697       99.998%
                                                 30857      100.000%            92699      100.000%
                                                  2.00         2.00              2.00         2.00

DIST2_REQBUF_OFFPATH_USED_PARTIAL                    0        0.000%                2        0.002%
DIST2_REQBUF_OFFPATH_USED_FULL                       0        0.000%                0        0.000%
DIST2_REQBUF_OFFPATH_NOTUSED                         0        0.000%                0        0.000%
DIST2_REQBUF_ONPATH                              30857      100.000%            92697       99.998%
                                                 30857      100.000%            92699      100.000%
                                                  3.00         3.00              3.00         3.00

DIST_ICACHE_FILL                                     0                            385              

DIST_DCACHE_FILL                                 30856                          92673              

DIST_L1_FILL                                     30593                          92199              

DIST_USED_OFFPATH_ICACHE                             0         -nan%                0         -nan%
DIST_NOTUSED_OFFPATH_ICACHE                          0         -nan%                0         -nan%
                                                     0         -nan%                0         -nan%
                                                  -nan         -nan              -nan         -nan

DIST_USED_OFFPATH_DCACHE                             0         -nan%                0         -nan%
DIST_NOTUSED_OFFPATH_DCACHE                          0         -nan%                0         -nan%
                                                     0         -nan%                0         -nan%
                                                  -nan         -nan              -nan         -nan

DIST_USED_OFFPATH_L1                                 0         -nan%                0         -nan%
DIST_NOTUSED_OFFPATH_L1                              0         -nan%                0         -nan%
                                                     0         -nan%                0         -nan%
                                                  -nan         -nan              -nan         -nan

DIST_USED_OFFPATH_JUST_L1                            0         -nan%                0         -nan%
DIST_NOTUSED_OFFPATH_JUST_L1                         0         -nan%                0         -nan%
                                                     0         -nan%                0         -nan%
                                                  -nan         -nan              -nan         -nan

DIST_OFFPATH_ICACHE_FULL                             0         -nan%                0         -nan%
DIST_OFFPATH_ICACHE_PARTIAL                          0         -nan%                0         -nan%
DIST_OFFPATH_ICACHE_NOTUSED                          0         -nan%                0         -nan%
                                                     0         -nan%                0         -nan%
                                                  -nan         -nan              -nan         -nan

DIST_OFFPATH_DCACHE_FULL                             0         -nan%                0         -nan%
DIST_OFFPATH_DCACHE_PARTIAL                          0         -nan%                0         -nan%
DIST_OFFPATH_DCACHE_NOTUSED                          0         -nan%                0         -nan%
                                                     0         -nan%                0         -nan%
                                                  -nan         -nan              -nan         -nan

DIST_OFFPATH_L1_FULL                                 0         -nan%                0         -nan%
DIST_OFFPATH_L1_PARTIAL                              0         -nan%                0         -nan%
DIST_OFFPATH_L1_NOTUSED                              0         -nan%                0         -nan%
                                                     0         -nan%                0         -nan%
                                                  -nan         -nan              -nan         -nan

DIST_OFFPATH_JUST_L1_FULL                            0         -nan%                0         -nan%
DIST_OFFPATH_JUST_L1_PARTIAL                         0         -nan%                0         -nan%
DIST_OFFPATH_JUST_L1_NOTUSED                         0         -nan%                0         -nan%
                                                     0         -nan%                0         -nan%
                                                  -nan         -nan              -nan         -nan

MLC_MISS_ONPATH_IFETCH                               0        0.000%               13        0.014%
MLC_MISS_ONPATH_DFETCH                              13        0.042%              352        0.381%
MLC_MISS_ONPATH_DSTORE                           30580       99.292%            91469       98.947%
MLC_MISS_ONPATH_IPRF                                 0        0.000%                0        0.000%
MLC_MISS_ONPATH_DPRF                                 0        0.000%                0        0.000%
MLC_MISS_ONPATH_WB                                   0        0.000%                4        0.004%
MLC_MISS_ONPATH_WB_NODIRTY                         205        0.666%              604        0.653%
                                                 30798      100.000%            92442      100.000%
                                                  2.03         0.37              2.02         0.37

MLC_MISS_OFFPATH_IFETCH                              0         -nan%                4        1.084%
MLC_MISS_OFFPATH_DFETCH                              0         -nan%                1        0.271%
MLC_MISS_OFFPATH_DSTORE                              0         -nan%                0        0.000%
MLC_MISS_OFFPATH_IPRF                                0         -nan%                0        0.000%
MLC_MISS_OFFPATH_DPRF                                0         -nan%                0        0.000%
MLC_MISS_OFFPATH_WB                                  0         -nan%              364       98.645%
MLC_MISS_OFFPATH_WB_NODIRTY                          0         -nan%                0        0.000%
                                                     0         -nan%              369      100.000%
                                                  -nan         -nan              4.93         0.22

MLC_HIT_ONPATH_IFETCH                                0        0.000%                0        0.000%
MLC_HIT_ONPATH_DFETCH                              238        0.774%              718        0.784%
MLC_HIT_ONPATH_DSTORE                               26        0.085%              137        0.150%
MLC_HIT_ONPATH_IPRF                                  0        0.000%                0        0.000%
MLC_HIT_ONPATH_DPRF                                  0        0.000%                0        0.000%
MLC_HIT_ONPATH_WB                                    0        0.000%                0        0.000%
MLC_HIT_ONPATH_WB_NODIRTY                        30475       99.141%            90771       99.067%
                                                 30739      100.000%            91626      100.000%
                                                  5.96         5.95              5.95         5.95

MLC_HIT_OFFPATH_IFETCH                               0         -nan%                0         -nan%
MLC_HIT_OFFPATH_DFETCH                               0         -nan%                0         -nan%
MLC_HIT_OFFPATH_DSTORE                               0         -nan%                0         -nan%
MLC_HIT_OFFPATH_IPRF                                 0         -nan%                0         -nan%
MLC_HIT_OFFPATH_DPRF                                 0         -nan%                0         -nan%
MLC_HIT_OFFPATH_WB                                   0         -nan%                0         -nan%
MLC_HIT_OFFPATH_WB_NODIRTY                           0         -nan%                0         -nan%
                                                     0         -nan%                0         -nan%
                                                  -nan         -nan              -nan         -nan

L1_MISS_ONPATH_IFETCH                                0        0.000%               14        0.015%
L1_MISS_ONPATH_DFETCH                               13        0.042%              350        0.381%
L1_MISS_ONPATH_DSTORE                            30580       99.954%            91465       99.588%
L1_MISS_ONPATH_IPRF                                  0        0.000%                0        0.000%
L1_MISS_ONPATH_DPRF                                  0        0.000%                0        0.000%
L1_MISS_ONPATH_WB                                    0        0.000%                4        0.004%
L1_MISS_ONPATH_WB_NODIRTY                            1        0.003%               10        0.011%
                                                 30594      100.000%            91843      100.000%
                                                  2.00         0.03              2.00         0.08

L1_MISS_OFFPATH_IFETCH                               0         -nan%                4        1.087%
L1_MISS_OFFPATH_DFETCH                               0         -nan%                1        0.272%
L1_MISS_OFFPATH_DSTORE                               0         -nan%                0        0.000%
L1_MISS_OFFPATH_IPRF                                 0         -nan%                0        0.000%
L1_MISS_OFFPATH_DPRF                                 0         -nan%                0        0.000%
L1_MISS_OFFPATH_WB                                   0         -nan%              363       98.641%
L1_MISS_OFFPATH_WB_NODIRTY                           0         -nan%                0        0.000%
                                                     0         -nan%              368      100.000%
                                                  -nan         -nan              4.93         0.22

L1_HIT_ONPATH_IFETCH                                 0        0.000%                0        0.000%
L1_HIT_ONPATH_DFETCH                                 0        0.000%                2        0.002%
L1_HIT_ONPATH_DSTORE                                 0        0.000%                3        0.003%
L1_HIT_ONPATH_IPRF                                   0        0.000%                0        0.000%
L1_HIT_ONPATH_DPRF                                   0        0.000%                0        0.000%
L1_HIT_ONPATH_WB                                     0        0.000%                0        0.000%
L1_HIT_ONPATH_WB_NODIRTY                         28933      100.000%            85732       99.994%
                                                 28933      100.000%            85737      100.000%
                                                  6.00         6.00              6.00         6.00

L1_HIT_OFFPATH_IFETCH                                0         -nan%                0         -nan%
L1_HIT_OFFPATH_DFETCH                                0         -nan%                0         -nan%
L1_HIT_OFFPATH_DSTORE                                0         -nan%                0         -nan%
L1_HIT_OFFPATH_IPRF                                  0         -nan%                0         -nan%
L1_HIT_OFFPATH_DPRF                                  0         -nan%                0         -nan%
L1_HIT_OFFPATH_WB                                    0         -nan%                0         -nan%
L1_HIT_OFFPATH_WB_NODIRTY                            0         -nan%                0         -nan%
                                                     0         -nan%                0         -nan%
                                                  -nan         -nan              -nan         -nan

DRAM_CYCLES                                          0                              0              

DRAM_UNBLOCK_CYCLES                                  0          -nan                0          -nan

DRAM_UNBLOCK_PERIODS                                 0                              0              

MEM_REQ_BUFFER_FULL                                 49                           4396              

MEM_REQ_BUFFER_FULL_DENIED_DEMAND                   33                            402              

CORE_MEM_BLOCKED                                    57                            442              

MEM_REQ_BUFFER_FULL_DENIED_IFETCH                    0        0.000%                0        0.000%
MEM_REQ_BUFFER_FULL_DENIED_DFETCH                   12       36.364%              172       41.247%
MEM_REQ_BUFFER_FULL_DENIED_DSTORE                   21       63.636%              230       55.156%
MEM_REQ_BUFFER_FULL_DENIED_IPRF                      0        0.000%                0        0.000%
MEM_REQ_BUFFER_FULL_DENIED_DPRF                      0        0.000%                0        0.000%
MEM_REQ_BUFFER_FULL_DENIED_WB                        0        0.000%               15        3.597%
MEM_REQ_BUFFER_FULL_DENIED_WB_NODIRTY                0        0.000%                0        0.000%
                                                    33      100.000%              417      100.000%
                                                  1.64         0.49              1.70         0.80

MEM_QUEUE_FULL                                       0                            366              

MEM_REQ_BUFFER_MISS                             119398       45.220%           358087       45.408%
MEM_REQ_BUFFER_HIT                              144642       54.780%           430508       54.592%
                                                264040      100.000%           788595      100.000%
                                                  0.55         0.53              0.55         0.52

MEM_REQ_FDIP_BUFFER_HIT                              0                            510              

MEM_REQ_FDIP_CYCLE_DELTA                             0                          90999              

MEM_REQ_DEMAND_ICACHE_BUFFER_HIT                     0                              3              

MEM_REQ_DEMAND_ICACHE_CYCLE_DELTA                    0                             98              

MEM_REQ_IFETCH                                       0        0.000%                7        0.002%
MEM_REQ_DFETCH                                     251        0.210%             1071        0.302%
MEM_REQ_DSTORE                                   30606       25.637%            91606       25.843%
MEM_REQ_IPRF                                         0        0.000%                0        0.000%
MEM_REQ_DPRF                                         0        0.000%                0        0.000%
MEM_REQ_WB                                           0        0.000%              378        0.107%
MEM_REQ_WB_NODIRTY                               88525       74.153%           261412       73.746%
                                                119382      100.000%           354474      100.000%
                                                  4.96         4.62              4.95         4.60

LD_NO_FORWARD                                  1268840       60.634%          3825369       60.913%
FORWARDED_LD                                    823791       39.366%          2454648       39.087%
                                               2092631      100.000%          6280017      100.000%
                                                  0.39         0.45              0.39         0.45

WRONGPATH_L1Q_REMOVALS                               0         -nan%                0         -nan%
WRONGPATH_BUSQ_REMOVALS                              0         -nan%                0         -nan%
WRONGPATH_MEMQ_REMOVALS                              0         -nan%                0         -nan%
WRONGPATH_L1FILLQ_REMOVALS                           0         -nan%                0         -nan%
                                                     0         -nan%                0         -nan%
                                                  -nan         -nan              -nan         -nan

WRONGPATH_L1Q_DEMOTIONS                              0         -nan%                0         -nan%
WRONGPATH_BUSQ_DEMOTIONS                             0         -nan%                0         -nan%
WRONGPATH_MEMQ_DEMOTIONS                             0         -nan%                0         -nan%
WRONGPATH_L1FILLQ_DEMOTIONS                          0         -nan%                0         -nan%
                                                     0         -nan%                0         -nan%
                                                  -nan         -nan              -nan         -nan

PROMOTION_QMLC                                       0         -nan%               10       90.909%
PROMOTION_QL1                                        0         -nan%                1        9.091%
                                                     0         -nan%               11      100.000%
                                                  -nan         -nan              0.09         0.29

PROMOTION_QBUSOUT                                    0                              0              

PROMOTION_QMEM                                       0                              0              

PROMOTION_QL1FILL                                    0                              0              

PROMOTION_QMLC_FILL                                  0                              2              

NOPROMOTION_QMEM                                     0                              0              

NOPROMOTION_QL1FILL                                  0         -nan%                0         -nan%
NOPROMOTION_QMLC_FILL                                0         -nan%                0         -nan%
                                                     0         -nan%                0         -nan%
                                                  -nan         -nan              -nan         -nan

PROMOTION_FROM_FDIP_OFF_TO_ON                        0                              0              

ICACHE_FILL_CORRECT_REQ                              0         -nan%               84       21.818%
ICACHE_FILL_INCORRECT_REQ                            0         -nan%              301       78.182%
                                                     0         -nan%              385      100.000%
                                                  -nan         -nan              0.78         0.72

ICACHE_FILL_CORRECT_REQ_BY_FDIP                      0         -nan%               80       20.779%
ICACHE_FILL_INCORRECT_REQ_BY_FDIP                    0         -nan%              298       77.403%
ICACHE_FILL_CORRECT_REQ_BY_ICACHE_DEMAND             0         -nan%                4        1.039%
ICACHE_FILL_INCORRECT_REQ_BY_ICACHE_DEMAND             0         -nan%                3        0.779%
                                                     0         -nan%              385      100.000%
                                                  -nan         -nan              0.82         0.29

ICACHE_FILL_CORRECT_REQ_BY_ON_FDIP_HIT_BY_DEMAND_LOAD             0                             12              

ICACHE_FILL_CORRECT_REQ_BY_OFF_FDIP_HIT_BY_DEMAND_LOAD             0                              0              

ICACHE_FILL_INCORRECT_REQ_BY_ON_FDIP_HIT_BY_DEMAND_LOAD             0                             14              

ICACHE_FILL_INCORRECT_REQ_BY_OFF_FDIP_HIT_BY_DEMAND_LOAD             0                              0              

ICACHE_FILL_CORRECT_REQ_CYCLE_DELTA                  0                         546199              

ICACHE_FILL_CORRECT_REQ_CYCLE_DELTA_BY_ICACHE_DEMAND             0                            991              

ICACHE_FILL_CORRECT_REQ_CYCLE_DELTA_BY_FDIP             0                          22140              

ICACHE_FILL_CORRECT_REQ_CYCLE_DELTA_BY_ON_FDIP_HIT_BY_DEMAND_LOAD             0                           1889              

ICACHE_FILL_CORRECT_REQ_CYCLE_DELTA_BY_OFF_FDIP_HIT_BY_DEMAND_LOAD             0                              0              

ICACHE_FILL_INCORRECT_REQ_CYCLE_DELTA                0                        2107325              

ICACHE_FILL_INCORRECT_REQ_CYCLE_DELTA_BY_ICACHE_DEMAND             0                            853              

ICACHE_FILL_INCORRECT_REQ_CYCLE_DELTA_BY_FDIP             0                         109989              

ICACHE_FILL_INCORRECT_REQ_CYCLE_DELTA_BY_ON_FDIP_HIT_BY_DEMAND_LOAD             0                              0              

ICACHE_FILL_INCORRECT_REQ_CYCLE_DELTA_BY_OFF_FDIP_HIT_BY_DEMAND_LOAD             0                              0              

MEM_REQ_INIT                                    119382                         354474              

MEM_REQ_COMPLETE                                 90470        0.7578           270175        0.7622

MEM_REQ_KILLED                                   28910        0.2422            84292        0.2378

MEM_REQ_COMPLETE_MLC                             30944        0.2592            92230        0.2602

MEM_REQ_COMPLETE_L1                              28934        0.2424            85738        0.2419

MEM_REQ_COMPLETE_MEM                             30592        0.2563            92207        0.2601

MEM_REQ_INIT_ONPATH                             119382        1.0000           354105        0.9990

MEM_REQ_INIT_OFFPATH                                 0        0.0000              369        0.0010

MEM_REQ_COMPLETE_ONPATH                          90470        1.0000           269809        0.9986

MEM_REQ_COMPLETE_OFFPATH                             0        0.0000              366        0.0014

MEM_REQ_INIT_IFETCH                                  0        0.000%                7        0.008%
MEM_REQ_INIT_DFETCH                                251        0.813%             1071        1.151%
MEM_REQ_INIT_DSTORE                              30606       99.187%            91606       98.435%
MEM_REQ_INIT_IPRF                                    0        0.000%                0        0.000%
MEM_REQ_INIT_DPRF                                    0        0.000%                0        0.000%
MEM_REQ_INIT_WB                                      0        0.000%              378        0.406%
MEM_REQ_INIT_WB_NODIRTY                              0        0.000%                0        0.000%
                                                 30857      100.000%            93062      100.000%
                                                  1.99         0.09              2.00         0.22

MEM_REQ_COMPLETE_IFETCH                              0        0.000%               24        0.007%
MEM_REQ_COMPLETE_DFETCH                          88776       74.364%           262479       74.048%
MEM_REQ_COMPLETE_DSTORE                          30605       25.636%            91602       25.842%
MEM_REQ_COMPLETE_IPRF                                0        0.000%                0        0.000%
MEM_REQ_COMPLETE_DPRF                                0        0.000%                0        0.000%
MEM_REQ_COMPLETE_WB                                  0        0.000%              365        0.103%
MEM_REQ_COMPLETE_WB_NODIRTY                          0        0.000%                0        0.000%
                                                119381      100.000%           354470      100.000%
                                                  1.26         0.44              1.26         0.45

MEM_REQ_KILLED_IFETCH                            59614      100.000%           177117      100.000%
MEM_REQ_KILLED_DFETCH                                0        0.000%                0        0.000%
MEM_REQ_KILLED_DSTORE                                0        0.000%                0        0.000%
MEM_REQ_KILLED_IPRF                                  0        0.000%                0        0.000%
MEM_REQ_KILLED_DPRF                                  0        0.000%                0        0.000%
MEM_REQ_KILLED_WB                                    0        0.000%                0        0.000%
MEM_REQ_KILLED_WB_NODIRTY                            0        0.000%                0        0.000%
                                                 59614      100.000%           177117      100.000%
                                                  0.00         0.00              0.00         0.00

MEM_REQ_INIT_OFFPATH_IFETCH                      28910      100.000%            84295       99.568%
MEM_REQ_INIT_OFFPATH_DFETCH                          0        0.000%                1        0.001%
MEM_REQ_INIT_OFFPATH_DSTORE                          0        0.000%                0        0.000%
MEM_REQ_INIT_OFFPATH_IPRF                            0        0.000%                0        0.000%
MEM_REQ_INIT_OFFPATH_DPRF                            0        0.000%                0        0.000%
MEM_REQ_INIT_OFFPATH_WB                              0        0.000%              365        0.431%
MEM_REQ_INIT_OFFPATH_WB_NODIRTY                      0        0.000%                0        0.000%
                                                 28910      100.000%            84661      100.000%
                                                  0.00         0.00              0.02         0.33

MEM_REQ_INIT_ONPATH_IFETCH                           0        0.000%                4        0.004%
MEM_REQ_INIT_ONPATH_DFETCH                         251        0.813%             1070        1.154%
MEM_REQ_INIT_ONPATH_DSTORE                       30606       99.187%            91606       98.827%
MEM_REQ_INIT_ONPATH_IPRF                             0        0.000%                0        0.000%
MEM_REQ_INIT_ONPATH_DPRF                             0        0.000%                0        0.000%
MEM_REQ_INIT_ONPATH_WB                               0        0.000%               13        0.014%
MEM_REQ_INIT_ONPATH_WB_NODIRTY                       0        0.000%                0        0.000%
                                                 30857      100.000%            92693      100.000%
                                                  1.99         0.09              1.99         0.11

MEM_REQ_MATCH_IFETCH                                 0        0.000%               28        0.008%
MEM_REQ_MATCH_DFETCH                             88541       74.856%           262070       74.585%
MEM_REQ_MATCH_DSTORE                             29740       25.144%            88980       25.324%
MEM_REQ_MATCH_IPRF                                   0        0.000%                0        0.000%
MEM_REQ_MATCH_DPRF                                   0        0.000%                0        0.000%
MEM_REQ_MATCH_WB                                     0        0.000%              292        0.083%
MEM_REQ_MATCH_WB_NODIRTY                             0        0.000%                0        0.000%
                                                118281      100.000%           351370      100.000%
                                                  1.25         0.43              1.26         0.45

MEM_REQ_COMPLETE_OFFPATH_IFETCH                      0         -nan%                5        1.366%
MEM_REQ_COMPLETE_OFFPATH_DFETCH                      0         -nan%                0        0.000%
MEM_REQ_COMPLETE_OFFPATH_DSTORE                      0         -nan%                0        0.000%
MEM_REQ_COMPLETE_OFFPATH_IPRF                        0         -nan%                0        0.000%
MEM_REQ_COMPLETE_OFFPATH_DPRF                        0         -nan%                0        0.000%
MEM_REQ_COMPLETE_OFFPATH_WB                          0         -nan%              361       98.634%
MEM_REQ_COMPLETE_OFFPATH_WB_NODIRTY                  0         -nan%                0        0.000%
                                                     0         -nan%              366      100.000%
                                                  -nan         -nan              4.93         0.07

MEM_REQ_COMPLETE_ONPATH_IFETCH                       0        0.000%               15        0.016%
MEM_REQ_COMPLETE_ONPATH_DFETCH                     251        0.813%             1071        1.155%
MEM_REQ_COMPLETE_ONPATH_DSTORE                   30605       99.187%            91602       98.824%
MEM_REQ_COMPLETE_ONPATH_IPRF                         0        0.000%                0        0.000%
MEM_REQ_COMPLETE_ONPATH_DPRF                         0        0.000%                0        0.000%
MEM_REQ_COMPLETE_ONPATH_WB                           0        0.000%                4        0.004%
MEM_REQ_COMPLETE_ONPATH_WB_NODIRTY                   0        0.000%                0        0.000%
                                                 30856      100.000%            92692      100.000%
                                                  1.99         0.09              1.99         0.11

MEM_REQ_COMPLETE_MEM_IFETCH                      59614       66.087%           177137       65.772%
MEM_REQ_COMPLETE_MEM_DFETCH                         13        0.014%              353        0.131%
MEM_REQ_COMPLETE_MEM_DSTORE                      30579       33.899%            91465       33.961%
MEM_REQ_COMPLETE_MEM_IPRF                            0        0.000%                0        0.000%
MEM_REQ_COMPLETE_MEM_DPRF                            0        0.000%                0        0.000%
MEM_REQ_COMPLETE_MEM_WB                              0        0.000%              365        0.136%
MEM_REQ_COMPLETE_MEM_WB_NODIRTY                      0        0.000%                0        0.000%
                                                 90206      100.000%           269320      100.000%
                                                  0.68         0.77              0.69         0.78

MEM_REQ_COMPLETE_MEM_BW_PREFETCHABLE                 0                              4              

MEM_REQ_COMPLETE_MEM_MATCHED_BW_PREF                 0                              0              

MEM_REQ_COMPLETE_L1_IFETCH                           0         -nan%                0         -nan%
MEM_REQ_COMPLETE_L1_DFETCH                           0         -nan%                0         -nan%
MEM_REQ_COMPLETE_L1_DSTORE                           0         -nan%                0         -nan%
MEM_REQ_COMPLETE_L1_IPRF                             0         -nan%                0         -nan%
MEM_REQ_COMPLETE_L1_DPRF                             0         -nan%                0         -nan%
MEM_REQ_COMPLETE_L1_WB                               0         -nan%                0         -nan%
MEM_REQ_COMPLETE_L1_WB_NODIRTY                       0         -nan%                0         -nan%
                                                     0         -nan%                0         -nan%
                                                  -nan         -nan              -nan         -nan

MEM_REQ_COMPLETE_MLC_IFETCH                      28934       99.096%            85738       99.013%
MEM_REQ_COMPLETE_MLC_DFETCH                        238        0.815%              718        0.829%
MEM_REQ_COMPLETE_MLC_DSTORE                         26        0.089%              137        0.158%
MEM_REQ_COMPLETE_MLC_IPRF                            0        0.000%                0        0.000%
MEM_REQ_COMPLETE_MLC_DPRF                            0        0.000%                0        0.000%
MEM_REQ_COMPLETE_MLC_WB                              0        0.000%                0        0.000%
MEM_REQ_COMPLETE_MLC_WB_NODIRTY                      0        0.000%                0        0.000%
                                                 29198      100.000%            86593      100.000%
                                                  0.01         0.11              0.01         0.12

CORE_MLP_CLUSTERS                                30680                          91375              

CORE_MLP                                       7521668                       22539718              

CORE_MLP_IFETCH                                      0                              0              

CORE_MLP_DFETCH                                      0                              0              

CORE_MLP_DSTORE                                      0                              0              

CORE_MLP_IPRF                                        0                              0              

CORE_MLP_DPRF                                        0                              0              

CORE_MLP_WB                                          0                              0              

CORE_MLP_WB_NODIRTY                                  0                              0              

CORE_MLP_0                                       19408        0.959%            98497        1.608%
CORE_MLP_1                                      200472        9.911%           614987       10.041%
CORE_MLP_2                                      904871       44.734%          2774266       45.297%
CORE_MLP_3                                      220028       10.878%           652009       10.646%
CORE_MLP_4                                      181859        8.991%           529334        8.643%
CORE_MLP_5                                       94697        4.682%           275854        4.504%
CORE_MLP_6                                      140561        6.949%           405135        6.615%
CORE_MLP_7                                       68161        3.370%           197774        3.229%
CORE_MLP_8                                       55652        2.751%           159312        2.601%
CORE_MLP_9                                       21522        1.064%            65197        1.065%
CORE_MLP_10                                      17795        0.880%            53133        0.868%
CORE_MLP_11                                      10941        0.541%            33438        0.546%
CORE_MLP_12                                      12020        0.594%            35214        0.575%
CORE_MLP_13                                       9760        0.483%            28686        0.468%
CORE_MLP_14                                      11383        0.563%            32721        0.534%
CORE_MLP_15                                       9064        0.448%            25981        0.424%
CORE_MLP_16                                       9962        0.492%            28471        0.465%
CORE_MLP_17                                       7178        0.355%            22567        0.368%
CORE_MLP_18                                       8192        0.405%            25158        0.411%
CORE_MLP_19                                       6063        0.300%            18407        0.301%
CORE_MLP_20                                       6293        0.311%            18065        0.295%
CORE_MLP_21                                       2241        0.111%             8380        0.137%
CORE_MLP_22                                       1616        0.080%             5947        0.097%
CORE_MLP_23                                        878        0.043%             4432        0.072%
CORE_MLP_24                                       1084        0.054%             5103        0.083%
CORE_MLP_25                                        393        0.019%             2440        0.040%
CORE_MLP_26                                        388        0.019%             2390        0.039%
CORE_MLP_27                                        208        0.010%              864        0.014%
CORE_MLP_28                                         72        0.004%              853        0.014%
CORE_MLP_29                                          0        0.000%                0        0.000%
CORE_MLP_30                                          0        0.000%                0        0.000%
CORE_MLP_31                                          0        0.000%                0        0.000%
CORE_MLP_32                                          0        0.000%                0        0.000%
                                               2022762      100.000%          6124615      100.000%
                                                  3.72         3.36              3.68         3.43

MEM_QUEUE_OCC_0                                      0         -nan%                0         -nan%
MEM_QUEUE_OCC_4                                      0         -nan%                0         -nan%
MEM_QUEUE_OCC_8                                      0         -nan%                0         -nan%
MEM_QUEUE_OCC_12                                     0         -nan%                0         -nan%
MEM_QUEUE_OCC_16                                     0         -nan%                0         -nan%
MEM_QUEUE_OCC_20                                     0         -nan%                0         -nan%
MEM_QUEUE_OCC_24                                     0         -nan%                0         -nan%
MEM_QUEUE_OCC_28                                     0         -nan%                0         -nan%
MEM_QUEUE_OCC_32                                     0         -nan%                0         -nan%
MEM_QUEUE_OCC_36                                     0         -nan%                0         -nan%
MEM_QUEUE_OCC_40                                     0         -nan%                0         -nan%
MEM_QUEUE_OCC_44                                     0         -nan%                0         -nan%
MEM_QUEUE_OCC_48                                     0         -nan%                0         -nan%
MEM_QUEUE_OCC_52                                     0         -nan%                0         -nan%
MEM_QUEUE_OCC_56                                     0         -nan%                0         -nan%
MEM_QUEUE_OCC_60                                     0         -nan%                0         -nan%
MEM_QUEUE_OCC_64                                     0         -nan%                0         -nan%
MEM_QUEUE_OCC_68                                     0         -nan%                0         -nan%
MEM_QUEUE_OCC_72                                     0         -nan%                0         -nan%
MEM_QUEUE_OCC_76                                     0         -nan%                0         -nan%
MEM_QUEUE_OCC_80                                     0         -nan%                0         -nan%
MEM_QUEUE_OCC_84                                     0         -nan%                0         -nan%
MEM_QUEUE_OCC_88                                     0         -nan%                0         -nan%
MEM_QUEUE_OCC_92                                     0         -nan%                0         -nan%
MEM_QUEUE_OCC_96                                     0         -nan%                0         -nan%
MEM_QUEUE_OCC_100                                    0         -nan%                0         -nan%
MEM_QUEUE_OCC_104                                    0         -nan%                0         -nan%
MEM_QUEUE_OCC_108                                    0         -nan%                0         -nan%
MEM_QUEUE_OCC_112                                    0         -nan%                0         -nan%
MEM_QUEUE_OCC_116                                    0         -nan%                0         -nan%
MEM_QUEUE_OCC_120                                    0         -nan%                0         -nan%
MEM_QUEUE_OCC_124                                    0         -nan%                0         -nan%
MEM_QUEUE_OCC_128                                    0         -nan%                0         -nan%
                                                     0         -nan%                0         -nan%
                                                  -nan         -nan              -nan         -nan

OPEN_PAGE_HIT                                        0         -nan%                0         -nan%
CLOSED_PAGE_MISS                                     0         -nan%                0         -nan%
WRONG_PAGE_MISS                                      0         -nan%                0         -nan%
                                                     0         -nan%                0         -nan%
                                                  -nan         -nan              -nan         -nan

L0_LD_BANK_BLOCK                                     0         -nan%                0         -nan%
L0_LD_BANK_AVAIL                                     0         -nan%                0         -nan%
                                                     0         -nan%                0         -nan%
                                                  -nan         -nan              -nan         -nan

L0_ST_BANK_BLOCK                                     0         -nan%                0         -nan%
L0_ST_BANK_AVAIL                                     0         -nan%                0         -nan%
                                                     0         -nan%                0         -nan%
                                                  -nan         -nan              -nan         -nan

L0_LD_CACHE_BLOCK                                    0         -nan%                0         -nan%
L0_LD_CACHE_AVAIL                                    0         -nan%                0         -nan%
                                                     0         -nan%                0         -nan%
                                                  -nan         -nan              -nan         -nan

MLC_LD_BANK_BLOCK                                    0        0.000%                3        0.003%
MLC_LD_BANK_AVAIL                                30857      100.000%            93062       99.997%
                                                 30857      100.000%            93065      100.000%
                                                  1.00         1.00              1.00         1.00

MLC_ST_BANK_BLOCK                                    0        0.000%                0        0.000%
MLC_ST_BANK_AVAIL                                30680      100.000%            91376      100.000%
                                                 30680      100.000%            91376      100.000%
                                                  1.00         1.00              1.00         1.00

MLC_LD_CACHE_BLOCK                                   0         -nan%                0         -nan%
MLC_LD_CACHE_AVAIL                                   0         -nan%                0         -nan%
                                                     0         -nan%                0         -nan%
                                                  -nan         -nan              -nan         -nan

MLC_ST_CACHE_BLOCK                                   0         -nan%                0         -nan%
MLC_ST_CACHE_AVAIL                                   0         -nan%                0         -nan%
                                                     0         -nan%                0         -nan%
                                                  -nan         -nan              -nan         -nan

L1_LD_BANK_BLOCK                                     0        0.000%                0        0.000%
L1_LD_BANK_AVAIL                                 30593      100.000%            92211      100.000%
                                                 30593      100.000%            92211      100.000%
                                                  1.00         1.00              1.00         1.00

L1_ST_BANK_BLOCK                                     0        0.000%                2        0.002%
L1_ST_BANK_AVAIL                                 28935      100.000%            85740       99.998%
                                                 28935      100.000%            85742      100.000%
                                                  1.00         1.00              1.00         1.00

L1_LD_CACHE_BLOCK                                    0         -nan%                0         -nan%
L1_LD_CACHE_AVAIL                                    0         -nan%                0         -nan%
                                                     0         -nan%                0         -nan%
                                                  -nan         -nan              -nan         -nan

L1_ST_CACHE_BLOCK                                    0         -nan%                0         -nan%
L1_ST_CACHE_AVAIL                                    0         -nan%                0         -nan%
                                                     0         -nan%                0         -nan%
                                                  -nan         -nan              -nan         -nan

MEM_LD_BANK_BLOCK                                    0         -nan%                0         -nan%
MEM_LD_BANK_AVAIL                                    0         -nan%                0         -nan%
                                                     0         -nan%                0         -nan%
                                                  -nan         -nan              -nan         -nan

MEM_ST_BANK_BLOCK                                    0         -nan%                0         -nan%
MEM_ST_BANK_AVAIL                                    0         -nan%                0         -nan%
                                                     0         -nan%                0         -nan%
                                                  -nan         -nan              -nan         -nan

MEM_PF_BANK_BLOCK                                    0         -nan%                0         -nan%
MEM_PF_BANK_AVAIL                                    0         -nan%                0         -nan%
                                                     0         -nan%                0         -nan%
                                                  -nan         -nan              -nan         -nan

L0_FILL                                              0                              0              

L1_FILL                                          30593       99.997%            92203       99.993%
L1_WB_FILL                                           1        0.003%                6        0.007%
                                                 30594      100.000%            92209      100.000%
                                                  0.00         0.01              0.00         0.01

L1_DEMAND_FILL                                   30593      100.000%            92199       99.996%
L1_PREF_FILL                                         0        0.000%                4        0.004%
                                                 30593      100.000%            92203      100.000%
                                                  0.00         0.00              0.00         0.01

MLC_FILL                                         30592       99.334%            93845       99.361%
MLC_WB_FILL                                        205        0.666%              604        0.639%
                                                 30797      100.000%            94449      100.000%
                                                  0.01         0.08              0.01         0.08

MLC_DEMAND_FILL                                  30592      100.000%            93845      100.000%
MLC_PREF_FILL                                        0        0.000%                0        0.000%
                                                 30592      100.000%            93845      100.000%
                                                  0.00         0.00              0.00         0.00

NORESET_L1_FILL                                  30594                          92209              

NORESET_L1_FILL_NONPREF                          30594                          91838              

NORESET_L1_FILL_PREF                                 0                            371              

NORESET_L1_EVICT                                 28948                          84451              

NORESET_L1_EVICT_NONPREF                         28948                          84451              

NORESET_L1_EVICT_PREF_USED                           0                              0              

NORESET_L1_EVICT_PREF_UNUSED                         0                              0              

NORESET_L1_PREF_USED                                 0                              3              

ORACLE_OFFPATH_DC_FILL                               0                              0              

ORACLE_OFFPATH_IC_FILL                               0                              0              

ORACLE_OFFPATH_L1_FILL                               0                              0              

UPDATE_EVENT_QUEUE_PROCESS                           0                              0              

INSERT_EVENT_QUEUE_PROCESS                           0                              0              

ICFILL_AFTER_REDIRECT                                0                              0              

EVENT_QUEUE_MATCH_ADD_REQ                            0                              0              

DC_PREF_CACHE_INSERT_REQ                             0                              0              

DC_PREF_REQ_DCACHE_HIT                               0         -nan%                0         -nan%
DC_PREF_REQ_PREF_CACHE_HIT                           0         -nan%                0         -nan%
DC_PREF_REQ_L1_MISS                                  0         -nan%                0         -nan%
DC_PREF_REQ_CORR                                     0         -nan%                0         -nan%
                                                     0         -nan%                0         -nan%
                                                  -nan         -nan              -nan         -nan

DC_PREF_CACHE_INSERT                                 0                              0              

DC_PREF_CACHE_HIT_PER                                0        0.000%                0        0.000%

DC_PREF_CACHE_HIT_PER_OFFPATH                        0        0.000%                0        0.000%

DC_PREF_CACHE_HIT                                    0                              0              

DC_PREF_CACHE_HIT_OFFPATH                            0                              0              

DC_PREF_HIT_L1_MISS                                  0                              0              

IC_PREF_CACHE_HIT_PER                                0        0.000%                0        0.000%

IC_PREF_CACHE_HIT_PER_OFFPATH                        0        0.000%                0        0.000%

IC_PREF_CACHE_HIT                                    0                              0              

IC_PREF_CACHE_HIT_OFFPATH                            0                              0              

L1_PREF_CACHE_HIT_PER                                0         -nan%                0        0.000%

L1_PREF_CACHE_HIT_PER_OFFPATH                        0         -nan%                0        0.000%

L1_PREF_CACHE_HIT                                    0                              0              

L1_PREF_CACHE_HIT_OFFPATH                            0                              0              

DC_PREF_CACHE_FILL                                   0                              0              

DC_PREF_MOVE_DC                                      0         -nan%                0         -nan%

DC_PREF_MOVE_L1                                      0         -nan%                0         -nan%

IC_PREF_CACHE_FILL                                   0                              0              

IC_PREF_MOVE_IC                                      0         -nan%                0         -nan%

IC_PREF_MOVE_L1                                      0         -nan%                0         -nan%

L1_PREF_CACHE_FILL                                   0                              0              

L1_PREF_MOVE_L1                                      0         -nan%                0         -nan%

OFF_PATH_CONFIRMED                              331901                         990686              

OFF_PATH_NO_FILL_L1                                  0                              0              

WB_L1_MISS_FILL_L1                                   1                              6              

WB_MLC_MISS_FILL_MLC                               205                            604              

ICACHE_EVICT_REQ_WB_L1                               0                              0              

DCACHE_EVICT_REQ_WB_L1                               0                              0              

DCACHE_EVICT_REQ_WB_L1_NOREAD                        0                              0              

L1_FILL_SKIPPED                                      0                              0              

MLC_FILL_SKIPPED                                     0                              0              

DCACHE_FILL                                      30856                          92673              

DCACHE_WB_REQ                                    30680        0.9943            91376        0.9860

DCACHE_WB_REQ_DIRTY                              30680      100.000%            91376      100.000%
DCACHE_WB_REQ_NODIRTY                                0        0.000%                0        0.000%
                                                 30680      100.000%            91376      100.000%
                                                  0.00         0.00              0.00         0.00

ICACHE_FILL                                          0                            385              

ICACHE_WB_REQ                                        0          -nan                0        0.0000

L1_FILL_DIRTY                                    28910        0.9450            84292        0.9142

MLC_FILL_DIRTY                                   28935        0.9458            85740        0.9136

ICACHE_UNUSEFUL_CL_CYC                               0                              0              

ICACHE_UNUSEFUL_CL                                   0                              0              

ICACHE_EVICT_MISS_ONPATH_BY_FDIP                     0         -nan%                0         -nan%
ICACHE_EVICT_MISS_OFFPATH_BY_FDIP                    0         -nan%                0         -nan%
                                                     0         -nan%                0         -nan%
                                                  -nan         -nan              -nan         -nan

ICACHE_EVICT_MISS_BY_FDIP_ONPATH                     0         -nan%                0         -nan%
ICACHE_EVICT_MISS_BY_FDIP_OFFPATH                    0         -nan%                0         -nan%
                                                     0         -nan%                0         -nan%
                                                  -nan         -nan              -nan         -nan

ICACHE_EVICT_HIT_ONPATH_BY_FDIP                      0         -nan%                0         -nan%
ICACHE_EVICT_HIT_OFFPATH_BY_FDIP                     0         -nan%                0         -nan%
                                                     0         -nan%                0         -nan%
                                                  -nan         -nan              -nan         -nan

ICACHE_EVICT_HIT_BY_FDIP_ONPATH                      0         -nan%                0         -nan%
ICACHE_EVICT_HIT_BY_FDIP_OFFPATH                     0         -nan%                0         -nan%
                                                     0         -nan%                0         -nan%
                                                  -nan         -nan              -nan         -nan

MEM_REQ_DENIED_NULL                                  0         -nan%                0         -nan%
MEM_REQ_DENIED_INST_OUTOF_CS                         0         -nan%                0         -nan%
MEM_REQ_DENIED_DATA_IN_CS                            0         -nan%                0         -nan%
MEM_REQ_DENIED_DATA_OUTOF_RANGE                      0         -nan%                0         -nan%
                                                     0         -nan%                0         -nan%
                                                  -nan         -nan              -nan         -nan

MEM_REQ_DENIED                                       0         -nan%                0         -nan%
MEM_REQ_NOT_DENIED                                   0         -nan%                0         -nan%
                                                     0         -nan%                0         -nan%
                                                  -nan         -nan              -nan         -nan

DEMAND_HIT_WB_STALL                                  0                              0              

EXCLUSION_VIOLATED_OSR                               0         -nan%                0         -nan%
EXCLUSION_VIOLATED_NOTOSR                            0         -nan%                0         -nan%
EXCLUSION_NOT_VIOLATED                               0         -nan%                0         -nan%
                                                     0         -nan%                0         -nan%
                                                  -nan         -nan              -nan         -nan

DIRTY_WRITE_TO_ICACHE                                0                              0              

STREAM_DC_HIT_NOSEND                                 0         -nan%                0         -nan%
STREAM_WBQDC_HIT_NOSEND                              0         -nan%                0         -nan%
                                                     0         -nan%                0         -nan%
                                                  -nan         -nan              -nan         -nan

STREAM_DCACHE_PREF_HIT                               0                              0              

PREF_DC_HIT_ON_INSERT                                0         -nan%                0         -nan%
PREF_L1_HIT_ON_INSERT                                0         -nan%                0         -nan%
                                                     0         -nan%                0         -nan%
                                                  -nan         -nan              -nan         -nan

L1_NEWREQ_MATCHED_MLC_REQ                            0                              0              

MLC_NEWREQ_MATCHED_L2_PREF                           0                              0              

MLC_NEWREQ_MATCHED_L2_PREF_MLC_HIT                   0          -nan                0          -nan

NEWREQ_WB_MATCH_IGNORED                              0                              0              

DEMAND_MATCH_WB_NEW_DONE_FUNC                        0         -nan%                0         -nan%
DEMAND_MATCH_WB_NEW_DONE_FUNC_NULL                   0         -nan%                0         -nan%
DEMAND_MATCH_WB_DONE_FUNC_NOT_SAME                   0         -nan%                0         -nan%
DEMAND_MATCH_WB_DONE_FUNC_SAME                       0         -nan%                0         -nan%
                                                     0         -nan%                0         -nan%
                                                  -nan         -nan              -nan         -nan

DEMAND_MATCH_WB                                      0         -nan%                0         -nan%
DEMAND_MATCH_WB_NODIRTY                              0         -nan%                0         -nan%
                                                     0         -nan%                0         -nan%
                                                  -nan         -nan              -nan         -nan

DEMAND_MATCH_WBALL_IFETCH                            0         -nan%                0         -nan%
DEMAND_MATCH_WBALL_DFETCH                            0         -nan%                0         -nan%
DEMAND_MATCH_WBALL_DSTORE                            0         -nan%                0         -nan%
DEMAND_MATCH_WBALL_IPRF                              0         -nan%                0         -nan%
DEMAND_MATCH_WBALL_DPRF                              0         -nan%                0         -nan%
DEMAND_MATCH_WBALL_WB                                0         -nan%                0         -nan%
DEMAND_MATCH_WBALL_WB_NODIRTY                        0         -nan%                0         -nan%
                                                     0         -nan%                0         -nan%
                                                  -nan         -nan              -nan         -nan

DEMAND_MATCH_WB_IFETCH                               0         -nan%                0         -nan%
DEMAND_MATCH_WB_DFETCH                               0         -nan%                0         -nan%
DEMAND_MATCH_WB_DSTORE                               0         -nan%                0         -nan%
DEMAND_MATCH_WB_IPRF                                 0         -nan%                0         -nan%
DEMAND_MATCH_WB_DPRF                                 0         -nan%                0         -nan%
DEMAND_MATCH_WB_WB                                   0         -nan%                0         -nan%
DEMAND_MATCH_WB_WB_NODIRTY                           0         -nan%                0         -nan%
                                                     0         -nan%                0         -nan%
                                                  -nan         -nan              -nan         -nan

DEMAND_MATCH_WB_ND_IFETCH                            0         -nan%                0         -nan%
DEMAND_MATCH_WB_ND_DFETCH                            0         -nan%                0         -nan%
DEMAND_MATCH_WB_ND_DSTORE                            0         -nan%                0         -nan%
DEMAND_MATCH_WB_ND_IPRF                              0         -nan%                0         -nan%
DEMAND_MATCH_WB_ND_DPRF                              0         -nan%                0         -nan%
DEMAND_MATCH_WB_ND_WB                                0         -nan%                0         -nan%
DEMAND_MATCH_WB_ND_WB_NODIRTY                        0         -nan%                0         -nan%
                                                     0         -nan%                0         -nan%
                                                  -nan         -nan              -nan         -nan

WB_MATCH_DEMAND                                      0        0.000%                0        0.000%
WB_MATCH_PREF                                        0        0.000%                0        0.000%
WB_MATCH_WB                                          0        0.000%                0        0.000%
WB_MATCH_WB_FILTERED                             29740      100.000%            89584      100.000%
                                                 29740      100.000%            89584      100.000%
                                                  3.00         3.00              3.00         3.00

WB_COMING_BACK_FROM_MEM                              0                              0              

WB_COMING_BACK_FROM_L1                               0                              0              

WB_COMING_BACK_FROM_MLC                              0                              0              

MEM_REQ_MATCH_OFF_PATH_HIT_BY_ON_PATH                0        0.000%                1        0.000%
MEM_REQ_MATCH_OFF_PATH_HIT_BY_ON_PATH_ETC        144642      100.000%           429994      100.000%
                                                144642      100.000%           429995      100.000%
                                                  1.00         1.00              1.00         1.00

TOTAL_ONPATH_ICACHE_FILLS                            0                              0              

TOTAL_ONPATH_DCACHE_FILLS                            0                              0              

TOTAL_ONPATH_L1_FILLS                                0                              0              

PER1K_ONPATH_ICACHE_FILLS                            0        0.0000                0        0.0000

PER1K_ONPATH_DCACHE_FILLS                            0        0.0000                0        0.0000

PER1K_ONPATH_L1_FILLS                                0        0.0000                0        0.0000

PER1K_L1_DEMAND_MISS_ONPATH                      30593        1.0198            91829        3.0610

PER1K_L1_DEMAND_MISS_OFFPATH                         0        0.0000                5        0.0002

L2_IDEAL_FILL_L1                                     0         -nan%                0         -nan%
L2_IDEAL_MISS_L2                                     0         -nan%                0         -nan%
                                                     0         -nan%                0         -nan%
                                                  -nan         -nan              -nan         -nan

L2_IDEAL_FILL_ICACHE                                 0         -nan%                0         -nan%
L2_IDEAL_MISS_ICACHE                                 0         -nan%                0         -nan%
                                                     0         -nan%                0         -nan%
                                                  -nan         -nan              -nan         -nan

HPS_MISS_DELTA__0                                    0         -nan%                0         -nan%
HPS_MISS_DELTA__1                                    0         -nan%                0         -nan%
HPS_MISS_DELTA__2                                    0         -nan%                0         -nan%
HPS_MISS_DELTA__3                                    0         -nan%                0         -nan%
HPS_MISS_DELTA__4                                    0         -nan%                0         -nan%
HPS_MISS_DELTA__5                                    0         -nan%                0         -nan%
HPS_MISS_DELTA__6                                    0         -nan%                0         -nan%
HPS_MISS_DELTA__7                                    0         -nan%                0         -nan%
HPS_MISS_DELTA__8                                    0         -nan%                0         -nan%
HPS_MISS_DELTA__9                                    0         -nan%                0         -nan%
                                                     0         -nan%                0         -nan%
                                                  -nan         -nan              -nan         -nan

HPS_HIT_DELTA__0                                     0         -nan%                0         -nan%
HPS_HIT_DELTA__1                                     0         -nan%                0         -nan%
HPS_HIT_DELTA__2                                     0         -nan%                0         -nan%
HPS_HIT_DELTA__3                                     0         -nan%                0         -nan%
HPS_HIT_DELTA__4                                     0         -nan%                0         -nan%
HPS_HIT_DELTA__5                                     0         -nan%                0         -nan%
HPS_HIT_DELTA__6                                     0         -nan%                0         -nan%
HPS_HIT_DELTA__7                                     0         -nan%                0         -nan%
HPS_HIT_DELTA__8                                     0         -nan%                0         -nan%
HPS_HIT_DELTA__9                                     0         -nan%                0         -nan%
                                                     0         -nan%                0         -nan%
                                                  -nan         -nan              -nan         -nan

DC_MISS_DELTA__0                                     0         -nan%                0         -nan%
DC_MISS_DELTA__1                                     0         -nan%                0         -nan%
DC_MISS_DELTA__2                                     0         -nan%                0         -nan%
DC_MISS_DELTA__3                                     0         -nan%                0         -nan%
DC_MISS_DELTA__4                                     0         -nan%                0         -nan%
DC_MISS_DELTA__5                                     0         -nan%                0         -nan%
DC_MISS_DELTA__6                                     0         -nan%                0         -nan%
DC_MISS_DELTA__7                                     0         -nan%                0         -nan%
DC_MISS_DELTA__8                                     0         -nan%                0         -nan%
DC_MISS_DELTA__9                                     0         -nan%                0         -nan%
                                                     0         -nan%                0         -nan%
                                                  -nan         -nan              -nan         -nan

ONE_MORE_SUCESS                                      0         -nan%                0         -nan%
ONE_MORE_DISCARDED_L0CACHE                           0         -nan%                0         -nan%
ONE_MORE_DISCARDED_MEM_REQ_FULL                      0         -nan%                0         -nan%
                                                     0         -nan%                0         -nan%
                                                  -nan         -nan              -nan         -nan

PREF_L1_TOTAL_SENT                                   0                              4              

PREF_L1_TOTAL_USED                                   0         -nan%                3      100.000%
PREF_L1_TOTAL_PARTIAL_USED                           0         -nan%                0        0.000%
PREF_L1_TOTAL_NOT_USED                               0         -nan%                0        0.000%
PREF_L1_TOTAL_DROPPED                                0         -nan%                0        0.000%
                                                     0         -nan%                3      100.000%
                                                  -nan         -nan              0.00         0.00

PREF_MLC_TOTAL_SENT                                  0                              0              

PREF_MLC_TOTAL_USED                                  0         -nan%                0         -nan%
PREF_MLC_TOTAL_PARTIAL_USED                          0         -nan%                0         -nan%
PREF_MLC_TOTAL_NOT_USED                              0         -nan%                0         -nan%
PREF_MLC_TOTAL_DROPPED                               0         -nan%                0         -nan%
                                                     0         -nan%                0         -nan%
                                                  -nan         -nan              -nan         -nan

CORE_MLC_PREF_REQ_MISS                               0        0.000%                0        0.000%
CORE_MLC_DEMAND_MISS                             30593       99.334%            91839       98.953%
CORE_MLC_WB_MISS                                   205        0.666%              972        1.047%
                                                 30798      100.000%            92811      100.000%
                                                  1.01         0.12              1.01         0.15

CORE_MLC_PREF_REQ_HIT                                0        0.000%                0        0.000%
CORE_MLC_DEMAND_HIT                                264        0.859%              855        0.933%
CORE_MLC_WB_HIT                                  30475       99.141%            90771       99.067%
                                                 30739      100.000%            91626      100.000%
                                                  1.99         1.99              1.99         1.98

CORE_MLC_HIT                                       264        0.856%              855        0.922%
CORE_MLC_MISS                                    30593       99.144%            91839       99.078%
                                                 30857      100.000%            92694      100.000%
                                                  0.99         0.99              0.99         0.99

CORE_MLC_FILL                                    30592       99.334%            93845       99.361%
CORE_MLC_WB_FILL                                   205        0.666%              604        0.639%
                                                 30797      100.000%            94449      100.000%
                                                  0.01         0.08              0.01         0.08

CORE_MLC_DEMAND_FILL                             30592      100.000%            93845      100.000%
CORE_MLC_PREF_FILL                                   0        0.000%                0        0.000%
                                                 30592      100.000%            93845      100.000%
                                                  0.00         0.00              0.00         0.00

CORE_MLC_PREF_FILL_USED                              0         -nan%                0         -nan%
CORE_MLC_PREF_FILL_PARTIAL_USED                      0         -nan%                0         -nan%
CORE_MLC_PREF_FILL_NOT_USED                          0         -nan%                0         -nan%
                                                     0         -nan%                0         -nan%
                                                  -nan         -nan              -nan         -nan

CORE_L1_PREF_REQ_MISS                                0        0.000%                4        0.004%
CORE_L1_DEMAND_MISS                              30593       99.997%            91834       99.591%
CORE_L1_WB_MISS                                      1        0.003%              373        0.405%
                                                 30594      100.000%            92211      100.000%
                                                  1.00         0.01              1.00         0.09

CORE_L1_PREF_REQ_HIT                                 0        0.000%                0        0.000%
CORE_L1_DEMAND_HIT                                   0        0.000%                5        0.006%
CORE_L1_WB_HIT                                   28933      100.000%            85732       99.994%
                                                 28933      100.000%            85737      100.000%
                                                  2.00         2.00              2.00         2.00

CORE_L1_HIT                                          0        0.000%                5        0.005%
CORE_L1_MISS                                     30593      100.000%            91834       99.995%
                                                 30593      100.000%            91839      100.000%
                                                  1.00         1.00              1.00         1.00

CORE_L1_FILL                                     30593       99.997%            92203       99.993%
CORE_L1_WB_FILL                                      1        0.003%                6        0.007%
                                                 30594      100.000%            92209      100.000%
                                                  0.00         0.01              0.00         0.01

CORE_L1_DEMAND_FILL                              30593      100.000%            92199       99.996%
CORE_L1_PREF_FILL                                    0        0.000%                4        0.004%
                                                 30593      100.000%            92203      100.000%
                                                  0.00         0.00              0.00         0.01

CORE_L1_PREF_FILL_USED                               0         -nan%                3      100.000%
CORE_L1_PREF_FILL_PARTIAL_USED                       0         -nan%                0        0.000%
CORE_L1_PREF_FILL_NOT_USED                           0         -nan%                0        0.000%
                                                     0         -nan%                3      100.000%
                                                  -nan         -nan              0.00         0.00

CORE_L1_DEMAND_USED_POS0                             0         -nan%                0         -nan%
CORE_L1_DEMAND_USED_POS1                             0         -nan%                0         -nan%
CORE_L1_DEMAND_USED_POS2                             0         -nan%                0         -nan%
CORE_L1_DEMAND_USED_POS3                             0         -nan%                0         -nan%
CORE_L1_DEMAND_USED_POS4                             0         -nan%                0         -nan%
CORE_L1_DEMAND_USED_POS5                             0         -nan%                0         -nan%
CORE_L1_DEMAND_USED_POS6                             0         -nan%                0         -nan%
CORE_L1_DEMAND_USED_POS7                             0         -nan%                0         -nan%
CORE_L1_DEMAND_USED_POS8                             0         -nan%                0         -nan%
CORE_L1_DEMAND_USED_POS9                             0         -nan%                0         -nan%
CORE_L1_DEMAND_USED_POS10                            0         -nan%                0         -nan%
CORE_L1_DEMAND_USED_POS11                            0         -nan%                0         -nan%
CORE_L1_DEMAND_USED_POS12                            0         -nan%                0         -nan%
CORE_L1_DEMAND_USED_POS13                            0         -nan%                0         -nan%
CORE_L1_DEMAND_USED_POS14                            0         -nan%                0         -nan%
CORE_L1_DEMAND_USED_POS15                            0         -nan%                0         -nan%
CORE_L1_DEMAND_USED_POS16                            0         -nan%                0         -nan%
CORE_L1_DEMAND_USED_POS17                            0         -nan%                0         -nan%
CORE_L1_DEMAND_USED_POS18                            0         -nan%                0         -nan%
CORE_L1_DEMAND_USED_POS19                            0         -nan%                0         -nan%
CORE_L1_DEMAND_USED_POS20                            0         -nan%                0         -nan%
CORE_L1_DEMAND_USED_POS21                            0         -nan%                0         -nan%
CORE_L1_DEMAND_USED_POS22                            0         -nan%                0         -nan%
CORE_L1_DEMAND_USED_POS23                            0         -nan%                0         -nan%
CORE_L1_DEMAND_USED_POS24                            0         -nan%                0         -nan%
CORE_L1_DEMAND_USED_POS25                            0         -nan%                0         -nan%
CORE_L1_DEMAND_USED_POS26                            0         -nan%                0         -nan%
CORE_L1_DEMAND_USED_POS27                            0         -nan%                0         -nan%
CORE_L1_DEMAND_USED_POS28                            0         -nan%                0         -nan%
CORE_L1_DEMAND_USED_POS29                            0         -nan%                0         -nan%
CORE_L1_DEMAND_USED_POS30                            0         -nan%                0         -nan%
CORE_L1_DEMAND_USED_POS31                            0         -nan%                0         -nan%
CORE_L1_DEMAND_USED_POS32                            0         -nan%                0         -nan%
CORE_L1_DEMAND_USED_POS33                            0         -nan%                0         -nan%
CORE_L1_DEMAND_USED_POS34                            0         -nan%                0         -nan%
CORE_L1_DEMAND_USED_POS35                            0         -nan%                0         -nan%
CORE_L1_DEMAND_USED_POS36                            0         -nan%                0         -nan%
CORE_L1_DEMAND_USED_POS37                            0         -nan%                0         -nan%
CORE_L1_DEMAND_USED_POS38                            0         -nan%                0         -nan%
CORE_L1_DEMAND_USED_POS39                            0         -nan%                0         -nan%
CORE_L1_DEMAND_USED_POS40                            0         -nan%                0         -nan%
CORE_L1_DEMAND_USED_POS41                            0         -nan%                0         -nan%
CORE_L1_DEMAND_USED_POS42                            0         -nan%                0         -nan%
CORE_L1_DEMAND_USED_POS43                            0         -nan%                0         -nan%
CORE_L1_DEMAND_USED_POS44                            0         -nan%                0         -nan%
CORE_L1_DEMAND_USED_POS45                            0         -nan%                0         -nan%
CORE_L1_DEMAND_USED_POS46                            0         -nan%                0         -nan%
CORE_L1_DEMAND_USED_POS47                            0         -nan%                0         -nan%
CORE_L1_DEMAND_USED_POS48                            0         -nan%                0         -nan%
CORE_L1_DEMAND_USED_POS49                            0         -nan%                0         -nan%
CORE_L1_DEMAND_USED_POS50                            0         -nan%                0         -nan%
CORE_L1_DEMAND_USED_POS51                            0         -nan%                0         -nan%
CORE_L1_DEMAND_USED_POS52                            0         -nan%                0         -nan%
CORE_L1_DEMAND_USED_POS53                            0         -nan%                0         -nan%
CORE_L1_DEMAND_USED_POS54                            0         -nan%                0         -nan%
CORE_L1_DEMAND_USED_POS55                            0         -nan%                0         -nan%
CORE_L1_DEMAND_USED_POS56                            0         -nan%                0         -nan%
CORE_L1_DEMAND_USED_POS57                            0         -nan%                0         -nan%
CORE_L1_DEMAND_USED_POS58                            0         -nan%                0         -nan%
CORE_L1_DEMAND_USED_POS59                            0         -nan%                0         -nan%
CORE_L1_DEMAND_USED_POS60                            0         -nan%                0         -nan%
CORE_L1_DEMAND_USED_POS61                            0         -nan%                0         -nan%
CORE_L1_DEMAND_USED_POS62                            0         -nan%                0         -nan%
CORE_L1_DEMAND_USED_POS63                            0         -nan%                0         -nan%
CORE_L1_DEMAND_USED_POS64                            0         -nan%                0         -nan%
CORE_L1_DEMAND_USED_POS65                            0         -nan%                0         -nan%
CORE_L1_DEMAND_USED_POS66                            0         -nan%                0         -nan%
CORE_L1_DEMAND_USED_POS67                            0         -nan%                0         -nan%
CORE_L1_DEMAND_USED_POS68                            0         -nan%                0         -nan%
CORE_L1_DEMAND_USED_POS69                            0         -nan%                0         -nan%
CORE_L1_DEMAND_USED_POS70                            0         -nan%                0         -nan%
CORE_L1_DEMAND_USED_POS71                            0         -nan%                0         -nan%
CORE_L1_DEMAND_USED_POS72                            0         -nan%                0         -nan%
CORE_L1_DEMAND_USED_POS73                            0         -nan%                0         -nan%
CORE_L1_DEMAND_USED_POS74                            0         -nan%                0         -nan%
CORE_L1_DEMAND_USED_POS75                            0         -nan%                0         -nan%
CORE_L1_DEMAND_USED_POS76                            0         -nan%                0         -nan%
CORE_L1_DEMAND_USED_POS77                            0         -nan%                0         -nan%
CORE_L1_DEMAND_USED_POS78                            0         -nan%                0         -nan%
CORE_L1_DEMAND_USED_POS79                            0         -nan%                0         -nan%
CORE_L1_DEMAND_USED_POS80                            0         -nan%                0         -nan%
CORE_L1_DEMAND_USED_POS81                            0         -nan%                0         -nan%
CORE_L1_DEMAND_USED_POS82                            0         -nan%                0         -nan%
CORE_L1_DEMAND_USED_POS83                            0         -nan%                0         -nan%
CORE_L1_DEMAND_USED_POS84                            0         -nan%                0         -nan%
CORE_L1_DEMAND_USED_POS85                            0         -nan%                0         -nan%
CORE_L1_DEMAND_USED_POS86                            0         -nan%                0         -nan%
CORE_L1_DEMAND_USED_POS87                            0         -nan%                0         -nan%
CORE_L1_DEMAND_USED_POS88                            0         -nan%                0         -nan%
CORE_L1_DEMAND_USED_POS89                            0         -nan%                0         -nan%
CORE_L1_DEMAND_USED_POS90                            0         -nan%                0         -nan%
CORE_L1_DEMAND_USED_POS91                            0         -nan%                0         -nan%
CORE_L1_DEMAND_USED_POS92                            0         -nan%                0         -nan%
CORE_L1_DEMAND_USED_POS93                            0         -nan%                0         -nan%
CORE_L1_DEMAND_USED_POS94                            0         -nan%                0         -nan%
CORE_L1_DEMAND_USED_POS95                            0         -nan%                0         -nan%
CORE_L1_DEMAND_USED_POS96                            0         -nan%                0         -nan%
CORE_L1_DEMAND_USED_POS97                            0         -nan%                0         -nan%
CORE_L1_DEMAND_USED_POS98                            0         -nan%                0         -nan%
CORE_L1_DEMAND_USED_POS99                            0         -nan%                0         -nan%
CORE_L1_DEMAND_USED_POS100                           0         -nan%                0         -nan%
CORE_L1_DEMAND_USED_POS101                           0         -nan%                0         -nan%
CORE_L1_DEMAND_USED_POS102                           0         -nan%                0         -nan%
CORE_L1_DEMAND_USED_POS103                           0         -nan%                0         -nan%
CORE_L1_DEMAND_USED_POS104                           0         -nan%                0         -nan%
CORE_L1_DEMAND_USED_POS105                           0         -nan%                0         -nan%
CORE_L1_DEMAND_USED_POS106                           0         -nan%                0         -nan%
CORE_L1_DEMAND_USED_POS107                           0         -nan%                0         -nan%
CORE_L1_DEMAND_USED_POS108                           0         -nan%                0         -nan%
CORE_L1_DEMAND_USED_POS109                           0         -nan%                0         -nan%
CORE_L1_DEMAND_USED_POS110                           0         -nan%                0         -nan%
CORE_L1_DEMAND_USED_POS111                           0         -nan%                0         -nan%
CORE_L1_DEMAND_USED_POS112                           0         -nan%                0         -nan%
CORE_L1_DEMAND_USED_POS113                           0         -nan%                0         -nan%
CORE_L1_DEMAND_USED_POS114                           0         -nan%                0         -nan%
CORE_L1_DEMAND_USED_POS115                           0         -nan%                0         -nan%
CORE_L1_DEMAND_USED_POS116                           0         -nan%                0         -nan%
CORE_L1_DEMAND_USED_POS117                           0         -nan%                0         -nan%
CORE_L1_DEMAND_USED_POS118                           0         -nan%                0         -nan%
CORE_L1_DEMAND_USED_POS119                           0         -nan%                0         -nan%
CORE_L1_DEMAND_USED_POS120                           0         -nan%                0         -nan%
CORE_L1_DEMAND_USED_POS121                           0         -nan%                0         -nan%
CORE_L1_DEMAND_USED_POS122                           0         -nan%                0         -nan%
CORE_L1_DEMAND_USED_POS123                           0         -nan%                0         -nan%
CORE_L1_DEMAND_USED_POS124                           0         -nan%                0         -nan%
CORE_L1_DEMAND_USED_POS125                           0         -nan%                0         -nan%
CORE_L1_DEMAND_USED_POS126                           0         -nan%                0         -nan%
CORE_L1_DEMAND_USED_POS127                           0         -nan%                0         -nan%
                                                     0         -nan%                0         -nan%
                                                  -nan         -nan              -nan         -nan

CORE_L1_PREF_USED_POS0                               0         -nan%                0         -nan%
CORE_L1_PREF_USED_POS1                               0         -nan%                0         -nan%
CORE_L1_PREF_USED_POS2                               0         -nan%                0         -nan%
CORE_L1_PREF_USED_POS3                               0         -nan%                0         -nan%
CORE_L1_PREF_USED_POS4                               0         -nan%                0         -nan%
CORE_L1_PREF_USED_POS5                               0         -nan%                0         -nan%
CORE_L1_PREF_USED_POS6                               0         -nan%                0         -nan%
CORE_L1_PREF_USED_POS7                               0         -nan%                0         -nan%
CORE_L1_PREF_USED_POS8                               0         -nan%                0         -nan%
CORE_L1_PREF_USED_POS9                               0         -nan%                0         -nan%
CORE_L1_PREF_USED_POS10                              0         -nan%                0         -nan%
CORE_L1_PREF_USED_POS11                              0         -nan%                0         -nan%
CORE_L1_PREF_USED_POS12                              0         -nan%                0         -nan%
CORE_L1_PREF_USED_POS13                              0         -nan%                0         -nan%
CORE_L1_PREF_USED_POS14                              0         -nan%                0         -nan%
CORE_L1_PREF_USED_POS15                              0         -nan%                0         -nan%
CORE_L1_PREF_USED_POS16                              0         -nan%                0         -nan%
CORE_L1_PREF_USED_POS17                              0         -nan%                0         -nan%
CORE_L1_PREF_USED_POS18                              0         -nan%                0         -nan%
CORE_L1_PREF_USED_POS19                              0         -nan%                0         -nan%
CORE_L1_PREF_USED_POS20                              0         -nan%                0         -nan%
CORE_L1_PREF_USED_POS21                              0         -nan%                0         -nan%
CORE_L1_PREF_USED_POS22                              0         -nan%                0         -nan%
CORE_L1_PREF_USED_POS23                              0         -nan%                0         -nan%
CORE_L1_PREF_USED_POS24                              0         -nan%                0         -nan%
CORE_L1_PREF_USED_POS25                              0         -nan%                0         -nan%
CORE_L1_PREF_USED_POS26                              0         -nan%                0         -nan%
CORE_L1_PREF_USED_POS27                              0         -nan%                0         -nan%
CORE_L1_PREF_USED_POS28                              0         -nan%                0         -nan%
CORE_L1_PREF_USED_POS29                              0         -nan%                0         -nan%
CORE_L1_PREF_USED_POS30                              0         -nan%                0         -nan%
CORE_L1_PREF_USED_POS31                              0         -nan%                0         -nan%
CORE_L1_PREF_USED_POS32                              0         -nan%                0         -nan%
CORE_L1_PREF_USED_POS33                              0         -nan%                0         -nan%
CORE_L1_PREF_USED_POS34                              0         -nan%                0         -nan%
CORE_L1_PREF_USED_POS35                              0         -nan%                0         -nan%
CORE_L1_PREF_USED_POS36                              0         -nan%                0         -nan%
CORE_L1_PREF_USED_POS37                              0         -nan%                0         -nan%
CORE_L1_PREF_USED_POS38                              0         -nan%                0         -nan%
CORE_L1_PREF_USED_POS39                              0         -nan%                0         -nan%
CORE_L1_PREF_USED_POS40                              0         -nan%                0         -nan%
CORE_L1_PREF_USED_POS41                              0         -nan%                0         -nan%
CORE_L1_PREF_USED_POS42                              0         -nan%                0         -nan%
CORE_L1_PREF_USED_POS43                              0         -nan%                0         -nan%
CORE_L1_PREF_USED_POS44                              0         -nan%                0         -nan%
CORE_L1_PREF_USED_POS45                              0         -nan%                0         -nan%
CORE_L1_PREF_USED_POS46                              0         -nan%                0         -nan%
CORE_L1_PREF_USED_POS47                              0         -nan%                0         -nan%
CORE_L1_PREF_USED_POS48                              0         -nan%                0         -nan%
CORE_L1_PREF_USED_POS49                              0         -nan%                0         -nan%
CORE_L1_PREF_USED_POS50                              0         -nan%                0         -nan%
CORE_L1_PREF_USED_POS51                              0         -nan%                0         -nan%
CORE_L1_PREF_USED_POS52                              0         -nan%                0         -nan%
CORE_L1_PREF_USED_POS53                              0         -nan%                0         -nan%
CORE_L1_PREF_USED_POS54                              0         -nan%                0         -nan%
CORE_L1_PREF_USED_POS55                              0         -nan%                0         -nan%
CORE_L1_PREF_USED_POS56                              0         -nan%                0         -nan%
CORE_L1_PREF_USED_POS57                              0         -nan%                0         -nan%
CORE_L1_PREF_USED_POS58                              0         -nan%                0         -nan%
CORE_L1_PREF_USED_POS59                              0         -nan%                0         -nan%
CORE_L1_PREF_USED_POS60                              0         -nan%                0         -nan%
CORE_L1_PREF_USED_POS61                              0         -nan%                0         -nan%
CORE_L1_PREF_USED_POS62                              0         -nan%                0         -nan%
CORE_L1_PREF_USED_POS63                              0         -nan%                0         -nan%
CORE_L1_PREF_USED_POS64                              0         -nan%                0         -nan%
CORE_L1_PREF_USED_POS65                              0         -nan%                0         -nan%
CORE_L1_PREF_USED_POS66                              0         -nan%                0         -nan%
CORE_L1_PREF_USED_POS67                              0         -nan%                0         -nan%
CORE_L1_PREF_USED_POS68                              0         -nan%                0         -nan%
CORE_L1_PREF_USED_POS69                              0         -nan%                0         -nan%
CORE_L1_PREF_USED_POS70                              0         -nan%                0         -nan%
CORE_L1_PREF_USED_POS71                              0         -nan%                0         -nan%
CORE_L1_PREF_USED_POS72                              0         -nan%                0         -nan%
CORE_L1_PREF_USED_POS73                              0         -nan%                0         -nan%
CORE_L1_PREF_USED_POS74                              0         -nan%                0         -nan%
CORE_L1_PREF_USED_POS75                              0         -nan%                0         -nan%
CORE_L1_PREF_USED_POS76                              0         -nan%                0         -nan%
CORE_L1_PREF_USED_POS77                              0         -nan%                0         -nan%
CORE_L1_PREF_USED_POS78                              0         -nan%                0         -nan%
CORE_L1_PREF_USED_POS79                              0         -nan%                0         -nan%
CORE_L1_PREF_USED_POS80                              0         -nan%                0         -nan%
CORE_L1_PREF_USED_POS81                              0         -nan%                0         -nan%
CORE_L1_PREF_USED_POS82                              0         -nan%                0         -nan%
CORE_L1_PREF_USED_POS83                              0         -nan%                0         -nan%
CORE_L1_PREF_USED_POS84                              0         -nan%                0         -nan%
CORE_L1_PREF_USED_POS85                              0         -nan%                0         -nan%
CORE_L1_PREF_USED_POS86                              0         -nan%                0         -nan%
CORE_L1_PREF_USED_POS87                              0         -nan%                0         -nan%
CORE_L1_PREF_USED_POS88                              0         -nan%                0         -nan%
CORE_L1_PREF_USED_POS89                              0         -nan%                0         -nan%
CORE_L1_PREF_USED_POS90                              0         -nan%                0         -nan%
CORE_L1_PREF_USED_POS91                              0         -nan%                0         -nan%
CORE_L1_PREF_USED_POS92                              0         -nan%                0         -nan%
CORE_L1_PREF_USED_POS93                              0         -nan%                0         -nan%
CORE_L1_PREF_USED_POS94                              0         -nan%                0         -nan%
CORE_L1_PREF_USED_POS95                              0         -nan%                0         -nan%
CORE_L1_PREF_USED_POS96                              0         -nan%                0         -nan%
CORE_L1_PREF_USED_POS97                              0         -nan%                0         -nan%
CORE_L1_PREF_USED_POS98                              0         -nan%                0         -nan%
CORE_L1_PREF_USED_POS99                              0         -nan%                0         -nan%
CORE_L1_PREF_USED_POS100                             0         -nan%                0         -nan%
CORE_L1_PREF_USED_POS101                             0         -nan%                0         -nan%
CORE_L1_PREF_USED_POS102                             0         -nan%                0         -nan%
CORE_L1_PREF_USED_POS103                             0         -nan%                0         -nan%
CORE_L1_PREF_USED_POS104                             0         -nan%                0         -nan%
CORE_L1_PREF_USED_POS105                             0         -nan%                0         -nan%
CORE_L1_PREF_USED_POS106                             0         -nan%                0         -nan%
CORE_L1_PREF_USED_POS107                             0         -nan%                0         -nan%
CORE_L1_PREF_USED_POS108                             0         -nan%                0         -nan%
CORE_L1_PREF_USED_POS109                             0         -nan%                0         -nan%
CORE_L1_PREF_USED_POS110                             0         -nan%                0         -nan%
CORE_L1_PREF_USED_POS111                             0         -nan%                0         -nan%
CORE_L1_PREF_USED_POS112                             0         -nan%                0         -nan%
CORE_L1_PREF_USED_POS113                             0         -nan%                0         -nan%
CORE_L1_PREF_USED_POS114                             0         -nan%                0         -nan%
CORE_L1_PREF_USED_POS115                             0         -nan%                0         -nan%
CORE_L1_PREF_USED_POS116                             0         -nan%                0         -nan%
CORE_L1_PREF_USED_POS117                             0         -nan%                0         -nan%
CORE_L1_PREF_USED_POS118                             0         -nan%                0         -nan%
CORE_L1_PREF_USED_POS119                             0         -nan%                0         -nan%
CORE_L1_PREF_USED_POS120                             0         -nan%                0         -nan%
CORE_L1_PREF_USED_POS121                             0         -nan%                0         -nan%
CORE_L1_PREF_USED_POS122                             0         -nan%                0         -nan%
CORE_L1_PREF_USED_POS123                             0         -nan%                0         -nan%
CORE_L1_PREF_USED_POS124                             0         -nan%                0         -nan%
CORE_L1_PREF_USED_POS125                             0         -nan%                0         -nan%
CORE_L1_PREF_USED_POS126                             0         -nan%                0         -nan%
CORE_L1_PREF_USED_POS127                             0         -nan%                0         -nan%
                                                     0         -nan%                0         -nan%
                                                  -nan         -nan              -nan         -nan

CORE_TOTAL_SETS_ALL_INTERVALS                        0                              0              

CORE_L1_AVG_NUM_WAYS                                 0          -nan                0          -nan

L1_PARTITION_INTERVALS                               0                              0              

NORESET_L1_PARTITION                                 0                              0              

L1_SHADOW_ACCESS                                     0                              0              

L1_SHADOW_ACCESS_STALLING                            0                              0              

L1_SHADOW_ACCESS_DEMAND                              0                              0              

L1_SHADOW_HIT                                        0                              0              

L1_SHADOW_HIT_STALLING                               0                              0              

L1_SHADOW_HIT_DEMAND                                 0                              0              

L1_SHADOW_UNTIMELY_HIT                               0                              0              

L1_SHADOW_UNTIMELY_HIT_STALLING                      0                              0              

L1_SHADOW_UNTIMELY_HIT_DEMAND                        0                              0              

L1_SHADOW_HIT_POS0                                   0         -nan%                0         -nan%
L1_SHADOW_HIT_POS1                                   0         -nan%                0         -nan%
L1_SHADOW_HIT_POS2                                   0         -nan%                0         -nan%
L1_SHADOW_HIT_POS3                                   0         -nan%                0         -nan%
L1_SHADOW_HIT_POS4                                   0         -nan%                0         -nan%
L1_SHADOW_HIT_POS5                                   0         -nan%                0         -nan%
L1_SHADOW_HIT_POS6                                   0         -nan%                0         -nan%
L1_SHADOW_HIT_POS7                                   0         -nan%                0         -nan%
L1_SHADOW_HIT_POS8                                   0         -nan%                0         -nan%
L1_SHADOW_HIT_POS9                                   0         -nan%                0         -nan%
L1_SHADOW_HIT_POS10                                  0         -nan%                0         -nan%
L1_SHADOW_HIT_POS11                                  0         -nan%                0         -nan%
L1_SHADOW_HIT_POS12                                  0         -nan%                0         -nan%
L1_SHADOW_HIT_POS13                                  0         -nan%                0         -nan%
L1_SHADOW_HIT_POS14                                  0         -nan%                0         -nan%
L1_SHADOW_HIT_POS15                                  0         -nan%                0         -nan%
L1_SHADOW_HIT_POS16                                  0         -nan%                0         -nan%
L1_SHADOW_HIT_POS17                                  0         -nan%                0         -nan%
L1_SHADOW_HIT_POS18                                  0         -nan%                0         -nan%
L1_SHADOW_HIT_POS19                                  0         -nan%                0         -nan%
L1_SHADOW_HIT_POS20                                  0         -nan%                0         -nan%
L1_SHADOW_HIT_POS21                                  0         -nan%                0         -nan%
L1_SHADOW_HIT_POS22                                  0         -nan%                0         -nan%
L1_SHADOW_HIT_POS23                                  0         -nan%                0         -nan%
L1_SHADOW_HIT_POS24                                  0         -nan%                0         -nan%
L1_SHADOW_HIT_POS25                                  0         -nan%                0         -nan%
L1_SHADOW_HIT_POS26                                  0         -nan%                0         -nan%
L1_SHADOW_HIT_POS27                                  0         -nan%                0         -nan%
L1_SHADOW_HIT_POS28                                  0         -nan%                0         -nan%
L1_SHADOW_HIT_POS29                                  0         -nan%                0         -nan%
L1_SHADOW_HIT_POS30                                  0         -nan%                0         -nan%
L1_SHADOW_HIT_POS31                                  0         -nan%                0         -nan%
L1_SHADOW_HIT_POS32                                  0         -nan%                0         -nan%
L1_SHADOW_HIT_POS33                                  0         -nan%                0         -nan%
L1_SHADOW_HIT_POS34                                  0         -nan%                0         -nan%
L1_SHADOW_HIT_POS35                                  0         -nan%                0         -nan%
L1_SHADOW_HIT_POS36                                  0         -nan%                0         -nan%
L1_SHADOW_HIT_POS37                                  0         -nan%                0         -nan%
L1_SHADOW_HIT_POS38                                  0         -nan%                0         -nan%
L1_SHADOW_HIT_POS39                                  0         -nan%                0         -nan%
L1_SHADOW_HIT_POS40                                  0         -nan%                0         -nan%
L1_SHADOW_HIT_POS41                                  0         -nan%                0         -nan%
L1_SHADOW_HIT_POS42                                  0         -nan%                0         -nan%
L1_SHADOW_HIT_POS43                                  0         -nan%                0         -nan%
L1_SHADOW_HIT_POS44                                  0         -nan%                0         -nan%
L1_SHADOW_HIT_POS45                                  0         -nan%                0         -nan%
L1_SHADOW_HIT_POS46                                  0         -nan%                0         -nan%
L1_SHADOW_HIT_POS47                                  0         -nan%                0         -nan%
L1_SHADOW_HIT_POS48                                  0         -nan%                0         -nan%
L1_SHADOW_HIT_POS49                                  0         -nan%                0         -nan%
L1_SHADOW_HIT_POS50                                  0         -nan%                0         -nan%
L1_SHADOW_HIT_POS51                                  0         -nan%                0         -nan%
L1_SHADOW_HIT_POS52                                  0         -nan%                0         -nan%
L1_SHADOW_HIT_POS53                                  0         -nan%                0         -nan%
L1_SHADOW_HIT_POS54                                  0         -nan%                0         -nan%
L1_SHADOW_HIT_POS55                                  0         -nan%                0         -nan%
L1_SHADOW_HIT_POS56                                  0         -nan%                0         -nan%
L1_SHADOW_HIT_POS57                                  0         -nan%                0         -nan%
L1_SHADOW_HIT_POS58                                  0         -nan%                0         -nan%
L1_SHADOW_HIT_POS59                                  0         -nan%                0         -nan%
L1_SHADOW_HIT_POS60                                  0         -nan%                0         -nan%
L1_SHADOW_HIT_POS61                                  0         -nan%                0         -nan%
L1_SHADOW_HIT_POS62                                  0         -nan%                0         -nan%
L1_SHADOW_HIT_POS63                                  0         -nan%                0         -nan%
L1_SHADOW_HIT_POS64                                  0         -nan%                0         -nan%
L1_SHADOW_HIT_POS65                                  0         -nan%                0         -nan%
L1_SHADOW_HIT_POS66                                  0         -nan%                0         -nan%
L1_SHADOW_HIT_POS67                                  0         -nan%                0         -nan%
L1_SHADOW_HIT_POS68                                  0         -nan%                0         -nan%
L1_SHADOW_HIT_POS69                                  0         -nan%                0         -nan%
L1_SHADOW_HIT_POS70                                  0         -nan%                0         -nan%
L1_SHADOW_HIT_POS71                                  0         -nan%                0         -nan%
L1_SHADOW_HIT_POS72                                  0         -nan%                0         -nan%
L1_SHADOW_HIT_POS73                                  0         -nan%                0         -nan%
L1_SHADOW_HIT_POS74                                  0         -nan%                0         -nan%
L1_SHADOW_HIT_POS75                                  0         -nan%                0         -nan%
L1_SHADOW_HIT_POS76                                  0         -nan%                0         -nan%
L1_SHADOW_HIT_POS77                                  0         -nan%                0         -nan%
L1_SHADOW_HIT_POS78                                  0         -nan%                0         -nan%
L1_SHADOW_HIT_POS79                                  0         -nan%                0         -nan%
L1_SHADOW_HIT_POS80                                  0         -nan%                0         -nan%
L1_SHADOW_HIT_POS81                                  0         -nan%                0         -nan%
L1_SHADOW_HIT_POS82                                  0         -nan%                0         -nan%
L1_SHADOW_HIT_POS83                                  0         -nan%                0         -nan%
L1_SHADOW_HIT_POS84                                  0         -nan%                0         -nan%
L1_SHADOW_HIT_POS85                                  0         -nan%                0         -nan%
L1_SHADOW_HIT_POS86                                  0         -nan%                0         -nan%
L1_SHADOW_HIT_POS87                                  0         -nan%                0         -nan%
L1_SHADOW_HIT_POS88                                  0         -nan%                0         -nan%
L1_SHADOW_HIT_POS89                                  0         -nan%                0         -nan%
L1_SHADOW_HIT_POS90                                  0         -nan%                0         -nan%
L1_SHADOW_HIT_POS91                                  0         -nan%                0         -nan%
L1_SHADOW_HIT_POS92                                  0         -nan%                0         -nan%
L1_SHADOW_HIT_POS93                                  0         -nan%                0         -nan%
L1_SHADOW_HIT_POS94                                  0         -nan%                0         -nan%
L1_SHADOW_HIT_POS95                                  0         -nan%                0         -nan%
L1_SHADOW_HIT_POS96                                  0         -nan%                0         -nan%
L1_SHADOW_HIT_POS97                                  0         -nan%                0         -nan%
L1_SHADOW_HIT_POS98                                  0         -nan%                0         -nan%
L1_SHADOW_HIT_POS99                                  0         -nan%                0         -nan%
L1_SHADOW_HIT_POS100                                 0         -nan%                0         -nan%
L1_SHADOW_HIT_POS101                                 0         -nan%                0         -nan%
L1_SHADOW_HIT_POS102                                 0         -nan%                0         -nan%
L1_SHADOW_HIT_POS103                                 0         -nan%                0         -nan%
L1_SHADOW_HIT_POS104                                 0         -nan%                0         -nan%
L1_SHADOW_HIT_POS105                                 0         -nan%                0         -nan%
L1_SHADOW_HIT_POS106                                 0         -nan%                0         -nan%
L1_SHADOW_HIT_POS107                                 0         -nan%                0         -nan%
L1_SHADOW_HIT_POS108                                 0         -nan%                0         -nan%
L1_SHADOW_HIT_POS109                                 0         -nan%                0         -nan%
L1_SHADOW_HIT_POS110                                 0         -nan%                0         -nan%
L1_SHADOW_HIT_POS111                                 0         -nan%                0         -nan%
L1_SHADOW_HIT_POS112                                 0         -nan%                0         -nan%
L1_SHADOW_HIT_POS113                                 0         -nan%                0         -nan%
L1_SHADOW_HIT_POS114                                 0         -nan%                0         -nan%
L1_SHADOW_HIT_POS115                                 0         -nan%                0         -nan%
L1_SHADOW_HIT_POS116                                 0         -nan%                0         -nan%
L1_SHADOW_HIT_POS117                                 0         -nan%                0         -nan%
L1_SHADOW_HIT_POS118                                 0         -nan%                0         -nan%
L1_SHADOW_HIT_POS119                                 0         -nan%                0         -nan%
L1_SHADOW_HIT_POS120                                 0         -nan%                0         -nan%
L1_SHADOW_HIT_POS121                                 0         -nan%                0         -nan%
L1_SHADOW_HIT_POS122                                 0         -nan%                0         -nan%
L1_SHADOW_HIT_POS123                                 0         -nan%                0         -nan%
L1_SHADOW_HIT_POS124                                 0         -nan%                0         -nan%
L1_SHADOW_HIT_POS125                                 0         -nan%                0         -nan%
L1_SHADOW_HIT_POS126                                 0         -nan%                0         -nan%
L1_SHADOW_HIT_POS127                                 0         -nan%                0         -nan%
                                                     0         -nan%                0         -nan%
                                                  -nan         -nan              -nan         -nan

L1_SHADOW_STALLING_HIT_POS0                          0         -nan%                0         -nan%
L1_SHADOW_STALLING_HIT_POS1                          0         -nan%                0         -nan%
L1_SHADOW_STALLING_HIT_POS2                          0         -nan%                0         -nan%
L1_SHADOW_STALLING_HIT_POS3                          0         -nan%                0         -nan%
L1_SHADOW_STALLING_HIT_POS4                          0         -nan%                0         -nan%
L1_SHADOW_STALLING_HIT_POS5                          0         -nan%                0         -nan%
L1_SHADOW_STALLING_HIT_POS6                          0         -nan%                0         -nan%
L1_SHADOW_STALLING_HIT_POS7                          0         -nan%                0         -nan%
L1_SHADOW_STALLING_HIT_POS8                          0         -nan%                0         -nan%
L1_SHADOW_STALLING_HIT_POS9                          0         -nan%                0         -nan%
L1_SHADOW_STALLING_HIT_POS10                         0         -nan%                0         -nan%
L1_SHADOW_STALLING_HIT_POS11                         0         -nan%                0         -nan%
L1_SHADOW_STALLING_HIT_POS12                         0         -nan%                0         -nan%
L1_SHADOW_STALLING_HIT_POS13                         0         -nan%                0         -nan%
L1_SHADOW_STALLING_HIT_POS14                         0         -nan%                0         -nan%
L1_SHADOW_STALLING_HIT_POS15                         0         -nan%                0         -nan%
L1_SHADOW_STALLING_HIT_POS16                         0         -nan%                0         -nan%
L1_SHADOW_STALLING_HIT_POS17                         0         -nan%                0         -nan%
L1_SHADOW_STALLING_HIT_POS18                         0         -nan%                0         -nan%
L1_SHADOW_STALLING_HIT_POS19                         0         -nan%                0         -nan%
L1_SHADOW_STALLING_HIT_POS20                         0         -nan%                0         -nan%
L1_SHADOW_STALLING_HIT_POS21                         0         -nan%                0         -nan%
L1_SHADOW_STALLING_HIT_POS22                         0         -nan%                0         -nan%
L1_SHADOW_STALLING_HIT_POS23                         0         -nan%                0         -nan%
L1_SHADOW_STALLING_HIT_POS24                         0         -nan%                0         -nan%
L1_SHADOW_STALLING_HIT_POS25                         0         -nan%                0         -nan%
L1_SHADOW_STALLING_HIT_POS26                         0         -nan%                0         -nan%
L1_SHADOW_STALLING_HIT_POS27                         0         -nan%                0         -nan%
L1_SHADOW_STALLING_HIT_POS28                         0         -nan%                0         -nan%
L1_SHADOW_STALLING_HIT_POS29                         0         -nan%                0         -nan%
L1_SHADOW_STALLING_HIT_POS30                         0         -nan%                0         -nan%
L1_SHADOW_STALLING_HIT_POS31                         0         -nan%                0         -nan%
L1_SHADOW_STALLING_HIT_POS32                         0         -nan%                0         -nan%
L1_SHADOW_STALLING_HIT_POS33                         0         -nan%                0         -nan%
L1_SHADOW_STALLING_HIT_POS34                         0         -nan%                0         -nan%
L1_SHADOW_STALLING_HIT_POS35                         0         -nan%                0         -nan%
L1_SHADOW_STALLING_HIT_POS36                         0         -nan%                0         -nan%
L1_SHADOW_STALLING_HIT_POS37                         0         -nan%                0         -nan%
L1_SHADOW_STALLING_HIT_POS38                         0         -nan%                0         -nan%
L1_SHADOW_STALLING_HIT_POS39                         0         -nan%                0         -nan%
L1_SHADOW_STALLING_HIT_POS40                         0         -nan%                0         -nan%
L1_SHADOW_STALLING_HIT_POS41                         0         -nan%                0         -nan%
L1_SHADOW_STALLING_HIT_POS42                         0         -nan%                0         -nan%
L1_SHADOW_STALLING_HIT_POS43                         0         -nan%                0         -nan%
L1_SHADOW_STALLING_HIT_POS44                         0         -nan%                0         -nan%
L1_SHADOW_STALLING_HIT_POS45                         0         -nan%                0         -nan%
L1_SHADOW_STALLING_HIT_POS46                         0         -nan%                0         -nan%
L1_SHADOW_STALLING_HIT_POS47                         0         -nan%                0         -nan%
L1_SHADOW_STALLING_HIT_POS48                         0         -nan%                0         -nan%
L1_SHADOW_STALLING_HIT_POS49                         0         -nan%                0         -nan%
L1_SHADOW_STALLING_HIT_POS50                         0         -nan%                0         -nan%
L1_SHADOW_STALLING_HIT_POS51                         0         -nan%                0         -nan%
L1_SHADOW_STALLING_HIT_POS52                         0         -nan%                0         -nan%
L1_SHADOW_STALLING_HIT_POS53                         0         -nan%                0         -nan%
L1_SHADOW_STALLING_HIT_POS54                         0         -nan%                0         -nan%
L1_SHADOW_STALLING_HIT_POS55                         0         -nan%                0         -nan%
L1_SHADOW_STALLING_HIT_POS56                         0         -nan%                0         -nan%
L1_SHADOW_STALLING_HIT_POS57                         0         -nan%                0         -nan%
L1_SHADOW_STALLING_HIT_POS58                         0         -nan%                0         -nan%
L1_SHADOW_STALLING_HIT_POS59                         0         -nan%                0         -nan%
L1_SHADOW_STALLING_HIT_POS60                         0         -nan%                0         -nan%
L1_SHADOW_STALLING_HIT_POS61                         0         -nan%                0         -nan%
L1_SHADOW_STALLING_HIT_POS62                         0         -nan%                0         -nan%
L1_SHADOW_STALLING_HIT_POS63                         0         -nan%                0         -nan%
L1_SHADOW_STALLING_HIT_POS64                         0         -nan%                0         -nan%
L1_SHADOW_STALLING_HIT_POS65                         0         -nan%                0         -nan%
L1_SHADOW_STALLING_HIT_POS66                         0         -nan%                0         -nan%
L1_SHADOW_STALLING_HIT_POS67                         0         -nan%                0         -nan%
L1_SHADOW_STALLING_HIT_POS68                         0         -nan%                0         -nan%
L1_SHADOW_STALLING_HIT_POS69                         0         -nan%                0         -nan%
L1_SHADOW_STALLING_HIT_POS70                         0         -nan%                0         -nan%
L1_SHADOW_STALLING_HIT_POS71                         0         -nan%                0         -nan%
L1_SHADOW_STALLING_HIT_POS72                         0         -nan%                0         -nan%
L1_SHADOW_STALLING_HIT_POS73                         0         -nan%                0         -nan%
L1_SHADOW_STALLING_HIT_POS74                         0         -nan%                0         -nan%
L1_SHADOW_STALLING_HIT_POS75                         0         -nan%                0         -nan%
L1_SHADOW_STALLING_HIT_POS76                         0         -nan%                0         -nan%
L1_SHADOW_STALLING_HIT_POS77                         0         -nan%                0         -nan%
L1_SHADOW_STALLING_HIT_POS78                         0         -nan%                0         -nan%
L1_SHADOW_STALLING_HIT_POS79                         0         -nan%                0         -nan%
L1_SHADOW_STALLING_HIT_POS80                         0         -nan%                0         -nan%
L1_SHADOW_STALLING_HIT_POS81                         0         -nan%                0         -nan%
L1_SHADOW_STALLING_HIT_POS82                         0         -nan%                0         -nan%
L1_SHADOW_STALLING_HIT_POS83                         0         -nan%                0         -nan%
L1_SHADOW_STALLING_HIT_POS84                         0         -nan%                0         -nan%
L1_SHADOW_STALLING_HIT_POS85                         0         -nan%                0         -nan%
L1_SHADOW_STALLING_HIT_POS86                         0         -nan%                0         -nan%
L1_SHADOW_STALLING_HIT_POS87                         0         -nan%                0         -nan%
L1_SHADOW_STALLING_HIT_POS88                         0         -nan%                0         -nan%
L1_SHADOW_STALLING_HIT_POS89                         0         -nan%                0         -nan%
L1_SHADOW_STALLING_HIT_POS90                         0         -nan%                0         -nan%
L1_SHADOW_STALLING_HIT_POS91                         0         -nan%                0         -nan%
L1_SHADOW_STALLING_HIT_POS92                         0         -nan%                0         -nan%
L1_SHADOW_STALLING_HIT_POS93                         0         -nan%                0         -nan%
L1_SHADOW_STALLING_HIT_POS94                         0         -nan%                0         -nan%
L1_SHADOW_STALLING_HIT_POS95                         0         -nan%                0         -nan%
L1_SHADOW_STALLING_HIT_POS96                         0         -nan%                0         -nan%
L1_SHADOW_STALLING_HIT_POS97                         0         -nan%                0         -nan%
L1_SHADOW_STALLING_HIT_POS98                         0         -nan%                0         -nan%
L1_SHADOW_STALLING_HIT_POS99                         0         -nan%                0         -nan%
L1_SHADOW_STALLING_HIT_POS100                        0         -nan%                0         -nan%
L1_SHADOW_STALLING_HIT_POS101                        0         -nan%                0         -nan%
L1_SHADOW_STALLING_HIT_POS102                        0         -nan%                0         -nan%
L1_SHADOW_STALLING_HIT_POS103                        0         -nan%                0         -nan%
L1_SHADOW_STALLING_HIT_POS104                        0         -nan%                0         -nan%
L1_SHADOW_STALLING_HIT_POS105                        0         -nan%                0         -nan%
L1_SHADOW_STALLING_HIT_POS106                        0         -nan%                0         -nan%
L1_SHADOW_STALLING_HIT_POS107                        0         -nan%                0         -nan%
L1_SHADOW_STALLING_HIT_POS108                        0         -nan%                0         -nan%
L1_SHADOW_STALLING_HIT_POS109                        0         -nan%                0         -nan%
L1_SHADOW_STALLING_HIT_POS110                        0         -nan%                0         -nan%
L1_SHADOW_STALLING_HIT_POS111                        0         -nan%                0         -nan%
L1_SHADOW_STALLING_HIT_POS112                        0         -nan%                0         -nan%
L1_SHADOW_STALLING_HIT_POS113                        0         -nan%                0         -nan%
L1_SHADOW_STALLING_HIT_POS114                        0         -nan%                0         -nan%
L1_SHADOW_STALLING_HIT_POS115                        0         -nan%                0         -nan%
L1_SHADOW_STALLING_HIT_POS116                        0         -nan%                0         -nan%
L1_SHADOW_STALLING_HIT_POS117                        0         -nan%                0         -nan%
L1_SHADOW_STALLING_HIT_POS118                        0         -nan%                0         -nan%
L1_SHADOW_STALLING_HIT_POS119                        0         -nan%                0         -nan%
L1_SHADOW_STALLING_HIT_POS120                        0         -nan%                0         -nan%
L1_SHADOW_STALLING_HIT_POS121                        0         -nan%                0         -nan%
L1_SHADOW_STALLING_HIT_POS122                        0         -nan%                0         -nan%
L1_SHADOW_STALLING_HIT_POS123                        0         -nan%                0         -nan%
L1_SHADOW_STALLING_HIT_POS124                        0         -nan%                0         -nan%
L1_SHADOW_STALLING_HIT_POS125                        0         -nan%                0         -nan%
L1_SHADOW_STALLING_HIT_POS126                        0         -nan%                0         -nan%
L1_SHADOW_STALLING_HIT_POS127                        0         -nan%                0         -nan%
                                                     0         -nan%                0         -nan%
                                                  -nan         -nan              -nan         -nan

L1_SHADOW_DEMAND_HIT_POS0                            0         -nan%                0         -nan%
L1_SHADOW_DEMAND_HIT_POS1                            0         -nan%                0         -nan%
L1_SHADOW_DEMAND_HIT_POS2                            0         -nan%                0         -nan%
L1_SHADOW_DEMAND_HIT_POS3                            0         -nan%                0         -nan%
L1_SHADOW_DEMAND_HIT_POS4                            0         -nan%                0         -nan%
L1_SHADOW_DEMAND_HIT_POS5                            0         -nan%                0         -nan%
L1_SHADOW_DEMAND_HIT_POS6                            0         -nan%                0         -nan%
L1_SHADOW_DEMAND_HIT_POS7                            0         -nan%                0         -nan%
L1_SHADOW_DEMAND_HIT_POS8                            0         -nan%                0         -nan%
L1_SHADOW_DEMAND_HIT_POS9                            0         -nan%                0         -nan%
L1_SHADOW_DEMAND_HIT_POS10                           0         -nan%                0         -nan%
L1_SHADOW_DEMAND_HIT_POS11                           0         -nan%                0         -nan%
L1_SHADOW_DEMAND_HIT_POS12                           0         -nan%                0         -nan%
L1_SHADOW_DEMAND_HIT_POS13                           0         -nan%                0         -nan%
L1_SHADOW_DEMAND_HIT_POS14                           0         -nan%                0         -nan%
L1_SHADOW_DEMAND_HIT_POS15                           0         -nan%                0         -nan%
L1_SHADOW_DEMAND_HIT_POS16                           0         -nan%                0         -nan%
L1_SHADOW_DEMAND_HIT_POS17                           0         -nan%                0         -nan%
L1_SHADOW_DEMAND_HIT_POS18                           0         -nan%                0         -nan%
L1_SHADOW_DEMAND_HIT_POS19                           0         -nan%                0         -nan%
L1_SHADOW_DEMAND_HIT_POS20                           0         -nan%                0         -nan%
L1_SHADOW_DEMAND_HIT_POS21                           0         -nan%                0         -nan%
L1_SHADOW_DEMAND_HIT_POS22                           0         -nan%                0         -nan%
L1_SHADOW_DEMAND_HIT_POS23                           0         -nan%                0         -nan%
L1_SHADOW_DEMAND_HIT_POS24                           0         -nan%                0         -nan%
L1_SHADOW_DEMAND_HIT_POS25                           0         -nan%                0         -nan%
L1_SHADOW_DEMAND_HIT_POS26                           0         -nan%                0         -nan%
L1_SHADOW_DEMAND_HIT_POS27                           0         -nan%                0         -nan%
L1_SHADOW_DEMAND_HIT_POS28                           0         -nan%                0         -nan%
L1_SHADOW_DEMAND_HIT_POS29                           0         -nan%                0         -nan%
L1_SHADOW_DEMAND_HIT_POS30                           0         -nan%                0         -nan%
L1_SHADOW_DEMAND_HIT_POS31                           0         -nan%                0         -nan%
L1_SHADOW_DEMAND_HIT_POS32                           0         -nan%                0         -nan%
L1_SHADOW_DEMAND_HIT_POS33                           0         -nan%                0         -nan%
L1_SHADOW_DEMAND_HIT_POS34                           0         -nan%                0         -nan%
L1_SHADOW_DEMAND_HIT_POS35                           0         -nan%                0         -nan%
L1_SHADOW_DEMAND_HIT_POS36                           0         -nan%                0         -nan%
L1_SHADOW_DEMAND_HIT_POS37                           0         -nan%                0         -nan%
L1_SHADOW_DEMAND_HIT_POS38                           0         -nan%                0         -nan%
L1_SHADOW_DEMAND_HIT_POS39                           0         -nan%                0         -nan%
L1_SHADOW_DEMAND_HIT_POS40                           0         -nan%                0         -nan%
L1_SHADOW_DEMAND_HIT_POS41                           0         -nan%                0         -nan%
L1_SHADOW_DEMAND_HIT_POS42                           0         -nan%                0         -nan%
L1_SHADOW_DEMAND_HIT_POS43                           0         -nan%                0         -nan%
L1_SHADOW_DEMAND_HIT_POS44                           0         -nan%                0         -nan%
L1_SHADOW_DEMAND_HIT_POS45                           0         -nan%                0         -nan%
L1_SHADOW_DEMAND_HIT_POS46                           0         -nan%                0         -nan%
L1_SHADOW_DEMAND_HIT_POS47                           0         -nan%                0         -nan%
L1_SHADOW_DEMAND_HIT_POS48                           0         -nan%                0         -nan%
L1_SHADOW_DEMAND_HIT_POS49                           0         -nan%                0         -nan%
L1_SHADOW_DEMAND_HIT_POS50                           0         -nan%                0         -nan%
L1_SHADOW_DEMAND_HIT_POS51                           0         -nan%                0         -nan%
L1_SHADOW_DEMAND_HIT_POS52                           0         -nan%                0         -nan%
L1_SHADOW_DEMAND_HIT_POS53                           0         -nan%                0         -nan%
L1_SHADOW_DEMAND_HIT_POS54                           0         -nan%                0         -nan%
L1_SHADOW_DEMAND_HIT_POS55                           0         -nan%                0         -nan%
L1_SHADOW_DEMAND_HIT_POS56                           0         -nan%                0         -nan%
L1_SHADOW_DEMAND_HIT_POS57                           0         -nan%                0         -nan%
L1_SHADOW_DEMAND_HIT_POS58                           0         -nan%                0         -nan%
L1_SHADOW_DEMAND_HIT_POS59                           0         -nan%                0         -nan%
L1_SHADOW_DEMAND_HIT_POS60                           0         -nan%                0         -nan%
L1_SHADOW_DEMAND_HIT_POS61                           0         -nan%                0         -nan%
L1_SHADOW_DEMAND_HIT_POS62                           0         -nan%                0         -nan%
L1_SHADOW_DEMAND_HIT_POS63                           0         -nan%                0         -nan%
L1_SHADOW_DEMAND_HIT_POS64                           0         -nan%                0         -nan%
L1_SHADOW_DEMAND_HIT_POS65                           0         -nan%                0         -nan%
L1_SHADOW_DEMAND_HIT_POS66                           0         -nan%                0         -nan%
L1_SHADOW_DEMAND_HIT_POS67                           0         -nan%                0         -nan%
L1_SHADOW_DEMAND_HIT_POS68                           0         -nan%                0         -nan%
L1_SHADOW_DEMAND_HIT_POS69                           0         -nan%                0         -nan%
L1_SHADOW_DEMAND_HIT_POS70                           0         -nan%                0         -nan%
L1_SHADOW_DEMAND_HIT_POS71                           0         -nan%                0         -nan%
L1_SHADOW_DEMAND_HIT_POS72                           0         -nan%                0         -nan%
L1_SHADOW_DEMAND_HIT_POS73                           0         -nan%                0         -nan%
L1_SHADOW_DEMAND_HIT_POS74                           0         -nan%                0         -nan%
L1_SHADOW_DEMAND_HIT_POS75                           0         -nan%                0         -nan%
L1_SHADOW_DEMAND_HIT_POS76                           0         -nan%                0         -nan%
L1_SHADOW_DEMAND_HIT_POS77                           0         -nan%                0         -nan%
L1_SHADOW_DEMAND_HIT_POS78                           0         -nan%                0         -nan%
L1_SHADOW_DEMAND_HIT_POS79                           0         -nan%                0         -nan%
L1_SHADOW_DEMAND_HIT_POS80                           0         -nan%                0         -nan%
L1_SHADOW_DEMAND_HIT_POS81                           0         -nan%                0         -nan%
L1_SHADOW_DEMAND_HIT_POS82                           0         -nan%                0         -nan%
L1_SHADOW_DEMAND_HIT_POS83                           0         -nan%                0         -nan%
L1_SHADOW_DEMAND_HIT_POS84                           0         -nan%                0         -nan%
L1_SHADOW_DEMAND_HIT_POS85                           0         -nan%                0         -nan%
L1_SHADOW_DEMAND_HIT_POS86                           0         -nan%                0         -nan%
L1_SHADOW_DEMAND_HIT_POS87                           0         -nan%                0         -nan%
L1_SHADOW_DEMAND_HIT_POS88                           0         -nan%                0         -nan%
L1_SHADOW_DEMAND_HIT_POS89                           0         -nan%                0         -nan%
L1_SHADOW_DEMAND_HIT_POS90                           0         -nan%                0         -nan%
L1_SHADOW_DEMAND_HIT_POS91                           0         -nan%                0         -nan%
L1_SHADOW_DEMAND_HIT_POS92                           0         -nan%                0         -nan%
L1_SHADOW_DEMAND_HIT_POS93                           0         -nan%                0         -nan%
L1_SHADOW_DEMAND_HIT_POS94                           0         -nan%                0         -nan%
L1_SHADOW_DEMAND_HIT_POS95                           0         -nan%                0         -nan%
L1_SHADOW_DEMAND_HIT_POS96                           0         -nan%                0         -nan%
L1_SHADOW_DEMAND_HIT_POS97                           0         -nan%                0         -nan%
L1_SHADOW_DEMAND_HIT_POS98                           0         -nan%                0         -nan%
L1_SHADOW_DEMAND_HIT_POS99                           0         -nan%                0         -nan%
L1_SHADOW_DEMAND_HIT_POS100                          0         -nan%                0         -nan%
L1_SHADOW_DEMAND_HIT_POS101                          0         -nan%                0         -nan%
L1_SHADOW_DEMAND_HIT_POS102                          0         -nan%                0         -nan%
L1_SHADOW_DEMAND_HIT_POS103                          0         -nan%                0         -nan%
L1_SHADOW_DEMAND_HIT_POS104                          0         -nan%                0         -nan%
L1_SHADOW_DEMAND_HIT_POS105                          0         -nan%                0         -nan%
L1_SHADOW_DEMAND_HIT_POS106                          0         -nan%                0         -nan%
L1_SHADOW_DEMAND_HIT_POS107                          0         -nan%                0         -nan%
L1_SHADOW_DEMAND_HIT_POS108                          0         -nan%                0         -nan%
L1_SHADOW_DEMAND_HIT_POS109                          0         -nan%                0         -nan%
L1_SHADOW_DEMAND_HIT_POS110                          0         -nan%                0         -nan%
L1_SHADOW_DEMAND_HIT_POS111                          0         -nan%                0         -nan%
L1_SHADOW_DEMAND_HIT_POS112                          0         -nan%                0         -nan%
L1_SHADOW_DEMAND_HIT_POS113                          0         -nan%                0         -nan%
L1_SHADOW_DEMAND_HIT_POS114                          0         -nan%                0         -nan%
L1_SHADOW_DEMAND_HIT_POS115                          0         -nan%                0         -nan%
L1_SHADOW_DEMAND_HIT_POS116                          0         -nan%                0         -nan%
L1_SHADOW_DEMAND_HIT_POS117                          0         -nan%                0         -nan%
L1_SHADOW_DEMAND_HIT_POS118                          0         -nan%                0         -nan%
L1_SHADOW_DEMAND_HIT_POS119                          0         -nan%                0         -nan%
L1_SHADOW_DEMAND_HIT_POS120                          0         -nan%                0         -nan%
L1_SHADOW_DEMAND_HIT_POS121                          0         -nan%                0         -nan%
L1_SHADOW_DEMAND_HIT_POS122                          0         -nan%                0         -nan%
L1_SHADOW_DEMAND_HIT_POS123                          0         -nan%                0         -nan%
L1_SHADOW_DEMAND_HIT_POS124                          0         -nan%                0         -nan%
L1_SHADOW_DEMAND_HIT_POS125                          0         -nan%                0         -nan%
L1_SHADOW_DEMAND_HIT_POS126                          0         -nan%                0         -nan%
L1_SHADOW_DEMAND_HIT_POS127                          0         -nan%                0         -nan%
                                                     0         -nan%                0         -nan%
                                                  -nan         -nan              -nan         -nan

CORE_PREF_MLC_SENT                                   0                              0              

CORE_PREF_MLC_USED                                   0         -nan%                0         -nan%
CORE_PREF_MLC_PARTIAL_USED                           0         -nan%                0         -nan%
CORE_PREF_MLC_NOT_USED                               0         -nan%                0         -nan%
CORE_PREF_MLC_DROPPED                                0         -nan%                0         -nan%
                                                     0         -nan%                0         -nan%
                                                  -nan         -nan              -nan         -nan

CORE_PREF_L1_SENT                                    0                              4              

CORE_PREF_L1_USED                                    0         -nan%                3      100.000%
CORE_PREF_L1_PARTIAL_USED                            0         -nan%                0        0.000%
CORE_PREF_L1_NOT_USED                                0         -nan%                0        0.000%
CORE_PREF_L1_DROPPED                                 0         -nan%                0        0.000%
                                                     0         -nan%                3      100.000%
                                                  -nan         -nan              0.00         0.00

TOTAL_MEM_LATENCY                             16297487      532.7195         50690462      549.7702

TOTAL_MEM_LATENCY_DEMAND                      16297487      532.7195         50581191      548.6089

TOTAL_MEM_LATENCY_PREF                               0          -nan           109271    27317.7500

CORE_MEM_LATENCY                              16297487      532.7195         50690462      549.7702

CORE_MEM_LATENCY_DEMAND                       16297487      532.7195         50581191      548.6089

CORE_MEM_LATENCY_PREF                                0          -nan           109271    27317.7500

CORE_MEM_LATENCY_IFETCH                              0        0.000%             3180        0.014%
CORE_MEM_LATENCY_DFETCH                           2840        0.038%            47558        0.210%
CORE_MEM_LATENCY_DSTORE                        7549431       99.962%         22471801       99.293%
CORE_MEM_LATENCY_IPRF                                0        0.000%                0        0.000%
CORE_MEM_LATENCY_UOCPRF                              0        0.000%                0        0.000%
CORE_MEM_LATENCY_FDIPPRF                             0        0.000%           108847        0.481%
CORE_MEM_LATENCY_DPRF                                0        0.000%                0        0.000%
CORE_MEM_LATENCY_WB                                  0        0.000%              424        0.002%
CORE_MEM_LATENCY_WB_NODIRTY                          0        0.000%                0        0.000%
                                               7552271      100.000%         22631810      100.000%
                                                  2.00         0.02              2.01         0.21

CORE_MEM_STALLING_LATENCY_IFETCH                     0         -nan%                0         -nan%
CORE_MEM_STALLING_LATENCY_DFETCH                     0         -nan%                0         -nan%
CORE_MEM_STALLING_LATENCY_DSTORE                     0         -nan%                0         -nan%
CORE_MEM_STALLING_LATENCY_IPRF                       0         -nan%                0         -nan%
CORE_MEM_STALLING_LATENCY_DPRF                       0         -nan%                0         -nan%
CORE_MEM_STALLING_LATENCY_WB                         0         -nan%                0         -nan%
CORE_MEM_STALLING_LATENCY_WB_NODIRTY                 0         -nan%                0         -nan%
                                                     0         -nan%                0         -nan%
                                                  -nan         -nan              -nan         -nan

TOTAL_L1_MISS_LATENCY                          7552271      246.8627         22631810      245.4563

TOTAL_L1_MISS_LATENCY_DEMAND                   7552271      246.8627         22631386      245.4624

TOTAL_L1_MISS_LATENCY_PREF                           0          -nan              424      106.0000

CORE_L1_MISS_LATENCY                           7552271      246.8627         22631810      245.4563

CORE_L1_MISS_LATENCY_DEMAND                    7552271      246.8627         22631386      245.4624

CORE_L1_MISS_LATENCY_PREF                            0          -nan              424      106.0000

CORE_EVICTED_L1_DEMAND                           28948      100.000%            84451      100.000%
CORE_EVICTED_L1_PREF_USED                            0        0.000%                0        0.000%
CORE_EVICTED_L1_PREF_NOT_USED                        0        0.000%                0        0.000%
                                                 28948      100.000%            84451      100.000%
                                                  0.00         0.00              0.00         0.00

CORE_EVICTED_MLC_DEMAND                          29151      100.000%            86390       99.968%
CORE_EVICTED_MLC_PREF_USED                           0        0.000%                0        0.000%
CORE_EVICTED_MLC_PREF_NOT_USED                       0        0.000%               28        0.032%
                                                 29151      100.000%            86418      100.000%
                                                  0.00         0.00              0.00         0.04

CORE_MEM_LATENCY_AVE_DEMAND                   15440011      533.3706         45115624      534.2225

CORE_MEM_LATENCY_AVE_PREF_USED                       0          -nan                0          -nan

CORE_MEM_LATENCY_AVE_PREF_NOT_USED                   0          -nan             8195           inf

DRAM_LATENCY                                         0                              0              

TOTAL_DRAM_LATENCY                                   0                              0              

DRAM_CLOSED_PAGE_POLICY_CMD                          0                              0              

DRAM_ACTIVATE_STALLING                               0                              0              

DRAM_PRECHARGE_STALLING                              0                              0              

DRAM_PRECHARGE_STALLING_WAIT_CYCLES                  0                              0              

L1_STAY_DEMAND                              4919004524   169925.5397      14374324060   170209.0450

L1_STAY_PREF_USED                                    0          -nan                0          -nan

L1_STAY_PREF_NOT_USED                                0          -nan                0          -nan

TOTAL_DATA_MISS_LATENCY                        7555618                       22580682              

TOTAL_DATA_MISS_COUNT                            30606                          92167              

CORE_PREF_L1_NOT_USED_LATENCY200                     0         -nan%                0         -nan%
CORE_PREF_L1_NOT_USED_LATENCY400                     0         -nan%                0         -nan%
CORE_PREF_L1_NOT_USED_LATENCY600                     0         -nan%                0         -nan%
CORE_PREF_L1_NOT_USED_LATENCY800                     0         -nan%                0         -nan%
CORE_PREF_L1_NOT_USED_LATENCY1000                    0         -nan%                0         -nan%
CORE_PREF_L1_NOT_USED_LATENCY1200                    0         -nan%                0         -nan%
CORE_PREF_L1_NOT_USED_LATENCY1400                    0         -nan%                0         -nan%
CORE_PREF_L1_NOT_USED_LATENCY1600                    0         -nan%                0         -nan%
CORE_PREF_L1_NOT_USED_LATENCY1600MORE                0         -nan%                0         -nan%
                                                     0         -nan%                0         -nan%
                                                  -nan         -nan              -nan         -nan

CORE_PREF_L1_NOT_USED_DISTANCE_1                     0         -nan%                0         -nan%
CORE_PREF_L1_NOT_USED_DISTANCE_2                     0         -nan%                0         -nan%
CORE_PREF_L1_NOT_USED_DISTANCE_4                     0         -nan%                0         -nan%
CORE_PREF_L1_NOT_USED_DISTANCE_8                     0         -nan%                0         -nan%
CORE_PREF_L1_NOT_USED_DISTANCE_16                    0         -nan%                0         -nan%
CORE_PREF_L1_NOT_USED_DISTANCE_32                    0         -nan%                0         -nan%
CORE_PREF_L1_NOT_USED_DISTANCE_MORE                  0         -nan%                0         -nan%
                                                     0         -nan%                0         -nan%
                                                  -nan         -nan              -nan         -nan

CORE_PREF_L1_USED_LATENCY200                         0         -nan%                0         -nan%
CORE_PREF_L1_USED_LATENCY400                         0         -nan%                0         -nan%
CORE_PREF_L1_USED_LATENCY600                         0         -nan%                0         -nan%
CORE_PREF_L1_USED_LATENCY800                         0         -nan%                0         -nan%
CORE_PREF_L1_USED_LATENCY1000                        0         -nan%                0         -nan%
CORE_PREF_L1_USED_LATENCY1200                        0         -nan%                0         -nan%
CORE_PREF_L1_USED_LATENCY1400                        0         -nan%                0         -nan%
CORE_PREF_L1_USED_LATENCY1600                        0         -nan%                0         -nan%
CORE_PREF_L1_USED_LATENCY1600MORE                    0         -nan%                0         -nan%
                                                     0         -nan%                0         -nan%
                                                  -nan         -nan              -nan         -nan

CORE_PREF_L1_USED_DISTANCE_1                         0         -nan%                0         -nan%
CORE_PREF_L1_USED_DISTANCE_2                         0         -nan%                0         -nan%
CORE_PREF_L1_USED_DISTANCE_4                         0         -nan%                0         -nan%
CORE_PREF_L1_USED_DISTANCE_8                         0         -nan%                0         -nan%
CORE_PREF_L1_USED_DISTANCE_16                        0         -nan%                0         -nan%
CORE_PREF_L1_USED_DISTANCE_32                        0         -nan%                0         -nan%
CORE_PREF_L1_USED_DISTANCE_MORE                      0         -nan%                0         -nan%
                                                     0         -nan%                0         -nan%
                                                  -nan         -nan              -nan         -nan

CORE_PREF_L1_DEMAND_LATENCY300                   21750       75.135%            64098       75.900%
CORE_PREF_L1_DEMAND_LATENCY400                    2215        7.652%             6154        7.287%
CORE_PREF_L1_DEMAND_LATENCY500                    2191        7.569%             6305        7.466%
CORE_PREF_L1_DEMAND_LATENCY600                    1124        3.883%             3032        3.590%
CORE_PREF_L1_DEMAND_LATENCY700                     312        1.078%              881        1.043%
CORE_PREF_L1_DEMAND_LATENCY800                     195        0.674%              545        0.645%
CORE_PREF_L1_DEMAND_LATENCY900                     167        0.577%              448        0.530%
CORE_PREF_L1_DEMAND_LATENCY1000                    123        0.425%              419        0.496%
CORE_PREF_L1_DEMAND_LATENCY1000MORE                871        3.009%             2569        3.042%
                                                 28948      100.000%            84451      100.000%
                                                  0.73         1.58              0.71         1.59

CORE_PREF_MLC_NOT_USED_LATENCY200                    0         -nan%                6       21.429%
CORE_PREF_MLC_NOT_USED_LATENCY400                    0         -nan%               17       60.714%
CORE_PREF_MLC_NOT_USED_LATENCY600                    0         -nan%                5       17.857%
CORE_PREF_MLC_NOT_USED_LATENCY800                    0         -nan%                0        0.000%
CORE_PREF_MLC_NOT_USED_LATENCY1000                   0         -nan%                0        0.000%
CORE_PREF_MLC_NOT_USED_LATENCY1200                   0         -nan%                0        0.000%
CORE_PREF_MLC_NOT_USED_LATENCY1400                   0         -nan%                0        0.000%
CORE_PREF_MLC_NOT_USED_LATENCY1600                   0         -nan%                0        0.000%
CORE_PREF_MLC_NOT_USED_LATENCY1600MORE               0         -nan%                0        0.000%
                                                     0         -nan%               28      100.000%
                                                  -nan         -nan              0.96         0.45

CORE_PREF_MLC_USED_LATENCY200                        0         -nan%                0         -nan%
CORE_PREF_MLC_USED_LATENCY400                        0         -nan%                0         -nan%
CORE_PREF_MLC_USED_LATENCY600                        0         -nan%                0         -nan%
CORE_PREF_MLC_USED_LATENCY800                        0         -nan%                0         -nan%
CORE_PREF_MLC_USED_LATENCY1000                       0         -nan%                0         -nan%
CORE_PREF_MLC_USED_LATENCY1200                       0         -nan%                0         -nan%
CORE_PREF_MLC_USED_LATENCY1400                       0         -nan%                0         -nan%
CORE_PREF_MLC_USED_LATENCY1600                       0         -nan%                0         -nan%
CORE_PREF_MLC_USED_LATENCY1600MORE                   0         -nan%                0         -nan%
                                                     0         -nan%                0         -nan%
                                                  -nan         -nan              -nan         -nan

CORE_PREF_MLC_DEMAND_LATENCY300                  21129       72.481%            63359       73.341%
CORE_PREF_MLC_DEMAND_LATENCY400                   2274        7.801%             6502        7.526%
CORE_PREF_MLC_DEMAND_LATENCY500                   2096        7.190%             6020        6.968%
CORE_PREF_MLC_DEMAND_LATENCY600                   1724        5.914%             4861        5.627%
CORE_PREF_MLC_DEMAND_LATENCY700                    490        1.681%             1338        1.549%
CORE_PREF_MLC_DEMAND_LATENCY800                    200        0.686%              601        0.696%
CORE_PREF_MLC_DEMAND_LATENCY900                    175        0.600%              480        0.556%
CORE_PREF_MLC_DEMAND_LATENCY1000                   152        0.521%              472        0.546%
CORE_PREF_MLC_DEMAND_LATENCY1000MORE               911        3.125%             2757        3.191%
                                                 29151      100.000%            86390      100.000%
                                                  0.82         1.63              0.81         1.64

TOTAL_BATCH_FORMED                                   0                              0              

TOTAL_BATCH_MEM_REQ_MARKED                           0          -nan                0          -nan

CORE_BATCH_MEM_REQ_MARKED                            0          -nan                0          -nan

CORE_BATCH_MEM_REQ_MARKED_DEMAND                     0          -nan                0          -nan

CORE_BATCH_MEM_REQ_MARKED_PREF                       0          -nan                0          -nan

DRAM_ROW_BATCHES                                     0                              0              

REJECTED_QUEUE_MLC                                   0                              0              

REJECTED_QUEUE_L1                                    0                              0              

REJECTED_QUEUE_BUS_OUT                               0                              0              

LEADING_LOAD_LATENCY                                 0        0.0000                0        0.0000

LEADING_LOADS                                        0        0.0000                0        0.0000

MEM_REQ_CRITICAL_PATH_LENGTH                         0        0.0000                0        0.0000

TOTAL_MEM_REQ_LATENCY                                0                              0              

TOTAL_CRITICAL_MEM_REQ_LATENCY                       0          -nan                0          -nan

TOTAL_CRITICAL_BANK_LATENCY                          0          -nan                0          -nan

TOTAL_MEMORY_SLACK                                   0        0.0000                0        0.0000

TOTAL_CHIP_UTILIZATION                               0        0.0000                0        0.0000

CHIP_BUSY_UNDER_CRITICAL_REQS                        0        0.0000                0        0.0000

PERF_PRED_NUM_STAT_RESETS                            0                              0              

PERF_PRED_RESET_STATS_CYCLE                          0                              0              

PERF_PRED_CYCLE                                6124615                       10226468              

ESTIMATED_ALONE_CYCLES                               0        0.0000                0        0.0000

NUM_WINDOWS_WITH_DCACHE_MISS                       181                            828              

LONGEST_DCACHE_MISS_CHAIN                          199                            907              

NUM_DCACHE_MISSES_IN_WINDOW_1                      124       68.508%              646       78.019%
NUM_DCACHE_MISSES_IN_WINDOW_2                       44       24.309%              140       16.908%
NUM_DCACHE_MISSES_IN_WINDOW_3                       13        7.182%               37        4.469%
NUM_DCACHE_MISSES_IN_WINDOW_4                        0        0.000%                2        0.242%
NUM_DCACHE_MISSES_IN_WINDOW_5                        0        0.000%                1        0.121%
NUM_DCACHE_MISSES_IN_WINDOW_6                        0        0.000%                0        0.000%
NUM_DCACHE_MISSES_IN_WINDOW_7                        0        0.000%                0        0.000%
NUM_DCACHE_MISSES_IN_WINDOW_8                        0        0.000%                0        0.000%
NUM_DCACHE_MISSES_IN_WINDOW_9                        0        0.000%                0        0.000%
NUM_DCACHE_MISSES_IN_WINDOW_10                       0        0.000%                0        0.000%
NUM_DCACHE_MISSES_IN_WINDOW_11                       0        0.000%                1        0.121%
NUM_DCACHE_MISSES_IN_WINDOW_12                       0        0.000%                0        0.000%
NUM_DCACHE_MISSES_IN_WINDOW_13                       0        0.000%                0        0.000%
NUM_DCACHE_MISSES_IN_WINDOW_14                       0        0.000%                0        0.000%
NUM_DCACHE_MISSES_IN_WINDOW_15                       0        0.000%                0        0.000%
NUM_DCACHE_MISSES_IN_WINDOW_16_OR_MORE               0        0.000%                1        0.121%
                                                   181      100.000%              828      100.000%
                                                  0.39         0.53              0.30         0.79

DCACHE_MLP_IN_WINDOW_1_0                           129       71.271%              664       80.193%
DCACHE_MLP_IN_WINDOW_1_5                            13        7.182%               38        4.589%
DCACHE_MLP_IN_WINDOW_2_0                            39       21.547%              126       15.217%
DCACHE_MLP_IN_WINDOW_2_5                             0        0.000%                0        0.000%
DCACHE_MLP_IN_WINDOW_3_0                             0        0.000%                0        0.000%
DCACHE_MLP_IN_WINDOW_3_5                             0        0.000%                0        0.000%
DCACHE_MLP_IN_WINDOW_4_0                             0        0.000%                0        0.000%
DCACHE_MLP_IN_WINDOW_4_5                             0        0.000%                0        0.000%
DCACHE_MLP_IN_WINDOW_5_0                             0        0.000%                0        0.000%
DCACHE_MLP_IN_WINDOW_5_5                             0        0.000%                0        0.000%
DCACHE_MLP_IN_WINDOW_6_0                             0        0.000%                0        0.000%
DCACHE_MLP_IN_WINDOW_6_5                             0        0.000%                0        0.000%
DCACHE_MLP_IN_WINDOW_7_0                             0        0.000%                0        0.000%
DCACHE_MLP_IN_WINDOW_7_5                             0        0.000%                0        0.000%
DCACHE_MLP_IN_WINDOW_8_0                             0        0.000%                0        0.000%
DCACHE_MLP_IN_WINDOW_8_5_OR_MORE                     0        0.000%                0        0.000%
                                                   181      100.000%              828      100.000%
                                                  0.50         0.71              0.35         0.66

PARAM_CHIP_CYCLE_TIME                                0                              0              

PARAM_CORE_CYCLE_TIME                                0                         312500              

PARAM_L1_CYCLE_TIME                                  0                         312500              

PARAM_MEMORY_CYCLE_TIME                              0                         833333              

MEM_REQ_NON_SCHEDULED__0                             0         -nan%                0         -nan%
MEM_REQ_NON_SCHEDULED__4                             0         -nan%                0         -nan%
MEM_REQ_NON_SCHEDULED__8                             0         -nan%                0         -nan%
MEM_REQ_NON_SCHEDULED_12                             0         -nan%                0         -nan%
MEM_REQ_NON_SCHEDULED_16                             0         -nan%                0         -nan%
MEM_REQ_NON_SCHEDULED_20                             0         -nan%                0         -nan%
MEM_REQ_NON_SCHEDULED_24                             0         -nan%                0         -nan%
MEM_REQ_NON_SCHEDULED_28                             0         -nan%                0         -nan%
MEM_REQ_NON_SCHEDULED_32                             0         -nan%                0         -nan%
MEM_REQ_NON_SCHEDULED_36                             0         -nan%                0         -nan%
MEM_REQ_NON_SCHEDULED_40                             0         -nan%                0         -nan%
MEM_REQ_NON_SCHEDULED_44                             0         -nan%                0         -nan%
MEM_REQ_NON_SCHEDULED_48                             0         -nan%                0         -nan%
MEM_REQ_NON_SCHEDULED_52                             0         -nan%                0         -nan%
MEM_REQ_NON_SCHEDULED_56                             0         -nan%                0         -nan%
MEM_REQ_NON_SCHEDULED_60                             0         -nan%                0         -nan%
MEM_REQ_NON_SCHEDULED_64                             0         -nan%                0         -nan%
                                                     0         -nan%                0         -nan%
                                                  -nan         -nan              -nan         -nan

MEM_REQ_DEMANDS__0                              981280       48.512%          3061635       49.989%
MEM_REQ_DEMANDS__4                              765423       37.840%          2250237       36.741%
MEM_REQ_DEMANDS__8                              177652        8.783%           516907        8.440%
MEM_REQ_DEMANDS_12                               44951        2.222%           131628        2.149%
MEM_REQ_DEMANDS_16                               34167        1.689%           101136        1.651%
MEM_REQ_DEMANDS_20                               16162        0.799%            49386        0.806%
MEM_REQ_DEMANDS_24                                2923        0.145%            11860        0.194%
MEM_REQ_DEMANDS_28                                 204        0.010%             1826        0.030%
MEM_REQ_DEMANDS_32                                   0        0.000%                0        0.000%
MEM_REQ_DEMANDS_36                                   0        0.000%                0        0.000%
MEM_REQ_DEMANDS_40                                   0        0.000%                0        0.000%
MEM_REQ_DEMANDS_44                                   0        0.000%                0        0.000%
MEM_REQ_DEMANDS_48                                   0        0.000%                0        0.000%
MEM_REQ_DEMANDS_52                                   0        0.000%                0        0.000%
MEM_REQ_DEMANDS_56                                   0        0.000%                0        0.000%
MEM_REQ_DEMANDS_60                                   0        0.000%                0        0.000%
MEM_REQ_DEMANDS_64                                   0        0.000%                0        0.000%
                                               2022762      100.000%          6124615      100.000%
                                                  0.74         0.81              0.72         0.82

MEM_REQ_PREFS__0                               2022762      100.000%          6118445       99.899%
MEM_REQ_PREFS__4                                     0        0.000%              445        0.007%
MEM_REQ_PREFS__8                                     0        0.000%              466        0.008%
MEM_REQ_PREFS_12                                     0        0.000%              535        0.009%
MEM_REQ_PREFS_16                                     0        0.000%              570        0.009%
MEM_REQ_PREFS_20                                     0        0.000%              637        0.010%
MEM_REQ_PREFS_24                                     0        0.000%             3241        0.053%
MEM_REQ_PREFS_28                                     0        0.000%              276        0.005%
MEM_REQ_PREFS_32                                     0        0.000%                0        0.000%
MEM_REQ_PREFS_36                                     0        0.000%                0        0.000%
MEM_REQ_PREFS_40                                     0        0.000%                0        0.000%
MEM_REQ_PREFS_44                                     0        0.000%                0        0.000%
MEM_REQ_PREFS_48                                     0        0.000%                0        0.000%
MEM_REQ_PREFS_52                                     0        0.000%                0        0.000%
MEM_REQ_PREFS_56                                     0        0.000%                0        0.000%
MEM_REQ_PREFS_60                                     0        0.000%                0        0.000%
MEM_REQ_PREFS_64                                     0        0.000%                0        0.000%
                                               2022762      100.000%          6124615      100.000%
                                                  0.00         0.00              0.00         0.16

MEM_REQ_WRITEBACKS__0                          1935206       95.671%          5869497       95.835%
MEM_REQ_WRITEBACKS__4                            87556        4.329%           255042        4.164%
MEM_REQ_WRITEBACKS__8                                0        0.000%               48        0.001%
MEM_REQ_WRITEBACKS_12                                0        0.000%               19        0.000%
MEM_REQ_WRITEBACKS_16                                0        0.000%                9        0.000%
MEM_REQ_WRITEBACKS_20                                0        0.000%                0        0.000%
MEM_REQ_WRITEBACKS_24                                0        0.000%                0        0.000%
MEM_REQ_WRITEBACKS_28                                0        0.000%                0        0.000%
MEM_REQ_WRITEBACKS_32                                0        0.000%                0        0.000%
MEM_REQ_WRITEBACKS_36                                0        0.000%                0        0.000%
MEM_REQ_WRITEBACKS_40                                0        0.000%                0        0.000%
MEM_REQ_WRITEBACKS_44                                0        0.000%                0        0.000%
MEM_REQ_WRITEBACKS_48                                0        0.000%                0        0.000%
MEM_REQ_WRITEBACKS_52                                0        0.000%                0        0.000%
MEM_REQ_WRITEBACKS_56                                0        0.000%                0        0.000%
MEM_REQ_WRITEBACKS_60                                0        0.000%                0        0.000%
MEM_REQ_WRITEBACKS_64                                0        0.000%                0        0.000%
                                               2022762      100.000%          6124615      100.000%
                                                  0.04         0.20              0.04         0.20

MEM_REQ_DEMAND_CYCLES                          9393131                       28053795              

MEM_REQ_PREF_CYCLES                                  0                         130410              

MEM_REQ_WB_CYCLES                              1592146                        4725728              

DRAM_CHANNEL_REQS                                    0                              0              

DRAM_CHANNEL_CRIT_REQS                               0                              0              

DRAM_CHANNEL_CRIT_DIR_SWITCHES                       0                              0              

DRAM_BANK_CRIT_REQS                                  0                              0              

DRAM_INSTA_MLP_SAMPLES                               0                              0              

DRAM_INSTA_MLP_UNIQUE_REQS                           0          -nan                0          -nan

DRAM_INST_MLP_HITS_NORM_SPREAD_TIMES_1000             0          -nan                0          -nan

DRAM_GLOBAL_MLP                                      0          -nan                0          -nan

DRAM_GLOBAL_MLP_0                                    0         -nan%                0         -nan%
DRAM_GLOBAL_MLP_1                                    0         -nan%                0         -nan%
DRAM_GLOBAL_MLP_2                                    0         -nan%                0         -nan%
DRAM_GLOBAL_MLP_3                                    0         -nan%                0         -nan%
DRAM_GLOBAL_MLP_4                                    0         -nan%                0         -nan%
DRAM_GLOBAL_MLP_5                                    0         -nan%                0         -nan%
DRAM_GLOBAL_MLP_6                                    0         -nan%                0         -nan%
DRAM_GLOBAL_MLP_7                                    0         -nan%                0         -nan%
DRAM_GLOBAL_MLP_8                                    0         -nan%                0         -nan%
DRAM_GLOBAL_MLP_9                                    0         -nan%                0         -nan%
DRAM_GLOBAL_MLP_10                                   0         -nan%                0         -nan%
DRAM_GLOBAL_MLP_11                                   0         -nan%                0         -nan%
DRAM_GLOBAL_MLP_12                                   0         -nan%                0         -nan%
DRAM_GLOBAL_MLP_13                                   0         -nan%                0         -nan%
DRAM_GLOBAL_MLP_14                                   0         -nan%                0         -nan%
DRAM_GLOBAL_MLP_15                                   0         -nan%                0         -nan%
DRAM_GLOBAL_MLP_16                                   0         -nan%                0         -nan%
                                                     0         -nan%                0         -nan%
                                                  -nan         -nan              -nan         -nan

DRAM_TOTAL_GLOBAL_MLP_0                              0         -nan%                0         -nan%
DRAM_TOTAL_GLOBAL_MLP_1                              0         -nan%                0         -nan%
DRAM_TOTAL_GLOBAL_MLP_2                              0         -nan%                0         -nan%
DRAM_TOTAL_GLOBAL_MLP_3                              0         -nan%                0         -nan%
DRAM_TOTAL_GLOBAL_MLP_4                              0         -nan%                0         -nan%
DRAM_TOTAL_GLOBAL_MLP_5                              0         -nan%                0         -nan%
DRAM_TOTAL_GLOBAL_MLP_6                              0         -nan%                0         -nan%
DRAM_TOTAL_GLOBAL_MLP_7                              0         -nan%                0         -nan%
DRAM_TOTAL_GLOBAL_MLP_8                              0         -nan%                0         -nan%
DRAM_TOTAL_GLOBAL_MLP_9                              0         -nan%                0         -nan%
DRAM_TOTAL_GLOBAL_MLP_10                             0         -nan%                0         -nan%
DRAM_TOTAL_GLOBAL_MLP_11                             0         -nan%                0         -nan%
DRAM_TOTAL_GLOBAL_MLP_12                             0         -nan%                0         -nan%
DRAM_TOTAL_GLOBAL_MLP_13                             0         -nan%                0         -nan%
DRAM_TOTAL_GLOBAL_MLP_14                             0         -nan%                0         -nan%
DRAM_TOTAL_GLOBAL_MLP_15                             0         -nan%                0         -nan%
DRAM_TOTAL_GLOBAL_MLP_16                             0         -nan%                0         -nan%
DRAM_TOTAL_GLOBAL_MLP_17                             0         -nan%                0         -nan%
DRAM_TOTAL_GLOBAL_MLP_18                             0         -nan%                0         -nan%
DRAM_TOTAL_GLOBAL_MLP_19                             0         -nan%                0         -nan%
DRAM_TOTAL_GLOBAL_MLP_20                             0         -nan%                0         -nan%
DRAM_TOTAL_GLOBAL_MLP_21                             0         -nan%                0         -nan%
DRAM_TOTAL_GLOBAL_MLP_22                             0         -nan%                0         -nan%
DRAM_TOTAL_GLOBAL_MLP_23                             0         -nan%                0         -nan%
DRAM_TOTAL_GLOBAL_MLP_24                             0         -nan%                0         -nan%
DRAM_TOTAL_GLOBAL_MLP_25                             0         -nan%                0         -nan%
DRAM_TOTAL_GLOBAL_MLP_26                             0         -nan%                0         -nan%
DRAM_TOTAL_GLOBAL_MLP_27                             0         -nan%                0         -nan%
DRAM_TOTAL_GLOBAL_MLP_28                             0         -nan%                0         -nan%
DRAM_TOTAL_GLOBAL_MLP_29                             0         -nan%                0         -nan%
DRAM_TOTAL_GLOBAL_MLP_30                             0         -nan%                0         -nan%
DRAM_TOTAL_GLOBAL_MLP_31                             0         -nan%                0         -nan%
DRAM_TOTAL_GLOBAL_MLP_32                             0         -nan%                0         -nan%
                                                     0         -nan%                0         -nan%
                                                  -nan         -nan              -nan         -nan

UNIQUE_ROWS_PER_BANK_0                               0         -nan%                0         -nan%
UNIQUE_ROWS_PER_BANK_1                               0         -nan%                0         -nan%
UNIQUE_ROWS_PER_BANK_2                               0         -nan%                0         -nan%
UNIQUE_ROWS_PER_BANK_3                               0         -nan%                0         -nan%
UNIQUE_ROWS_PER_BANK_4                               0         -nan%                0         -nan%
UNIQUE_ROWS_PER_BANK_5                               0         -nan%                0         -nan%
UNIQUE_ROWS_PER_BANK_6                               0         -nan%                0         -nan%
UNIQUE_ROWS_PER_BANK_7                               0         -nan%                0         -nan%
UNIQUE_ROWS_PER_BANK_MORE                            0         -nan%                0         -nan%
                                                     0         -nan%                0         -nan%
                                                  -nan         -nan              -nan         -nan

CORE_UNIQUE_ROWS_PER_BANK_0                          0         -nan%                0         -nan%
CORE_UNIQUE_ROWS_PER_BANK_1                          0         -nan%                0         -nan%
CORE_UNIQUE_ROWS_PER_BANK_2                          0         -nan%                0         -nan%
CORE_UNIQUE_ROWS_PER_BANK_3                          0         -nan%                0         -nan%
CORE_UNIQUE_ROWS_PER_BANK_4                          0         -nan%                0         -nan%
CORE_UNIQUE_ROWS_PER_BANK_5                          0         -nan%                0         -nan%
CORE_UNIQUE_ROWS_PER_BANK_6                          0         -nan%                0         -nan%
CORE_UNIQUE_ROWS_PER_BANK_7                          0         -nan%                0         -nan%
CORE_UNIQUE_ROWS_PER_BANK_MORE                       0         -nan%                0         -nan%
                                                     0         -nan%                0         -nan%
                                                  -nan         -nan              -nan         -nan

CORES_PER_BANK_0                                     0         -nan%                0         -nan%
CORES_PER_BANK_1                                     0         -nan%                0         -nan%
CORES_PER_BANK_2                                     0         -nan%                0         -nan%
CORES_PER_BANK_3                                     0         -nan%                0         -nan%
CORES_PER_BANK_4                                     0         -nan%                0         -nan%
CORES_PER_BANK_5                                     0         -nan%                0         -nan%
CORES_PER_BANK_6                                     0         -nan%                0         -nan%
CORES_PER_BANK_7                                     0         -nan%                0         -nan%
CORES_PER_BANK_MORE                                  0         -nan%                0         -nan%
                                                     0         -nan%                0         -nan%
                                                  -nan         -nan              -nan         -nan

MEM_BANKS_WITH_REQS_0                                0         -nan%                0         -nan%
MEM_BANKS_WITH_REQS_1                                0         -nan%                0         -nan%
MEM_BANKS_WITH_REQS_2                                0         -nan%                0         -nan%
MEM_BANKS_WITH_REQS_3                                0         -nan%                0         -nan%
MEM_BANKS_WITH_REQS_4                                0         -nan%                0         -nan%
MEM_BANKS_WITH_REQS_5                                0         -nan%                0         -nan%
MEM_BANKS_WITH_REQS_6                                0         -nan%                0         -nan%
MEM_BANKS_WITH_REQS_7                                0         -nan%                0         -nan%
MEM_BANKS_WITH_REQS_8                                0         -nan%                0         -nan%
MEM_BANKS_WITH_REQS_9                                0         -nan%                0         -nan%
MEM_BANKS_WITH_REQS_10                               0         -nan%                0         -nan%
MEM_BANKS_WITH_REQS_11                               0         -nan%                0         -nan%
MEM_BANKS_WITH_REQS_12                               0         -nan%                0         -nan%
MEM_BANKS_WITH_REQS_13                               0         -nan%                0         -nan%
MEM_BANKS_WITH_REQS_14                               0         -nan%                0         -nan%
MEM_BANKS_WITH_REQS_15                               0         -nan%                0         -nan%
MEM_BANKS_WITH_REQS_16                               0         -nan%                0         -nan%
                                                     0         -nan%                0         -nan%
                                                  -nan         -nan              -nan         -nan

MEM_BANKS_WITH_REQS                                  0                              0              

DRAM_CHANNEL_IN_DEMAND                               0                              0              

DRAM_BUS_IN_DEMAND                                   0                              0              

DRAM_BANK_IN_DEMAND                                  0                              0              

DRAM_BANK_IN_DEMAND_STALLING                         0                              0              

DRAM_ANY_BANK_IN_DEMAND                              0                              0              

DRAM_BANK_IN_DEMAND_BANK_0                           0         -nan%                0         -nan%
DRAM_BANK_IN_DEMAND_BANK_1                           0         -nan%                0         -nan%
DRAM_BANK_IN_DEMAND_BANK_2                           0         -nan%                0         -nan%
DRAM_BANK_IN_DEMAND_BANK_3                           0         -nan%                0         -nan%
DRAM_BANK_IN_DEMAND_BANK_4                           0         -nan%                0         -nan%
DRAM_BANK_IN_DEMAND_BANK_5                           0         -nan%                0         -nan%
DRAM_BANK_IN_DEMAND_BANK_6                           0         -nan%                0         -nan%
DRAM_BANK_IN_DEMAND_BANK_7                           0         -nan%                0         -nan%
DRAM_BANK_IN_DEMAND_BANK_8                           0         -nan%                0         -nan%
DRAM_BANK_IN_DEMAND_BANK_9                           0         -nan%                0         -nan%
DRAM_BANK_IN_DEMAND_BANK_10                          0         -nan%                0         -nan%
DRAM_BANK_IN_DEMAND_BANK_11                          0         -nan%                0         -nan%
DRAM_BANK_IN_DEMAND_BANK_12                          0         -nan%                0         -nan%
DRAM_BANK_IN_DEMAND_BANK_13                          0         -nan%                0         -nan%
DRAM_BANK_IN_DEMAND_BANK_14                          0         -nan%                0         -nan%
DRAM_BANK_IN_DEMAND_BANK_15                          0         -nan%                0         -nan%
DRAM_BANK_IN_DEMAND_BANK_16                          0         -nan%                0         -nan%
                                                     0         -nan%                0         -nan%
                                                  -nan         -nan              -nan         -nan

DRAM_CONTENTION_BUS                                  0          -nan                0          -nan

DRAM_CONTENTION_BANKS                                0          -nan                0          -nan

DRAM_CONTENTION_FAW                                  0          -nan                0          -nan

DRAM_CONTENTION_BANKS_TIMES_1000                     0          -nan                0          -nan

DRAM_STALL_OTHER_CORE                                0                              0              

DRAM_STALLED_BY_OTHER_CORE                           0                              0              

DRAM_MP_CRIT_PATH                                    0                              0              

DRAM_MP_CRIT_PATH_BUS                                0          -nan                0          -nan

DRAM_MP_CRIT_PATH_BANK                               0          -nan                0          -nan

DRAM_MP_CRIT_PATH_BANK_TRAS                          0          -nan                0          -nan

DRAM_MP_CRIT_PATH_FAW                                0          -nan                0          -nan

DRAM_BLACK_BOX_SERVICE_TIMES_1000                    0                              0              

DRAM_BLACK_BOX_REQS_BUSY_0                           0         -nan%                0         -nan%
DRAM_BLACK_BOX_REQS_BUSY_1                           0         -nan%                0         -nan%
DRAM_BLACK_BOX_REQS_BUSY_2                           0         -nan%                0         -nan%
DRAM_BLACK_BOX_REQS_BUSY_3                           0         -nan%                0         -nan%
DRAM_BLACK_BOX_REQS_BUSY_4                           0         -nan%                0         -nan%
DRAM_BLACK_BOX_REQS_BUSY_5                           0         -nan%                0         -nan%
DRAM_BLACK_BOX_REQS_BUSY_6                           0         -nan%                0         -nan%
DRAM_BLACK_BOX_REQS_BUSY_7                           0         -nan%                0         -nan%
DRAM_BLACK_BOX_REQS_BUSY_8                           0         -nan%                0         -nan%
                                                     0         -nan%                0         -nan%
                                                  -nan         -nan              -nan         -nan

NUM_MEM_SCHED_DECISIONS                              0                              0              

MEM_REQ_NON_SCHEDULED_CANDIDATES                     0          -nan                0          -nan

NUM_MEM_SCHED_DECISIONS_PER_BANK                     0                              0              

MEM_REQ_NON_SCHEDULED_CANDIDATES_PER_BANK             0          -nan                0          -nan

ROW_BUFFER_HITS_BANK_0                               0         -nan%                0         -nan%
ROW_BUFFER_HITS_BANK_1                               0         -nan%                0         -nan%
ROW_BUFFER_HITS_BANK_2                               0         -nan%                0         -nan%
ROW_BUFFER_HITS_BANK_3                               0         -nan%                0         -nan%
ROW_BUFFER_HITS_BANK_4                               0         -nan%                0         -nan%
ROW_BUFFER_HITS_BANK_5                               0         -nan%                0         -nan%
ROW_BUFFER_HITS_BANK_6                               0         -nan%                0         -nan%
ROW_BUFFER_HITS_BANK_7                               0         -nan%                0         -nan%
                                                     0         -nan%                0         -nan%
                                                  -nan         -nan              -nan         -nan

ROW_BUFFER_CONFLICTS_BANK_0                          0         -nan%                0         -nan%
ROW_BUFFER_CONFLICTS_BANK_1                          0         -nan%                0         -nan%
ROW_BUFFER_CONFLICTS_BANK_2                          0         -nan%                0         -nan%
ROW_BUFFER_CONFLICTS_BANK_3                          0         -nan%                0         -nan%
ROW_BUFFER_CONFLICTS_BANK_4                          0         -nan%                0         -nan%
ROW_BUFFER_CONFLICTS_BANK_5                          0         -nan%                0         -nan%
ROW_BUFFER_CONFLICTS_BANK_6                          0         -nan%                0         -nan%
ROW_BUFFER_CONFLICTS_BANK_7                          0         -nan%                0         -nan%
                                                     0         -nan%                0         -nan%
                                                  -nan         -nan              -nan         -nan

MEM_BANK_WAITING_CYCLES                              0                              0              

MEM_WAITING_CYCLES_TIMES_840                         0                              0              

MEM_PROB_WAITING_CYCLES                              0                              0              

DRAM_SCHED_QUANTA                                    0                              0              

DRAM_SCHED_CORE_PRIORITY_0                           0         -nan%                0         -nan%
DRAM_SCHED_CORE_PRIORITY_1                           0         -nan%                0         -nan%
DRAM_SCHED_CORE_PRIORITY_2                           0         -nan%                0         -nan%
DRAM_SCHED_CORE_PRIORITY_3                           0         -nan%                0         -nan%
DRAM_SCHED_CORE_PRIORITY_4                           0         -nan%                0         -nan%
DRAM_SCHED_CORE_PRIORITY_5                           0         -nan%                0         -nan%
DRAM_SCHED_CORE_PRIORITY_6                           0         -nan%                0         -nan%
DRAM_SCHED_CORE_PRIORITY_7                           0         -nan%                0         -nan%
                                                     0         -nan%                0         -nan%
                                                  -nan         -nan              -nan         -nan

DRAM_SCHED_CMD_SCHEDULED                             0          -nan                0          -nan

DRAM_SCHED_DIFF_CORE_AVAILABLE                       0          -nan                0          -nan

DRAM_SCHED_DIFF_CORE_DECIDING_INPUT_1                0         -nan%                0         -nan%
DRAM_SCHED_DIFF_CORE_DECIDING_INPUT_2                0         -nan%                0         -nan%
DRAM_SCHED_DIFF_CORE_DECIDING_INPUT_3                0         -nan%                0         -nan%
DRAM_SCHED_DIFF_CORE_DECIDING_INPUT_4                0         -nan%                0         -nan%
DRAM_SCHED_DIFF_CORE_DECIDING_INPUT_5                0         -nan%                0         -nan%
DRAM_SCHED_DIFF_CORE_DECIDING_INPUT_6                0         -nan%                0         -nan%
DRAM_SCHED_DIFF_CORE_DECIDING_INPUT_7                0         -nan%                0         -nan%
DRAM_SCHED_DIFF_CORE_DECIDING_INPUT_8                0         -nan%                0         -nan%
                                                     0         -nan%                0         -nan%
                                                  -nan         -nan              -nan         -nan

DRAM_BANK_WAIT_CYCLES_ROW_CONFLICT                   0                              0              

DRAM_BANK_WAIT_CYCLES_ROW_MISS                       0                              0              

DRAM_BANK_WAIT_CYCLES_ROW_HIT                        0                              0              

DRAM_ROW_OPEN_WAIT                                   0                              0              

MEM_QUEUE_ARRIVAL_DISTANCE_0                         0         -nan%                0         -nan%
MEM_QUEUE_ARRIVAL_DISTANCE_10                        0         -nan%                0         -nan%
MEM_QUEUE_ARRIVAL_DISTANCE_20                        0         -nan%                0         -nan%
MEM_QUEUE_ARRIVAL_DISTANCE_30                        0         -nan%                0         -nan%
MEM_QUEUE_ARRIVAL_DISTANCE_40                        0         -nan%                0         -nan%
MEM_QUEUE_ARRIVAL_DISTANCE_50                        0         -nan%                0         -nan%
MEM_QUEUE_ARRIVAL_DISTANCE_60                        0         -nan%                0         -nan%
MEM_QUEUE_ARRIVAL_DISTANCE_70                        0         -nan%                0         -nan%
MEM_QUEUE_ARRIVAL_DISTANCE_80                        0         -nan%                0         -nan%
MEM_QUEUE_ARRIVAL_DISTANCE_90                        0         -nan%                0         -nan%
MEM_QUEUE_ARRIVAL_DISTANCE_100                       0         -nan%                0         -nan%
MEM_QUEUE_ARRIVAL_DISTANCE_110                       0         -nan%                0         -nan%
MEM_QUEUE_ARRIVAL_DISTANCE_120                       0         -nan%                0         -nan%
MEM_QUEUE_ARRIVAL_DISTANCE_130                       0         -nan%                0         -nan%
MEM_QUEUE_ARRIVAL_DISTANCE_140                       0         -nan%                0         -nan%
MEM_QUEUE_ARRIVAL_DISTANCE_150                       0         -nan%                0         -nan%
MEM_QUEUE_ARRIVAL_DISTANCE_160                       0         -nan%                0         -nan%
MEM_QUEUE_ARRIVAL_DISTANCE_170                       0         -nan%                0         -nan%
MEM_QUEUE_ARRIVAL_DISTANCE_180                       0         -nan%                0         -nan%
MEM_QUEUE_ARRIVAL_DISTANCE_190                       0         -nan%                0         -nan%
MEM_QUEUE_ARRIVAL_DISTANCE_200                       0         -nan%                0         -nan%
MEM_QUEUE_ARRIVAL_DISTANCE_210                       0         -nan%                0         -nan%
MEM_QUEUE_ARRIVAL_DISTANCE_220                       0         -nan%                0         -nan%
MEM_QUEUE_ARRIVAL_DISTANCE_230                       0         -nan%                0         -nan%
MEM_QUEUE_ARRIVAL_DISTANCE_240                       0         -nan%                0         -nan%
MEM_QUEUE_ARRIVAL_DISTANCE_250                       0         -nan%                0         -nan%
MEM_QUEUE_ARRIVAL_DISTANCE_260                       0         -nan%                0         -nan%
MEM_QUEUE_ARRIVAL_DISTANCE_270                       0         -nan%                0         -nan%
MEM_QUEUE_ARRIVAL_DISTANCE_280                       0         -nan%                0         -nan%
MEM_QUEUE_ARRIVAL_DISTANCE_290                       0         -nan%                0         -nan%
MEM_QUEUE_ARRIVAL_DISTANCE_300                       0         -nan%                0         -nan%
MEM_QUEUE_ARRIVAL_DISTANCE_310                       0         -nan%                0         -nan%
MEM_QUEUE_ARRIVAL_DISTANCE_320                       0         -nan%                0         -nan%
MEM_QUEUE_ARRIVAL_DISTANCE_330                       0         -nan%                0         -nan%
MEM_QUEUE_ARRIVAL_DISTANCE_340                       0         -nan%                0         -nan%
MEM_QUEUE_ARRIVAL_DISTANCE_350                       0         -nan%                0         -nan%
MEM_QUEUE_ARRIVAL_DISTANCE_360                       0         -nan%                0         -nan%
MEM_QUEUE_ARRIVAL_DISTANCE_370                       0         -nan%                0         -nan%
MEM_QUEUE_ARRIVAL_DISTANCE_380                       0         -nan%                0         -nan%
MEM_QUEUE_ARRIVAL_DISTANCE_390                       0         -nan%                0         -nan%
MEM_QUEUE_ARRIVAL_DISTANCE_400                       0         -nan%                0         -nan%
MEM_QUEUE_ARRIVAL_DISTANCE_410                       0         -nan%                0         -nan%
MEM_QUEUE_ARRIVAL_DISTANCE_420                       0         -nan%                0         -nan%
MEM_QUEUE_ARRIVAL_DISTANCE_430                       0         -nan%                0         -nan%
MEM_QUEUE_ARRIVAL_DISTANCE_440                       0         -nan%                0         -nan%
MEM_QUEUE_ARRIVAL_DISTANCE_450                       0         -nan%                0         -nan%
MEM_QUEUE_ARRIVAL_DISTANCE_460                       0         -nan%                0         -nan%
MEM_QUEUE_ARRIVAL_DISTANCE_470                       0         -nan%                0         -nan%
MEM_QUEUE_ARRIVAL_DISTANCE_480                       0         -nan%                0         -nan%
MEM_QUEUE_ARRIVAL_DISTANCE_490                       0         -nan%                0         -nan%
MEM_QUEUE_ARRIVAL_DISTANCE_500                       0         -nan%                0         -nan%
MEM_QUEUE_ARRIVAL_DISTANCE_510                       0         -nan%                0         -nan%
MEM_QUEUE_ARRIVAL_DISTANCE_520                       0         -nan%                0         -nan%
MEM_QUEUE_ARRIVAL_DISTANCE_530                       0         -nan%                0         -nan%
MEM_QUEUE_ARRIVAL_DISTANCE_540                       0         -nan%                0         -nan%
MEM_QUEUE_ARRIVAL_DISTANCE_550                       0         -nan%                0         -nan%
MEM_QUEUE_ARRIVAL_DISTANCE_560                       0         -nan%                0         -nan%
MEM_QUEUE_ARRIVAL_DISTANCE_570                       0         -nan%                0         -nan%
MEM_QUEUE_ARRIVAL_DISTANCE_580                       0         -nan%                0         -nan%
MEM_QUEUE_ARRIVAL_DISTANCE_590                       0         -nan%                0         -nan%
MEM_QUEUE_ARRIVAL_DISTANCE_600                       0         -nan%                0         -nan%
MEM_QUEUE_ARRIVAL_DISTANCE_610                       0         -nan%                0         -nan%
MEM_QUEUE_ARRIVAL_DISTANCE_620                       0         -nan%                0         -nan%
MEM_QUEUE_ARRIVAL_DISTANCE_630                       0         -nan%                0         -nan%
MEM_QUEUE_ARRIVAL_DISTANCE_640                       0         -nan%                0         -nan%
MEM_QUEUE_ARRIVAL_DISTANCE_650                       0         -nan%                0         -nan%
MEM_QUEUE_ARRIVAL_DISTANCE_660                       0         -nan%                0         -nan%
MEM_QUEUE_ARRIVAL_DISTANCE_670                       0         -nan%                0         -nan%
MEM_QUEUE_ARRIVAL_DISTANCE_680                       0         -nan%                0         -nan%
MEM_QUEUE_ARRIVAL_DISTANCE_690                       0         -nan%                0         -nan%
MEM_QUEUE_ARRIVAL_DISTANCE_700                       0         -nan%                0         -nan%
MEM_QUEUE_ARRIVAL_DISTANCE_710                       0         -nan%                0         -nan%
MEM_QUEUE_ARRIVAL_DISTANCE_720                       0         -nan%                0         -nan%
MEM_QUEUE_ARRIVAL_DISTANCE_730                       0         -nan%                0         -nan%
MEM_QUEUE_ARRIVAL_DISTANCE_740                       0         -nan%                0         -nan%
MEM_QUEUE_ARRIVAL_DISTANCE_750                       0         -nan%                0         -nan%
MEM_QUEUE_ARRIVAL_DISTANCE_760                       0         -nan%                0         -nan%
MEM_QUEUE_ARRIVAL_DISTANCE_770                       0         -nan%                0         -nan%
MEM_QUEUE_ARRIVAL_DISTANCE_780                       0         -nan%                0         -nan%
MEM_QUEUE_ARRIVAL_DISTANCE_790                       0         -nan%                0         -nan%
MEM_QUEUE_ARRIVAL_DISTANCE_800                       0         -nan%                0         -nan%
MEM_QUEUE_ARRIVAL_DISTANCE_810                       0         -nan%                0         -nan%
MEM_QUEUE_ARRIVAL_DISTANCE_820                       0         -nan%                0         -nan%
MEM_QUEUE_ARRIVAL_DISTANCE_830                       0         -nan%                0         -nan%
MEM_QUEUE_ARRIVAL_DISTANCE_840                       0         -nan%                0         -nan%
MEM_QUEUE_ARRIVAL_DISTANCE_850                       0         -nan%                0         -nan%
MEM_QUEUE_ARRIVAL_DISTANCE_860                       0         -nan%                0         -nan%
MEM_QUEUE_ARRIVAL_DISTANCE_870                       0         -nan%                0         -nan%
MEM_QUEUE_ARRIVAL_DISTANCE_880                       0         -nan%                0         -nan%
MEM_QUEUE_ARRIVAL_DISTANCE_890                       0         -nan%                0         -nan%
MEM_QUEUE_ARRIVAL_DISTANCE_900                       0         -nan%                0         -nan%
MEM_QUEUE_ARRIVAL_DISTANCE_910                       0         -nan%                0         -nan%
MEM_QUEUE_ARRIVAL_DISTANCE_920                       0         -nan%                0         -nan%
MEM_QUEUE_ARRIVAL_DISTANCE_930                       0         -nan%                0         -nan%
MEM_QUEUE_ARRIVAL_DISTANCE_940                       0         -nan%                0         -nan%
MEM_QUEUE_ARRIVAL_DISTANCE_950                       0         -nan%                0         -nan%
MEM_QUEUE_ARRIVAL_DISTANCE_960                       0         -nan%                0         -nan%
MEM_QUEUE_ARRIVAL_DISTANCE_970                       0         -nan%                0         -nan%
MEM_QUEUE_ARRIVAL_DISTANCE_980                       0         -nan%                0         -nan%
MEM_QUEUE_ARRIVAL_DISTANCE_990                       0         -nan%                0         -nan%
MEM_QUEUE_ARRIVAL_DISTANCE_1000                      0         -nan%                0         -nan%
                                                     0         -nan%                0         -nan%
                                                  -nan         -nan              -nan         -nan

EQUAL_USE_QUANTUMS                                   0                              0              

EQUAL_USE_BW_MEASURE_PERIODS                         0                              0              

EQUAL_USE_BW                                         0                              0              

EQUAL_USE_BOTTLENECK_BUS                             0         -nan%                0         -nan%
EQUAL_USE_BOTTLENECK_BANK                            0         -nan%                0         -nan%
EQUAL_USE_BOTTLENECK_FAW                             0         -nan%                0         -nan%
EQUAL_USE_BOTTLENECK_BUS_PLUS_FAW                    0         -nan%                0         -nan%
                                                     0         -nan%                0         -nan%
                                                  -nan         -nan              -nan         -nan

EQUAL_USE_BW_BUS                                     0                              0              

EQUAL_USE_BW_BANK                                    0                              0              

EQUAL_USE_BW_FAW                                     0                              0              

EQUAL_USE_BW_BUS_PLUS_FAW                            0                              0              

EQUAL_USE_BW_BUS_PLUS_FAW2                           0                              0              

EQUAL_USE_BW_BUS_PLUS_FAW3                           0                              0              

EQUAL_USE_BW_CRIT_PATH                               0                              0              

EQUAL_USE_BW_BLACK_BOX                               0                              0              

DRAM_BANK_SERVICE                                    0                              0              

DRAM_CONTENDED_BANK_SERVICE                          0                              0              

DRAM_BUS_DIR_SWITCHES                                0                              0              

DRAM_ACTIVATE_TO_COLUMN_LATENCY                      0                              0              

DRAM_ACTIVATE_TO_READ                                0                              0              

DRAM_ACTIVATE_TO_READ_LATENCY                        0          -nan                0          -nan

DRAM_ACTIVATE_TO_WRITE                               0                              0              

DRAM_ACTIVATE_TO_WRITE_LATENCY                       0          -nan                0          -nan

EQUAL_USE_PRIORITY_0                                 0         -nan%                0         -nan%
EQUAL_USE_PRIORITY_1                                 0         -nan%                0         -nan%
EQUAL_USE_PRIORITY_2                                 0         -nan%                0         -nan%
EQUAL_USE_PRIORITY_3                                 0         -nan%                0         -nan%
EQUAL_USE_PRIORITY_4                                 0         -nan%                0         -nan%
EQUAL_USE_PRIORITY_5                                 0         -nan%                0         -nan%
EQUAL_USE_PRIORITY_6                                 0         -nan%                0         -nan%
EQUAL_USE_PRIORITY_7                                 0         -nan%                0         -nan%
EQUAL_USE_PRIORITY_8                                 0         -nan%                0         -nan%
EQUAL_USE_PRIORITY_9                                 0         -nan%                0         -nan%
EQUAL_USE_PRIORITY_10                                0         -nan%                0         -nan%
EQUAL_USE_PRIORITY_11                                0         -nan%                0         -nan%
EQUAL_USE_PRIORITY_12                                0         -nan%                0         -nan%
EQUAL_USE_PRIORITY_13                                0         -nan%                0         -nan%
EQUAL_USE_PRIORITY_14                                0         -nan%                0         -nan%
EQUAL_USE_PRIORITY_15                                0         -nan%                0         -nan%
                                                     0         -nan%                0         -nan%
                                                  -nan         -nan              -nan         -nan

DRAM_ROW_ACCESSES_0                                  0         -nan%                0         -nan%
DRAM_ROW_ACCESSES_1                                  0         -nan%                0         -nan%
DRAM_ROW_ACCESSES_2                                  0         -nan%                0         -nan%
DRAM_ROW_ACCESSES_3                                  0         -nan%                0         -nan%
DRAM_ROW_ACCESSES_4                                  0         -nan%                0         -nan%
DRAM_ROW_ACCESSES_5                                  0         -nan%                0         -nan%
DRAM_ROW_ACCESSES_6                                  0         -nan%                0         -nan%
DRAM_ROW_ACCESSES_7                                  0         -nan%                0         -nan%
DRAM_ROW_ACCESSES_8                                  0         -nan%                0         -nan%
DRAM_ROW_ACCESSES_9                                  0         -nan%                0         -nan%
DRAM_ROW_ACCESSES_10                                 0         -nan%                0         -nan%
DRAM_ROW_ACCESSES_11                                 0         -nan%                0         -nan%
DRAM_ROW_ACCESSES_12                                 0         -nan%                0         -nan%
DRAM_ROW_ACCESSES_13                                 0         -nan%                0         -nan%
DRAM_ROW_ACCESSES_14                                 0         -nan%                0         -nan%
DRAM_ROW_ACCESSES_15                                 0         -nan%                0         -nan%
DRAM_ROW_ACCESSES_16                                 0         -nan%                0         -nan%
DRAM_ROW_ACCESSES_17                                 0         -nan%                0         -nan%
DRAM_ROW_ACCESSES_18                                 0         -nan%                0         -nan%
DRAM_ROW_ACCESSES_19                                 0         -nan%                0         -nan%
DRAM_ROW_ACCESSES_20                                 0         -nan%                0         -nan%
DRAM_ROW_ACCESSES_21                                 0         -nan%                0         -nan%
DRAM_ROW_ACCESSES_22                                 0         -nan%                0         -nan%
DRAM_ROW_ACCESSES_23                                 0         -nan%                0         -nan%
DRAM_ROW_ACCESSES_24                                 0         -nan%                0         -nan%
DRAM_ROW_ACCESSES_25                                 0         -nan%                0         -nan%
DRAM_ROW_ACCESSES_26                                 0         -nan%                0         -nan%
DRAM_ROW_ACCESSES_27                                 0         -nan%                0         -nan%
DRAM_ROW_ACCESSES_28                                 0         -nan%                0         -nan%
DRAM_ROW_ACCESSES_29                                 0         -nan%                0         -nan%
DRAM_ROW_ACCESSES_30                                 0         -nan%                0         -nan%
DRAM_ROW_ACCESSES_31                                 0         -nan%                0         -nan%
DRAM_ROW_ACCESSES_32                                 0         -nan%                0         -nan%
DRAM_ROW_ACCESSES_33                                 0         -nan%                0         -nan%
DRAM_ROW_ACCESSES_34                                 0         -nan%                0         -nan%
DRAM_ROW_ACCESSES_35                                 0         -nan%                0         -nan%
DRAM_ROW_ACCESSES_36                                 0         -nan%                0         -nan%
DRAM_ROW_ACCESSES_37                                 0         -nan%                0         -nan%
DRAM_ROW_ACCESSES_38                                 0         -nan%                0         -nan%
DRAM_ROW_ACCESSES_39                                 0         -nan%                0         -nan%
DRAM_ROW_ACCESSES_40                                 0         -nan%                0         -nan%
DRAM_ROW_ACCESSES_41                                 0         -nan%                0         -nan%
DRAM_ROW_ACCESSES_42                                 0         -nan%                0         -nan%
DRAM_ROW_ACCESSES_43                                 0         -nan%                0         -nan%
DRAM_ROW_ACCESSES_44                                 0         -nan%                0         -nan%
DRAM_ROW_ACCESSES_45                                 0         -nan%                0         -nan%
DRAM_ROW_ACCESSES_46                                 0         -nan%                0         -nan%
DRAM_ROW_ACCESSES_47                                 0         -nan%                0         -nan%
DRAM_ROW_ACCESSES_48                                 0         -nan%                0         -nan%
DRAM_ROW_ACCESSES_49                                 0         -nan%                0         -nan%
DRAM_ROW_ACCESSES_50                                 0         -nan%                0         -nan%
DRAM_ROW_ACCESSES_51                                 0         -nan%                0         -nan%
DRAM_ROW_ACCESSES_52                                 0         -nan%                0         -nan%
DRAM_ROW_ACCESSES_53                                 0         -nan%                0         -nan%
DRAM_ROW_ACCESSES_54                                 0         -nan%                0         -nan%
DRAM_ROW_ACCESSES_55                                 0         -nan%                0         -nan%
DRAM_ROW_ACCESSES_56                                 0         -nan%                0         -nan%
DRAM_ROW_ACCESSES_57                                 0         -nan%                0         -nan%
DRAM_ROW_ACCESSES_58                                 0         -nan%                0         -nan%
DRAM_ROW_ACCESSES_59                                 0         -nan%                0         -nan%
DRAM_ROW_ACCESSES_60                                 0         -nan%                0         -nan%
DRAM_ROW_ACCESSES_61                                 0         -nan%                0         -nan%
DRAM_ROW_ACCESSES_62                                 0         -nan%                0         -nan%
DRAM_ROW_ACCESSES_63                                 0         -nan%                0         -nan%
DRAM_ROW_ACCESSES_64                                 0         -nan%                0         -nan%
                                                     0         -nan%                0         -nan%
                                                  -nan         -nan              -nan         -nan

DRAM_NUM_REQS_0_TOTAL                                0                              0              

DRAM_NUM_REQS_1_TOTAL                                0                              0              

DRAM_NUM_REQS_2_TOTAL                                0                              0              

DRAM_NUM_REQS_3_TOTAL                                0                              0              

DRAM_NUM_REQS_4_TOTAL                                0                              0              

DRAM_NUM_REQS_5_TOTAL                                0                              0              

DRAM_NUM_REQS_6_TOTAL                                0                              0              

DRAM_NUM_REQS_7_TOTAL                                0                              0              

DRAM_NUM_REQS_8_TOTAL                                0                              0              

DRAM_NUM_REQS_9_TOTAL                                0                              0              

DRAM_NUM_REQS_10_TOTAL                               0                              0              

DRAM_NUM_REQS_11_TOTAL                               0                              0              

DRAM_NUM_REQS_12_TOTAL                               0                              0              

DRAM_NUM_REQS_13_TOTAL                               0                              0              

DRAM_NUM_REQS_14_TOTAL                               0                              0              

DRAM_NUM_REQS_15_TOTAL                               0                              0              

DRAM_NUM_REQS_16_TOTAL                               0                              0              

DRAM_NUM_REQS_17_TOTAL                               0                              0              

DRAM_NUM_REQS_18_TOTAL                               0                              0              

DRAM_NUM_REQS_19_TOTAL                               0                              0              

DRAM_NUM_REQS_20_TOTAL                               0                              0              

DRAM_NUM_REQS_21_TOTAL                               0                              0              

DRAM_NUM_REQS_22_TOTAL                               0                              0              

DRAM_NUM_REQS_23_TOTAL                               0                              0              

DRAM_NUM_REQS_24_TOTAL                               0                              0              

DRAM_NUM_REQS_25_TOTAL                               0                              0              

DRAM_NUM_REQS_26_TOTAL                               0                              0              

DRAM_NUM_REQS_27_TOTAL                               0                              0              

DRAM_NUM_REQS_28_TOTAL                               0                              0              

DRAM_NUM_REQS_29_TOTAL                               0                              0              

DRAM_NUM_REQS_30_TOTAL                               0                              0              

DRAM_NUM_REQS_31_TOTAL                               0                              0              

DRAM_NUM_REQS_32_TOTAL                               0                              0              

DRAM_NUM_REQS_0_IFETCH                               0          -nan                0          -nan

DRAM_NUM_REQS_0_DFETCH                               0          -nan                0          -nan

DRAM_NUM_REQS_0_DSTORE                               0          -nan                0          -nan

DRAM_NUM_REQS_0_IPRF                                 0          -nan                0          -nan

DRAM_NUM_REQS_0_DPRF                                 0          -nan                0          -nan

DRAM_NUM_REQS_0_WB                                   0          -nan                0          -nan

DRAM_NUM_REQS_0_WB_NODIRTY                           0          -nan                0          -nan

DRAM_NUM_REQS_1_IFETCH                               0          -nan                0          -nan

DRAM_NUM_REQS_1_DFETCH                               0          -nan                0          -nan

DRAM_NUM_REQS_1_DSTORE                               0          -nan                0          -nan

DRAM_NUM_REQS_1_IPRF                                 0          -nan                0          -nan

DRAM_NUM_REQS_1_DPRF                                 0          -nan                0          -nan

DRAM_NUM_REQS_1_WB                                   0          -nan                0          -nan

DRAM_NUM_REQS_1_WB_NODIRTY                           0          -nan                0          -nan

DRAM_NUM_REQS_2_IFETCH                               0          -nan                0          -nan

DRAM_NUM_REQS_2_DFETCH                               0          -nan                0          -nan

DRAM_NUM_REQS_2_DSTORE                               0          -nan                0          -nan

DRAM_NUM_REQS_2_IPRF                                 0          -nan                0          -nan

DRAM_NUM_REQS_2_DPRF                                 0          -nan                0          -nan

DRAM_NUM_REQS_2_WB                                   0          -nan                0          -nan

DRAM_NUM_REQS_2_WB_NODIRTY                           0          -nan                0          -nan

DRAM_NUM_REQS_3_IFETCH                               0          -nan                0          -nan

DRAM_NUM_REQS_3_DFETCH                               0          -nan                0          -nan

DRAM_NUM_REQS_3_DSTORE                               0          -nan                0          -nan

DRAM_NUM_REQS_3_IPRF                                 0          -nan                0          -nan

DRAM_NUM_REQS_3_DPRF                                 0          -nan                0          -nan

DRAM_NUM_REQS_3_WB                                   0          -nan                0          -nan

DRAM_NUM_REQS_3_WB_NODIRTY                           0          -nan                0          -nan

DRAM_NUM_REQS_4_IFETCH                               0          -nan                0          -nan

DRAM_NUM_REQS_4_DFETCH                               0          -nan                0          -nan

DRAM_NUM_REQS_4_DSTORE                               0          -nan                0          -nan

DRAM_NUM_REQS_4_IPRF                                 0          -nan                0          -nan

DRAM_NUM_REQS_4_DPRF                                 0          -nan                0          -nan

DRAM_NUM_REQS_4_WB                                   0          -nan                0          -nan

DRAM_NUM_REQS_4_WB_NODIRTY                           0          -nan                0          -nan

DRAM_NUM_REQS_5_IFETCH                               0          -nan                0          -nan

DRAM_NUM_REQS_5_DFETCH                               0          -nan                0          -nan

DRAM_NUM_REQS_5_DSTORE                               0          -nan                0          -nan

DRAM_NUM_REQS_5_IPRF                                 0          -nan                0          -nan

DRAM_NUM_REQS_5_DPRF                                 0          -nan                0          -nan

DRAM_NUM_REQS_5_WB                                   0          -nan                0          -nan

DRAM_NUM_REQS_5_WB_NODIRTY                           0          -nan                0          -nan

DRAM_NUM_REQS_6_IFETCH                               0          -nan                0          -nan

DRAM_NUM_REQS_6_DFETCH                               0          -nan                0          -nan

DRAM_NUM_REQS_6_DSTORE                               0          -nan                0          -nan

DRAM_NUM_REQS_6_IPRF                                 0          -nan                0          -nan

DRAM_NUM_REQS_6_DPRF                                 0          -nan                0          -nan

DRAM_NUM_REQS_6_WB                                   0          -nan                0          -nan

DRAM_NUM_REQS_6_WB_NODIRTY                           0          -nan                0          -nan

DRAM_NUM_REQS_7_IFETCH                               0          -nan                0          -nan

DRAM_NUM_REQS_7_DFETCH                               0          -nan                0          -nan

DRAM_NUM_REQS_7_DSTORE                               0          -nan                0          -nan

DRAM_NUM_REQS_7_IPRF                                 0          -nan                0          -nan

DRAM_NUM_REQS_7_DPRF                                 0          -nan                0          -nan

DRAM_NUM_REQS_7_WB                                   0          -nan                0          -nan

DRAM_NUM_REQS_7_WB_NODIRTY                           0          -nan                0          -nan

DRAM_NUM_REQS_8_IFETCH                               0          -nan                0          -nan

DRAM_NUM_REQS_8_DFETCH                               0          -nan                0          -nan

DRAM_NUM_REQS_8_DSTORE                               0          -nan                0          -nan

DRAM_NUM_REQS_8_IPRF                                 0          -nan                0          -nan

DRAM_NUM_REQS_8_DPRF                                 0          -nan                0          -nan

DRAM_NUM_REQS_8_WB                                   0          -nan                0          -nan

DRAM_NUM_REQS_8_WB_NODIRTY                           0          -nan                0          -nan

DRAM_NUM_REQS_9_IFETCH                               0          -nan                0          -nan

DRAM_NUM_REQS_9_DFETCH                               0          -nan                0          -nan

DRAM_NUM_REQS_9_DSTORE                               0          -nan                0          -nan

DRAM_NUM_REQS_9_IPRF                                 0          -nan                0          -nan

DRAM_NUM_REQS_9_DPRF                                 0          -nan                0          -nan

DRAM_NUM_REQS_9_WB                                   0          -nan                0          -nan

DRAM_NUM_REQS_9_WB_NODIRTY                           0          -nan                0          -nan

DRAM_NUM_REQS_10_IFETCH                              0          -nan                0          -nan

DRAM_NUM_REQS_10_DFETCH                              0          -nan                0          -nan

DRAM_NUM_REQS_10_DSTORE                              0          -nan                0          -nan

DRAM_NUM_REQS_10_IPRF                                0          -nan                0          -nan

DRAM_NUM_REQS_10_DPRF                                0          -nan                0          -nan

DRAM_NUM_REQS_10_WB                                  0          -nan                0          -nan

DRAM_NUM_REQS_10_WB_NODIRTY                          0          -nan                0          -nan

DRAM_NUM_REQS_11_IFETCH                              0          -nan                0          -nan

DRAM_NUM_REQS_11_DFETCH                              0          -nan                0          -nan

DRAM_NUM_REQS_11_DSTORE                              0          -nan                0          -nan

DRAM_NUM_REQS_11_IPRF                                0          -nan                0          -nan

DRAM_NUM_REQS_11_DPRF                                0          -nan                0          -nan

DRAM_NUM_REQS_11_WB                                  0          -nan                0          -nan

DRAM_NUM_REQS_11_WB_NODIRTY                          0          -nan                0          -nan

DRAM_NUM_REQS_12_IFETCH                              0          -nan                0          -nan

DRAM_NUM_REQS_12_DFETCH                              0          -nan                0          -nan

DRAM_NUM_REQS_12_DSTORE                              0          -nan                0          -nan

DRAM_NUM_REQS_12_IPRF                                0          -nan                0          -nan

DRAM_NUM_REQS_12_DPRF                                0          -nan                0          -nan

DRAM_NUM_REQS_12_WB                                  0          -nan                0          -nan

DRAM_NUM_REQS_12_WB_NODIRTY                          0          -nan                0          -nan

DRAM_NUM_REQS_13_IFETCH                              0          -nan                0          -nan

DRAM_NUM_REQS_13_DFETCH                              0          -nan                0          -nan

DRAM_NUM_REQS_13_DSTORE                              0          -nan                0          -nan

DRAM_NUM_REQS_13_IPRF                                0          -nan                0          -nan

DRAM_NUM_REQS_13_DPRF                                0          -nan                0          -nan

DRAM_NUM_REQS_13_WB                                  0          -nan                0          -nan

DRAM_NUM_REQS_13_WB_NODIRTY                          0          -nan                0          -nan

DRAM_NUM_REQS_14_IFETCH                              0          -nan                0          -nan

DRAM_NUM_REQS_14_DFETCH                              0          -nan                0          -nan

DRAM_NUM_REQS_14_DSTORE                              0          -nan                0          -nan

DRAM_NUM_REQS_14_IPRF                                0          -nan                0          -nan

DRAM_NUM_REQS_14_DPRF                                0          -nan                0          -nan

DRAM_NUM_REQS_14_WB                                  0          -nan                0          -nan

DRAM_NUM_REQS_14_WB_NODIRTY                          0          -nan                0          -nan

DRAM_NUM_REQS_15_IFETCH                              0          -nan                0          -nan

DRAM_NUM_REQS_15_DFETCH                              0          -nan                0          -nan

DRAM_NUM_REQS_15_DSTORE                              0          -nan                0          -nan

DRAM_NUM_REQS_15_IPRF                                0          -nan                0          -nan

DRAM_NUM_REQS_15_DPRF                                0          -nan                0          -nan

DRAM_NUM_REQS_15_WB                                  0          -nan                0          -nan

DRAM_NUM_REQS_15_WB_NODIRTY                          0          -nan                0          -nan

DRAM_NUM_REQS_16_IFETCH                              0          -nan                0          -nan

DRAM_NUM_REQS_16_DFETCH                              0          -nan                0          -nan

DRAM_NUM_REQS_16_DSTORE                              0          -nan                0          -nan

DRAM_NUM_REQS_16_IPRF                                0          -nan                0          -nan

DRAM_NUM_REQS_16_DPRF                                0          -nan                0          -nan

DRAM_NUM_REQS_16_WB                                  0          -nan                0          -nan

DRAM_NUM_REQS_16_WB_NODIRTY                          0          -nan                0          -nan

DRAM_NUM_REQS_17_IFETCH                              0          -nan                0          -nan

DRAM_NUM_REQS_17_DFETCH                              0          -nan                0          -nan

DRAM_NUM_REQS_17_DSTORE                              0          -nan                0          -nan

DRAM_NUM_REQS_17_IPRF                                0          -nan                0          -nan

DRAM_NUM_REQS_17_DPRF                                0          -nan                0          -nan

DRAM_NUM_REQS_17_WB                                  0          -nan                0          -nan

DRAM_NUM_REQS_17_WB_NODIRTY                          0          -nan                0          -nan

DRAM_NUM_REQS_18_IFETCH                              0          -nan                0          -nan

DRAM_NUM_REQS_18_DFETCH                              0          -nan                0          -nan

DRAM_NUM_REQS_18_DSTORE                              0          -nan                0          -nan

DRAM_NUM_REQS_18_IPRF                                0          -nan                0          -nan

DRAM_NUM_REQS_18_DPRF                                0          -nan                0          -nan

DRAM_NUM_REQS_18_WB                                  0          -nan                0          -nan

DRAM_NUM_REQS_18_WB_NODIRTY                          0          -nan                0          -nan

DRAM_NUM_REQS_19_IFETCH                              0          -nan                0          -nan

DRAM_NUM_REQS_19_DFETCH                              0          -nan                0          -nan

DRAM_NUM_REQS_19_DSTORE                              0          -nan                0          -nan

DRAM_NUM_REQS_19_IPRF                                0          -nan                0          -nan

DRAM_NUM_REQS_19_DPRF                                0          -nan                0          -nan

DRAM_NUM_REQS_19_WB                                  0          -nan                0          -nan

DRAM_NUM_REQS_19_WB_NODIRTY                          0          -nan                0          -nan

DRAM_NUM_REQS_20_IFETCH                              0          -nan                0          -nan

DRAM_NUM_REQS_20_DFETCH                              0          -nan                0          -nan

DRAM_NUM_REQS_20_DSTORE                              0          -nan                0          -nan

DRAM_NUM_REQS_20_IPRF                                0          -nan                0          -nan

DRAM_NUM_REQS_20_DPRF                                0          -nan                0          -nan

DRAM_NUM_REQS_20_WB                                  0          -nan                0          -nan

DRAM_NUM_REQS_20_WB_NODIRTY                          0          -nan                0          -nan

DRAM_NUM_REQS_21_IFETCH                              0          -nan                0          -nan

DRAM_NUM_REQS_21_DFETCH                              0          -nan                0          -nan

DRAM_NUM_REQS_21_DSTORE                              0          -nan                0          -nan

DRAM_NUM_REQS_21_IPRF                                0          -nan                0          -nan

DRAM_NUM_REQS_21_DPRF                                0          -nan                0          -nan

DRAM_NUM_REQS_21_WB                                  0          -nan                0          -nan

DRAM_NUM_REQS_21_WB_NODIRTY                          0          -nan                0          -nan

DRAM_NUM_REQS_22_IFETCH                              0          -nan                0          -nan

DRAM_NUM_REQS_22_DFETCH                              0          -nan                0          -nan

DRAM_NUM_REQS_22_DSTORE                              0          -nan                0          -nan

DRAM_NUM_REQS_22_IPRF                                0          -nan                0          -nan

DRAM_NUM_REQS_22_DPRF                                0          -nan                0          -nan

DRAM_NUM_REQS_22_WB                                  0          -nan                0          -nan

DRAM_NUM_REQS_22_WB_NODIRTY                          0          -nan                0          -nan

DRAM_NUM_REQS_23_IFETCH                              0          -nan                0          -nan

DRAM_NUM_REQS_23_DFETCH                              0          -nan                0          -nan

DRAM_NUM_REQS_23_DSTORE                              0          -nan                0          -nan

DRAM_NUM_REQS_23_IPRF                                0          -nan                0          -nan

DRAM_NUM_REQS_23_DPRF                                0          -nan                0          -nan

DRAM_NUM_REQS_23_WB                                  0          -nan                0          -nan

DRAM_NUM_REQS_23_WB_NODIRTY                          0          -nan                0          -nan

DRAM_NUM_REQS_24_IFETCH                              0          -nan                0          -nan

DRAM_NUM_REQS_24_DFETCH                              0          -nan                0          -nan

DRAM_NUM_REQS_24_DSTORE                              0          -nan                0          -nan

DRAM_NUM_REQS_24_IPRF                                0          -nan                0          -nan

DRAM_NUM_REQS_24_DPRF                                0          -nan                0          -nan

DRAM_NUM_REQS_24_WB                                  0          -nan                0          -nan

DRAM_NUM_REQS_24_WB_NODIRTY                          0          -nan                0          -nan

DRAM_NUM_REQS_25_IFETCH                              0          -nan                0          -nan

DRAM_NUM_REQS_25_DFETCH                              0          -nan                0          -nan

DRAM_NUM_REQS_25_DSTORE                              0          -nan                0          -nan

DRAM_NUM_REQS_25_IPRF                                0          -nan                0          -nan

DRAM_NUM_REQS_25_DPRF                                0          -nan                0          -nan

DRAM_NUM_REQS_25_WB                                  0          -nan                0          -nan

DRAM_NUM_REQS_25_WB_NODIRTY                          0          -nan                0          -nan

DRAM_NUM_REQS_26_IFETCH                              0          -nan                0          -nan

DRAM_NUM_REQS_26_DFETCH                              0          -nan                0          -nan

DRAM_NUM_REQS_26_DSTORE                              0          -nan                0          -nan

DRAM_NUM_REQS_26_IPRF                                0          -nan                0          -nan

DRAM_NUM_REQS_26_DPRF                                0          -nan                0          -nan

DRAM_NUM_REQS_26_WB                                  0          -nan                0          -nan

DRAM_NUM_REQS_26_WB_NODIRTY                          0          -nan                0          -nan

DRAM_NUM_REQS_27_IFETCH                              0          -nan                0          -nan

DRAM_NUM_REQS_27_DFETCH                              0          -nan                0          -nan

DRAM_NUM_REQS_27_DSTORE                              0          -nan                0          -nan

DRAM_NUM_REQS_27_IPRF                                0          -nan                0          -nan

DRAM_NUM_REQS_27_DPRF                                0          -nan                0          -nan

DRAM_NUM_REQS_27_WB                                  0          -nan                0          -nan

DRAM_NUM_REQS_27_WB_NODIRTY                          0          -nan                0          -nan

DRAM_NUM_REQS_28_IFETCH                              0          -nan                0          -nan

DRAM_NUM_REQS_28_DFETCH                              0          -nan                0          -nan

DRAM_NUM_REQS_28_DSTORE                              0          -nan                0          -nan

DRAM_NUM_REQS_28_IPRF                                0          -nan                0          -nan

DRAM_NUM_REQS_28_DPRF                                0          -nan                0          -nan

DRAM_NUM_REQS_28_WB                                  0          -nan                0          -nan

DRAM_NUM_REQS_28_WB_NODIRTY                          0          -nan                0          -nan

DRAM_NUM_REQS_29_IFETCH                              0          -nan                0          -nan

DRAM_NUM_REQS_29_DFETCH                              0          -nan                0          -nan

DRAM_NUM_REQS_29_DSTORE                              0          -nan                0          -nan

DRAM_NUM_REQS_29_IPRF                                0          -nan                0          -nan

DRAM_NUM_REQS_29_DPRF                                0          -nan                0          -nan

DRAM_NUM_REQS_29_WB                                  0          -nan                0          -nan

DRAM_NUM_REQS_29_WB_NODIRTY                          0          -nan                0          -nan

DRAM_NUM_REQS_30_IFETCH                              0          -nan                0          -nan

DRAM_NUM_REQS_30_DFETCH                              0          -nan                0          -nan

DRAM_NUM_REQS_30_DSTORE                              0          -nan                0          -nan

DRAM_NUM_REQS_30_IPRF                                0          -nan                0          -nan

DRAM_NUM_REQS_30_DPRF                                0          -nan                0          -nan

DRAM_NUM_REQS_30_WB                                  0          -nan                0          -nan

DRAM_NUM_REQS_30_WB_NODIRTY                          0          -nan                0          -nan

DRAM_NUM_REQS_31_IFETCH                              0          -nan                0          -nan

DRAM_NUM_REQS_31_DFETCH                              0          -nan                0          -nan

DRAM_NUM_REQS_31_DSTORE                              0          -nan                0          -nan

DRAM_NUM_REQS_31_IPRF                                0          -nan                0          -nan

DRAM_NUM_REQS_31_DPRF                                0          -nan                0          -nan

DRAM_NUM_REQS_31_WB                                  0          -nan                0          -nan

DRAM_NUM_REQS_31_WB_NODIRTY                          0          -nan                0          -nan

DRAM_NUM_REQS_32_IFETCH                              0          -nan                0          -nan

DRAM_NUM_REQS_32_DFETCH                              0          -nan                0          -nan

DRAM_NUM_REQS_32_DSTORE                              0          -nan                0          -nan

DRAM_NUM_REQS_32_IPRF                                0          -nan                0          -nan

DRAM_NUM_REQS_32_DPRF                                0          -nan                0          -nan

DRAM_NUM_REQS_32_WB                                  0          -nan                0          -nan

DRAM_NUM_REQS_32_WB_NODIRTY                          0          -nan                0          -nan

DRAM_BOTTLENECK_BUS_0                                0         -nan%                0         -nan%
DRAM_BOTTLENECK_BUS_10                               0         -nan%                0         -nan%
DRAM_BOTTLENECK_BUS_20                               0         -nan%                0         -nan%
DRAM_BOTTLENECK_BUS_30                               0         -nan%                0         -nan%
DRAM_BOTTLENECK_BUS_40                               0         -nan%                0         -nan%
DRAM_BOTTLENECK_BUS_50                               0         -nan%                0         -nan%
DRAM_BOTTLENECK_BUS_60                               0         -nan%                0         -nan%
DRAM_BOTTLENECK_BUS_70                               0         -nan%                0         -nan%
DRAM_BOTTLENECK_BUS_80                               0         -nan%                0         -nan%
DRAM_BOTTLENECK_BUS_90                               0         -nan%                0         -nan%
DRAM_BOTTLENECK_BUS_100                              0         -nan%                0         -nan%
                                                     0         -nan%                0         -nan%
                                                  -nan         -nan              -nan         -nan

DRAM_BOTTLENECK_BANKS_0                              0         -nan%                0         -nan%
DRAM_BOTTLENECK_BANKS_10                             0         -nan%                0         -nan%
DRAM_BOTTLENECK_BANKS_20                             0         -nan%                0         -nan%
DRAM_BOTTLENECK_BANKS_30                             0         -nan%                0         -nan%
DRAM_BOTTLENECK_BANKS_40                             0         -nan%                0         -nan%
DRAM_BOTTLENECK_BANKS_50                             0         -nan%                0         -nan%
DRAM_BOTTLENECK_BANKS_60                             0         -nan%                0         -nan%
DRAM_BOTTLENECK_BANKS_70                             0         -nan%                0         -nan%
DRAM_BOTTLENECK_BANKS_80                             0         -nan%                0         -nan%
DRAM_BOTTLENECK_BANKS_90                             0         -nan%                0         -nan%
DRAM_BOTTLENECK_BANKS_100                            0         -nan%                0         -nan%
                                                     0         -nan%                0         -nan%
                                                  -nan         -nan              -nan         -nan

DRAM_BOTTLENECK_FAW_0                                0         -nan%                0         -nan%
DRAM_BOTTLENECK_FAW_10                               0         -nan%                0         -nan%
DRAM_BOTTLENECK_FAW_20                               0         -nan%                0         -nan%
DRAM_BOTTLENECK_FAW_30                               0         -nan%                0         -nan%
DRAM_BOTTLENECK_FAW_40                               0         -nan%                0         -nan%
DRAM_BOTTLENECK_FAW_50                               0         -nan%                0         -nan%
DRAM_BOTTLENECK_FAW_60                               0         -nan%                0         -nan%
DRAM_BOTTLENECK_FAW_70                               0         -nan%                0         -nan%
DRAM_BOTTLENECK_FAW_80                               0         -nan%                0         -nan%
DRAM_BOTTLENECK_FAW_90                               0         -nan%                0         -nan%
DRAM_BOTTLENECK_FAW_100                              0         -nan%                0         -nan%
                                                     0         -nan%                0         -nan%
                                                  -nan         -nan              -nan         -nan

DRAM_ROW_HIT_GEN_AFTER_ROW_OPEN_STALLING             0                              0              

KNOWN_BAD_ADDRESS                                    0        0.000%                0        0.000%
GOOD_ADDRESS                                   2349365      100.000%          7083706      100.000%
                                               2349365      100.000%          7083706      100.000%
                                                  1.00         1.00              1.00         1.00

BBL_LENGTH_1                                         0         -nan%                0         -nan%
BBL_LENGTH_2                                         0         -nan%                0         -nan%
BBL_LENGTH_3                                         0         -nan%                0         -nan%
BBL_LENGTH_4                                         0         -nan%                0         -nan%
BBL_LENGTH_5                                         0         -nan%                0         -nan%
BBL_LENGTH_6                                         0         -nan%                0         -nan%
BBL_LENGTH_7                                         0         -nan%                0         -nan%
BBL_LENGTH_8                                         0         -nan%                0         -nan%
BBL_LENGTH_9                                         0         -nan%                0         -nan%
BBL_LENGTH_10                                        0         -nan%                0         -nan%
BBL_LENGTH_11                                        0         -nan%                0         -nan%
BBL_LENGTH_12                                        0         -nan%                0         -nan%
BBL_LENGTH_13                                        0         -nan%                0         -nan%
BBL_LENGTH_14                                        0         -nan%                0         -nan%
BBL_LENGTH_15                                        0         -nan%                0         -nan%
BBL_LENGTH_16                                        0         -nan%                0         -nan%
BBL_LENGTH_17                                        0         -nan%                0         -nan%
BBL_LENGTH_18                                        0         -nan%                0         -nan%
BBL_LENGTH_19                                        0         -nan%                0         -nan%
BBL_LENGTH_20                                        0         -nan%                0         -nan%
BBL_LENGTH_21                                        0         -nan%                0         -nan%
BBL_LENGTH_22                                        0         -nan%                0         -nan%
BBL_LENGTH_23                                        0         -nan%                0         -nan%
BBL_LENGTH_24                                        0         -nan%                0         -nan%
                                                     0         -nan%                0         -nan%
                                                  -nan         -nan              -nan         -nan

BBL_DONT_END_PRED_NT_LENGTH_1                        0         -nan%                0         -nan%
BBL_DONT_END_PRED_NT_LENGTH_2                        0         -nan%                0         -nan%
BBL_DONT_END_PRED_NT_LENGTH_3                        0         -nan%                0         -nan%
BBL_DONT_END_PRED_NT_LENGTH_4                        0         -nan%                0         -nan%
BBL_DONT_END_PRED_NT_LENGTH_5                        0         -nan%                0         -nan%
BBL_DONT_END_PRED_NT_LENGTH_6                        0         -nan%                0         -nan%
BBL_DONT_END_PRED_NT_LENGTH_7                        0         -nan%                0         -nan%
BBL_DONT_END_PRED_NT_LENGTH_8                        0         -nan%                0         -nan%
BBL_DONT_END_PRED_NT_LENGTH_9                        0         -nan%                0         -nan%
BBL_DONT_END_PRED_NT_LENGTH_10                       0         -nan%                0         -nan%
BBL_DONT_END_PRED_NT_LENGTH_11                       0         -nan%                0         -nan%
BBL_DONT_END_PRED_NT_LENGTH_12                       0         -nan%                0         -nan%
BBL_DONT_END_PRED_NT_LENGTH_13                       0         -nan%                0         -nan%
BBL_DONT_END_PRED_NT_LENGTH_14                       0         -nan%                0         -nan%
BBL_DONT_END_PRED_NT_LENGTH_15                       0         -nan%                0         -nan%
BBL_DONT_END_PRED_NT_LENGTH_16                       0         -nan%                0         -nan%
BBL_DONT_END_PRED_NT_LENGTH_17                       0         -nan%                0         -nan%
BBL_DONT_END_PRED_NT_LENGTH_18                       0         -nan%                0         -nan%
BBL_DONT_END_PRED_NT_LENGTH_19                       0         -nan%                0         -nan%
BBL_DONT_END_PRED_NT_LENGTH_20                       0         -nan%                0         -nan%
BBL_DONT_END_PRED_NT_LENGTH_21                       0         -nan%                0         -nan%
BBL_DONT_END_PRED_NT_LENGTH_22                       0         -nan%                0         -nan%
BBL_DONT_END_PRED_NT_LENGTH_23                       0         -nan%                0         -nan%
BBL_DONT_END_PRED_NT_LENGTH_24                       0         -nan%                0         -nan%
                                                     0         -nan%                0         -nan%
                                                  -nan         -nan              -nan         -nan

DATA_LD_CYCLES_ONPATH                          9392948                       28049203              

DATA_LD_CYCLES_OFFPATH                               0                              0              

DATA_LD_MLC_CYCLES_ONPATH                         5284                          17111              

DATA_LD_MLC_CYCLES_OFFPATH                           0                              0              

DATA_LD_MLC_ACCESSES_ONPATH                        264                            855              

DATA_LD_MLC_ACCESSES_OFFPATH                         0                              0              

DATA_LD_L1_CYCLES_ONPATH                             0                            295              

DATA_LD_L1_CYCLES_OFFPATH                            0                              0              

DATA_LD_L1_ACCESSES_ONPATH                           0                              5              

DATA_LD_L1_ACCESSES_OFFPATH                          0                              0              

DATA_LD_MEM_CYCLES_ONPATH                      9387664                       28031797              

DATA_LD_MEM_CYCLES_OFFPATH                           0                              0              

DATA_LD_MEM_ACCESSES_ONPATH                      30592                          91813              

DATA_LD_MEM_ACCESSES_OFFPATH                         0                              0              

DATA_LD_PREF_CYCLES_ONPATH                           0                              0              

DATA_LD_PREF_CYCLES_OFFPATH                          0                              0              

DATA_LD_PREF_MLC_CYCLES_ONPATH                       0                              0              

DATA_LD_PREF_MLC_CYCLES_OFFPATH                      0                              0              

DATA_LD_PREF_L1_CYCLES_ONPATH                        0                              0              

DATA_LD_PREF_L1_CYCLES_OFFPATH                       0                              0              

DATA_LD_PREF_MEM_CYCLES_ONPATH                       0                              0              

DATA_LD_PREF_MEM_CYCLES_OFFPATH                      0                              0              

UOP_CACHE_LINE_EVICTED_USEFUL                    57983       40.210%           174821       40.287%
UOP_CACHE_LINE_EVICTED_USELESS                   86217       59.790%           259119       59.713%
                                                144200      100.000%           433940      100.000%
                                                  0.60         0.56              0.60         0.56



