/* -*- Mode: c -*- */
####################################################################################################
Core 0
####################################################################################################
Cumulative:        Cycles: 14796176              Instructions: 30000000              IPC: 2.02755

Periodic:          Cycles: 9858457               Instructions: 19999995              IPC: 2.02871

ICACHE_MISS                                      52384        3.347%            76736        3.260%
ICACHE_HIT                                     1512946       96.653%          2277230       96.740%
                                               1565330      100.000%          2353966      100.000%
                                                  0.97         0.95              0.97         0.95

ICACHE_MISS_ONPATH                               47048       89.814%            68488       89.251%
ICACHE_MISS_OFFPATH                               5336       10.186%             8248       10.749%
                                                 52384      100.000%            76736      100.000%
                                                  0.10         0.29              0.11         0.29

ICACHE_MISS_NOT_PREFETCHED                           1        0.002%               92        0.120%
ICACHE_MISS_PREFETCHED_AND_EVICTED_BY_IFETCH             0        0.000%                0        0.000%
ICACHE_MISS_PREFETCHED_AND_EVICTED_BY_FDIP             0        0.000%                0        0.000%
ICACHE_MISS_MSHR_HIT_PREFETCHED_OFFPATH           5564       10.622%             8585       11.191%
ICACHE_MISS_MSHR_HIT_PREFETCHED_ONPATH           46819       89.377%            68036       88.689%
                                                 52384      100.000%            76713      100.000%
                                                  3.89         3.69              3.88         3.67

ICACHE_HIT_ONPATH                              1062279       70.213%          1596891       70.124%
ICACHE_HIT_OFFPATH                              450667       29.787%           680339       29.876%
                                               1512946      100.000%          2277230      100.000%
                                                  0.30         0.42              0.30         0.42

ICACHE_HIT_ONPATH_SAT_BY_OFFPATH                     0         -nan%                0         -nan%
ICACHE_HIT_ONPATH_SAT_BY_ONPATH                      0         -nan%                0         -nan%
                                                     0         -nan%                0         -nan%
                                                  -nan         -nan              -nan         -nan

ICACHE_HIT_OFFPATH_SAT_BY_OFFPATH                    0         -nan%                0         -nan%
ICACHE_HIT_OFFPATH_SAT_BY_ONPATH                     0         -nan%                0         -nan%
                                                     0         -nan%                0         -nan%
                                                  -nan         -nan              -nan         -nan

ICACHE_HIT_BY_FDIP_ONPATH                            0         -nan%                0         -nan%
ICACHE_HIT_BY_FDIP_OFFPATH                           0         -nan%                0         -nan%
                                                     0         -nan%                0         -nan%
                                                  -nan         -nan              -nan         -nan

ICACHE_MISS_MSHR_HIT_BY_FDIP_ONPATH              44701       85.335%            65046       84.893%
ICACHE_MISS_MSHR_HIT_BY_FDIP_OFFPATH              7682       14.665%            11575       15.107%
                                                 52383      100.000%            76621      100.000%
                                                  0.15         0.33              0.15         0.34

ICACHE_HIT_ONPATH_BY_FDIP                            0        0.000%                0        0.000%
ICACHE_HIT_OFFPATH_BY_FDIP                           0        0.000%                0        0.000%
ICACHE_MISS_MSHR_HIT_ONPATH_BY_FDIP              47047       89.812%            68396       89.132%
ICACHE_MISS_MSHR_HIT_OFFPATH_BY_FDIP              5336       10.186%             8225       10.719%
ICACHE_MISS_TOO_EARLY_ONPATH                         0        0.000%                0        0.000%
ICACHE_MISS_TOO_EARLY_OFFPATH                        0        0.000%                0        0.000%
ICACHE_MISS_NOT_PREFETCHED_ONPATH                    1        0.002%               92        0.120%
ICACHE_MISS_NOT_PREFETCHED_OFFPATH                   0        0.000%               23        0.030%
                                                 52384      100.000%            76736      100.000%
                                                  2.10         0.30              2.11         0.35

ICACHE_MISS_MEM_REQ_FAIL_ON_PATH                     0        0.000%               66       41.772%
ICACHE_MISS_MEM_REQ_SUCCESS_ON_PATH                  1      100.000%               92       58.228%
                                                     1      100.000%              158      100.000%
                                                  1.00          inf              0.58         0.55

ICACHE_UNIQUE_MISSED_LINES                       47047                          68396              

ICACHE_UNIQUE_HIT_LINES                              0                              0              

ICACHE_OVERTAKE_FDIP                                 0                              0              

FT_UOP_CACHE_HIT_ON_PATH                       1151735       50.938%          1757122       51.340%
FT_UOP_CACHE_MISS_ICACHE_HIT_ON_PATH           1062279       46.981%          1596891       46.659%
FT_UOP_CACHE_MISS_ICACHE_MISS_ON_PATH            47048        2.081%            68488        2.001%
                                               2261062      100.000%          3422501      100.000%
                                                  0.51         0.40              0.51         0.40

FT_UOP_CACHE_HIT_OFF_PATH                      1296973       73.987%          1879143       73.183%
FT_UOP_CACHE_MISS_ICACHE_HIT_OFF_PATH           450667       25.709%           680339       26.496%
FT_UOP_CACHE_MISS_ICACHE_MISS_OFF_PATH            5336        0.304%             8248        0.321%
                                               1752976      100.000%          2567730      100.000%
                                                  0.26         0.39              0.27         0.39

UOPS_SERVED_BY_ICACHE_ON_PATH                 10426994       47.399%         15599942       47.300%
UOPS_SERVED_BY_UOP_CACHE_ON_PATH              11571388       52.601%         17380959       52.700%
                                              21998382      100.000%         32980901      100.000%
                                                  0.53         0.51              0.53         0.51

UOPS_SERVED_BY_ICACHE_OFF_PATH                 4652585       25.440%          7007564       26.444%
UOPS_SERVED_BY_UOP_CACHE_OFF_PATH             13635935       74.560%         19491828       73.556%
                                              18288520      100.000%         26499392      100.000%
                                                  0.75         0.68              0.74         0.67

UOP_CACHE_FT_INSERTED_ONPATH_USED_ONPATH        322233                         484007              

UOP_CACHE_FT_INSERTED_OFFPATH_USED_ONPATH        126865                         191625              

UOP_CACHE_LINE_INSERTED_ONPATH_USED_ONPATH        534519                         802317              

UOP_CACHE_LINE_INSERTED_OFFPATH_USED_ONPATH        218311                         329935              

UOP_CACHE_PREFETCH                                   0                              0              

UOP_CACHE_FT_INSERT_FAILED_INST_TOO_BIG_ON_PATH             0        0.000%                0        0.000%
UOP_CACHE_FT_INSERT_FAILED_FT_TOO_BIG_ON_PATH             0        0.000%                0        0.000%
UOP_CACHE_FT_SHORT_REUSE_CONFLICTED_ON_PATH         28505        2.570%            45006        2.702%
UOP_CACHE_FT_INSERT_SUCCEEDED_ON_PATH          1080822       97.430%          1620373       97.298%
                                               1109327      100.000%          1665379      100.000%
                                                  2.97         2.94              2.97         2.94

UOP_CACHE_FT_INSERT_FAILED_INST_TOO_BIG_OFF_PATH             0        0.000%                0        0.000%
UOP_CACHE_FT_INSERT_FAILED_FT_TOO_BIG_OFF_PATH             0        0.000%                0        0.000%
UOP_CACHE_FT_SHORT_REUSE_CONFLICTED_OFF_PATH          6456        1.877%             9104        1.748%
UOP_CACHE_FT_INSERT_SUCCEEDED_OFF_PATH          337518       98.123%           511650       98.252%
                                                343974      100.000%           520754      100.000%
                                                  2.98         2.96              2.98         2.96

UOP_CACHE_LINE_INSERT_FAILED_INST_TOO_BIG_ON_PATH             0        0.000%                0        0.000%
UOP_CACHE_LINE_INSERT_FAILED_FT_TOO_BIG_ON_PATH             0        0.000%                0        0.000%
UOP_CACHE_LINE_SHORT_REUSE_CONFLICTED_ON_PATH         46735        2.530%            74877        2.701%
UOP_CACHE_LINE_INSERT_SUCCEEDED_ON_PATH        1800646       97.470%          2697064       97.299%
                                               1847381      100.000%          2771941      100.000%
                                                  2.97         2.94              2.97         2.94

UOP_CACHE_LINE_INSERT_FAILED_INST_TOO_BIG_OFF_PATH             0        0.000%                0        0.000%
UOP_CACHE_LINE_INSERT_FAILED_FT_TOO_BIG_OFF_PATH             0        0.000%                0        0.000%
UOP_CACHE_LINE_SHORT_REUSE_CONFLICTED_OFF_PATH         11620        1.895%            16116        1.736%
UOP_CACHE_LINE_INSERT_SUCCEEDED_OFF_PATH        601700       98.105%           912325       98.264%
                                                613320      100.000%           928441      100.000%
                                                  2.98         2.96              2.98         2.96

UOP_CACHE_ICACHE_SWITCH_BR_NOT_TAKEN_RESTEERED             0         -nan%                0         -nan%
UOP_CACHE_ICACHE_SWITCH_BR_NOT_TAKEN_CORRECT_PRED             0         -nan%                0         -nan%
UOP_CACHE_ICACHE_SWITCH_BR_TAKEN_RESTEERED             0         -nan%                0         -nan%
UOP_CACHE_ICACHE_SWITCH_BR_TAKEN_CORRECT_PRED             0         -nan%                0         -nan%
                                                     0         -nan%                0         -nan%
                                                  -nan         -nan              -nan         -nan

UOP_CACHE_FT_LINES_1_ON_PATH                    481251       43.382%           723568       43.448%
UOP_CACHE_FT_LINES_2_ON_PATH                    519712       46.849%           779471       46.804%
UOP_CACHE_FT_LINES_3_ON_PATH                    106750        9.623%           159929        9.603%
UOP_CACHE_FT_LINES_4_ON_PATH                      1614        0.145%             2411        0.145%
UOP_CACHE_FT_LINES_5_ON_PATH                         0        0.000%                0        0.000%
UOP_CACHE_FT_LINES_6_ON_PATH                         0        0.000%                0        0.000%
UOP_CACHE_FT_LINES_7_ON_PATH                         0        0.000%                0        0.000%
UOP_CACHE_FT_LINES_8_ON_PATH                         0        0.000%                0        0.000%
UOP_CACHE_FT_LINES_9_AND_MORE_ON_PATH                0        0.000%                0        0.000%
                                               1109327      100.000%          1665379      100.000%
                                                  0.67         0.48              0.66         0.48

UOP_CACHE_FT_LINES_1_OFF_PATH                   128126       37.249%           195120       37.469%
UOP_CACHE_FT_LINES_2_OFF_PATH                   162506       47.244%           243924       46.841%
UOP_CACHE_FT_LINES_3_OFF_PATH                    53186       15.462%            81367       15.625%
UOP_CACHE_FT_LINES_4_OFF_PATH                      156        0.045%              343        0.066%
UOP_CACHE_FT_LINES_5_OFF_PATH                        0        0.000%                0        0.000%
UOP_CACHE_FT_LINES_6_OFF_PATH                        0        0.000%                0        0.000%
UOP_CACHE_FT_LINES_7_OFF_PATH                        0        0.000%                0        0.000%
UOP_CACHE_FT_LINES_8_OFF_PATH                        0        0.000%                0        0.000%
UOP_CACHE_FT_LINES_9_AND_MORE_OFF_PATH               0        0.000%                0        0.000%
                                                343974      100.000%           520754      100.000%
                                                  0.78         0.50              0.78         0.51

UOP_CACHE_PREFETCH_PW_LENGTH_1                       0         -nan%                0         -nan%
UOP_CACHE_PREFETCH_PW_LENGTH_2                       0         -nan%                0         -nan%
UOP_CACHE_PREFETCH_PW_LENGTH_3                       0         -nan%                0         -nan%
UOP_CACHE_PREFETCH_PW_LENGTH_4                       0         -nan%                0         -nan%
UOP_CACHE_PREFETCH_PW_LENGTH_5                       0         -nan%                0         -nan%
UOP_CACHE_PREFETCH_PW_LENGTH_6                       0         -nan%                0         -nan%
UOP_CACHE_PREFETCH_PW_LENGTH_7                       0         -nan%                0         -nan%
UOP_CACHE_PREFETCH_PW_LENGTH_8                       0         -nan%                0         -nan%
UOP_CACHE_PREFETCH_PW_LENGTH_9                       0         -nan%                0         -nan%
UOP_CACHE_PREFETCH_PW_LENGTH_10                      0         -nan%                0         -nan%
UOP_CACHE_PREFETCH_PW_LENGTH_11                      0         -nan%                0         -nan%
UOP_CACHE_PREFETCH_PW_LENGTH_12                      0         -nan%                0         -nan%
UOP_CACHE_PREFETCH_PW_LENGTH_13                      0         -nan%                0         -nan%
UOP_CACHE_PREFETCH_PW_LENGTH_14                      0         -nan%                0         -nan%
UOP_CACHE_PREFETCH_PW_LENGTH_15                      0         -nan%                0         -nan%
UOP_CACHE_PREFETCH_PW_LENGTH_16                      0         -nan%                0         -nan%
UOP_CACHE_PREFETCH_PW_LENGTH_17                      0         -nan%                0         -nan%
UOP_CACHE_PREFETCH_PW_LENGTH_18                      0         -nan%                0         -nan%
UOP_CACHE_PREFETCH_PW_LENGTH_19                      0         -nan%                0         -nan%
UOP_CACHE_PREFETCH_PW_LENGTH_20                      0         -nan%                0         -nan%
UOP_CACHE_PREFETCH_PW_LENGTH_21                      0         -nan%                0         -nan%
UOP_CACHE_PREFETCH_PW_LENGTH_22                      0         -nan%                0         -nan%
UOP_CACHE_PREFETCH_PW_LENGTH_23                      0         -nan%                0         -nan%
UOP_CACHE_PREFETCH_PW_LENGTH_24                      0         -nan%                0         -nan%
                                                     0         -nan%                0         -nan%
                                                  -nan         -nan              -nan         -nan

DCACHE_MISS                                     449699        5.092%           676036        5.113%
DCACHE_ST_BUFFER_HIT                             23417        0.265%            35075        0.265%
DCACHE_HIT                                     8357911       94.643%         12511731       94.622%
                                               8831027      100.000%         13222842      100.000%
                                                  1.90         1.85              1.90         1.85

DCACHE_ACCESS_ONPATH                           8831027                       13226225              

DCACHE_ACCESS_OFFPATH                           718929                        1006947              

DCACHE_MISS_ONPATH                              449699       99.228%           676036       99.185%
DCACHE_MISS_OFFPATH                               3500        0.772%             5554        0.815%
                                                453199      100.000%           681590      100.000%
                                                  0.01         0.09              0.01         0.09

DCACHE_ST_BUFFER_HIT_ONPATH                      23417      100.000%            35075       99.969%
DCACHE_ST_BUFFER_HIT_OFFPATH                         0        0.000%               11        0.031%
                                                 23417      100.000%            35086      100.000%
                                                  0.00         0.00              0.00         0.02

DCACHE_HIT_ONPATH                              8357911       92.115%         12511731       92.590%
DCACHE_HIT_OFFPATH                              715429        7.885%          1001381        7.410%
                                               9073340      100.000%         13513112      100.000%
                                                  0.08         0.26              0.07         0.25

DCACHE_HIT_ONPATH_SAT_BY_OFFPATH                   701        0.008%             1602        0.013%
DCACHE_HIT_ONPATH_SAT_BY_ONPATH                8357210       99.992%         12510129       99.987%
                                               8357911      100.000%         12511731      100.000%
                                                  1.00         1.00              1.00         1.00

DCACHE_HIT_OFFPATH_SAT_BY_OFFPATH                10814        1.512%            17616        1.759%
DCACHE_HIT_OFFPATH_SAT_BY_ONPATH                704615       98.488%           983765       98.241%
                                                715429      100.000%          1001381      100.000%
                                                  0.98         0.98              0.98         0.97

DCACHE_MISS_LD                                  338112       75.186%           509119       75.309%
DCACHE_MISS_ST                                  111587       24.814%           166917       24.691%
                                                449699      100.000%           676036      100.000%
                                                  0.25         0.39              0.25         0.39

DCACHE_MISS_LD_ONPATH                           338112       99.010%           509119       98.962%
DCACHE_MISS_LD_OFFPATH                            3380        0.990%             5342        1.038%
                                                341492      100.000%           514461      100.000%
                                                  0.01         0.10              0.01         0.10

DCACHE_MISS_ST_ONPATH                           111587       99.893%           166917       99.873%
DCACHE_MISS_ST_OFFPATH                             120        0.107%              212        0.127%
                                                111707      100.000%           167129      100.000%
                                                  0.00         0.03              0.00         0.04

DCACHE_MISS_WAITMEM                                  0                           3384              

MEM_REQ_ROW_BUFFER_HITS                              0         -nan%                0         -nan%
MEM_REQ_ROW_BUFFER_MISSES                            0         -nan%                0         -nan%
MEM_REQ_ROW_BUFFER_CONFLICTS                         0         -nan%                0         -nan%
                                                     0         -nan%                0         -nan%
                                                  -nan         -nan              -nan         -nan

SHADOW_ROW_BUFFER_HITS                               0                              0              

SHADOW_ROW_HIT_STALL_TIME                            0                              0              

CHANNEL0_BUS_BUSY_CYCLES                             0         -nan%                0         -nan%
CHANNEL1_BUS_BUSY_CYCLES                             0         -nan%                0         -nan%
CHANNEL2_BUS_BUSY_CYCLES                             0         -nan%                0         -nan%
CHANNEL3_BUS_BUSY_CYCLES                             0         -nan%                0         -nan%
CHANNEL4_BUS_BUSY_CYCLES                             0         -nan%                0         -nan%
CHANNEL5_BUS_BUSY_CYCLES                             0         -nan%                0         -nan%
CHANNEL6_BUS_BUSY_CYCLES                             0         -nan%                0         -nan%
CHANNEL7_BUS_BUSY_CYCLES                             0         -nan%                0         -nan%
                                                     0         -nan%                0         -nan%
                                                  -nan         -nan              -nan         -nan

CHANNEL_IDLE_DESPITE_READY_CMD                       0                              0              

MEM_NUM_TOTAL_BUS_CYCLES                             0                              0              

MEM_NUM_BANK_BUSY_PER_BUS_CYCLE                      0          -nan                0          -nan

CORE_NUM_BANK_BUSY_PER_BUS_CYCLE                     0          -nan                0          -nan

CHANNEL0_MEM_NUM_TOTAL_BUS_CYCLES                    0         -nan%                0         -nan%
CHANNEL1_MEM_NUM_TOTAL_BUS_CYCLES                    0         -nan%                0         -nan%
CHANNEL2_MEM_NUM_TOTAL_BUS_CYCLES                    0         -nan%                0         -nan%
CHANNEL3_MEM_NUM_TOTAL_BUS_CYCLES                    0         -nan%                0         -nan%
CHANNEL4_MEM_NUM_TOTAL_BUS_CYCLES                    0         -nan%                0         -nan%
CHANNEL5_MEM_NUM_TOTAL_BUS_CYCLES                    0         -nan%                0         -nan%
CHANNEL6_MEM_NUM_TOTAL_BUS_CYCLES                    0         -nan%                0         -nan%
CHANNEL7_MEM_NUM_TOTAL_BUS_CYCLES                    0         -nan%                0         -nan%
                                                     0         -nan%                0         -nan%
                                                  -nan         -nan              -nan         -nan

CHANNEL0_MEM_NUM_BANK_BUSY_PER_BUS_CYCLE             0          -nan                0          -nan

CHANNEL1_MEM_NUM_BANK_BUSY_PER_BUS_CYCLE             0          -nan                0          -nan

CHANNEL2_MEM_NUM_BANK_BUSY_PER_BUS_CYCLE             0          -nan                0          -nan

CHANNEL3_MEM_NUM_BANK_BUSY_PER_BUS_CYCLE             0          -nan                0          -nan

CHANNEL4_MEM_NUM_BANK_BUSY_PER_BUS_CYCLE             0          -nan                0          -nan

CHANNEL5_MEM_NUM_BANK_BUSY_PER_BUS_CYCLE             0          -nan                0          -nan

CHANNEL6_MEM_NUM_BANK_BUSY_PER_BUS_CYCLE             0          -nan                0          -nan

CHANNEL7_MEM_NUM_BANK_BUSY_PER_BUS_CYCLE             0          -nan                0          -nan

RAMULATOR_QUEUE_ENQUEUED                             0                              0              

RAMULATOR_QUEUE_FULL                                 0                              0              

BUS_DEMAND_ACCESS                                 1360                           8294              

BUS_PREF_ACCESS                                    328                            748              

BUS_ACCESS                                           0                              0              

L1_DEMAND_ACCESS                                  3149                          12841              

L1_PREF_ACCESS                                     811                           6272              

L1_ACCESS                                         3593                          18241              

MLC_DEMAND_ACCESS                               265488                         404385              

MLC_PREF_ACCESS                                 502731                         739066              

MLC_ACCESS                                      768219                        1143451              

L1_HIT                                             253       16.601%              390        9.368%
L1_MISS                                           1271       83.399%             3773       90.632%
                                                  1524      100.000%             4163      100.000%
                                                  0.83         0.78              0.91         0.87

L1_HIT_ALL                                         292       14.747%              514        5.379%
L1_MISS_ALL                                       1688       85.253%             9042       94.621%
                                                  1980      100.000%             9556      100.000%
                                                  0.85         0.80              0.95         0.92

L1_DEMAND_MISS                                    1271       75.296%             3765       41.639%
L1_PREF_REQ_MISS                                   328       19.431%              748        8.273%
L1_WB_MISS                                          89        5.273%             4529       50.088%
                                                  1688      100.000%             9042      100.000%
                                                  0.30         0.50              1.08         1.00

L1_DEMAND_HIT                                      253       86.644%              390       75.875%
L1_PREF_REQ_HIT                                     33       11.301%              118       22.957%
L1_WB_HIT                                            6        2.055%                6        1.167%
                                                   292      100.000%              514      100.000%
                                                  0.15         0.39              0.25         0.41

L1_MISS_ONPATH                                    1271      100.000%             3750       99.390%
L1_MISS_OFFPATH                                      0        0.000%               23        0.610%
                                                  1271      100.000%             3773      100.000%
                                                  0.00         0.00              0.01         0.08

L1_MISS_ALL_ONPATH                                1600       94.787%             4589       50.752%
L1_MISS_ALL_OFFPATH                                 88        5.213%             4453       49.248%
                                                  1688      100.000%             9042      100.000%
                                                  0.05         0.22              0.49         0.50

L1_HIT_ONPATH                                      253      100.000%              390      100.000%
L1_HIT_OFFPATH                                       0        0.000%                0        0.000%
                                                   253      100.000%              390      100.000%
                                                  0.00         0.00              0.00         0.00

L1_HIT_ALL_ONPATH                                  292      100.000%              514      100.000%
L1_HIT_ALL_OFFPATH                                   0        0.000%                0        0.000%
                                                   292      100.000%              514      100.000%
                                                  0.00         0.00              0.00         0.00

L1_HIT_ONPATH_SAT_BY_OFFPATH                         0        0.000%                0        0.000%
L1_HIT_ONPATH_SAT_BY_ONPATH                        292      100.000%              514      100.000%
                                                   292      100.000%              514      100.000%
                                                  1.00         1.00              1.00         1.00

L1_HIT_OFFPATH_SAT_BY_OFFPATH                        0         -nan%                0         -nan%
L1_HIT_OFFPATH_SAT_BY_ONPATH                         0         -nan%                0         -nan%
                                                     0         -nan%                0         -nan%
                                                  -nan         -nan              -nan         -nan

L1_HIT_ONPATH_IFETCH_SAT_BY_OFFPATH                  0         -nan%                0         -nan%
L1_HIT_ONPATH_IFETCH_SAT_BY_ONPATH                   0         -nan%                0         -nan%
                                                     0         -nan%                0         -nan%
                                                  -nan         -nan              -nan         -nan

L1_HIT_ONPATH_DATA_SAT_BY_OFFPATH                    0        0.000%                0        0.000%
L1_HIT_ONPATH_DATA_SAT_BY_ONPATH                   253      100.000%              390      100.000%
                                                   253      100.000%              390      100.000%
                                                  1.00         1.00              1.00         1.00

L1_FILL_OFFPATH_IFETCH                               0                             20              

L1_FILL_OFFPATH_DATA                                 0                              0              

L1_FILL_OFFPATH                                     88                           4450              

L1_USE_OFFPATH_IFETCH                                0          -nan                0        0.0000

L1_USE_OFFPATH_DATA                                  0          -nan                0          -nan

L1_USE_OFFPATH                                       0        0.0000                0        0.0000

JUST_L1_USE_OFFPATH                                  0        0.0000                0        0.0000

L1_FILL_ONPATH_IFETCH                                4                            169              

L1_FILL_ONPATH_DATA                               1267                           3692              

L1_FILL_ONPATH                                    1272                           3960              

L1_USE_ONPATH_IFETCH                                 0        0.0000                0        0.0000

L1_USE_ONPATH_DATA                                 253        0.1997              390        0.1056

L1_USE_ONPATH                                      292        0.2296              514        0.1298

L1_CYCLE                                       9858457                       14796176              

L1_LINES                                   81692633901     8286.5538     115248990734     7789.1065

MLC_HIT                                         240977       99.372%           362978       98.872%
MLC_MISS                                          1524        0.628%             4142        1.128%
                                                242501      100.000%           367120      100.000%
                                                  0.01         0.08              0.01         0.11

MLC_HIT_ALL                                     764959       99.790%          1132406       99.239%
MLC_MISS_ALL                                      1613        0.210%             8684        0.761%
                                                766572      100.000%          1141090      100.000%
                                                  0.00         0.05              0.01         0.09

MLC_DEMAND_MISS                                   1524       94.482%             4142       47.697%
MLC_PREF_REQ_MISS                                    0        0.000%                0        0.000%
MLC_WB_MISS                                         89        5.518%             4542       52.303%
                                                  1613      100.000%             8684      100.000%
                                                  0.11         0.44              1.05         1.02

MLC_DEMAND_HIT                                  240977       31.502%           362978       32.054%
MLC_PREF_REQ_HIT                                     0        0.000%                0        0.000%
MLC_WB_HIT                                      523982       68.498%           769428       67.946%
                                                764959      100.000%          1132406      100.000%
                                                  1.37         1.25              1.36         1.24

MLC_MISS_ONPATH                                   1524      100.000%             4127       99.638%
MLC_MISS_OFFPATH                                     0        0.000%               15        0.362%
                                                  1524      100.000%             4142      100.000%
                                                  0.00         0.00              0.00         0.06

MLC_MISS_ALL_ONPATH                               1525       94.544%             4228       48.687%
MLC_MISS_ALL_OFFPATH                                88        5.456%             4456       51.313%
                                                  1613      100.000%             8684      100.000%
                                                  0.05         0.22              0.51         0.51

MLC_HIT_ONPATH                                  234158       97.170%           352494       97.112%
MLC_HIT_OFFPATH                                   6819        2.830%            10484        2.888%
                                                240977      100.000%           362978      100.000%
                                                  0.03         0.16              0.03         0.17

MLC_HIT_ALL_ONPATH                              549988       71.898%           816826       72.132%
MLC_HIT_ALL_OFFPATH                             214971       28.102%           315580       27.868%
                                                764959      100.000%          1132406      100.000%
                                                  0.28         0.41              0.28         0.41

L1_QUEUE_OCCUPANCY                               73627        0.0050           354445        0.0240

MLC_QUEUE_OCCUPANCY                              71647        0.0048           344889        0.0233

DCACHE_FILL_PORT_UNAVAILABLE_ONPATH              13310                          20245              

DCACHE_FILL_PORT_UNAVAILABLE_OFFPATH                30                            207              

DCACHE_READ_PORT_UNAVAILABLE_ONPATH             979310                        1484601              

DCACHE_READ_PORT_UNAVAILABLE_OFFPATH            103861                         144005              

DCACHE_FILL_OFFPATH                               1534                           2833              

DCACHE_USE_OFFPATH                                 701        0.4570             1602        0.5655

DCACHE_FILL_ONPATH                              188625                         288551              

DCACHE_USE_ONPATH                              8357210       44.3060         12510129       43.3550

ICACHE_FILL_OFFPATH                             213525                         317187              

ICACHE_USE_OFFPATH                                   0        0.0000                0        0.0000

ICACHE_FILL_ONPATH                              287783                         420006              

ICACHE_USE_ONPATH                                    0        0.0000                0        0.0000

REQBUF_CREATE_ONPATH                            549717                         819078              

REQBUF_ONPATH_MATCH_OFFPATH                         46        0.0001               95        0.0001

REQBUF_CREATE_ONPATH_DATA                       188624                         288429              

REQBUF_ONPATH_MATCH_OFFPATH_DATA                     1        0.0000                6        0.0000

REQBUF_CREATE_ONPATH_IFETCH                          1                             92              

REQBUF_ONPATH_MATCH_OFFPATH_IFETCH                  45       45.0000               89        0.9674

REQBUF_CREATE_OFFPATH                           217222                         322884              

ONPATH_KICKED_OUT_OFFPATH                            0                              0              

ONPATH_KICKED_OUT_PREFETCH                           0                              0              

DIST_ICACHE_FILL_OFFPATH_USED                        0        0.000%                0        0.000%
DIST_ICACHE_FILL_OFFPATH_NOTUSED                     0        0.000%                0        0.000%
DIST_ICACHE_FILL_ONPATH_PARTIAL                     45        0.016%               89        0.021%
DIST_ICACHE_FILL_ONPATH                         287738       99.984%           419917       99.979%
                                                287783      100.000%           420006      100.000%
                                                  3.00         3.00              3.00         3.00

DIST_DCACHE_FILL_OFFPATH_USED                      701        0.370%             1602        0.552%
DIST_DCACHE_FILL_OFFPATH_NOTUSED                     0        0.000%                0        0.000%
DIST_DCACHE_FILL_ONPATH_PARTIAL                      1        0.001%                6        0.002%
DIST_DCACHE_FILL_ONPATH                         188624       99.629%           288545       99.446%
                                                189326      100.000%           290153      100.000%
                                                  2.99         2.98              2.98         2.98

DIST_L1_FILL_OFFPATH_USED                            0        0.000%                0        0.000%
DIST_L1_FILL_OFFPATH_NOTUSED                         0        0.000%                0        0.000%
DIST_L1_FILL_ONPATH_PARTIAL                          0        0.000%               10        0.253%
DIST_L1_FILL_ONPATH                               1272      100.000%             3950       99.747%
                                                  1272      100.000%             3960      100.000%
                                                  3.00         3.00              3.00         2.99

DIST_JUST_L1_FILL_OFFPATH_USED                       0         -nan%                0         -nan%
DIST_JUST_L1_FILL_OFFPATH_NOTUSED                    0         -nan%                0         -nan%
DIST_JUST_L1_FILL_ONPATH_PARTIAL                     0         -nan%                0         -nan%
DIST_JUST_L1_FILL_ONPATH                             0         -nan%                0         -nan%
                                                     0         -nan%                0         -nan%
                                                  -nan         -nan              -nan         -nan

DIST_REQBUF_OFFPATH_USED                           747        0.157%             1697        0.240%
DIST_REQBUF_OFFPATH_NOTUSED                          0        0.000%                0        0.000%
DIST_REQBUF_ONPATH                              474606       99.843%           706443       99.760%
                                                475353      100.000%           708140      100.000%
                                                  2.00         2.00              2.00         1.99

DIST2_REQBUF_OFFPATH_USED_PARTIAL                   46        0.010%               95        0.013%
DIST2_REQBUF_OFFPATH_USED_FULL                     701        0.147%             1602        0.226%
DIST2_REQBUF_OFFPATH_NOTUSED                         0        0.000%                0        0.000%
DIST2_REQBUF_ONPATH                             474606       99.843%           706443       99.760%
                                                475353      100.000%           708140      100.000%
                                                  3.00         3.00              3.00         2.99

DIST_ICACHE_FILL                                501308                         737193              

DIST_DCACHE_FILL                                190159                         291384              

DIST_L1_FILL                                      1360                           8410              

DIST_USED_OFFPATH_ICACHE                             0         -nan%                0         -nan%
DIST_NOTUSED_OFFPATH_ICACHE                          0         -nan%                0         -nan%
                                                     0         -nan%                0         -nan%
                                                  -nan         -nan              -nan         -nan

DIST_USED_OFFPATH_DCACHE                             0         -nan%                0         -nan%
DIST_NOTUSED_OFFPATH_DCACHE                          0         -nan%                0         -nan%
                                                     0         -nan%                0         -nan%
                                                  -nan         -nan              -nan         -nan

DIST_USED_OFFPATH_L1                                 0         -nan%                0         -nan%
DIST_NOTUSED_OFFPATH_L1                              0         -nan%                0         -nan%
                                                     0         -nan%                0         -nan%
                                                  -nan         -nan              -nan         -nan

DIST_USED_OFFPATH_JUST_L1                            0         -nan%                0         -nan%
DIST_NOTUSED_OFFPATH_JUST_L1                         0         -nan%                0         -nan%
                                                     0         -nan%                0         -nan%
                                                  -nan         -nan              -nan         -nan

DIST_OFFPATH_ICACHE_FULL                             0         -nan%                0         -nan%
DIST_OFFPATH_ICACHE_PARTIAL                          0         -nan%                0         -nan%
DIST_OFFPATH_ICACHE_NOTUSED                          0         -nan%                0         -nan%
                                                     0         -nan%                0         -nan%
                                                  -nan         -nan              -nan         -nan

DIST_OFFPATH_DCACHE_FULL                             0         -nan%                0         -nan%
DIST_OFFPATH_DCACHE_PARTIAL                          0         -nan%                0         -nan%
DIST_OFFPATH_DCACHE_NOTUSED                          0         -nan%                0         -nan%
                                                     0         -nan%                0         -nan%
                                                  -nan         -nan              -nan         -nan

DIST_OFFPATH_L1_FULL                                 0         -nan%                0         -nan%
DIST_OFFPATH_L1_PARTIAL                              0         -nan%                0         -nan%
DIST_OFFPATH_L1_NOTUSED                              0         -nan%                0         -nan%
                                                     0         -nan%                0         -nan%
                                                  -nan         -nan              -nan         -nan

DIST_OFFPATH_JUST_L1_FULL                            0         -nan%                0         -nan%
DIST_OFFPATH_JUST_L1_PARTIAL                         0         -nan%                0         -nan%
DIST_OFFPATH_JUST_L1_NOTUSED                         0         -nan%                0         -nan%
                                                     0         -nan%                0         -nan%
                                                  -nan         -nan              -nan         -nan

MLC_MISS_ONPATH_IFETCH                               4        0.262%              163        3.855%
MLC_MISS_ONPATH_DFETCH                            1424       93.377%             3351       79.257%
MLC_MISS_ONPATH_DSTORE                              96        6.295%              613       14.499%
MLC_MISS_ONPATH_IPRF                                 0        0.000%                0        0.000%
MLC_MISS_ONPATH_DPRF                                 0        0.000%                0        0.000%
MLC_MISS_ONPATH_WB                                   1        0.066%              101        2.389%
MLC_MISS_ONPATH_WB_NODIRTY                           0        0.000%                0        0.000%
                                                  1525      100.000%             4228      100.000%
                                                  1.06         0.26              1.20         0.69

MLC_MISS_OFFPATH_IFETCH                              0        0.000%               13        0.292%
MLC_MISS_OFFPATH_DFETCH                              0        0.000%                2        0.045%
MLC_MISS_OFFPATH_DSTORE                              0        0.000%                0        0.000%
MLC_MISS_OFFPATH_IPRF                                0        0.000%                0        0.000%
MLC_MISS_OFFPATH_DPRF                                0        0.000%                0        0.000%
MLC_MISS_OFFPATH_WB                                 88      100.000%             4441       99.663%
MLC_MISS_OFFPATH_WB_NODIRTY                          0        0.000%                0        0.000%
                                                    88      100.000%             4456      100.000%
                                                  5.00         0.00              4.98         0.09

MLC_HIT_ONPATH_IFETCH                            47053        8.555%            68025        8.328%
MLC_HIT_ONPATH_DFETCH                           162706       29.584%           247672       30.321%
MLC_HIT_ONPATH_DSTORE                            24399        4.436%            36797        4.505%
MLC_HIT_ONPATH_IPRF                                  0        0.000%                0        0.000%
MLC_HIT_ONPATH_DPRF                                  0        0.000%                0        0.000%
MLC_HIT_ONPATH_WB                               240725       43.769%           351703       43.057%
MLC_HIT_ONPATH_WB_NODIRTY                        75105       13.656%           112629       13.789%
                                                549988      100.000%           816826      100.000%
                                                  3.39         2.33              3.37         2.34

MLC_HIT_OFFPATH_IFETCH                            5285        2.458%             7651        2.424%
MLC_HIT_OFFPATH_DFETCH                            1531        0.712%             2785        0.883%
MLC_HIT_OFFPATH_DSTORE                               3        0.001%               48        0.015%
MLC_HIT_OFFPATH_IPRF                                 0        0.000%                0        0.000%
MLC_HIT_OFFPATH_DPRF                                 0        0.000%                0        0.000%
MLC_HIT_OFFPATH_WB                              208152       96.828%           305096       96.678%
MLC_HIT_OFFPATH_WB_NODIRTY                           0        0.000%                0        0.000%
                                                214971      100.000%           315580      100.000%
                                                  4.85         0.36              4.84         0.39

L1_MISS_ONPATH_IFETCH                                4        0.250%              167        3.639%
L1_MISS_ONPATH_DFETCH                             1178       73.625%             3000       65.374%
L1_MISS_ONPATH_DSTORE                               89        5.562%              583       12.704%
L1_MISS_ONPATH_IPRF                                  0        0.000%                0        0.000%
L1_MISS_ONPATH_DPRF                                  0        0.000%                0        0.000%
L1_MISS_ONPATH_WB                                    1        0.062%               99        2.157%
L1_MISS_ONPATH_WB_NODIRTY                          328       20.500%              740       16.126%
                                                  1600      100.000%             4589      100.000%
                                                  2.08         2.21              1.98         2.02

L1_MISS_OFFPATH_IFETCH                               0        0.000%               22        0.494%
L1_MISS_OFFPATH_DFETCH                               0        0.000%                1        0.022%
L1_MISS_OFFPATH_DSTORE                               0        0.000%                0        0.000%
L1_MISS_OFFPATH_IPRF                                 0        0.000%                0        0.000%
L1_MISS_OFFPATH_DPRF                                 0        0.000%                0        0.000%
L1_MISS_OFFPATH_WB                                  88      100.000%             4430       99.483%
L1_MISS_OFFPATH_WB_NODIRTY                           0        0.000%                0        0.000%
                                                    88      100.000%             4453      100.000%
                                                  5.00         0.00              4.97         0.06

L1_HIT_ONPATH_IFETCH                                 0        0.000%                0        0.000%
L1_HIT_ONPATH_DFETCH                               246       84.247%              354       68.872%
L1_HIT_ONPATH_DSTORE                                 7        2.397%               36        7.004%
L1_HIT_ONPATH_IPRF                                   0        0.000%                0        0.000%
L1_HIT_ONPATH_DPRF                                   0        0.000%                0        0.000%
L1_HIT_ONPATH_WB                                     0        0.000%                0        0.000%
L1_HIT_ONPATH_WB_NODIRTY                            39       13.356%              124       24.125%
                                                   292      100.000%              514      100.000%
                                                  1.69         1.81              2.28         2.39

L1_HIT_OFFPATH_IFETCH                                0         -nan%                0         -nan%
L1_HIT_OFFPATH_DFETCH                                0         -nan%                0         -nan%
L1_HIT_OFFPATH_DSTORE                                0         -nan%                0         -nan%
L1_HIT_OFFPATH_IPRF                                  0         -nan%                0         -nan%
L1_HIT_OFFPATH_DPRF                                  0         -nan%                0         -nan%
L1_HIT_OFFPATH_WB                                    0         -nan%                0         -nan%
L1_HIT_OFFPATH_WB_NODIRTY                            0         -nan%                0         -nan%
                                                     0         -nan%                0         -nan%
                                                  -nan         -nan              -nan         -nan

DRAM_CYCLES                                          0                              0              

DRAM_UNBLOCK_CYCLES                                  0          -nan                0          -nan

DRAM_UNBLOCK_PERIODS                                 0                              0              

MEM_REQ_BUFFER_FULL                                  6                          12740              

MEM_REQ_BUFFER_FULL_DENIED_DEMAND                    0                           3450              

CORE_MEM_BLOCKED                                     0                           3713              

MEM_REQ_BUFFER_FULL_DENIED_IFETCH                    0        0.000%               66        1.808%
MEM_REQ_BUFFER_FULL_DENIED_DFETCH                    0        0.000%              377       10.329%
MEM_REQ_BUFFER_FULL_DENIED_DSTORE                    0        0.000%             3007       82.384%
MEM_REQ_BUFFER_FULL_DENIED_IPRF                      0        0.000%                0        0.000%
MEM_REQ_BUFFER_FULL_DENIED_DPRF                      0        0.000%                0        0.000%
MEM_REQ_BUFFER_FULL_DENIED_WB                        3      100.000%              200        5.479%
MEM_REQ_BUFFER_FULL_DENIED_WB_NODIRTY                0        0.000%                0        0.000%
                                                     3      100.000%             3650      100.000%
                                                  5.00         0.00              2.02         0.77

MEM_QUEUE_FULL                                       3                           9090              

MEM_REQ_BUFFER_MISS                             766939       62.966%          1141962       63.027%
MEM_REQ_BUFFER_HIT                              451091       37.034%           669896       36.973%
                                               1218030      100.000%          1811858      100.000%
                                                  0.37         0.44              0.37         0.44

MEM_REQ_FDIP_BUFFER_HIT                         188047                         279253              

MEM_REQ_FDIP_CYCLE_DELTA                       1276971                        2653544              

MEM_REQ_DEMAND_ICACHE_BUFFER_HIT                     1                             37              

MEM_REQ_DEMAND_ICACHE_CYCLE_DELTA                    2                           1176              

MEM_REQ_IFETCH                                       1        0.000%              115        0.010%
MEM_REQ_DFETCH                                  165661       21.600%           253810       22.226%
MEM_REQ_DSTORE                                   24498        3.194%            37458        3.280%
MEM_REQ_IPRF                                         0        0.000%                0        0.000%
MEM_REQ_DPRF                                         0        0.000%                0        0.000%
MEM_REQ_WB                                      501307       65.365%           737078       64.545%
MEM_REQ_WB_NODIRTY                               75472        9.841%           113501        9.939%
                                                766939      100.000%          1141962      100.000%
                                                  4.14         2.19              4.11         2.20

LD_NO_FORWARD                                  6089533       75.768%          8925478       75.180%
FORWARDED_LD                                   1947580       24.232%          2946656       24.820%
                                               8037113      100.000%         11872134      100.000%
                                                  0.24         0.39              0.25         0.39

WRONGPATH_L1Q_REMOVALS                               0         -nan%                0         -nan%
WRONGPATH_BUSQ_REMOVALS                              0         -nan%                0         -nan%
WRONGPATH_MEMQ_REMOVALS                              0         -nan%                0         -nan%
WRONGPATH_L1FILLQ_REMOVALS                           0         -nan%                0         -nan%
                                                     0         -nan%                0         -nan%
                                                  -nan         -nan              -nan         -nan

WRONGPATH_L1Q_DEMOTIONS                              0         -nan%                0         -nan%
WRONGPATH_BUSQ_DEMOTIONS                             0         -nan%                0         -nan%
WRONGPATH_MEMQ_DEMOTIONS                             0         -nan%                0         -nan%
WRONGPATH_L1FILLQ_DEMOTIONS                          0         -nan%                0         -nan%
                                                     0         -nan%                0         -nan%
                                                  -nan         -nan              -nan         -nan

PROMOTION_QMLC                                   52341      100.000%            75737       99.972%
PROMOTION_QL1                                        0        0.000%               21        0.028%
                                                 52341      100.000%            75758      100.000%
                                                  0.00         0.00              0.00         0.02

PROMOTION_QBUSOUT                                    0                              0              

PROMOTION_QMEM                                       0                              0              

PROMOTION_QL1FILL                                    1                              7              

PROMOTION_QMLC_FILL                                  0                             12              

NOPROMOTION_QMEM                                     0                              0              

NOPROMOTION_QL1FILL                                  0         -nan%                0         -nan%
NOPROMOTION_QMLC_FILL                                0         -nan%                0         -nan%
                                                     0         -nan%                0         -nan%
                                                  -nan         -nan              -nan         -nan

PROMOTION_FROM_FDIP_OFF_TO_ON                        0                              0              

ICACHE_FILL_CORRECT_REQ                          50640       10.102%            74197       10.065%
ICACHE_FILL_INCORRECT_REQ                       450668       89.898%           662996       89.935%
                                                501308      100.000%           737193      100.000%
                                                  0.90         0.86              0.90         0.86

ICACHE_FILL_CORRECT_REQ_BY_FDIP                  50639       10.101%            74093       10.051%
ICACHE_FILL_INCORRECT_REQ_BY_FDIP               450668       89.898%           662985       89.934%
ICACHE_FILL_CORRECT_REQ_BY_ICACHE_DEMAND             1        0.000%              104        0.014%
ICACHE_FILL_INCORRECT_REQ_BY_ICACHE_DEMAND             0        0.000%               11        0.001%
                                                501308      100.000%           737193      100.000%
                                                  0.90         0.10              0.90         0.10

ICACHE_FILL_CORRECT_REQ_BY_ON_FDIP_HIT_BY_DEMAND_LOAD         44589                          64804              

ICACHE_FILL_CORRECT_REQ_BY_OFF_FDIP_HIT_BY_DEMAND_LOAD             0                              0              

ICACHE_FILL_INCORRECT_REQ_BY_ON_FDIP_HIT_BY_DEMAND_LOAD          2458                           3587              

ICACHE_FILL_INCORRECT_REQ_BY_OFF_FDIP_HIT_BY_DEMAND_LOAD             0                              0              

ICACHE_FILL_CORRECT_REQ_CYCLE_DELTA       499760392470                   556303063753              

ICACHE_FILL_CORRECT_REQ_CYCLE_DELTA_BY_ICACHE_DEMAND           205                          14424              

ICACHE_FILL_CORRECT_REQ_CYCLE_DELTA_BY_FDIP        862485                        1488859              

ICACHE_FILL_CORRECT_REQ_CYCLE_DELTA_BY_ON_FDIP_HIT_BY_DEMAND_LOAD        408796                         614535              

ICACHE_FILL_CORRECT_REQ_CYCLE_DELTA_BY_OFF_FDIP_HIT_BY_DEMAND_LOAD             0                              0              

ICACHE_FILL_INCORRECT_REQ_CYCLE_DELTA    4445943826244                  4967311902581              

ICACHE_FILL_INCORRECT_REQ_CYCLE_DELTA_BY_ICACHE_DEMAND             0                           2722              

ICACHE_FILL_INCORRECT_REQ_CYCLE_DELTA_BY_FDIP       7699060                       12720507              

ICACHE_FILL_INCORRECT_REQ_CYCLE_DELTA_BY_ON_FDIP_HIT_BY_DEMAND_LOAD             0                              0              

ICACHE_FILL_INCORRECT_REQ_CYCLE_DELTA_BY_OFF_FDIP_HIT_BY_DEMAND_LOAD             0                              0              

MEM_REQ_INIT                                    766939                        1141962              

MEM_REQ_COMPLETE                                766939        1.0000          1141962        1.0000

MEM_REQ_KILLED                                       0        0.0000                0        0.0000

MEM_REQ_COMPLETE_MLC                            764959        0.9974          1132406        0.9916

MEM_REQ_COMPLETE_L1                                 39        0.0001              124        0.0001

MEM_REQ_COMPLETE_MEM                              1941        0.0025             9432        0.0083

MEM_REQ_INIT_ONPATH                             549717        0.7168           819078        0.7173

MEM_REQ_INIT_OFFPATH                            217222        0.2832           322884        0.2827

MEM_REQ_COMPLETE_ONPATH                         551880        0.7196           821942        0.7198

MEM_REQ_COMPLETE_OFFPATH                        215059        0.2804           320020        0.2802

MEM_REQ_INIT_IFETCH                                  1        0.000%              115        0.011%
MEM_REQ_INIT_DFETCH                             165661       23.958%           253810       24.679%
MEM_REQ_INIT_DSTORE                              24498        3.543%            37458        3.642%
MEM_REQ_INIT_IPRF                                    0        0.000%                0        0.000%
MEM_REQ_INIT_DPRF                                    0        0.000%                0        0.000%
MEM_REQ_INIT_WB                                 501307       72.499%           737078       71.668%
MEM_REQ_INIT_WB_NODIRTY                              0        0.000%                0        0.000%
                                                691467      100.000%          1028461      100.000%
                                                  3.94         1.74              3.90         1.75

MEM_REQ_COMPLETE_IFETCH                          52704        6.872%            76749        6.720%
MEM_REQ_COMPLETE_DFETCH                         240772       31.394%           366533       32.094%
MEM_REQ_COMPLETE_DSTORE                          24498        3.194%            37486        3.282%
MEM_REQ_COMPLETE_IPRF                                0        0.000%                0        0.000%
MEM_REQ_COMPLETE_DPRF                                0        0.000%                0        0.000%
MEM_REQ_COMPLETE_WB                             448965       58.540%           661310       57.904%
MEM_REQ_COMPLETE_WB_NODIRTY                          0        0.000%                0        0.000%
                                                766939      100.000%          1142078      100.000%
                                                  3.30         1.85              3.28         1.85

MEM_REQ_KILLED_IFETCH                            75472      100.000%           113385      100.000%
MEM_REQ_KILLED_DFETCH                                0        0.000%                0        0.000%
MEM_REQ_KILLED_DSTORE                                0        0.000%                0        0.000%
MEM_REQ_KILLED_IPRF                                  0        0.000%                0        0.000%
MEM_REQ_KILLED_DPRF                                  0        0.000%                0        0.000%
MEM_REQ_KILLED_WB                                    0        0.000%                0        0.000%
MEM_REQ_KILLED_WB_NODIRTY                            0        0.000%                0        0.000%
                                                 75472      100.000%           113385      100.000%
                                                  0.00         0.00              0.00         0.00

MEM_REQ_INIT_OFFPATH_IFETCH                          0        0.000%               23        0.007%
MEM_REQ_INIT_OFFPATH_DFETCH                       1532        0.705%             2791        0.864%
MEM_REQ_INIT_OFFPATH_DSTORE                          3        0.001%               48        0.015%
MEM_REQ_INIT_OFFPATH_IPRF                            0        0.000%                0        0.000%
MEM_REQ_INIT_OFFPATH_DPRF                            0        0.000%                0        0.000%
MEM_REQ_INIT_OFFPATH_WB                         215687       99.293%           320022       99.114%
MEM_REQ_INIT_OFFPATH_WB_NODIRTY                      0        0.000%                0        0.000%
                                                217222      100.000%           322884      100.000%
                                                  4.97         0.33              4.96         0.37

MEM_REQ_INIT_ONPATH_IFETCH                           1        0.000%               92        0.013%
MEM_REQ_INIT_ONPATH_DFETCH                      164129       34.608%           251019       35.576%
MEM_REQ_INIT_ONPATH_DSTORE                       24495        5.165%            37410        5.302%
MEM_REQ_INIT_ONPATH_IPRF                             0        0.000%                0        0.000%
MEM_REQ_INIT_ONPATH_DPRF                             0        0.000%                0        0.000%
MEM_REQ_INIT_ONPATH_WB                          285620       60.226%           417056       59.109%
MEM_REQ_INIT_ONPATH_WB_NODIRTY                       0        0.000%                0        0.000%
                                                474245      100.000%           705577      100.000%
                                                  3.46         1.91              3.42         1.91

MEM_REQ_MATCH_IFETCH                             10443        1.462%            16152        1.530%
MEM_REQ_MATCH_DFETCH                            275077       38.513%           406720       38.527%
MEM_REQ_MATCH_DSTORE                             62782        8.790%            95427        9.039%
MEM_REQ_MATCH_IPRF                                   0        0.000%                0        0.000%
MEM_REQ_MATCH_DPRF                                   0        0.000%                0        0.000%
MEM_REQ_MATCH_WB                                365938       51.235%           537376       50.903%
MEM_REQ_MATCH_WB_NODIRTY                             0        0.000%                8        0.001%
                                                714240      100.000%          1055683      100.000%
                                                  3.12         1.91              3.11         1.91

MEM_REQ_COMPLETE_OFFPATH_IFETCH                   5286        2.458%             7679        2.400%
MEM_REQ_COMPLETE_OFFPATH_DFETCH                   1531        0.712%             2785        0.870%
MEM_REQ_COMPLETE_OFFPATH_DSTORE                      3        0.001%               48        0.015%
MEM_REQ_COMPLETE_OFFPATH_IPRF                        0        0.000%                0        0.000%
MEM_REQ_COMPLETE_OFFPATH_DPRF                        0        0.000%                0        0.000%
MEM_REQ_COMPLETE_OFFPATH_WB                     208239       96.829%           309508       96.715%
MEM_REQ_COMPLETE_OFFPATH_WB_NODIRTY                  0        0.000%                0        0.000%
                                                215059      100.000%           320020      100.000%
                                                  4.85         0.36              4.84         0.39

MEM_REQ_COMPLETE_ONPATH_IFETCH                   47057        9.877%            68204        9.626%
MEM_REQ_COMPLETE_ONPATH_DFETCH                  164130       34.452%           251113       35.440%
MEM_REQ_COMPLETE_ONPATH_DSTORE                   24495        5.142%            37438        5.284%
MEM_REQ_COMPLETE_ONPATH_IPRF                         0        0.000%                0        0.000%
MEM_REQ_COMPLETE_ONPATH_DPRF                         0        0.000%                0        0.000%
MEM_REQ_COMPLETE_ONPATH_WB                      240726       50.529%           351802       49.650%
MEM_REQ_COMPLETE_ONPATH_WB_NODIRTY                   0        0.000%                0        0.000%
                                                476408      100.000%           708557      100.000%
                                                  2.97         1.86              2.94         1.87

MEM_REQ_COMPLETE_MEM_IFETCH                      75477       97.914%           113592       92.967%
MEM_REQ_COMPLETE_MEM_DFETCH                       1424        1.847%             3441        2.816%
MEM_REQ_COMPLETE_MEM_DSTORE                         96        0.125%              641        0.525%
MEM_REQ_COMPLETE_MEM_IPRF                            0        0.000%                0        0.000%
MEM_REQ_COMPLETE_MEM_DPRF                            0        0.000%                0        0.000%
MEM_REQ_COMPLETE_MEM_WB                             88        0.114%             4511        3.692%
MEM_REQ_COMPLETE_MEM_WB_NODIRTY                      0        0.000%                0        0.000%
                                                 77085      100.000%           122185      100.000%
                                                  0.03         0.22              0.22         0.94

MEM_REQ_COMPLETE_MEM_BW_PREFETCHABLE               432                           1031              

MEM_REQ_COMPLETE_MEM_MATCHED_BW_PREF                 0                            106              

MEM_REQ_COMPLETE_L1_IFETCH                           0         -nan%                0         -nan%
MEM_REQ_COMPLETE_L1_DFETCH                           0         -nan%                0         -nan%
MEM_REQ_COMPLETE_L1_DSTORE                           0         -nan%                0         -nan%
MEM_REQ_COMPLETE_L1_IPRF                             0         -nan%                0         -nan%
MEM_REQ_COMPLETE_L1_DPRF                             0         -nan%                0         -nan%
MEM_REQ_COMPLETE_L1_WB                               0         -nan%                0         -nan%
MEM_REQ_COMPLETE_L1_WB_NODIRTY                       0         -nan%                0         -nan%
                                                     0         -nan%                0         -nan%
                                                  -nan         -nan              -nan         -nan

MEM_REQ_COMPLETE_MLC_IFETCH                      52377        7.592%            75800        7.432%
MEM_REQ_COMPLETE_MLC_DFETCH                     164237       23.806%           250457       24.557%
MEM_REQ_COMPLETE_MLC_DSTORE                      24402        3.537%            36845        3.613%
MEM_REQ_COMPLETE_MLC_IPRF                            0        0.000%                0        0.000%
MEM_REQ_COMPLETE_MLC_DPRF                            0        0.000%                0        0.000%
MEM_REQ_COMPLETE_MLC_WB                         448877       65.065%           656799       64.398%
MEM_REQ_COMPLETE_MLC_WB_NODIRTY                      0        0.000%                0        0.000%
                                                689893      100.000%          1019901      100.000%
                                                  3.56         1.73              3.54         1.74

CORE_MLP_CLUSTERS                                75105                         112629              

CORE_MLP                                        231842                        2164650              

CORE_MLP_IFETCH                                      0                              0              

CORE_MLP_DFETCH                                      0                              0              

CORE_MLP_DSTORE                                      0                              0              

CORE_MLP_IPRF                                        0                              0              

CORE_MLP_DPRF                                        0                              0              

CORE_MLP_WB                                          0                              0              

CORE_MLP_WB_NODIRTY                                  0                              0              

CORE_MLP_0                                     9736411       98.762%         14469231       97.790%
CORE_MLP_1                                       72988        0.740%           130199        0.880%
CORE_MLP_2                                       28887        0.293%            59079        0.399%
CORE_MLP_3                                       10777        0.109%            28466        0.192%
CORE_MLP_4                                        3253        0.033%            10692        0.072%
CORE_MLP_5                                         863        0.009%             5074        0.034%
CORE_MLP_6                                         889        0.009%             4331        0.029%
CORE_MLP_7                                        1541        0.016%             4200        0.028%
CORE_MLP_8                                         187        0.002%             3440        0.023%
CORE_MLP_9                                         735        0.007%             3147        0.021%
CORE_MLP_10                                        848        0.009%             2826        0.019%
CORE_MLP_11                                        139        0.001%             2118        0.014%
CORE_MLP_12                                         75        0.001%             1902        0.013%
CORE_MLP_13                                         95        0.001%             3051        0.021%
CORE_MLP_14                                         79        0.001%             1801        0.012%
CORE_MLP_15                                        109        0.001%             1959        0.013%
CORE_MLP_16                                        129        0.001%             1987        0.013%
CORE_MLP_17                                        120        0.001%             3317        0.022%
CORE_MLP_18                                         17        0.000%             2167        0.015%
CORE_MLP_19                                         17        0.000%             3327        0.022%
CORE_MLP_20                                         12        0.000%             2414        0.016%
CORE_MLP_21                                         11        0.000%             2737        0.018%
CORE_MLP_22                                         20        0.000%             6270        0.042%
CORE_MLP_23                                         41        0.000%            10839        0.073%
CORE_MLP_24                                         22        0.000%            13389        0.090%
CORE_MLP_25                                         23        0.000%             7449        0.050%
CORE_MLP_26                                         18        0.000%             3800        0.026%
CORE_MLP_27                                         96        0.001%             2537        0.017%
CORE_MLP_28                                         40        0.000%             3921        0.027%
CORE_MLP_29                                         15        0.000%              338        0.002%
CORE_MLP_30                                          0        0.000%              168        0.001%
CORE_MLP_31                                          0        0.000%                0        0.000%
CORE_MLP_32                                          0        0.000%                0        0.000%
                                               9858457      100.000%         14796176      100.000%
                                                  0.02         0.31              0.15         1.60

MEM_QUEUE_OCC_0                                      0         -nan%                0         -nan%
MEM_QUEUE_OCC_4                                      0         -nan%                0         -nan%
MEM_QUEUE_OCC_8                                      0         -nan%                0         -nan%
MEM_QUEUE_OCC_12                                     0         -nan%                0         -nan%
MEM_QUEUE_OCC_16                                     0         -nan%                0         -nan%
MEM_QUEUE_OCC_20                                     0         -nan%                0         -nan%
MEM_QUEUE_OCC_24                                     0         -nan%                0         -nan%
MEM_QUEUE_OCC_28                                     0         -nan%                0         -nan%
MEM_QUEUE_OCC_32                                     0         -nan%                0         -nan%
MEM_QUEUE_OCC_36                                     0         -nan%                0         -nan%
MEM_QUEUE_OCC_40                                     0         -nan%                0         -nan%
MEM_QUEUE_OCC_44                                     0         -nan%                0         -nan%
MEM_QUEUE_OCC_48                                     0         -nan%                0         -nan%
MEM_QUEUE_OCC_52                                     0         -nan%                0         -nan%
MEM_QUEUE_OCC_56                                     0         -nan%                0         -nan%
MEM_QUEUE_OCC_60                                     0         -nan%                0         -nan%
MEM_QUEUE_OCC_64                                     0         -nan%                0         -nan%
MEM_QUEUE_OCC_68                                     0         -nan%                0         -nan%
MEM_QUEUE_OCC_72                                     0         -nan%                0         -nan%
MEM_QUEUE_OCC_76                                     0         -nan%                0         -nan%
MEM_QUEUE_OCC_80                                     0         -nan%                0         -nan%
MEM_QUEUE_OCC_84                                     0         -nan%                0         -nan%
MEM_QUEUE_OCC_88                                     0         -nan%                0         -nan%
MEM_QUEUE_OCC_92                                     0         -nan%                0         -nan%
MEM_QUEUE_OCC_96                                     0         -nan%                0         -nan%
MEM_QUEUE_OCC_100                                    0         -nan%                0         -nan%
MEM_QUEUE_OCC_104                                    0         -nan%                0         -nan%
MEM_QUEUE_OCC_108                                    0         -nan%                0         -nan%
MEM_QUEUE_OCC_112                                    0         -nan%                0         -nan%
MEM_QUEUE_OCC_116                                    0         -nan%                0         -nan%
MEM_QUEUE_OCC_120                                    0         -nan%                0         -nan%
MEM_QUEUE_OCC_124                                    0         -nan%                0         -nan%
MEM_QUEUE_OCC_128                                    0         -nan%                0         -nan%
                                                     0         -nan%                0         -nan%
                                                  -nan         -nan              -nan         -nan

OPEN_PAGE_HIT                                        0         -nan%                0         -nan%
CLOSED_PAGE_MISS                                     0         -nan%                0         -nan%
WRONG_PAGE_MISS                                      0         -nan%                0         -nan%
                                                     0         -nan%                0         -nan%
                                                  -nan         -nan              -nan         -nan

L0_LD_BANK_BLOCK                                     0         -nan%                0         -nan%
L0_LD_BANK_AVAIL                                     0         -nan%                0         -nan%
                                                     0         -nan%                0         -nan%
                                                  -nan         -nan              -nan         -nan

L0_ST_BANK_BLOCK                                     0         -nan%                0         -nan%
L0_ST_BANK_AVAIL                                     0         -nan%                0         -nan%
                                                     0         -nan%                0         -nan%
                                                  -nan         -nan              -nan         -nan

L0_LD_CACHE_BLOCK                                    0         -nan%                0         -nan%
L0_LD_CACHE_AVAIL                                    0         -nan%                0         -nan%
                                                     0         -nan%                0         -nan%
                                                  -nan         -nan              -nan         -nan

MLC_LD_BANK_BLOCK                                 1647        0.238%             2361        0.229%
MLC_LD_BANK_AVAIL                               691467       99.762%          1028461       99.771%
                                                693114      100.000%          1030822      100.000%
                                                  1.00         1.00              1.00         1.00

MLC_ST_BANK_BLOCK                                    0        0.000%                0        0.000%
MLC_ST_BANK_AVAIL                                75105      100.000%           112629      100.000%
                                                 75105      100.000%           112629      100.000%
                                                  1.00         1.00              1.00         1.00

MLC_LD_CACHE_BLOCK                                   0         -nan%                0         -nan%
MLC_LD_CACHE_AVAIL                                   0         -nan%                0         -nan%
                                                     0         -nan%                0         -nan%
                                                  -nan         -nan              -nan         -nan

MLC_ST_CACHE_BLOCK                                   0         -nan%                0         -nan%
MLC_ST_CACHE_AVAIL                                   0         -nan%                0         -nan%
                                                     0         -nan%                0         -nan%
                                                  -nan         -nan              -nan         -nan

L1_LD_BANK_BLOCK                                     0        0.000%                1        0.010%
L1_LD_BANK_AVAIL                                  1974      100.000%             9550       99.990%
                                                  1974      100.000%             9551      100.000%
                                                  1.00         1.00              1.00         1.00

L1_ST_BANK_BLOCK                                     0        0.000%                0        0.000%
L1_ST_BANK_AVAIL                                     6      100.000%                6      100.000%
                                                     6      100.000%                6      100.000%
                                                  1.00         1.10              1.00         1.10

L1_LD_CACHE_BLOCK                                    0         -nan%                0         -nan%
L1_LD_CACHE_AVAIL                                    0         -nan%                0         -nan%
                                                     0         -nan%                0         -nan%
                                                  -nan         -nan              -nan         -nan

L1_ST_CACHE_BLOCK                                    0         -nan%                0         -nan%
L1_ST_CACHE_AVAIL                                    0         -nan%                0         -nan%
                                                     0         -nan%                0         -nan%
                                                  -nan         -nan              -nan         -nan

MEM_LD_BANK_BLOCK                                    0         -nan%                0         -nan%
MEM_LD_BANK_AVAIL                                    0         -nan%                0         -nan%
                                                     0         -nan%                0         -nan%
                                                  -nan         -nan              -nan         -nan

MEM_ST_BANK_BLOCK                                    0         -nan%                0         -nan%
MEM_ST_BANK_AVAIL                                    0         -nan%                0         -nan%
                                                     0         -nan%                0         -nan%
                                                  -nan         -nan              -nan         -nan

MEM_PF_BANK_BLOCK                                    0         -nan%                0         -nan%
MEM_PF_BANK_AVAIL                                    0         -nan%                0         -nan%
                                                     0         -nan%                0         -nan%
                                                  -nan         -nan              -nan         -nan

L0_FILL                                              0                              0              

L1_FILL                                           1688      100.000%             9042      100.000%
L1_WB_FILL                                           0        0.000%                0        0.000%
                                                  1688      100.000%             9042      100.000%
                                                  0.00         0.00              0.00         0.00

L1_DEMAND_FILL                                    1360       80.569%             8294       91.727%
L1_PREF_FILL                                       328       19.431%              748        8.273%
                                                  1688      100.000%             9042      100.000%
                                                  0.19         0.37              0.08         0.26

MLC_FILL                                          1613      100.000%             8800      100.000%
MLC_WB_FILL                                          0        0.000%                0        0.000%
                                                  1613      100.000%             8800      100.000%
                                                  0.00         0.00              0.00         0.00

MLC_DEMAND_FILL                                   1613      100.000%             8684       98.682%
MLC_PREF_FILL                                        0        0.000%              116        1.318%
                                                  1613      100.000%             8800      100.000%
                                                  0.00         0.00              0.01         0.11

NORESET_L1_FILL                                   1688                           9042              

NORESET_L1_FILL_NONPREF                           1271                           3765              

NORESET_L1_FILL_PREF                               417                           5277              

NORESET_L1_EVICT                                     0                              0              

NORESET_L1_EVICT_NONPREF                             0                              0              

NORESET_L1_EVICT_PREF_USED                           0                              0              

NORESET_L1_EVICT_PREF_UNUSED                         0                              0              

NORESET_L1_PREF_USED                               253                            390              

ORACLE_OFFPATH_DC_FILL                               0                              0              

ORACLE_OFFPATH_IC_FILL                               0                              0              

ORACLE_OFFPATH_L1_FILL                               0                              0              

UPDATE_EVENT_QUEUE_PROCESS                           0                              0              

INSERT_EVENT_QUEUE_PROCESS                           0                              0              

ICFILL_AFTER_REDIRECT                                0                              0              

EVENT_QUEUE_MATCH_ADD_REQ                            0                              0              

DC_PREF_CACHE_INSERT_REQ                             0                              0              

DC_PREF_REQ_DCACHE_HIT                               0         -nan%                0         -nan%
DC_PREF_REQ_PREF_CACHE_HIT                           0         -nan%                0         -nan%
DC_PREF_REQ_L1_MISS                                  0         -nan%                0         -nan%
DC_PREF_REQ_CORR                                     0         -nan%                0         -nan%
                                                     0         -nan%                0         -nan%
                                                  -nan         -nan              -nan         -nan

DC_PREF_CACHE_INSERT                                 0                              0              

DC_PREF_CACHE_HIT_PER                                0        0.000%                0        0.000%

DC_PREF_CACHE_HIT_PER_OFFPATH                        0        0.000%                0        0.000%

DC_PREF_CACHE_HIT                                    0                              0              

DC_PREF_CACHE_HIT_OFFPATH                            0                              0              

DC_PREF_HIT_L1_MISS                                  0                              0              

IC_PREF_CACHE_HIT_PER                                0        0.000%                0        0.000%

IC_PREF_CACHE_HIT_PER_OFFPATH                        0        0.000%                0        0.000%

IC_PREF_CACHE_HIT                                    0                              0              

IC_PREF_CACHE_HIT_OFFPATH                            0                              0              

L1_PREF_CACHE_HIT_PER                                0        0.000%                0        0.000%

L1_PREF_CACHE_HIT_PER_OFFPATH                        0        0.000%                0        0.000%

L1_PREF_CACHE_HIT                                    0                              0              

L1_PREF_CACHE_HIT_OFFPATH                            0                              0              

DC_PREF_CACHE_FILL                                   0                              0              

DC_PREF_MOVE_DC                                      0         -nan%                0         -nan%

DC_PREF_MOVE_L1                                      0         -nan%                0         -nan%

IC_PREF_CACHE_FILL                                   0                              0              

IC_PREF_MOVE_IC                                      0         -nan%                0         -nan%

IC_PREF_MOVE_L1                                      0         -nan%                0         -nan%

L1_PREF_CACHE_FILL                                   0                              0              

L1_PREF_MOVE_L1                                      0         -nan%                0         -nan%

OFF_PATH_CONFIRMED                             1699432                        2564559              

OFF_PATH_NO_FILL_L1                                  0                              0              

WB_L1_MISS_FILL_L1                                   0                              0              

WB_MLC_MISS_FILL_MLC                                 0                              0              

ICACHE_EVICT_REQ_WB_L1                               0                              0              

DCACHE_EVICT_REQ_WB_L1                               0                              0              

DCACHE_EVICT_REQ_WB_L1_NOREAD                        0                              0              

L1_FILL_SKIPPED                                      0                              0              

MLC_FILL_SKIPPED                                     0                              0              

DCACHE_FILL                                     190159                         291384              

DCACHE_WB_REQ                                    75105        0.3950           112629        0.3865

DCACHE_WB_REQ_DIRTY                              75105      100.000%           112629      100.000%
DCACHE_WB_REQ_NODIRTY                                0        0.000%                0        0.000%
                                                 75105      100.000%           112629      100.000%
                                                  0.00         0.00              0.00         0.00

ICACHE_FILL                                     501308                         737193              

ICACHE_WB_REQ                                        0        0.0000                0        0.0000

L1_FILL_DIRTY                                        0        0.0000                0        0.0000

MLC_FILL_DIRTY                                       6        0.0037                6        0.0007

ICACHE_UNUSEFUL_CL_CYC                      4435559768                     6556424316              

ICACHE_UNUSEFUL_CL                              454279                         668350              

ICACHE_EVICT_MISS_ONPATH_BY_FDIP                366169       80.604%           539823       80.781%
ICACHE_EVICT_MISS_OFFPATH_BY_FDIP                88110       19.396%           128430       19.219%
                                                454279      100.000%           668253      100.000%
                                                  0.19         0.37              0.19         0.36

ICACHE_EVICT_MISS_BY_FDIP_ONPATH                272540       59.994%           399044       59.715%
ICACHE_EVICT_MISS_BY_FDIP_OFFPATH               181739       40.006%           269209       40.285%
                                                454279      100.000%           668253      100.000%
                                                  0.40         0.46              0.40         0.46

ICACHE_EVICT_HIT_ONPATH_BY_FDIP                  37639       80.034%            54833       80.246%
ICACHE_EVICT_HIT_OFFPATH_BY_FDIP                  9390       19.966%            13498       19.754%
                                                 47029      100.000%            68331      100.000%
                                                  0.20         0.37              0.20         0.37

ICACHE_EVICT_HIT_BY_FDIP_ONPATH                  47029      100.000%            68331      100.000%
ICACHE_EVICT_HIT_BY_FDIP_OFFPATH                     0        0.000%                0        0.000%
                                                 47029      100.000%            68331      100.000%
                                                  0.00         0.00              0.00         0.00

MEM_REQ_DENIED_NULL                                  0         -nan%                0         -nan%
MEM_REQ_DENIED_INST_OUTOF_CS                         0         -nan%                0         -nan%
MEM_REQ_DENIED_DATA_IN_CS                            0         -nan%                0         -nan%
MEM_REQ_DENIED_DATA_OUTOF_RANGE                      0         -nan%                0         -nan%
                                                     0         -nan%                0         -nan%
                                                  -nan         -nan              -nan         -nan

MEM_REQ_DENIED                                       0         -nan%                0         -nan%
MEM_REQ_NOT_DENIED                                   0         -nan%                0         -nan%
                                                     0         -nan%                0         -nan%
                                                  -nan         -nan              -nan         -nan

DEMAND_HIT_WB_STALL                                  0                              0              

EXCLUSION_VIOLATED_OSR                               0         -nan%                0         -nan%
EXCLUSION_VIOLATED_NOTOSR                            0         -nan%                0         -nan%
EXCLUSION_NOT_VIOLATED                               0         -nan%                0         -nan%
                                                     0         -nan%                0         -nan%
                                                  -nan         -nan              -nan         -nan

DIRTY_WRITE_TO_ICACHE                                0                              0              

STREAM_DC_HIT_NOSEND                                 0         -nan%                0         -nan%
STREAM_WBQDC_HIT_NOSEND                              0         -nan%                0         -nan%
                                                     0         -nan%                0         -nan%
                                                  -nan         -nan              -nan         -nan

STREAM_DCACHE_PREF_HIT                               0                              0              

PREF_DC_HIT_ON_INSERT                                0         -nan%                0         -nan%
PREF_L1_HIT_ON_INSERT                                0         -nan%                0         -nan%
                                                     0         -nan%                0         -nan%
                                                  -nan         -nan              -nan         -nan

L1_NEWREQ_MATCHED_MLC_REQ                            0                            238              

MLC_NEWREQ_MATCHED_L2_PREF                           0                            116              

MLC_NEWREQ_MATCHED_L2_PREF_MLC_HIT                   0          -nan                0        0.0000

NEWREQ_WB_MATCH_IGNORED                              0                              0              

DEMAND_MATCH_WB_NEW_DONE_FUNC                        0         -nan%                0         -nan%
DEMAND_MATCH_WB_NEW_DONE_FUNC_NULL                   0         -nan%                0         -nan%
DEMAND_MATCH_WB_DONE_FUNC_NOT_SAME                   0         -nan%                0         -nan%
DEMAND_MATCH_WB_DONE_FUNC_SAME                       0         -nan%                0         -nan%
                                                     0         -nan%                0         -nan%
                                                  -nan         -nan              -nan         -nan

DEMAND_MATCH_WB                                      0         -nan%                0         -nan%
DEMAND_MATCH_WB_NODIRTY                              0         -nan%                0         -nan%
                                                     0         -nan%                0         -nan%
                                                  -nan         -nan              -nan         -nan

DEMAND_MATCH_WBALL_IFETCH                            0         -nan%                0         -nan%
DEMAND_MATCH_WBALL_DFETCH                            0         -nan%                0         -nan%
DEMAND_MATCH_WBALL_DSTORE                            0         -nan%                0         -nan%
DEMAND_MATCH_WBALL_IPRF                              0         -nan%                0         -nan%
DEMAND_MATCH_WBALL_DPRF                              0         -nan%                0         -nan%
DEMAND_MATCH_WBALL_WB                                0         -nan%                0         -nan%
DEMAND_MATCH_WBALL_WB_NODIRTY                        0         -nan%                0         -nan%
                                                     0         -nan%                0         -nan%
                                                  -nan         -nan              -nan         -nan

DEMAND_MATCH_WB_IFETCH                               0         -nan%                0         -nan%
DEMAND_MATCH_WB_DFETCH                               0         -nan%                0         -nan%
DEMAND_MATCH_WB_DSTORE                               0         -nan%                0         -nan%
DEMAND_MATCH_WB_IPRF                                 0         -nan%                0         -nan%
DEMAND_MATCH_WB_DPRF                                 0         -nan%                0         -nan%
DEMAND_MATCH_WB_WB                                   0         -nan%                0         -nan%
DEMAND_MATCH_WB_WB_NODIRTY                           0         -nan%                0         -nan%
                                                     0         -nan%                0         -nan%
                                                  -nan         -nan              -nan         -nan

DEMAND_MATCH_WB_ND_IFETCH                            0         -nan%                0         -nan%
DEMAND_MATCH_WB_ND_DFETCH                            0         -nan%                0         -nan%
DEMAND_MATCH_WB_ND_DSTORE                            0         -nan%                0         -nan%
DEMAND_MATCH_WB_ND_IPRF                              0         -nan%                0         -nan%
DEMAND_MATCH_WB_ND_DPRF                              0         -nan%                0         -nan%
DEMAND_MATCH_WB_ND_WB                                0         -nan%                0         -nan%
DEMAND_MATCH_WB_ND_WB_NODIRTY                        0         -nan%                0         -nan%
                                                     0         -nan%                0         -nan%
                                                  -nan         -nan              -nan         -nan

WB_MATCH_DEMAND                                      0        0.000%                0        0.000%
WB_MATCH_PREF                                        0        0.000%                0        0.000%
WB_MATCH_WB                                          0        0.000%                0        0.000%
WB_MATCH_WB_FILTERED                            551963      100.000%           816582      100.000%
                                                551963      100.000%           816582      100.000%
                                                  3.00         3.00              3.00         3.00

WB_COMING_BACK_FROM_MEM                              0                              0              

WB_COMING_BACK_FROM_L1                               0                              0              

WB_COMING_BACK_FROM_MLC                              0                              0              

MEM_REQ_MATCH_OFF_PATH_HIT_BY_ON_PATH                1        0.000%                6        0.002%
MEM_REQ_MATCH_OFF_PATH_HIT_BY_ON_PATH_ETC        263039      100.000%           390316       99.998%
                                                263040      100.000%           390322      100.000%
                                                  1.00         1.00              1.00         1.00

TOTAL_ONPATH_ICACHE_FILLS                            0                              0              

TOTAL_ONPATH_DCACHE_FILLS                            0                              0              

TOTAL_ONPATH_L1_FILLS                                0                              0              

PER1K_ONPATH_ICACHE_FILLS                            0        0.0000                0        0.0000

PER1K_ONPATH_DCACHE_FILLS                            0        0.0000                0        0.0000

PER1K_ONPATH_L1_FILLS                                0        0.0000                0        0.0000

PER1K_L1_DEMAND_MISS_ONPATH                       1271        0.0424             3750        0.1250

PER1K_L1_DEMAND_MISS_OFFPATH                         0        0.0000               23        0.0008

L2_IDEAL_FILL_L1                                     0         -nan%                0         -nan%
L2_IDEAL_MISS_L2                                     0         -nan%                0         -nan%
                                                     0         -nan%                0         -nan%
                                                  -nan         -nan              -nan         -nan

L2_IDEAL_FILL_ICACHE                                 0         -nan%                0         -nan%
L2_IDEAL_MISS_ICACHE                                 0         -nan%                0         -nan%
                                                     0         -nan%                0         -nan%
                                                  -nan         -nan              -nan         -nan

HPS_MISS_DELTA__0                                    0         -nan%                0         -nan%
HPS_MISS_DELTA__1                                    0         -nan%                0         -nan%
HPS_MISS_DELTA__2                                    0         -nan%                0         -nan%
HPS_MISS_DELTA__3                                    0         -nan%                0         -nan%
HPS_MISS_DELTA__4                                    0         -nan%                0         -nan%
HPS_MISS_DELTA__5                                    0         -nan%                0         -nan%
HPS_MISS_DELTA__6                                    0         -nan%                0         -nan%
HPS_MISS_DELTA__7                                    0         -nan%                0         -nan%
HPS_MISS_DELTA__8                                    0         -nan%                0         -nan%
HPS_MISS_DELTA__9                                    0         -nan%                0         -nan%
                                                     0         -nan%                0         -nan%
                                                  -nan         -nan              -nan         -nan

HPS_HIT_DELTA__0                                     0         -nan%                0         -nan%
HPS_HIT_DELTA__1                                     0         -nan%                0         -nan%
HPS_HIT_DELTA__2                                     0         -nan%                0         -nan%
HPS_HIT_DELTA__3                                     0         -nan%                0         -nan%
HPS_HIT_DELTA__4                                     0         -nan%                0         -nan%
HPS_HIT_DELTA__5                                     0         -nan%                0         -nan%
HPS_HIT_DELTA__6                                     0         -nan%                0         -nan%
HPS_HIT_DELTA__7                                     0         -nan%                0         -nan%
HPS_HIT_DELTA__8                                     0         -nan%                0         -nan%
HPS_HIT_DELTA__9                                     0         -nan%                0         -nan%
                                                     0         -nan%                0         -nan%
                                                  -nan         -nan              -nan         -nan

DC_MISS_DELTA__0                                     0         -nan%                0         -nan%
DC_MISS_DELTA__1                                     0         -nan%                0         -nan%
DC_MISS_DELTA__2                                     0         -nan%                0         -nan%
DC_MISS_DELTA__3                                     0         -nan%                0         -nan%
DC_MISS_DELTA__4                                     0         -nan%                0         -nan%
DC_MISS_DELTA__5                                     0         -nan%                0         -nan%
DC_MISS_DELTA__6                                     0         -nan%                0         -nan%
DC_MISS_DELTA__7                                     0         -nan%                0         -nan%
DC_MISS_DELTA__8                                     0         -nan%                0         -nan%
DC_MISS_DELTA__9                                     0         -nan%                0         -nan%
                                                     0         -nan%                0         -nan%
                                                  -nan         -nan              -nan         -nan

ONE_MORE_SUCESS                                      0         -nan%                0         -nan%
ONE_MORE_DISCARDED_L0CACHE                           0         -nan%                0         -nan%
ONE_MORE_DISCARDED_MEM_REQ_FULL                      0         -nan%                0         -nan%
                                                     0         -nan%                0         -nan%
                                                  -nan         -nan              -nan         -nan

PREF_L1_TOTAL_SENT                                 328                            748              

PREF_L1_TOTAL_USED                                 253       77.134%              390       67.126%
PREF_L1_TOTAL_PARTIAL_USED                           0        0.000%              116       19.966%
PREF_L1_TOTAL_NOT_USED                              75       22.866%               75       12.909%
PREF_L1_TOTAL_DROPPED                                0        0.000%                0        0.000%
                                                   328      100.000%              581      100.000%
                                                  0.46         0.74              0.46         0.61

PREF_MLC_TOTAL_SENT                                  0                              0              

PREF_MLC_TOTAL_USED                                336      100.000%             1670       93.505%
PREF_MLC_TOTAL_PARTIAL_USED                          0        0.000%              116        6.495%
PREF_MLC_TOTAL_NOT_USED                              0        0.000%                0        0.000%
PREF_MLC_TOTAL_DROPPED                               0        0.000%                0        0.000%
                                                   336      100.000%             1786      100.000%
                                                  0.00         0.00              0.06         0.24

CORE_MLC_PREF_REQ_MISS                               0        0.000%                0        0.000%
CORE_MLC_DEMAND_MISS                              1524       94.482%             4142       47.697%
CORE_MLC_WB_MISS                                    89        5.518%             4542       52.303%
                                                  1613      100.000%             8684      100.000%
                                                  1.06         0.34              1.52         1.21

CORE_MLC_PREF_REQ_HIT                                0        0.000%                0        0.000%
CORE_MLC_DEMAND_HIT                             240977       31.502%           362978       32.054%
CORE_MLC_WB_HIT                                 523982       68.498%           769428       67.946%
                                                764959      100.000%          1132406      100.000%
                                                  1.68         1.47              1.68         1.46

CORE_MLC_HIT                                    240977       99.372%           362978       98.872%
CORE_MLC_MISS                                     1524        0.628%             4142        1.128%
                                                242501      100.000%           367120      100.000%
                                                  0.01         0.08              0.01         0.11

CORE_MLC_FILL                                     1613      100.000%             8800      100.000%
CORE_MLC_WB_FILL                                     0        0.000%                0        0.000%
                                                  1613      100.000%             8800      100.000%
                                                  0.00         0.00              0.00         0.00

CORE_MLC_DEMAND_FILL                              1613      100.000%             8684       98.682%
CORE_MLC_PREF_FILL                                   0        0.000%              116        1.318%
                                                  1613      100.000%             8800      100.000%
                                                  0.00         0.00              0.01         0.11

CORE_MLC_PREF_FILL_USED                            336      100.000%             1670       93.505%
CORE_MLC_PREF_FILL_PARTIAL_USED                      0        0.000%              116        6.495%
CORE_MLC_PREF_FILL_NOT_USED                          0        0.000%                0        0.000%
                                                   336      100.000%             1786      100.000%
                                                  0.00         0.00              0.06         0.24

CORE_L1_PREF_REQ_MISS                              328       19.431%              748        8.273%
CORE_L1_DEMAND_MISS                               1271       75.296%             3765       41.639%
CORE_L1_WB_MISS                                     89        5.273%             4529       50.088%
                                                  1688      100.000%             9042      100.000%
                                                  0.86         0.35              1.42         1.12

CORE_L1_PREF_REQ_HIT                                33       11.301%              118       22.957%
CORE_L1_DEMAND_HIT                                 253       86.644%              390       75.875%
CORE_L1_WB_HIT                                       6        2.055%                6        1.167%
                                                   292      100.000%              514      100.000%
                                                  0.91         0.22              0.78         0.25

CORE_L1_HIT                                        253       16.601%              390        9.368%
CORE_L1_MISS                                      1271       83.399%             3773       90.632%
                                                  1524      100.000%             4163      100.000%
                                                  0.83         0.78              0.91         0.87

CORE_L1_FILL                                      1688      100.000%             9042      100.000%
CORE_L1_WB_FILL                                      0        0.000%                0        0.000%
                                                  1688      100.000%             9042      100.000%
                                                  0.00         0.00              0.00         0.00

CORE_L1_DEMAND_FILL                               1360       80.569%             8294       91.727%
CORE_L1_PREF_FILL                                  328       19.431%              748        8.273%
                                                  1688      100.000%             9042      100.000%
                                                  0.19         0.37              0.08         0.26

CORE_L1_PREF_FILL_USED                             253       77.134%              390       67.126%
CORE_L1_PREF_FILL_PARTIAL_USED                       0        0.000%              116       19.966%
CORE_L1_PREF_FILL_NOT_USED                          75       22.866%               75       12.909%
                                                   328      100.000%              581      100.000%
                                                  0.46         0.77              0.46         0.63

CORE_L1_DEMAND_USED_POS0                             0         -nan%                0         -nan%
CORE_L1_DEMAND_USED_POS1                             0         -nan%                0         -nan%
CORE_L1_DEMAND_USED_POS2                             0         -nan%                0         -nan%
CORE_L1_DEMAND_USED_POS3                             0         -nan%                0         -nan%
CORE_L1_DEMAND_USED_POS4                             0         -nan%                0         -nan%
CORE_L1_DEMAND_USED_POS5                             0         -nan%                0         -nan%
CORE_L1_DEMAND_USED_POS6                             0         -nan%                0         -nan%
CORE_L1_DEMAND_USED_POS7                             0         -nan%                0         -nan%
CORE_L1_DEMAND_USED_POS8                             0         -nan%                0         -nan%
CORE_L1_DEMAND_USED_POS9                             0         -nan%                0         -nan%
CORE_L1_DEMAND_USED_POS10                            0         -nan%                0         -nan%
CORE_L1_DEMAND_USED_POS11                            0         -nan%                0         -nan%
CORE_L1_DEMAND_USED_POS12                            0         -nan%                0         -nan%
CORE_L1_DEMAND_USED_POS13                            0         -nan%                0         -nan%
CORE_L1_DEMAND_USED_POS14                            0         -nan%                0         -nan%
CORE_L1_DEMAND_USED_POS15                            0         -nan%                0         -nan%
CORE_L1_DEMAND_USED_POS16                            0         -nan%                0         -nan%
CORE_L1_DEMAND_USED_POS17                            0         -nan%                0         -nan%
CORE_L1_DEMAND_USED_POS18                            0         -nan%                0         -nan%
CORE_L1_DEMAND_USED_POS19                            0         -nan%                0         -nan%
CORE_L1_DEMAND_USED_POS20                            0         -nan%                0         -nan%
CORE_L1_DEMAND_USED_POS21                            0         -nan%                0         -nan%
CORE_L1_DEMAND_USED_POS22                            0         -nan%                0         -nan%
CORE_L1_DEMAND_USED_POS23                            0         -nan%                0         -nan%
CORE_L1_DEMAND_USED_POS24                            0         -nan%                0         -nan%
CORE_L1_DEMAND_USED_POS25                            0         -nan%                0         -nan%
CORE_L1_DEMAND_USED_POS26                            0         -nan%                0         -nan%
CORE_L1_DEMAND_USED_POS27                            0         -nan%                0         -nan%
CORE_L1_DEMAND_USED_POS28                            0         -nan%                0         -nan%
CORE_L1_DEMAND_USED_POS29                            0         -nan%                0         -nan%
CORE_L1_DEMAND_USED_POS30                            0         -nan%                0         -nan%
CORE_L1_DEMAND_USED_POS31                            0         -nan%                0         -nan%
CORE_L1_DEMAND_USED_POS32                            0         -nan%                0         -nan%
CORE_L1_DEMAND_USED_POS33                            0         -nan%                0         -nan%
CORE_L1_DEMAND_USED_POS34                            0         -nan%                0         -nan%
CORE_L1_DEMAND_USED_POS35                            0         -nan%                0         -nan%
CORE_L1_DEMAND_USED_POS36                            0         -nan%                0         -nan%
CORE_L1_DEMAND_USED_POS37                            0         -nan%                0         -nan%
CORE_L1_DEMAND_USED_POS38                            0         -nan%                0         -nan%
CORE_L1_DEMAND_USED_POS39                            0         -nan%                0         -nan%
CORE_L1_DEMAND_USED_POS40                            0         -nan%                0         -nan%
CORE_L1_DEMAND_USED_POS41                            0         -nan%                0         -nan%
CORE_L1_DEMAND_USED_POS42                            0         -nan%                0         -nan%
CORE_L1_DEMAND_USED_POS43                            0         -nan%                0         -nan%
CORE_L1_DEMAND_USED_POS44                            0         -nan%                0         -nan%
CORE_L1_DEMAND_USED_POS45                            0         -nan%                0         -nan%
CORE_L1_DEMAND_USED_POS46                            0         -nan%                0         -nan%
CORE_L1_DEMAND_USED_POS47                            0         -nan%                0         -nan%
CORE_L1_DEMAND_USED_POS48                            0         -nan%                0         -nan%
CORE_L1_DEMAND_USED_POS49                            0         -nan%                0         -nan%
CORE_L1_DEMAND_USED_POS50                            0         -nan%                0         -nan%
CORE_L1_DEMAND_USED_POS51                            0         -nan%                0         -nan%
CORE_L1_DEMAND_USED_POS52                            0         -nan%                0         -nan%
CORE_L1_DEMAND_USED_POS53                            0         -nan%                0         -nan%
CORE_L1_DEMAND_USED_POS54                            0         -nan%                0         -nan%
CORE_L1_DEMAND_USED_POS55                            0         -nan%                0         -nan%
CORE_L1_DEMAND_USED_POS56                            0         -nan%                0         -nan%
CORE_L1_DEMAND_USED_POS57                            0         -nan%                0         -nan%
CORE_L1_DEMAND_USED_POS58                            0         -nan%                0         -nan%
CORE_L1_DEMAND_USED_POS59                            0         -nan%                0         -nan%
CORE_L1_DEMAND_USED_POS60                            0         -nan%                0         -nan%
CORE_L1_DEMAND_USED_POS61                            0         -nan%                0         -nan%
CORE_L1_DEMAND_USED_POS62                            0         -nan%                0         -nan%
CORE_L1_DEMAND_USED_POS63                            0         -nan%                0         -nan%
CORE_L1_DEMAND_USED_POS64                            0         -nan%                0         -nan%
CORE_L1_DEMAND_USED_POS65                            0         -nan%                0         -nan%
CORE_L1_DEMAND_USED_POS66                            0         -nan%                0         -nan%
CORE_L1_DEMAND_USED_POS67                            0         -nan%                0         -nan%
CORE_L1_DEMAND_USED_POS68                            0         -nan%                0         -nan%
CORE_L1_DEMAND_USED_POS69                            0         -nan%                0         -nan%
CORE_L1_DEMAND_USED_POS70                            0         -nan%                0         -nan%
CORE_L1_DEMAND_USED_POS71                            0         -nan%                0         -nan%
CORE_L1_DEMAND_USED_POS72                            0         -nan%                0         -nan%
CORE_L1_DEMAND_USED_POS73                            0         -nan%                0         -nan%
CORE_L1_DEMAND_USED_POS74                            0         -nan%                0         -nan%
CORE_L1_DEMAND_USED_POS75                            0         -nan%                0         -nan%
CORE_L1_DEMAND_USED_POS76                            0         -nan%                0         -nan%
CORE_L1_DEMAND_USED_POS77                            0         -nan%                0         -nan%
CORE_L1_DEMAND_USED_POS78                            0         -nan%                0         -nan%
CORE_L1_DEMAND_USED_POS79                            0         -nan%                0         -nan%
CORE_L1_DEMAND_USED_POS80                            0         -nan%                0         -nan%
CORE_L1_DEMAND_USED_POS81                            0         -nan%                0         -nan%
CORE_L1_DEMAND_USED_POS82                            0         -nan%                0         -nan%
CORE_L1_DEMAND_USED_POS83                            0         -nan%                0         -nan%
CORE_L1_DEMAND_USED_POS84                            0         -nan%                0         -nan%
CORE_L1_DEMAND_USED_POS85                            0         -nan%                0         -nan%
CORE_L1_DEMAND_USED_POS86                            0         -nan%                0         -nan%
CORE_L1_DEMAND_USED_POS87                            0         -nan%                0         -nan%
CORE_L1_DEMAND_USED_POS88                            0         -nan%                0         -nan%
CORE_L1_DEMAND_USED_POS89                            0         -nan%                0         -nan%
CORE_L1_DEMAND_USED_POS90                            0         -nan%                0         -nan%
CORE_L1_DEMAND_USED_POS91                            0         -nan%                0         -nan%
CORE_L1_DEMAND_USED_POS92                            0         -nan%                0         -nan%
CORE_L1_DEMAND_USED_POS93                            0         -nan%                0         -nan%
CORE_L1_DEMAND_USED_POS94                            0         -nan%                0         -nan%
CORE_L1_DEMAND_USED_POS95                            0         -nan%                0         -nan%
CORE_L1_DEMAND_USED_POS96                            0         -nan%                0         -nan%
CORE_L1_DEMAND_USED_POS97                            0         -nan%                0         -nan%
CORE_L1_DEMAND_USED_POS98                            0         -nan%                0         -nan%
CORE_L1_DEMAND_USED_POS99                            0         -nan%                0         -nan%
CORE_L1_DEMAND_USED_POS100                           0         -nan%                0         -nan%
CORE_L1_DEMAND_USED_POS101                           0         -nan%                0         -nan%
CORE_L1_DEMAND_USED_POS102                           0         -nan%                0         -nan%
CORE_L1_DEMAND_USED_POS103                           0         -nan%                0         -nan%
CORE_L1_DEMAND_USED_POS104                           0         -nan%                0         -nan%
CORE_L1_DEMAND_USED_POS105                           0         -nan%                0         -nan%
CORE_L1_DEMAND_USED_POS106                           0         -nan%                0         -nan%
CORE_L1_DEMAND_USED_POS107                           0         -nan%                0         -nan%
CORE_L1_DEMAND_USED_POS108                           0         -nan%                0         -nan%
CORE_L1_DEMAND_USED_POS109                           0         -nan%                0         -nan%
CORE_L1_DEMAND_USED_POS110                           0         -nan%                0         -nan%
CORE_L1_DEMAND_USED_POS111                           0         -nan%                0         -nan%
CORE_L1_DEMAND_USED_POS112                           0         -nan%                0         -nan%
CORE_L1_DEMAND_USED_POS113                           0         -nan%                0         -nan%
CORE_L1_DEMAND_USED_POS114                           0         -nan%                0         -nan%
CORE_L1_DEMAND_USED_POS115                           0         -nan%                0         -nan%
CORE_L1_DEMAND_USED_POS116                           0         -nan%                0         -nan%
CORE_L1_DEMAND_USED_POS117                           0         -nan%                0         -nan%
CORE_L1_DEMAND_USED_POS118                           0         -nan%                0         -nan%
CORE_L1_DEMAND_USED_POS119                           0         -nan%                0         -nan%
CORE_L1_DEMAND_USED_POS120                           0         -nan%                0         -nan%
CORE_L1_DEMAND_USED_POS121                           0         -nan%                0         -nan%
CORE_L1_DEMAND_USED_POS122                           0         -nan%                0         -nan%
CORE_L1_DEMAND_USED_POS123                           0         -nan%                0         -nan%
CORE_L1_DEMAND_USED_POS124                           0         -nan%                0         -nan%
CORE_L1_DEMAND_USED_POS125                           0         -nan%                0         -nan%
CORE_L1_DEMAND_USED_POS126                           0         -nan%                0         -nan%
CORE_L1_DEMAND_USED_POS127                           0         -nan%                0         -nan%
                                                     0         -nan%                0         -nan%
                                                  -nan         -nan              -nan         -nan

CORE_L1_PREF_USED_POS0                               0         -nan%                0         -nan%
CORE_L1_PREF_USED_POS1                               0         -nan%                0         -nan%
CORE_L1_PREF_USED_POS2                               0         -nan%                0         -nan%
CORE_L1_PREF_USED_POS3                               0         -nan%                0         -nan%
CORE_L1_PREF_USED_POS4                               0         -nan%                0         -nan%
CORE_L1_PREF_USED_POS5                               0         -nan%                0         -nan%
CORE_L1_PREF_USED_POS6                               0         -nan%                0         -nan%
CORE_L1_PREF_USED_POS7                               0         -nan%                0         -nan%
CORE_L1_PREF_USED_POS8                               0         -nan%                0         -nan%
CORE_L1_PREF_USED_POS9                               0         -nan%                0         -nan%
CORE_L1_PREF_USED_POS10                              0         -nan%                0         -nan%
CORE_L1_PREF_USED_POS11                              0         -nan%                0         -nan%
CORE_L1_PREF_USED_POS12                              0         -nan%                0         -nan%
CORE_L1_PREF_USED_POS13                              0         -nan%                0         -nan%
CORE_L1_PREF_USED_POS14                              0         -nan%                0         -nan%
CORE_L1_PREF_USED_POS15                              0         -nan%                0         -nan%
CORE_L1_PREF_USED_POS16                              0         -nan%                0         -nan%
CORE_L1_PREF_USED_POS17                              0         -nan%                0         -nan%
CORE_L1_PREF_USED_POS18                              0         -nan%                0         -nan%
CORE_L1_PREF_USED_POS19                              0         -nan%                0         -nan%
CORE_L1_PREF_USED_POS20                              0         -nan%                0         -nan%
CORE_L1_PREF_USED_POS21                              0         -nan%                0         -nan%
CORE_L1_PREF_USED_POS22                              0         -nan%                0         -nan%
CORE_L1_PREF_USED_POS23                              0         -nan%                0         -nan%
CORE_L1_PREF_USED_POS24                              0         -nan%                0         -nan%
CORE_L1_PREF_USED_POS25                              0         -nan%                0         -nan%
CORE_L1_PREF_USED_POS26                              0         -nan%                0         -nan%
CORE_L1_PREF_USED_POS27                              0         -nan%                0         -nan%
CORE_L1_PREF_USED_POS28                              0         -nan%                0         -nan%
CORE_L1_PREF_USED_POS29                              0         -nan%                0         -nan%
CORE_L1_PREF_USED_POS30                              0         -nan%                0         -nan%
CORE_L1_PREF_USED_POS31                              0         -nan%                0         -nan%
CORE_L1_PREF_USED_POS32                              0         -nan%                0         -nan%
CORE_L1_PREF_USED_POS33                              0         -nan%                0         -nan%
CORE_L1_PREF_USED_POS34                              0         -nan%                0         -nan%
CORE_L1_PREF_USED_POS35                              0         -nan%                0         -nan%
CORE_L1_PREF_USED_POS36                              0         -nan%                0         -nan%
CORE_L1_PREF_USED_POS37                              0         -nan%                0         -nan%
CORE_L1_PREF_USED_POS38                              0         -nan%                0         -nan%
CORE_L1_PREF_USED_POS39                              0         -nan%                0         -nan%
CORE_L1_PREF_USED_POS40                              0         -nan%                0         -nan%
CORE_L1_PREF_USED_POS41                              0         -nan%                0         -nan%
CORE_L1_PREF_USED_POS42                              0         -nan%                0         -nan%
CORE_L1_PREF_USED_POS43                              0         -nan%                0         -nan%
CORE_L1_PREF_USED_POS44                              0         -nan%                0         -nan%
CORE_L1_PREF_USED_POS45                              0         -nan%                0         -nan%
CORE_L1_PREF_USED_POS46                              0         -nan%                0         -nan%
CORE_L1_PREF_USED_POS47                              0         -nan%                0         -nan%
CORE_L1_PREF_USED_POS48                              0         -nan%                0         -nan%
CORE_L1_PREF_USED_POS49                              0         -nan%                0         -nan%
CORE_L1_PREF_USED_POS50                              0         -nan%                0         -nan%
CORE_L1_PREF_USED_POS51                              0         -nan%                0         -nan%
CORE_L1_PREF_USED_POS52                              0         -nan%                0         -nan%
CORE_L1_PREF_USED_POS53                              0         -nan%                0         -nan%
CORE_L1_PREF_USED_POS54                              0         -nan%                0         -nan%
CORE_L1_PREF_USED_POS55                              0         -nan%                0         -nan%
CORE_L1_PREF_USED_POS56                              0         -nan%                0         -nan%
CORE_L1_PREF_USED_POS57                              0         -nan%                0         -nan%
CORE_L1_PREF_USED_POS58                              0         -nan%                0         -nan%
CORE_L1_PREF_USED_POS59                              0         -nan%                0         -nan%
CORE_L1_PREF_USED_POS60                              0         -nan%                0         -nan%
CORE_L1_PREF_USED_POS61                              0         -nan%                0         -nan%
CORE_L1_PREF_USED_POS62                              0         -nan%                0         -nan%
CORE_L1_PREF_USED_POS63                              0         -nan%                0         -nan%
CORE_L1_PREF_USED_POS64                              0         -nan%                0         -nan%
CORE_L1_PREF_USED_POS65                              0         -nan%                0         -nan%
CORE_L1_PREF_USED_POS66                              0         -nan%                0         -nan%
CORE_L1_PREF_USED_POS67                              0         -nan%                0         -nan%
CORE_L1_PREF_USED_POS68                              0         -nan%                0         -nan%
CORE_L1_PREF_USED_POS69                              0         -nan%                0         -nan%
CORE_L1_PREF_USED_POS70                              0         -nan%                0         -nan%
CORE_L1_PREF_USED_POS71                              0         -nan%                0         -nan%
CORE_L1_PREF_USED_POS72                              0         -nan%                0         -nan%
CORE_L1_PREF_USED_POS73                              0         -nan%                0         -nan%
CORE_L1_PREF_USED_POS74                              0         -nan%                0         -nan%
CORE_L1_PREF_USED_POS75                              0         -nan%                0         -nan%
CORE_L1_PREF_USED_POS76                              0         -nan%                0         -nan%
CORE_L1_PREF_USED_POS77                              0         -nan%                0         -nan%
CORE_L1_PREF_USED_POS78                              0         -nan%                0         -nan%
CORE_L1_PREF_USED_POS79                              0         -nan%                0         -nan%
CORE_L1_PREF_USED_POS80                              0         -nan%                0         -nan%
CORE_L1_PREF_USED_POS81                              0         -nan%                0         -nan%
CORE_L1_PREF_USED_POS82                              0         -nan%                0         -nan%
CORE_L1_PREF_USED_POS83                              0         -nan%                0         -nan%
CORE_L1_PREF_USED_POS84                              0         -nan%                0         -nan%
CORE_L1_PREF_USED_POS85                              0         -nan%                0         -nan%
CORE_L1_PREF_USED_POS86                              0         -nan%                0         -nan%
CORE_L1_PREF_USED_POS87                              0         -nan%                0         -nan%
CORE_L1_PREF_USED_POS88                              0         -nan%                0         -nan%
CORE_L1_PREF_USED_POS89                              0         -nan%                0         -nan%
CORE_L1_PREF_USED_POS90                              0         -nan%                0         -nan%
CORE_L1_PREF_USED_POS91                              0         -nan%                0         -nan%
CORE_L1_PREF_USED_POS92                              0         -nan%                0         -nan%
CORE_L1_PREF_USED_POS93                              0         -nan%                0         -nan%
CORE_L1_PREF_USED_POS94                              0         -nan%                0         -nan%
CORE_L1_PREF_USED_POS95                              0         -nan%                0         -nan%
CORE_L1_PREF_USED_POS96                              0         -nan%                0         -nan%
CORE_L1_PREF_USED_POS97                              0         -nan%                0         -nan%
CORE_L1_PREF_USED_POS98                              0         -nan%                0         -nan%
CORE_L1_PREF_USED_POS99                              0         -nan%                0         -nan%
CORE_L1_PREF_USED_POS100                             0         -nan%                0         -nan%
CORE_L1_PREF_USED_POS101                             0         -nan%                0         -nan%
CORE_L1_PREF_USED_POS102                             0         -nan%                0         -nan%
CORE_L1_PREF_USED_POS103                             0         -nan%                0         -nan%
CORE_L1_PREF_USED_POS104                             0         -nan%                0         -nan%
CORE_L1_PREF_USED_POS105                             0         -nan%                0         -nan%
CORE_L1_PREF_USED_POS106                             0         -nan%                0         -nan%
CORE_L1_PREF_USED_POS107                             0         -nan%                0         -nan%
CORE_L1_PREF_USED_POS108                             0         -nan%                0         -nan%
CORE_L1_PREF_USED_POS109                             0         -nan%                0         -nan%
CORE_L1_PREF_USED_POS110                             0         -nan%                0         -nan%
CORE_L1_PREF_USED_POS111                             0         -nan%                0         -nan%
CORE_L1_PREF_USED_POS112                             0         -nan%                0         -nan%
CORE_L1_PREF_USED_POS113                             0         -nan%                0         -nan%
CORE_L1_PREF_USED_POS114                             0         -nan%                0         -nan%
CORE_L1_PREF_USED_POS115                             0         -nan%                0         -nan%
CORE_L1_PREF_USED_POS116                             0         -nan%                0         -nan%
CORE_L1_PREF_USED_POS117                             0         -nan%                0         -nan%
CORE_L1_PREF_USED_POS118                             0         -nan%                0         -nan%
CORE_L1_PREF_USED_POS119                             0         -nan%                0         -nan%
CORE_L1_PREF_USED_POS120                             0         -nan%                0         -nan%
CORE_L1_PREF_USED_POS121                             0         -nan%                0         -nan%
CORE_L1_PREF_USED_POS122                             0         -nan%                0         -nan%
CORE_L1_PREF_USED_POS123                             0         -nan%                0         -nan%
CORE_L1_PREF_USED_POS124                             0         -nan%                0         -nan%
CORE_L1_PREF_USED_POS125                             0         -nan%                0         -nan%
CORE_L1_PREF_USED_POS126                             0         -nan%                0         -nan%
CORE_L1_PREF_USED_POS127                             0         -nan%                0         -nan%
                                                     0         -nan%                0         -nan%
                                                  -nan         -nan              -nan         -nan

CORE_TOTAL_SETS_ALL_INTERVALS                        0                              0              

CORE_L1_AVG_NUM_WAYS                                 0          -nan                0          -nan

L1_PARTITION_INTERVALS                               0                              0              

NORESET_L1_PARTITION                                 0                              0              

L1_SHADOW_ACCESS                                     0                              0              

L1_SHADOW_ACCESS_STALLING                            0                              0              

L1_SHADOW_ACCESS_DEMAND                              0                              0              

L1_SHADOW_HIT                                        0                              0              

L1_SHADOW_HIT_STALLING                               0                              0              

L1_SHADOW_HIT_DEMAND                                 0                              0              

L1_SHADOW_UNTIMELY_HIT                               0                              0              

L1_SHADOW_UNTIMELY_HIT_STALLING                      0                              0              

L1_SHADOW_UNTIMELY_HIT_DEMAND                        0                              0              

L1_SHADOW_HIT_POS0                                   0         -nan%                0         -nan%
L1_SHADOW_HIT_POS1                                   0         -nan%                0         -nan%
L1_SHADOW_HIT_POS2                                   0         -nan%                0         -nan%
L1_SHADOW_HIT_POS3                                   0         -nan%                0         -nan%
L1_SHADOW_HIT_POS4                                   0         -nan%                0         -nan%
L1_SHADOW_HIT_POS5                                   0         -nan%                0         -nan%
L1_SHADOW_HIT_POS6                                   0         -nan%                0         -nan%
L1_SHADOW_HIT_POS7                                   0         -nan%                0         -nan%
L1_SHADOW_HIT_POS8                                   0         -nan%                0         -nan%
L1_SHADOW_HIT_POS9                                   0         -nan%                0         -nan%
L1_SHADOW_HIT_POS10                                  0         -nan%                0         -nan%
L1_SHADOW_HIT_POS11                                  0         -nan%                0         -nan%
L1_SHADOW_HIT_POS12                                  0         -nan%                0         -nan%
L1_SHADOW_HIT_POS13                                  0         -nan%                0         -nan%
L1_SHADOW_HIT_POS14                                  0         -nan%                0         -nan%
L1_SHADOW_HIT_POS15                                  0         -nan%                0         -nan%
L1_SHADOW_HIT_POS16                                  0         -nan%                0         -nan%
L1_SHADOW_HIT_POS17                                  0         -nan%                0         -nan%
L1_SHADOW_HIT_POS18                                  0         -nan%                0         -nan%
L1_SHADOW_HIT_POS19                                  0         -nan%                0         -nan%
L1_SHADOW_HIT_POS20                                  0         -nan%                0         -nan%
L1_SHADOW_HIT_POS21                                  0         -nan%                0         -nan%
L1_SHADOW_HIT_POS22                                  0         -nan%                0         -nan%
L1_SHADOW_HIT_POS23                                  0         -nan%                0         -nan%
L1_SHADOW_HIT_POS24                                  0         -nan%                0         -nan%
L1_SHADOW_HIT_POS25                                  0         -nan%                0         -nan%
L1_SHADOW_HIT_POS26                                  0         -nan%                0         -nan%
L1_SHADOW_HIT_POS27                                  0         -nan%                0         -nan%
L1_SHADOW_HIT_POS28                                  0         -nan%                0         -nan%
L1_SHADOW_HIT_POS29                                  0         -nan%                0         -nan%
L1_SHADOW_HIT_POS30                                  0         -nan%                0         -nan%
L1_SHADOW_HIT_POS31                                  0         -nan%                0         -nan%
L1_SHADOW_HIT_POS32                                  0         -nan%                0         -nan%
L1_SHADOW_HIT_POS33                                  0         -nan%                0         -nan%
L1_SHADOW_HIT_POS34                                  0         -nan%                0         -nan%
L1_SHADOW_HIT_POS35                                  0         -nan%                0         -nan%
L1_SHADOW_HIT_POS36                                  0         -nan%                0         -nan%
L1_SHADOW_HIT_POS37                                  0         -nan%                0         -nan%
L1_SHADOW_HIT_POS38                                  0         -nan%                0         -nan%
L1_SHADOW_HIT_POS39                                  0         -nan%                0         -nan%
L1_SHADOW_HIT_POS40                                  0         -nan%                0         -nan%
L1_SHADOW_HIT_POS41                                  0         -nan%                0         -nan%
L1_SHADOW_HIT_POS42                                  0         -nan%                0         -nan%
L1_SHADOW_HIT_POS43                                  0         -nan%                0         -nan%
L1_SHADOW_HIT_POS44                                  0         -nan%                0         -nan%
L1_SHADOW_HIT_POS45                                  0         -nan%                0         -nan%
L1_SHADOW_HIT_POS46                                  0         -nan%                0         -nan%
L1_SHADOW_HIT_POS47                                  0         -nan%                0         -nan%
L1_SHADOW_HIT_POS48                                  0         -nan%                0         -nan%
L1_SHADOW_HIT_POS49                                  0         -nan%                0         -nan%
L1_SHADOW_HIT_POS50                                  0         -nan%                0         -nan%
L1_SHADOW_HIT_POS51                                  0         -nan%                0         -nan%
L1_SHADOW_HIT_POS52                                  0         -nan%                0         -nan%
L1_SHADOW_HIT_POS53                                  0         -nan%                0         -nan%
L1_SHADOW_HIT_POS54                                  0         -nan%                0         -nan%
L1_SHADOW_HIT_POS55                                  0         -nan%                0         -nan%
L1_SHADOW_HIT_POS56                                  0         -nan%                0         -nan%
L1_SHADOW_HIT_POS57                                  0         -nan%                0         -nan%
L1_SHADOW_HIT_POS58                                  0         -nan%                0         -nan%
L1_SHADOW_HIT_POS59                                  0         -nan%                0         -nan%
L1_SHADOW_HIT_POS60                                  0         -nan%                0         -nan%
L1_SHADOW_HIT_POS61                                  0         -nan%                0         -nan%
L1_SHADOW_HIT_POS62                                  0         -nan%                0         -nan%
L1_SHADOW_HIT_POS63                                  0         -nan%                0         -nan%
L1_SHADOW_HIT_POS64                                  0         -nan%                0         -nan%
L1_SHADOW_HIT_POS65                                  0         -nan%                0         -nan%
L1_SHADOW_HIT_POS66                                  0         -nan%                0         -nan%
L1_SHADOW_HIT_POS67                                  0         -nan%                0         -nan%
L1_SHADOW_HIT_POS68                                  0         -nan%                0         -nan%
L1_SHADOW_HIT_POS69                                  0         -nan%                0         -nan%
L1_SHADOW_HIT_POS70                                  0         -nan%                0         -nan%
L1_SHADOW_HIT_POS71                                  0         -nan%                0         -nan%
L1_SHADOW_HIT_POS72                                  0         -nan%                0         -nan%
L1_SHADOW_HIT_POS73                                  0         -nan%                0         -nan%
L1_SHADOW_HIT_POS74                                  0         -nan%                0         -nan%
L1_SHADOW_HIT_POS75                                  0         -nan%                0         -nan%
L1_SHADOW_HIT_POS76                                  0         -nan%                0         -nan%
L1_SHADOW_HIT_POS77                                  0         -nan%                0         -nan%
L1_SHADOW_HIT_POS78                                  0         -nan%                0         -nan%
L1_SHADOW_HIT_POS79                                  0         -nan%                0         -nan%
L1_SHADOW_HIT_POS80                                  0         -nan%                0         -nan%
L1_SHADOW_HIT_POS81                                  0         -nan%                0         -nan%
L1_SHADOW_HIT_POS82                                  0         -nan%                0         -nan%
L1_SHADOW_HIT_POS83                                  0         -nan%                0         -nan%
L1_SHADOW_HIT_POS84                                  0         -nan%                0         -nan%
L1_SHADOW_HIT_POS85                                  0         -nan%                0         -nan%
L1_SHADOW_HIT_POS86                                  0         -nan%                0         -nan%
L1_SHADOW_HIT_POS87                                  0         -nan%                0         -nan%
L1_SHADOW_HIT_POS88                                  0         -nan%                0         -nan%
L1_SHADOW_HIT_POS89                                  0         -nan%                0         -nan%
L1_SHADOW_HIT_POS90                                  0         -nan%                0         -nan%
L1_SHADOW_HIT_POS91                                  0         -nan%                0         -nan%
L1_SHADOW_HIT_POS92                                  0         -nan%                0         -nan%
L1_SHADOW_HIT_POS93                                  0         -nan%                0         -nan%
L1_SHADOW_HIT_POS94                                  0         -nan%                0         -nan%
L1_SHADOW_HIT_POS95                                  0         -nan%                0         -nan%
L1_SHADOW_HIT_POS96                                  0         -nan%                0         -nan%
L1_SHADOW_HIT_POS97                                  0         -nan%                0         -nan%
L1_SHADOW_HIT_POS98                                  0         -nan%                0         -nan%
L1_SHADOW_HIT_POS99                                  0         -nan%                0         -nan%
L1_SHADOW_HIT_POS100                                 0         -nan%                0         -nan%
L1_SHADOW_HIT_POS101                                 0         -nan%                0         -nan%
L1_SHADOW_HIT_POS102                                 0         -nan%                0         -nan%
L1_SHADOW_HIT_POS103                                 0         -nan%                0         -nan%
L1_SHADOW_HIT_POS104                                 0         -nan%                0         -nan%
L1_SHADOW_HIT_POS105                                 0         -nan%                0         -nan%
L1_SHADOW_HIT_POS106                                 0         -nan%                0         -nan%
L1_SHADOW_HIT_POS107                                 0         -nan%                0         -nan%
L1_SHADOW_HIT_POS108                                 0         -nan%                0         -nan%
L1_SHADOW_HIT_POS109                                 0         -nan%                0         -nan%
L1_SHADOW_HIT_POS110                                 0         -nan%                0         -nan%
L1_SHADOW_HIT_POS111                                 0         -nan%                0         -nan%
L1_SHADOW_HIT_POS112                                 0         -nan%                0         -nan%
L1_SHADOW_HIT_POS113                                 0         -nan%                0         -nan%
L1_SHADOW_HIT_POS114                                 0         -nan%                0         -nan%
L1_SHADOW_HIT_POS115                                 0         -nan%                0         -nan%
L1_SHADOW_HIT_POS116                                 0         -nan%                0         -nan%
L1_SHADOW_HIT_POS117                                 0         -nan%                0         -nan%
L1_SHADOW_HIT_POS118                                 0         -nan%                0         -nan%
L1_SHADOW_HIT_POS119                                 0         -nan%                0         -nan%
L1_SHADOW_HIT_POS120                                 0         -nan%                0         -nan%
L1_SHADOW_HIT_POS121                                 0         -nan%                0         -nan%
L1_SHADOW_HIT_POS122                                 0         -nan%                0         -nan%
L1_SHADOW_HIT_POS123                                 0         -nan%                0         -nan%
L1_SHADOW_HIT_POS124                                 0         -nan%                0         -nan%
L1_SHADOW_HIT_POS125                                 0         -nan%                0         -nan%
L1_SHADOW_HIT_POS126                                 0         -nan%                0         -nan%
L1_SHADOW_HIT_POS127                                 0         -nan%                0         -nan%
                                                     0         -nan%                0         -nan%
                                                  -nan         -nan              -nan         -nan

L1_SHADOW_STALLING_HIT_POS0                          0         -nan%                0         -nan%
L1_SHADOW_STALLING_HIT_POS1                          0         -nan%                0         -nan%
L1_SHADOW_STALLING_HIT_POS2                          0         -nan%                0         -nan%
L1_SHADOW_STALLING_HIT_POS3                          0         -nan%                0         -nan%
L1_SHADOW_STALLING_HIT_POS4                          0         -nan%                0         -nan%
L1_SHADOW_STALLING_HIT_POS5                          0         -nan%                0         -nan%
L1_SHADOW_STALLING_HIT_POS6                          0         -nan%                0         -nan%
L1_SHADOW_STALLING_HIT_POS7                          0         -nan%                0         -nan%
L1_SHADOW_STALLING_HIT_POS8                          0         -nan%                0         -nan%
L1_SHADOW_STALLING_HIT_POS9                          0         -nan%                0         -nan%
L1_SHADOW_STALLING_HIT_POS10                         0         -nan%                0         -nan%
L1_SHADOW_STALLING_HIT_POS11                         0         -nan%                0         -nan%
L1_SHADOW_STALLING_HIT_POS12                         0         -nan%                0         -nan%
L1_SHADOW_STALLING_HIT_POS13                         0         -nan%                0         -nan%
L1_SHADOW_STALLING_HIT_POS14                         0         -nan%                0         -nan%
L1_SHADOW_STALLING_HIT_POS15                         0         -nan%                0         -nan%
L1_SHADOW_STALLING_HIT_POS16                         0         -nan%                0         -nan%
L1_SHADOW_STALLING_HIT_POS17                         0         -nan%                0         -nan%
L1_SHADOW_STALLING_HIT_POS18                         0         -nan%                0         -nan%
L1_SHADOW_STALLING_HIT_POS19                         0         -nan%                0         -nan%
L1_SHADOW_STALLING_HIT_POS20                         0         -nan%                0         -nan%
L1_SHADOW_STALLING_HIT_POS21                         0         -nan%                0         -nan%
L1_SHADOW_STALLING_HIT_POS22                         0         -nan%                0         -nan%
L1_SHADOW_STALLING_HIT_POS23                         0         -nan%                0         -nan%
L1_SHADOW_STALLING_HIT_POS24                         0         -nan%                0         -nan%
L1_SHADOW_STALLING_HIT_POS25                         0         -nan%                0         -nan%
L1_SHADOW_STALLING_HIT_POS26                         0         -nan%                0         -nan%
L1_SHADOW_STALLING_HIT_POS27                         0         -nan%                0         -nan%
L1_SHADOW_STALLING_HIT_POS28                         0         -nan%                0         -nan%
L1_SHADOW_STALLING_HIT_POS29                         0         -nan%                0         -nan%
L1_SHADOW_STALLING_HIT_POS30                         0         -nan%                0         -nan%
L1_SHADOW_STALLING_HIT_POS31                         0         -nan%                0         -nan%
L1_SHADOW_STALLING_HIT_POS32                         0         -nan%                0         -nan%
L1_SHADOW_STALLING_HIT_POS33                         0         -nan%                0         -nan%
L1_SHADOW_STALLING_HIT_POS34                         0         -nan%                0         -nan%
L1_SHADOW_STALLING_HIT_POS35                         0         -nan%                0         -nan%
L1_SHADOW_STALLING_HIT_POS36                         0         -nan%                0         -nan%
L1_SHADOW_STALLING_HIT_POS37                         0         -nan%                0         -nan%
L1_SHADOW_STALLING_HIT_POS38                         0         -nan%                0         -nan%
L1_SHADOW_STALLING_HIT_POS39                         0         -nan%                0         -nan%
L1_SHADOW_STALLING_HIT_POS40                         0         -nan%                0         -nan%
L1_SHADOW_STALLING_HIT_POS41                         0         -nan%                0         -nan%
L1_SHADOW_STALLING_HIT_POS42                         0         -nan%                0         -nan%
L1_SHADOW_STALLING_HIT_POS43                         0         -nan%                0         -nan%
L1_SHADOW_STALLING_HIT_POS44                         0         -nan%                0         -nan%
L1_SHADOW_STALLING_HIT_POS45                         0         -nan%                0         -nan%
L1_SHADOW_STALLING_HIT_POS46                         0         -nan%                0         -nan%
L1_SHADOW_STALLING_HIT_POS47                         0         -nan%                0         -nan%
L1_SHADOW_STALLING_HIT_POS48                         0         -nan%                0         -nan%
L1_SHADOW_STALLING_HIT_POS49                         0         -nan%                0         -nan%
L1_SHADOW_STALLING_HIT_POS50                         0         -nan%                0         -nan%
L1_SHADOW_STALLING_HIT_POS51                         0         -nan%                0         -nan%
L1_SHADOW_STALLING_HIT_POS52                         0         -nan%                0         -nan%
L1_SHADOW_STALLING_HIT_POS53                         0         -nan%                0         -nan%
L1_SHADOW_STALLING_HIT_POS54                         0         -nan%                0         -nan%
L1_SHADOW_STALLING_HIT_POS55                         0         -nan%                0         -nan%
L1_SHADOW_STALLING_HIT_POS56                         0         -nan%                0         -nan%
L1_SHADOW_STALLING_HIT_POS57                         0         -nan%                0         -nan%
L1_SHADOW_STALLING_HIT_POS58                         0         -nan%                0         -nan%
L1_SHADOW_STALLING_HIT_POS59                         0         -nan%                0         -nan%
L1_SHADOW_STALLING_HIT_POS60                         0         -nan%                0         -nan%
L1_SHADOW_STALLING_HIT_POS61                         0         -nan%                0         -nan%
L1_SHADOW_STALLING_HIT_POS62                         0         -nan%                0         -nan%
L1_SHADOW_STALLING_HIT_POS63                         0         -nan%                0         -nan%
L1_SHADOW_STALLING_HIT_POS64                         0         -nan%                0         -nan%
L1_SHADOW_STALLING_HIT_POS65                         0         -nan%                0         -nan%
L1_SHADOW_STALLING_HIT_POS66                         0         -nan%                0         -nan%
L1_SHADOW_STALLING_HIT_POS67                         0         -nan%                0         -nan%
L1_SHADOW_STALLING_HIT_POS68                         0         -nan%                0         -nan%
L1_SHADOW_STALLING_HIT_POS69                         0         -nan%                0         -nan%
L1_SHADOW_STALLING_HIT_POS70                         0         -nan%                0         -nan%
L1_SHADOW_STALLING_HIT_POS71                         0         -nan%                0         -nan%
L1_SHADOW_STALLING_HIT_POS72                         0         -nan%                0         -nan%
L1_SHADOW_STALLING_HIT_POS73                         0         -nan%                0         -nan%
L1_SHADOW_STALLING_HIT_POS74                         0         -nan%                0         -nan%
L1_SHADOW_STALLING_HIT_POS75                         0         -nan%                0         -nan%
L1_SHADOW_STALLING_HIT_POS76                         0         -nan%                0         -nan%
L1_SHADOW_STALLING_HIT_POS77                         0         -nan%                0         -nan%
L1_SHADOW_STALLING_HIT_POS78                         0         -nan%                0         -nan%
L1_SHADOW_STALLING_HIT_POS79                         0         -nan%                0         -nan%
L1_SHADOW_STALLING_HIT_POS80                         0         -nan%                0         -nan%
L1_SHADOW_STALLING_HIT_POS81                         0         -nan%                0         -nan%
L1_SHADOW_STALLING_HIT_POS82                         0         -nan%                0         -nan%
L1_SHADOW_STALLING_HIT_POS83                         0         -nan%                0         -nan%
L1_SHADOW_STALLING_HIT_POS84                         0         -nan%                0         -nan%
L1_SHADOW_STALLING_HIT_POS85                         0         -nan%                0         -nan%
L1_SHADOW_STALLING_HIT_POS86                         0         -nan%                0         -nan%
L1_SHADOW_STALLING_HIT_POS87                         0         -nan%                0         -nan%
L1_SHADOW_STALLING_HIT_POS88                         0         -nan%                0         -nan%
L1_SHADOW_STALLING_HIT_POS89                         0         -nan%                0         -nan%
L1_SHADOW_STALLING_HIT_POS90                         0         -nan%                0         -nan%
L1_SHADOW_STALLING_HIT_POS91                         0         -nan%                0         -nan%
L1_SHADOW_STALLING_HIT_POS92                         0         -nan%                0         -nan%
L1_SHADOW_STALLING_HIT_POS93                         0         -nan%                0         -nan%
L1_SHADOW_STALLING_HIT_POS94                         0         -nan%                0         -nan%
L1_SHADOW_STALLING_HIT_POS95                         0         -nan%                0         -nan%
L1_SHADOW_STALLING_HIT_POS96                         0         -nan%                0         -nan%
L1_SHADOW_STALLING_HIT_POS97                         0         -nan%                0         -nan%
L1_SHADOW_STALLING_HIT_POS98                         0         -nan%                0         -nan%
L1_SHADOW_STALLING_HIT_POS99                         0         -nan%                0         -nan%
L1_SHADOW_STALLING_HIT_POS100                        0         -nan%                0         -nan%
L1_SHADOW_STALLING_HIT_POS101                        0         -nan%                0         -nan%
L1_SHADOW_STALLING_HIT_POS102                        0         -nan%                0         -nan%
L1_SHADOW_STALLING_HIT_POS103                        0         -nan%                0         -nan%
L1_SHADOW_STALLING_HIT_POS104                        0         -nan%                0         -nan%
L1_SHADOW_STALLING_HIT_POS105                        0         -nan%                0         -nan%
L1_SHADOW_STALLING_HIT_POS106                        0         -nan%                0         -nan%
L1_SHADOW_STALLING_HIT_POS107                        0         -nan%                0         -nan%
L1_SHADOW_STALLING_HIT_POS108                        0         -nan%                0         -nan%
L1_SHADOW_STALLING_HIT_POS109                        0         -nan%                0         -nan%
L1_SHADOW_STALLING_HIT_POS110                        0         -nan%                0         -nan%
L1_SHADOW_STALLING_HIT_POS111                        0         -nan%                0         -nan%
L1_SHADOW_STALLING_HIT_POS112                        0         -nan%                0         -nan%
L1_SHADOW_STALLING_HIT_POS113                        0         -nan%                0         -nan%
L1_SHADOW_STALLING_HIT_POS114                        0         -nan%                0         -nan%
L1_SHADOW_STALLING_HIT_POS115                        0         -nan%                0         -nan%
L1_SHADOW_STALLING_HIT_POS116                        0         -nan%                0         -nan%
L1_SHADOW_STALLING_HIT_POS117                        0         -nan%                0         -nan%
L1_SHADOW_STALLING_HIT_POS118                        0         -nan%                0         -nan%
L1_SHADOW_STALLING_HIT_POS119                        0         -nan%                0         -nan%
L1_SHADOW_STALLING_HIT_POS120                        0         -nan%                0         -nan%
L1_SHADOW_STALLING_HIT_POS121                        0         -nan%                0         -nan%
L1_SHADOW_STALLING_HIT_POS122                        0         -nan%                0         -nan%
L1_SHADOW_STALLING_HIT_POS123                        0         -nan%                0         -nan%
L1_SHADOW_STALLING_HIT_POS124                        0         -nan%                0         -nan%
L1_SHADOW_STALLING_HIT_POS125                        0         -nan%                0         -nan%
L1_SHADOW_STALLING_HIT_POS126                        0         -nan%                0         -nan%
L1_SHADOW_STALLING_HIT_POS127                        0         -nan%                0         -nan%
                                                     0         -nan%                0         -nan%
                                                  -nan         -nan              -nan         -nan

L1_SHADOW_DEMAND_HIT_POS0                            0         -nan%                0         -nan%
L1_SHADOW_DEMAND_HIT_POS1                            0         -nan%                0         -nan%
L1_SHADOW_DEMAND_HIT_POS2                            0         -nan%                0         -nan%
L1_SHADOW_DEMAND_HIT_POS3                            0         -nan%                0         -nan%
L1_SHADOW_DEMAND_HIT_POS4                            0         -nan%                0         -nan%
L1_SHADOW_DEMAND_HIT_POS5                            0         -nan%                0         -nan%
L1_SHADOW_DEMAND_HIT_POS6                            0         -nan%                0         -nan%
L1_SHADOW_DEMAND_HIT_POS7                            0         -nan%                0         -nan%
L1_SHADOW_DEMAND_HIT_POS8                            0         -nan%                0         -nan%
L1_SHADOW_DEMAND_HIT_POS9                            0         -nan%                0         -nan%
L1_SHADOW_DEMAND_HIT_POS10                           0         -nan%                0         -nan%
L1_SHADOW_DEMAND_HIT_POS11                           0         -nan%                0         -nan%
L1_SHADOW_DEMAND_HIT_POS12                           0         -nan%                0         -nan%
L1_SHADOW_DEMAND_HIT_POS13                           0         -nan%                0         -nan%
L1_SHADOW_DEMAND_HIT_POS14                           0         -nan%                0         -nan%
L1_SHADOW_DEMAND_HIT_POS15                           0         -nan%                0         -nan%
L1_SHADOW_DEMAND_HIT_POS16                           0         -nan%                0         -nan%
L1_SHADOW_DEMAND_HIT_POS17                           0         -nan%                0         -nan%
L1_SHADOW_DEMAND_HIT_POS18                           0         -nan%                0         -nan%
L1_SHADOW_DEMAND_HIT_POS19                           0         -nan%                0         -nan%
L1_SHADOW_DEMAND_HIT_POS20                           0         -nan%                0         -nan%
L1_SHADOW_DEMAND_HIT_POS21                           0         -nan%                0         -nan%
L1_SHADOW_DEMAND_HIT_POS22                           0         -nan%                0         -nan%
L1_SHADOW_DEMAND_HIT_POS23                           0         -nan%                0         -nan%
L1_SHADOW_DEMAND_HIT_POS24                           0         -nan%                0         -nan%
L1_SHADOW_DEMAND_HIT_POS25                           0         -nan%                0         -nan%
L1_SHADOW_DEMAND_HIT_POS26                           0         -nan%                0         -nan%
L1_SHADOW_DEMAND_HIT_POS27                           0         -nan%                0         -nan%
L1_SHADOW_DEMAND_HIT_POS28                           0         -nan%                0         -nan%
L1_SHADOW_DEMAND_HIT_POS29                           0         -nan%                0         -nan%
L1_SHADOW_DEMAND_HIT_POS30                           0         -nan%                0         -nan%
L1_SHADOW_DEMAND_HIT_POS31                           0         -nan%                0         -nan%
L1_SHADOW_DEMAND_HIT_POS32                           0         -nan%                0         -nan%
L1_SHADOW_DEMAND_HIT_POS33                           0         -nan%                0         -nan%
L1_SHADOW_DEMAND_HIT_POS34                           0         -nan%                0         -nan%
L1_SHADOW_DEMAND_HIT_POS35                           0         -nan%                0         -nan%
L1_SHADOW_DEMAND_HIT_POS36                           0         -nan%                0         -nan%
L1_SHADOW_DEMAND_HIT_POS37                           0         -nan%                0         -nan%
L1_SHADOW_DEMAND_HIT_POS38                           0         -nan%                0         -nan%
L1_SHADOW_DEMAND_HIT_POS39                           0         -nan%                0         -nan%
L1_SHADOW_DEMAND_HIT_POS40                           0         -nan%                0         -nan%
L1_SHADOW_DEMAND_HIT_POS41                           0         -nan%                0         -nan%
L1_SHADOW_DEMAND_HIT_POS42                           0         -nan%                0         -nan%
L1_SHADOW_DEMAND_HIT_POS43                           0         -nan%                0         -nan%
L1_SHADOW_DEMAND_HIT_POS44                           0         -nan%                0         -nan%
L1_SHADOW_DEMAND_HIT_POS45                           0         -nan%                0         -nan%
L1_SHADOW_DEMAND_HIT_POS46                           0         -nan%                0         -nan%
L1_SHADOW_DEMAND_HIT_POS47                           0         -nan%                0         -nan%
L1_SHADOW_DEMAND_HIT_POS48                           0         -nan%                0         -nan%
L1_SHADOW_DEMAND_HIT_POS49                           0         -nan%                0         -nan%
L1_SHADOW_DEMAND_HIT_POS50                           0         -nan%                0         -nan%
L1_SHADOW_DEMAND_HIT_POS51                           0         -nan%                0         -nan%
L1_SHADOW_DEMAND_HIT_POS52                           0         -nan%                0         -nan%
L1_SHADOW_DEMAND_HIT_POS53                           0         -nan%                0         -nan%
L1_SHADOW_DEMAND_HIT_POS54                           0         -nan%                0         -nan%
L1_SHADOW_DEMAND_HIT_POS55                           0         -nan%                0         -nan%
L1_SHADOW_DEMAND_HIT_POS56                           0         -nan%                0         -nan%
L1_SHADOW_DEMAND_HIT_POS57                           0         -nan%                0         -nan%
L1_SHADOW_DEMAND_HIT_POS58                           0         -nan%                0         -nan%
L1_SHADOW_DEMAND_HIT_POS59                           0         -nan%                0         -nan%
L1_SHADOW_DEMAND_HIT_POS60                           0         -nan%                0         -nan%
L1_SHADOW_DEMAND_HIT_POS61                           0         -nan%                0         -nan%
L1_SHADOW_DEMAND_HIT_POS62                           0         -nan%                0         -nan%
L1_SHADOW_DEMAND_HIT_POS63                           0         -nan%                0         -nan%
L1_SHADOW_DEMAND_HIT_POS64                           0         -nan%                0         -nan%
L1_SHADOW_DEMAND_HIT_POS65                           0         -nan%                0         -nan%
L1_SHADOW_DEMAND_HIT_POS66                           0         -nan%                0         -nan%
L1_SHADOW_DEMAND_HIT_POS67                           0         -nan%                0         -nan%
L1_SHADOW_DEMAND_HIT_POS68                           0         -nan%                0         -nan%
L1_SHADOW_DEMAND_HIT_POS69                           0         -nan%                0         -nan%
L1_SHADOW_DEMAND_HIT_POS70                           0         -nan%                0         -nan%
L1_SHADOW_DEMAND_HIT_POS71                           0         -nan%                0         -nan%
L1_SHADOW_DEMAND_HIT_POS72                           0         -nan%                0         -nan%
L1_SHADOW_DEMAND_HIT_POS73                           0         -nan%                0         -nan%
L1_SHADOW_DEMAND_HIT_POS74                           0         -nan%                0         -nan%
L1_SHADOW_DEMAND_HIT_POS75                           0         -nan%                0         -nan%
L1_SHADOW_DEMAND_HIT_POS76                           0         -nan%                0         -nan%
L1_SHADOW_DEMAND_HIT_POS77                           0         -nan%                0         -nan%
L1_SHADOW_DEMAND_HIT_POS78                           0         -nan%                0         -nan%
L1_SHADOW_DEMAND_HIT_POS79                           0         -nan%                0         -nan%
L1_SHADOW_DEMAND_HIT_POS80                           0         -nan%                0         -nan%
L1_SHADOW_DEMAND_HIT_POS81                           0         -nan%                0         -nan%
L1_SHADOW_DEMAND_HIT_POS82                           0         -nan%                0         -nan%
L1_SHADOW_DEMAND_HIT_POS83                           0         -nan%                0         -nan%
L1_SHADOW_DEMAND_HIT_POS84                           0         -nan%                0         -nan%
L1_SHADOW_DEMAND_HIT_POS85                           0         -nan%                0         -nan%
L1_SHADOW_DEMAND_HIT_POS86                           0         -nan%                0         -nan%
L1_SHADOW_DEMAND_HIT_POS87                           0         -nan%                0         -nan%
L1_SHADOW_DEMAND_HIT_POS88                           0         -nan%                0         -nan%
L1_SHADOW_DEMAND_HIT_POS89                           0         -nan%                0         -nan%
L1_SHADOW_DEMAND_HIT_POS90                           0         -nan%                0         -nan%
L1_SHADOW_DEMAND_HIT_POS91                           0         -nan%                0         -nan%
L1_SHADOW_DEMAND_HIT_POS92                           0         -nan%                0         -nan%
L1_SHADOW_DEMAND_HIT_POS93                           0         -nan%                0         -nan%
L1_SHADOW_DEMAND_HIT_POS94                           0         -nan%                0         -nan%
L1_SHADOW_DEMAND_HIT_POS95                           0         -nan%                0         -nan%
L1_SHADOW_DEMAND_HIT_POS96                           0         -nan%                0         -nan%
L1_SHADOW_DEMAND_HIT_POS97                           0         -nan%                0         -nan%
L1_SHADOW_DEMAND_HIT_POS98                           0         -nan%                0         -nan%
L1_SHADOW_DEMAND_HIT_POS99                           0         -nan%                0         -nan%
L1_SHADOW_DEMAND_HIT_POS100                          0         -nan%                0         -nan%
L1_SHADOW_DEMAND_HIT_POS101                          0         -nan%                0         -nan%
L1_SHADOW_DEMAND_HIT_POS102                          0         -nan%                0         -nan%
L1_SHADOW_DEMAND_HIT_POS103                          0         -nan%                0         -nan%
L1_SHADOW_DEMAND_HIT_POS104                          0         -nan%                0         -nan%
L1_SHADOW_DEMAND_HIT_POS105                          0         -nan%                0         -nan%
L1_SHADOW_DEMAND_HIT_POS106                          0         -nan%                0         -nan%
L1_SHADOW_DEMAND_HIT_POS107                          0         -nan%                0         -nan%
L1_SHADOW_DEMAND_HIT_POS108                          0         -nan%                0         -nan%
L1_SHADOW_DEMAND_HIT_POS109                          0         -nan%                0         -nan%
L1_SHADOW_DEMAND_HIT_POS110                          0         -nan%                0         -nan%
L1_SHADOW_DEMAND_HIT_POS111                          0         -nan%                0         -nan%
L1_SHADOW_DEMAND_HIT_POS112                          0         -nan%                0         -nan%
L1_SHADOW_DEMAND_HIT_POS113                          0         -nan%                0         -nan%
L1_SHADOW_DEMAND_HIT_POS114                          0         -nan%                0         -nan%
L1_SHADOW_DEMAND_HIT_POS115                          0         -nan%                0         -nan%
L1_SHADOW_DEMAND_HIT_POS116                          0         -nan%                0         -nan%
L1_SHADOW_DEMAND_HIT_POS117                          0         -nan%                0         -nan%
L1_SHADOW_DEMAND_HIT_POS118                          0         -nan%                0         -nan%
L1_SHADOW_DEMAND_HIT_POS119                          0         -nan%                0         -nan%
L1_SHADOW_DEMAND_HIT_POS120                          0         -nan%                0         -nan%
L1_SHADOW_DEMAND_HIT_POS121                          0         -nan%                0         -nan%
L1_SHADOW_DEMAND_HIT_POS122                          0         -nan%                0         -nan%
L1_SHADOW_DEMAND_HIT_POS123                          0         -nan%                0         -nan%
L1_SHADOW_DEMAND_HIT_POS124                          0         -nan%                0         -nan%
L1_SHADOW_DEMAND_HIT_POS125                          0         -nan%                0         -nan%
L1_SHADOW_DEMAND_HIT_POS126                          0         -nan%                0         -nan%
L1_SHADOW_DEMAND_HIT_POS127                          0         -nan%                0         -nan%
                                                     0         -nan%                0         -nan%
                                                  -nan         -nan              -nan         -nan

CORE_PREF_MLC_SENT                                   0                              0              

CORE_PREF_MLC_USED                                 336      100.000%             1670       93.505%
CORE_PREF_MLC_PARTIAL_USED                           0        0.000%              116        6.495%
CORE_PREF_MLC_NOT_USED                               0        0.000%                0        0.000%
CORE_PREF_MLC_DROPPED                                0        0.000%                0        0.000%
                                                   336      100.000%             1786      100.000%
                                                  0.00         0.00              0.06         0.24

CORE_PREF_L1_SENT                                  328                            748              

CORE_PREF_L1_USED                                  253       77.134%              390       67.126%
CORE_PREF_L1_PARTIAL_USED                            0        0.000%              116       19.966%
CORE_PREF_L1_NOT_USED                               75       22.866%               75       12.909%
CORE_PREF_L1_DROPPED                                 0        0.000%                0        0.000%
                                                   328      100.000%              581      100.000%
                                                  0.46         0.74              0.46         0.61

TOTAL_MEM_LATENCY                               489785      290.1570          4580865      506.6208

TOTAL_MEM_LATENCY_DEMAND                        415976      305.8647          2965013      357.4889

TOTAL_MEM_LATENCY_PREF                           73809      225.0274          1615852     2160.2299

CORE_MEM_LATENCY                                489785      290.1570          4580865      506.6208

CORE_MEM_LATENCY_DEMAND                         415976      305.8647          2965013      357.4889

CORE_MEM_LATENCY_PREF                            73809      225.0274          1615852     2160.2299

CORE_MEM_LATENCY_IFETCH                            487        0.209%            32791        1.509%
CORE_MEM_LATENCY_DFETCH                         149173       63.877%           425008       19.552%
CORE_MEM_LATENCY_DSTORE                          10061        4.308%           150676        6.932%
CORE_MEM_LATENCY_IPRF                                0        0.000%                0        0.000%
CORE_MEM_LATENCY_UOCPRF                              0        0.000%                0        0.000%
CORE_MEM_LATENCY_FDIPPRF                         33880       14.508%          1470729       67.660%
CORE_MEM_LATENCY_DPRF                                0        0.000%                0        0.000%
CORE_MEM_LATENCY_WB                              39929       17.098%            94488        4.347%
CORE_MEM_LATENCY_WB_NODIRTY                          0        0.000%                0        0.000%
                                                233530      100.000%          2173692      100.000%
                                                  2.65         2.41              4.02         1.76

CORE_MEM_STALLING_LATENCY_IFETCH                     0         -nan%                0         -nan%
CORE_MEM_STALLING_LATENCY_DFETCH                     0         -nan%                0         -nan%
CORE_MEM_STALLING_LATENCY_DSTORE                     0         -nan%                0         -nan%
CORE_MEM_STALLING_LATENCY_IPRF                       0         -nan%                0         -nan%
CORE_MEM_STALLING_LATENCY_DPRF                       0         -nan%                0         -nan%
CORE_MEM_STALLING_LATENCY_WB                         0         -nan%                0         -nan%
CORE_MEM_STALLING_LATENCY_WB_NODIRTY                 0         -nan%                0         -nan%
                                                     0         -nan%                0         -nan%
                                                  -nan         -nan              -nan         -nan

TOTAL_L1_MISS_LATENCY                           233530      138.3472          2173692      240.3995

TOTAL_L1_MISS_LATENCY_DEMAND                    193601      142.3537          2048728      247.0133

TOTAL_L1_MISS_LATENCY_PREF                       39929      121.7348           124964      167.0642

CORE_L1_MISS_LATENCY                            233530      138.3472          2173692      240.3995

CORE_L1_MISS_LATENCY_DEMAND                     193601      142.3537          2048728      247.0133

CORE_L1_MISS_LATENCY_PREF                        39929      121.7348           124964      167.0642

CORE_EVICTED_L1_DEMAND                               0         -nan%                0         -nan%
CORE_EVICTED_L1_PREF_USED                            0         -nan%                0         -nan%
CORE_EVICTED_L1_PREF_NOT_USED                        0         -nan%                0         -nan%
                                                     0         -nan%                0         -nan%
                                                  -nan         -nan              -nan         -nan

CORE_EVICTED_MLC_DEMAND                             30       53.571%               36       54.545%
CORE_EVICTED_MLC_PREF_USED                           2        3.571%                2        3.030%
CORE_EVICTED_MLC_PREF_NOT_USED                      24       42.857%               28       42.424%
                                                    56      100.000%               66      100.000%
                                                  0.89         0.94              0.88         0.94

CORE_MEM_LATENCY_AVE_DEMAND                       3855           inf             4591           inf

CORE_MEM_LATENCY_AVE_PREF_USED                     346           inf              346           inf

CORE_MEM_LATENCY_AVE_PREF_NOT_USED                7132           inf             8280           inf

DRAM_LATENCY                                         0                              0              

TOTAL_DRAM_LATENCY                                   0                              0              

DRAM_CLOSED_PAGE_POLICY_CMD                          0                              0              

DRAM_ACTIVATE_STALLING                               0                              0              

DRAM_PRECHARGE_STALLING                              0                              0              

DRAM_PRECHARGE_STALLING_WAIT_CYCLES                  0                              0              

L1_STAY_DEMAND                                       0          -nan                0          -nan

L1_STAY_PREF_USED                                    0          -nan                0          -nan

L1_STAY_PREF_NOT_USED                                0          -nan                0          -nan

TOTAL_DATA_MISS_LATENCY                         363697                        1122797              

TOTAL_DATA_MISS_COUNT                             2691                           7133              

CORE_PREF_L1_NOT_USED_LATENCY200                     0         -nan%                0         -nan%
CORE_PREF_L1_NOT_USED_LATENCY400                     0         -nan%                0         -nan%
CORE_PREF_L1_NOT_USED_LATENCY600                     0         -nan%                0         -nan%
CORE_PREF_L1_NOT_USED_LATENCY800                     0         -nan%                0         -nan%
CORE_PREF_L1_NOT_USED_LATENCY1000                    0         -nan%                0         -nan%
CORE_PREF_L1_NOT_USED_LATENCY1200                    0         -nan%                0         -nan%
CORE_PREF_L1_NOT_USED_LATENCY1400                    0         -nan%                0         -nan%
CORE_PREF_L1_NOT_USED_LATENCY1600                    0         -nan%                0         -nan%
CORE_PREF_L1_NOT_USED_LATENCY1600MORE                0         -nan%                0         -nan%
                                                     0         -nan%                0         -nan%
                                                  -nan         -nan              -nan         -nan

CORE_PREF_L1_NOT_USED_DISTANCE_1                     0         -nan%                0         -nan%
CORE_PREF_L1_NOT_USED_DISTANCE_2                     0         -nan%                0         -nan%
CORE_PREF_L1_NOT_USED_DISTANCE_4                     0         -nan%                0         -nan%
CORE_PREF_L1_NOT_USED_DISTANCE_8                     0         -nan%                0         -nan%
CORE_PREF_L1_NOT_USED_DISTANCE_16                    0         -nan%                0         -nan%
CORE_PREF_L1_NOT_USED_DISTANCE_32                    0         -nan%                0         -nan%
CORE_PREF_L1_NOT_USED_DISTANCE_MORE                  0         -nan%                0         -nan%
                                                     0         -nan%                0         -nan%
                                                  -nan         -nan              -nan         -nan

CORE_PREF_L1_USED_LATENCY200                         0         -nan%                0         -nan%
CORE_PREF_L1_USED_LATENCY400                         0         -nan%                0         -nan%
CORE_PREF_L1_USED_LATENCY600                         0         -nan%                0         -nan%
CORE_PREF_L1_USED_LATENCY800                         0         -nan%                0         -nan%
CORE_PREF_L1_USED_LATENCY1000                        0         -nan%                0         -nan%
CORE_PREF_L1_USED_LATENCY1200                        0         -nan%                0         -nan%
CORE_PREF_L1_USED_LATENCY1400                        0         -nan%                0         -nan%
CORE_PREF_L1_USED_LATENCY1600                        0         -nan%                0         -nan%
CORE_PREF_L1_USED_LATENCY1600MORE                    0         -nan%                0         -nan%
                                                     0         -nan%                0         -nan%
                                                  -nan         -nan              -nan         -nan

CORE_PREF_L1_USED_DISTANCE_1                         0         -nan%                0         -nan%
CORE_PREF_L1_USED_DISTANCE_2                         0         -nan%                0         -nan%
CORE_PREF_L1_USED_DISTANCE_4                         0         -nan%                0         -nan%
CORE_PREF_L1_USED_DISTANCE_8                         0         -nan%                0         -nan%
CORE_PREF_L1_USED_DISTANCE_16                        0         -nan%                0         -nan%
CORE_PREF_L1_USED_DISTANCE_32                        0         -nan%                0         -nan%
CORE_PREF_L1_USED_DISTANCE_MORE                      0         -nan%                0         -nan%
                                                     0         -nan%                0         -nan%
                                                  -nan         -nan              -nan         -nan

CORE_PREF_L1_DEMAND_LATENCY300                       0         -nan%                0         -nan%
CORE_PREF_L1_DEMAND_LATENCY400                       0         -nan%                0         -nan%
CORE_PREF_L1_DEMAND_LATENCY500                       0         -nan%                0         -nan%
CORE_PREF_L1_DEMAND_LATENCY600                       0         -nan%                0         -nan%
CORE_PREF_L1_DEMAND_LATENCY700                       0         -nan%                0         -nan%
CORE_PREF_L1_DEMAND_LATENCY800                       0         -nan%                0         -nan%
CORE_PREF_L1_DEMAND_LATENCY900                       0         -nan%                0         -nan%
CORE_PREF_L1_DEMAND_LATENCY1000                      0         -nan%                0         -nan%
CORE_PREF_L1_DEMAND_LATENCY1000MORE                  0         -nan%                0         -nan%
                                                     0         -nan%                0         -nan%
                                                  -nan         -nan              -nan         -nan

CORE_PREF_MLC_NOT_USED_LATENCY200                    6       25.000%                7       25.000%
CORE_PREF_MLC_NOT_USED_LATENCY400                   14       58.333%               17       60.714%
CORE_PREF_MLC_NOT_USED_LATENCY600                    2        8.333%                2        7.143%
CORE_PREF_MLC_NOT_USED_LATENCY800                    2        8.333%                2        7.143%
CORE_PREF_MLC_NOT_USED_LATENCY1000                   0        0.000%                0        0.000%
CORE_PREF_MLC_NOT_USED_LATENCY1200                   0        0.000%                0        0.000%
CORE_PREF_MLC_NOT_USED_LATENCY1400                   0        0.000%                0        0.000%
CORE_PREF_MLC_NOT_USED_LATENCY1600                   0        0.000%                0        0.000%
CORE_PREF_MLC_NOT_USED_LATENCY1600MORE               0        0.000%                0        0.000%
                                                    24      100.000%               28      100.000%
                                                  1.00         0.66              0.96         0.62

CORE_PREF_MLC_USED_LATENCY200                        2      100.000%                2      100.000%
CORE_PREF_MLC_USED_LATENCY400                        0        0.000%                0        0.000%
CORE_PREF_MLC_USED_LATENCY600                        0        0.000%                0        0.000%
CORE_PREF_MLC_USED_LATENCY800                        0        0.000%                0        0.000%
CORE_PREF_MLC_USED_LATENCY1000                       0        0.000%                0        0.000%
CORE_PREF_MLC_USED_LATENCY1200                       0        0.000%                0        0.000%
CORE_PREF_MLC_USED_LATENCY1400                       0        0.000%                0        0.000%
CORE_PREF_MLC_USED_LATENCY1600                       0        0.000%                0        0.000%
CORE_PREF_MLC_USED_LATENCY1600MORE                   0        0.000%                0        0.000%
                                                     2      100.000%                2      100.000%
                                                  0.00         0.00              0.00         0.00

CORE_PREF_MLC_DEMAND_LATENCY300                     27       90.000%               33       91.667%
CORE_PREF_MLC_DEMAND_LATENCY400                      3       10.000%                3        8.333%
CORE_PREF_MLC_DEMAND_LATENCY500                      0        0.000%                0        0.000%
CORE_PREF_MLC_DEMAND_LATENCY600                      0        0.000%                0        0.000%
CORE_PREF_MLC_DEMAND_LATENCY700                      0        0.000%                0        0.000%
CORE_PREF_MLC_DEMAND_LATENCY800                      0        0.000%                0        0.000%
CORE_PREF_MLC_DEMAND_LATENCY900                      0        0.000%                0        0.000%
CORE_PREF_MLC_DEMAND_LATENCY1000                     0        0.000%                0        0.000%
CORE_PREF_MLC_DEMAND_LATENCY1000MORE                 0        0.000%                0        0.000%
                                                    30      100.000%               36      100.000%
                                                  0.10         0.29              0.08         0.27

TOTAL_BATCH_FORMED                                   0                              0              

TOTAL_BATCH_MEM_REQ_MARKED                           0          -nan                0          -nan

CORE_BATCH_MEM_REQ_MARKED                            0          -nan                0          -nan

CORE_BATCH_MEM_REQ_MARKED_DEMAND                     0          -nan                0          -nan

CORE_BATCH_MEM_REQ_MARKED_PREF                       0          -nan                0          -nan

DRAM_ROW_BATCHES                                     0                              0              

REJECTED_QUEUE_MLC                                   0                              0              

REJECTED_QUEUE_L1                                    0                              0              

REJECTED_QUEUE_BUS_OUT                               0                              0              

LEADING_LOAD_LATENCY                                 0        0.0000                0        0.0000

LEADING_LOADS                                        0        0.0000                0        0.0000

MEM_REQ_CRITICAL_PATH_LENGTH                         0        0.0000                0        0.0000

TOTAL_MEM_REQ_LATENCY                                0                              0              

TOTAL_CRITICAL_MEM_REQ_LATENCY                       0          -nan                0          -nan

TOTAL_CRITICAL_BANK_LATENCY                          0          -nan                0          -nan

TOTAL_MEMORY_SLACK                                   0        0.0000                0        0.0000

TOTAL_CHIP_UTILIZATION                               0        0.0000                0        0.0000

CHIP_BUSY_UNDER_CRITICAL_REQS                        0        0.0000                0        0.0000

PERF_PRED_NUM_STAT_RESETS                            0                              0              

PERF_PRED_RESET_STATS_CYCLE                          0                              0              

PERF_PRED_CYCLE                               14796176                       19733895              

ESTIMATED_ALONE_CYCLES                               0        0.0000                0        0.0000

NUM_WINDOWS_WITH_DCACHE_MISS                     28694                          42616              

LONGEST_DCACHE_MISS_CHAIN                       132691                         197767              

NUM_DCACHE_MISSES_IN_WINDOW_1                     2744        9.563%             4020        9.433%
NUM_DCACHE_MISSES_IN_WINDOW_2                     4122       14.365%             5526       12.967%
NUM_DCACHE_MISSES_IN_WINDOW_3                     2593        9.037%             3813        8.947%
NUM_DCACHE_MISSES_IN_WINDOW_4                     2665        9.288%             4024        9.442%
NUM_DCACHE_MISSES_IN_WINDOW_5                     1895        6.604%             2919        6.850%
NUM_DCACHE_MISSES_IN_WINDOW_6                     1979        6.897%             2974        6.979%
NUM_DCACHE_MISSES_IN_WINDOW_7                     1345        4.687%             2110        4.951%
NUM_DCACHE_MISSES_IN_WINDOW_8                     1548        5.395%             2187        5.132%
NUM_DCACHE_MISSES_IN_WINDOW_9                     1387        4.834%             1954        4.585%
NUM_DCACHE_MISSES_IN_WINDOW_10                     817        2.847%             1438        3.374%
NUM_DCACHE_MISSES_IN_WINDOW_11                     690        2.405%             1243        2.917%
NUM_DCACHE_MISSES_IN_WINDOW_12                     848        2.955%             1294        3.036%
NUM_DCACHE_MISSES_IN_WINDOW_13                     782        2.725%             1157        2.715%
NUM_DCACHE_MISSES_IN_WINDOW_14                     989        3.447%             1439        3.377%
NUM_DCACHE_MISSES_IN_WINDOW_15                     789        2.750%             1122        2.633%
NUM_DCACHE_MISSES_IN_WINDOW_16_OR_MORE            3501       12.201%             5396       12.662%
                                                 28694      100.000%            42616      100.000%
                                                  6.07         5.15              6.20         5.18

DCACHE_MLP_IN_WINDOW_1_0                         11067       38.569%            15898       37.305%
DCACHE_MLP_IN_WINDOW_1_5                          9558       33.310%            13780       32.335%
DCACHE_MLP_IN_WINDOW_2_0                          5400       18.819%             8046       18.880%
DCACHE_MLP_IN_WINDOW_2_5                          2080        7.249%             3786        8.884%
DCACHE_MLP_IN_WINDOW_3_0                           462        1.610%              955        2.241%
DCACHE_MLP_IN_WINDOW_3_5                           126        0.439%              145        0.340%
DCACHE_MLP_IN_WINDOW_4_0                             1        0.003%                4        0.009%
DCACHE_MLP_IN_WINDOW_4_5                             0        0.000%                0        0.000%
DCACHE_MLP_IN_WINDOW_5_0                             0        0.000%                0        0.000%
DCACHE_MLP_IN_WINDOW_5_5                             0        0.000%                2        0.005%
DCACHE_MLP_IN_WINDOW_6_0                             0        0.000%                0        0.000%
DCACHE_MLP_IN_WINDOW_6_5                             0        0.000%                0        0.000%
DCACHE_MLP_IN_WINDOW_7_0                             0        0.000%                0        0.000%
DCACHE_MLP_IN_WINDOW_7_5                             0        0.000%                0        0.000%
DCACHE_MLP_IN_WINDOW_8_0                             0        0.000%                0        0.000%
DCACHE_MLP_IN_WINDOW_8_5_OR_MORE                     0        0.000%                0        0.000%
                                                 28694      100.000%            42616      100.000%
                                                  1.01         0.83              1.08         0.86

PARAM_CHIP_CYCLE_TIME                                0                              0              

PARAM_CORE_CYCLE_TIME                                0                         312500              

PARAM_L1_CYCLE_TIME                                  0                         312500              

PARAM_MEMORY_CYCLE_TIME                              0                         833333              

MEM_REQ_NON_SCHEDULED__0                             0         -nan%                0         -nan%
MEM_REQ_NON_SCHEDULED__4                             0         -nan%                0         -nan%
MEM_REQ_NON_SCHEDULED__8                             0         -nan%                0         -nan%
MEM_REQ_NON_SCHEDULED_12                             0         -nan%                0         -nan%
MEM_REQ_NON_SCHEDULED_16                             0         -nan%                0         -nan%
MEM_REQ_NON_SCHEDULED_20                             0         -nan%                0         -nan%
MEM_REQ_NON_SCHEDULED_24                             0         -nan%                0         -nan%
MEM_REQ_NON_SCHEDULED_28                             0         -nan%                0         -nan%
MEM_REQ_NON_SCHEDULED_32                             0         -nan%                0         -nan%
MEM_REQ_NON_SCHEDULED_36                             0         -nan%                0         -nan%
MEM_REQ_NON_SCHEDULED_40                             0         -nan%                0         -nan%
MEM_REQ_NON_SCHEDULED_44                             0         -nan%                0         -nan%
MEM_REQ_NON_SCHEDULED_48                             0         -nan%                0         -nan%
MEM_REQ_NON_SCHEDULED_52                             0         -nan%                0         -nan%
MEM_REQ_NON_SCHEDULED_56                             0         -nan%                0         -nan%
MEM_REQ_NON_SCHEDULED_60                             0         -nan%                0         -nan%
MEM_REQ_NON_SCHEDULED_64                             0         -nan%                0         -nan%
                                                     0         -nan%                0         -nan%
                                                  -nan         -nan              -nan         -nan

MEM_REQ_DEMANDS__0                             9697183       98.364%         14511208       98.074%
MEM_REQ_DEMANDS__4                              156629        1.589%           269148        1.819%
MEM_REQ_DEMANDS__8                                4553        0.046%            10917        0.074%
MEM_REQ_DEMANDS_12                                  59        0.001%              590        0.004%
MEM_REQ_DEMANDS_16                                  33        0.000%              400        0.003%
MEM_REQ_DEMANDS_20                                   0        0.000%              110        0.001%
MEM_REQ_DEMANDS_24                                   0        0.000%              163        0.001%
MEM_REQ_DEMANDS_28                                   0        0.000%             3640        0.025%
MEM_REQ_DEMANDS_32                                   0        0.000%                0        0.000%
MEM_REQ_DEMANDS_36                                   0        0.000%                0        0.000%
MEM_REQ_DEMANDS_40                                   0        0.000%                0        0.000%
MEM_REQ_DEMANDS_44                                   0        0.000%                0        0.000%
MEM_REQ_DEMANDS_48                                   0        0.000%                0        0.000%
MEM_REQ_DEMANDS_52                                   0        0.000%                0        0.000%
MEM_REQ_DEMANDS_56                                   0        0.000%                0        0.000%
MEM_REQ_DEMANDS_60                                   0        0.000%                0        0.000%
MEM_REQ_DEMANDS_64                                   0        0.000%                0        0.000%
                                               9858457      100.000%         14796176      100.000%
                                                  0.02         0.13              0.02         0.18

MEM_REQ_PREFS__0                               8988258       91.173%         13450383       90.904%
MEM_REQ_PREFS__4                                631089        6.401%           922499        6.235%
MEM_REQ_PREFS__8                                209229        2.122%           307803        2.080%
MEM_REQ_PREFS_12                                 25915        0.263%            47056        0.318%
MEM_REQ_PREFS_16                                  3538        0.036%            13685        0.092%
MEM_REQ_PREFS_20                                   142        0.001%            10450        0.071%
MEM_REQ_PREFS_24                                   286        0.003%            39634        0.268%
MEM_REQ_PREFS_28                                     0        0.000%             4666        0.032%
MEM_REQ_PREFS_32                                     0        0.000%                0        0.000%
MEM_REQ_PREFS_36                                     0        0.000%                0        0.000%
MEM_REQ_PREFS_40                                     0        0.000%                0        0.000%
MEM_REQ_PREFS_44                                     0        0.000%                0        0.000%
MEM_REQ_PREFS_48                                     0        0.000%                0        0.000%
MEM_REQ_PREFS_52                                     0        0.000%                0        0.000%
MEM_REQ_PREFS_56                                     0        0.000%                0        0.000%
MEM_REQ_PREFS_60                                     0        0.000%                0        0.000%
MEM_REQ_PREFS_64                                     0        0.000%                0        0.000%
                                               9858457      100.000%         14796176      100.000%
                                                  0.12         0.39              0.14         0.53

MEM_REQ_WRITEBACKS__0                          9851259       99.927%         14786345       99.934%
MEM_REQ_WRITEBACKS__4                             7198        0.073%             9831        0.066%
MEM_REQ_WRITEBACKS__8                                0        0.000%                0        0.000%
MEM_REQ_WRITEBACKS_12                                0        0.000%                0        0.000%
MEM_REQ_WRITEBACKS_16                                0        0.000%                0        0.000%
MEM_REQ_WRITEBACKS_20                                0        0.000%                0        0.000%
MEM_REQ_WRITEBACKS_24                                0        0.000%                0        0.000%
MEM_REQ_WRITEBACKS_28                                0        0.000%                0        0.000%
MEM_REQ_WRITEBACKS_32                                0        0.000%                0        0.000%
MEM_REQ_WRITEBACKS_36                                0        0.000%                0        0.000%
MEM_REQ_WRITEBACKS_40                                0        0.000%                0        0.000%
MEM_REQ_WRITEBACKS_44                                0        0.000%                0        0.000%
MEM_REQ_WRITEBACKS_48                                0        0.000%                0        0.000%
MEM_REQ_WRITEBACKS_52                                0        0.000%                0        0.000%
MEM_REQ_WRITEBACKS_56                                0        0.000%                0        0.000%
MEM_REQ_WRITEBACKS_60                                0        0.000%                0        0.000%
MEM_REQ_WRITEBACKS_64                                0        0.000%                0        0.000%
                                               9858457      100.000%         14796176      100.000%
                                                  0.00         0.03              0.00         0.03

MEM_REQ_DEMAND_CYCLES                          4519899                        7308947              

MEM_REQ_PREF_CYCLES                            8132347                       13626058              

MEM_REQ_WB_CYCLES                              1277007                        1914915              

DRAM_CHANNEL_REQS                                    0                              0              

DRAM_CHANNEL_CRIT_REQS                               0                              0              

DRAM_CHANNEL_CRIT_DIR_SWITCHES                       0                              0              

DRAM_BANK_CRIT_REQS                                  0                              0              

DRAM_INSTA_MLP_SAMPLES                               0                              0              

DRAM_INSTA_MLP_UNIQUE_REQS                           0          -nan                0          -nan

DRAM_INST_MLP_HITS_NORM_SPREAD_TIMES_1000             0          -nan                0          -nan

DRAM_GLOBAL_MLP                                      0          -nan                0          -nan

DRAM_GLOBAL_MLP_0                                    0         -nan%                0         -nan%
DRAM_GLOBAL_MLP_1                                    0         -nan%                0         -nan%
DRAM_GLOBAL_MLP_2                                    0         -nan%                0         -nan%
DRAM_GLOBAL_MLP_3                                    0         -nan%                0         -nan%
DRAM_GLOBAL_MLP_4                                    0         -nan%                0         -nan%
DRAM_GLOBAL_MLP_5                                    0         -nan%                0         -nan%
DRAM_GLOBAL_MLP_6                                    0         -nan%                0         -nan%
DRAM_GLOBAL_MLP_7                                    0         -nan%                0         -nan%
DRAM_GLOBAL_MLP_8                                    0         -nan%                0         -nan%
DRAM_GLOBAL_MLP_9                                    0         -nan%                0         -nan%
DRAM_GLOBAL_MLP_10                                   0         -nan%                0         -nan%
DRAM_GLOBAL_MLP_11                                   0         -nan%                0         -nan%
DRAM_GLOBAL_MLP_12                                   0         -nan%                0         -nan%
DRAM_GLOBAL_MLP_13                                   0         -nan%                0         -nan%
DRAM_GLOBAL_MLP_14                                   0         -nan%                0         -nan%
DRAM_GLOBAL_MLP_15                                   0         -nan%                0         -nan%
DRAM_GLOBAL_MLP_16                                   0         -nan%                0         -nan%
                                                     0         -nan%                0         -nan%
                                                  -nan         -nan              -nan         -nan

DRAM_TOTAL_GLOBAL_MLP_0                              0         -nan%                0         -nan%
DRAM_TOTAL_GLOBAL_MLP_1                              0         -nan%                0         -nan%
DRAM_TOTAL_GLOBAL_MLP_2                              0         -nan%                0         -nan%
DRAM_TOTAL_GLOBAL_MLP_3                              0         -nan%                0         -nan%
DRAM_TOTAL_GLOBAL_MLP_4                              0         -nan%                0         -nan%
DRAM_TOTAL_GLOBAL_MLP_5                              0         -nan%                0         -nan%
DRAM_TOTAL_GLOBAL_MLP_6                              0         -nan%                0         -nan%
DRAM_TOTAL_GLOBAL_MLP_7                              0         -nan%                0         -nan%
DRAM_TOTAL_GLOBAL_MLP_8                              0         -nan%                0         -nan%
DRAM_TOTAL_GLOBAL_MLP_9                              0         -nan%                0         -nan%
DRAM_TOTAL_GLOBAL_MLP_10                             0         -nan%                0         -nan%
DRAM_TOTAL_GLOBAL_MLP_11                             0         -nan%                0         -nan%
DRAM_TOTAL_GLOBAL_MLP_12                             0         -nan%                0         -nan%
DRAM_TOTAL_GLOBAL_MLP_13                             0         -nan%                0         -nan%
DRAM_TOTAL_GLOBAL_MLP_14                             0         -nan%                0         -nan%
DRAM_TOTAL_GLOBAL_MLP_15                             0         -nan%                0         -nan%
DRAM_TOTAL_GLOBAL_MLP_16                             0         -nan%                0         -nan%
DRAM_TOTAL_GLOBAL_MLP_17                             0         -nan%                0         -nan%
DRAM_TOTAL_GLOBAL_MLP_18                             0         -nan%                0         -nan%
DRAM_TOTAL_GLOBAL_MLP_19                             0         -nan%                0         -nan%
DRAM_TOTAL_GLOBAL_MLP_20                             0         -nan%                0         -nan%
DRAM_TOTAL_GLOBAL_MLP_21                             0         -nan%                0         -nan%
DRAM_TOTAL_GLOBAL_MLP_22                             0         -nan%                0         -nan%
DRAM_TOTAL_GLOBAL_MLP_23                             0         -nan%                0         -nan%
DRAM_TOTAL_GLOBAL_MLP_24                             0         -nan%                0         -nan%
DRAM_TOTAL_GLOBAL_MLP_25                             0         -nan%                0         -nan%
DRAM_TOTAL_GLOBAL_MLP_26                             0         -nan%                0         -nan%
DRAM_TOTAL_GLOBAL_MLP_27                             0         -nan%                0         -nan%
DRAM_TOTAL_GLOBAL_MLP_28                             0         -nan%                0         -nan%
DRAM_TOTAL_GLOBAL_MLP_29                             0         -nan%                0         -nan%
DRAM_TOTAL_GLOBAL_MLP_30                             0         -nan%                0         -nan%
DRAM_TOTAL_GLOBAL_MLP_31                             0         -nan%                0         -nan%
DRAM_TOTAL_GLOBAL_MLP_32                             0         -nan%                0         -nan%
                                                     0         -nan%                0         -nan%
                                                  -nan         -nan              -nan         -nan

UNIQUE_ROWS_PER_BANK_0                               0         -nan%                0         -nan%
UNIQUE_ROWS_PER_BANK_1                               0         -nan%                0         -nan%
UNIQUE_ROWS_PER_BANK_2                               0         -nan%                0         -nan%
UNIQUE_ROWS_PER_BANK_3                               0         -nan%                0         -nan%
UNIQUE_ROWS_PER_BANK_4                               0         -nan%                0         -nan%
UNIQUE_ROWS_PER_BANK_5                               0         -nan%                0         -nan%
UNIQUE_ROWS_PER_BANK_6                               0         -nan%                0         -nan%
UNIQUE_ROWS_PER_BANK_7                               0         -nan%                0         -nan%
UNIQUE_ROWS_PER_BANK_MORE                            0         -nan%                0         -nan%
                                                     0         -nan%                0         -nan%
                                                  -nan         -nan              -nan         -nan

CORE_UNIQUE_ROWS_PER_BANK_0                          0         -nan%                0         -nan%
CORE_UNIQUE_ROWS_PER_BANK_1                          0         -nan%                0         -nan%
CORE_UNIQUE_ROWS_PER_BANK_2                          0         -nan%                0         -nan%
CORE_UNIQUE_ROWS_PER_BANK_3                          0         -nan%                0         -nan%
CORE_UNIQUE_ROWS_PER_BANK_4                          0         -nan%                0         -nan%
CORE_UNIQUE_ROWS_PER_BANK_5                          0         -nan%                0         -nan%
CORE_UNIQUE_ROWS_PER_BANK_6                          0         -nan%                0         -nan%
CORE_UNIQUE_ROWS_PER_BANK_7                          0         -nan%                0         -nan%
CORE_UNIQUE_ROWS_PER_BANK_MORE                       0         -nan%                0         -nan%
                                                     0         -nan%                0         -nan%
                                                  -nan         -nan              -nan         -nan

CORES_PER_BANK_0                                     0         -nan%                0         -nan%
CORES_PER_BANK_1                                     0         -nan%                0         -nan%
CORES_PER_BANK_2                                     0         -nan%                0         -nan%
CORES_PER_BANK_3                                     0         -nan%                0         -nan%
CORES_PER_BANK_4                                     0         -nan%                0         -nan%
CORES_PER_BANK_5                                     0         -nan%                0         -nan%
CORES_PER_BANK_6                                     0         -nan%                0         -nan%
CORES_PER_BANK_7                                     0         -nan%                0         -nan%
CORES_PER_BANK_MORE                                  0         -nan%                0         -nan%
                                                     0         -nan%                0         -nan%
                                                  -nan         -nan              -nan         -nan

MEM_BANKS_WITH_REQS_0                                0         -nan%                0         -nan%
MEM_BANKS_WITH_REQS_1                                0         -nan%                0         -nan%
MEM_BANKS_WITH_REQS_2                                0         -nan%                0         -nan%
MEM_BANKS_WITH_REQS_3                                0         -nan%                0         -nan%
MEM_BANKS_WITH_REQS_4                                0         -nan%                0         -nan%
MEM_BANKS_WITH_REQS_5                                0         -nan%                0         -nan%
MEM_BANKS_WITH_REQS_6                                0         -nan%                0         -nan%
MEM_BANKS_WITH_REQS_7                                0         -nan%                0         -nan%
MEM_BANKS_WITH_REQS_8                                0         -nan%                0         -nan%
MEM_BANKS_WITH_REQS_9                                0         -nan%                0         -nan%
MEM_BANKS_WITH_REQS_10                               0         -nan%                0         -nan%
MEM_BANKS_WITH_REQS_11                               0         -nan%                0         -nan%
MEM_BANKS_WITH_REQS_12                               0         -nan%                0         -nan%
MEM_BANKS_WITH_REQS_13                               0         -nan%                0         -nan%
MEM_BANKS_WITH_REQS_14                               0         -nan%                0         -nan%
MEM_BANKS_WITH_REQS_15                               0         -nan%                0         -nan%
MEM_BANKS_WITH_REQS_16                               0         -nan%                0         -nan%
                                                     0         -nan%                0         -nan%
                                                  -nan         -nan              -nan         -nan

MEM_BANKS_WITH_REQS                                  0                              0              

DRAM_CHANNEL_IN_DEMAND                               0                              0              

DRAM_BUS_IN_DEMAND                                   0                              0              

DRAM_BANK_IN_DEMAND                                  0                              0              

DRAM_BANK_IN_DEMAND_STALLING                         0                              0              

DRAM_ANY_BANK_IN_DEMAND                              0                              0              

DRAM_BANK_IN_DEMAND_BANK_0                           0         -nan%                0         -nan%
DRAM_BANK_IN_DEMAND_BANK_1                           0         -nan%                0         -nan%
DRAM_BANK_IN_DEMAND_BANK_2                           0         -nan%                0         -nan%
DRAM_BANK_IN_DEMAND_BANK_3                           0         -nan%                0         -nan%
DRAM_BANK_IN_DEMAND_BANK_4                           0         -nan%                0         -nan%
DRAM_BANK_IN_DEMAND_BANK_5                           0         -nan%                0         -nan%
DRAM_BANK_IN_DEMAND_BANK_6                           0         -nan%                0         -nan%
DRAM_BANK_IN_DEMAND_BANK_7                           0         -nan%                0         -nan%
DRAM_BANK_IN_DEMAND_BANK_8                           0         -nan%                0         -nan%
DRAM_BANK_IN_DEMAND_BANK_9                           0         -nan%                0         -nan%
DRAM_BANK_IN_DEMAND_BANK_10                          0         -nan%                0         -nan%
DRAM_BANK_IN_DEMAND_BANK_11                          0         -nan%                0         -nan%
DRAM_BANK_IN_DEMAND_BANK_12                          0         -nan%                0         -nan%
DRAM_BANK_IN_DEMAND_BANK_13                          0         -nan%                0         -nan%
DRAM_BANK_IN_DEMAND_BANK_14                          0         -nan%                0         -nan%
DRAM_BANK_IN_DEMAND_BANK_15                          0         -nan%                0         -nan%
DRAM_BANK_IN_DEMAND_BANK_16                          0         -nan%                0         -nan%
                                                     0         -nan%                0         -nan%
                                                  -nan         -nan              -nan         -nan

DRAM_CONTENTION_BUS                                  0          -nan                0          -nan

DRAM_CONTENTION_BANKS                                0          -nan                0          -nan

DRAM_CONTENTION_FAW                                  0          -nan                0          -nan

DRAM_CONTENTION_BANKS_TIMES_1000                     0          -nan                0          -nan

DRAM_STALL_OTHER_CORE                                0                              0              

DRAM_STALLED_BY_OTHER_CORE                           0                              0              

DRAM_MP_CRIT_PATH                                    0                              0              

DRAM_MP_CRIT_PATH_BUS                                0          -nan                0          -nan

DRAM_MP_CRIT_PATH_BANK                               0          -nan                0          -nan

DRAM_MP_CRIT_PATH_BANK_TRAS                          0          -nan                0          -nan

DRAM_MP_CRIT_PATH_FAW                                0          -nan                0          -nan

DRAM_BLACK_BOX_SERVICE_TIMES_1000                    0                              0              

DRAM_BLACK_BOX_REQS_BUSY_0                           0         -nan%                0         -nan%
DRAM_BLACK_BOX_REQS_BUSY_1                           0         -nan%                0         -nan%
DRAM_BLACK_BOX_REQS_BUSY_2                           0         -nan%                0         -nan%
DRAM_BLACK_BOX_REQS_BUSY_3                           0         -nan%                0         -nan%
DRAM_BLACK_BOX_REQS_BUSY_4                           0         -nan%                0         -nan%
DRAM_BLACK_BOX_REQS_BUSY_5                           0         -nan%                0         -nan%
DRAM_BLACK_BOX_REQS_BUSY_6                           0         -nan%                0         -nan%
DRAM_BLACK_BOX_REQS_BUSY_7                           0         -nan%                0         -nan%
DRAM_BLACK_BOX_REQS_BUSY_8                           0         -nan%                0         -nan%
                                                     0         -nan%                0         -nan%
                                                  -nan         -nan              -nan         -nan

NUM_MEM_SCHED_DECISIONS                              0                              0              

MEM_REQ_NON_SCHEDULED_CANDIDATES                     0          -nan                0          -nan

NUM_MEM_SCHED_DECISIONS_PER_BANK                     0                              0              

MEM_REQ_NON_SCHEDULED_CANDIDATES_PER_BANK             0          -nan                0          -nan

ROW_BUFFER_HITS_BANK_0                               0         -nan%                0         -nan%
ROW_BUFFER_HITS_BANK_1                               0         -nan%                0         -nan%
ROW_BUFFER_HITS_BANK_2                               0         -nan%                0         -nan%
ROW_BUFFER_HITS_BANK_3                               0         -nan%                0         -nan%
ROW_BUFFER_HITS_BANK_4                               0         -nan%                0         -nan%
ROW_BUFFER_HITS_BANK_5                               0         -nan%                0         -nan%
ROW_BUFFER_HITS_BANK_6                               0         -nan%                0         -nan%
ROW_BUFFER_HITS_BANK_7                               0         -nan%                0         -nan%
                                                     0         -nan%                0         -nan%
                                                  -nan         -nan              -nan         -nan

ROW_BUFFER_CONFLICTS_BANK_0                          0         -nan%                0         -nan%
ROW_BUFFER_CONFLICTS_BANK_1                          0         -nan%                0         -nan%
ROW_BUFFER_CONFLICTS_BANK_2                          0         -nan%                0         -nan%
ROW_BUFFER_CONFLICTS_BANK_3                          0         -nan%                0         -nan%
ROW_BUFFER_CONFLICTS_BANK_4                          0         -nan%                0         -nan%
ROW_BUFFER_CONFLICTS_BANK_5                          0         -nan%                0         -nan%
ROW_BUFFER_CONFLICTS_BANK_6                          0         -nan%                0         -nan%
ROW_BUFFER_CONFLICTS_BANK_7                          0         -nan%                0         -nan%
                                                     0         -nan%                0         -nan%
                                                  -nan         -nan              -nan         -nan

MEM_BANK_WAITING_CYCLES                              0                              0              

MEM_WAITING_CYCLES_TIMES_840                         0                              0              

MEM_PROB_WAITING_CYCLES                              0                              0              

DRAM_SCHED_QUANTA                                    0                              0              

DRAM_SCHED_CORE_PRIORITY_0                           0         -nan%                0         -nan%
DRAM_SCHED_CORE_PRIORITY_1                           0         -nan%                0         -nan%
DRAM_SCHED_CORE_PRIORITY_2                           0         -nan%                0         -nan%
DRAM_SCHED_CORE_PRIORITY_3                           0         -nan%                0         -nan%
DRAM_SCHED_CORE_PRIORITY_4                           0         -nan%                0         -nan%
DRAM_SCHED_CORE_PRIORITY_5                           0         -nan%                0         -nan%
DRAM_SCHED_CORE_PRIORITY_6                           0         -nan%                0         -nan%
DRAM_SCHED_CORE_PRIORITY_7                           0         -nan%                0         -nan%
                                                     0         -nan%                0         -nan%
                                                  -nan         -nan              -nan         -nan

DRAM_SCHED_CMD_SCHEDULED                             0          -nan                0          -nan

DRAM_SCHED_DIFF_CORE_AVAILABLE                       0          -nan                0          -nan

DRAM_SCHED_DIFF_CORE_DECIDING_INPUT_1                0         -nan%                0         -nan%
DRAM_SCHED_DIFF_CORE_DECIDING_INPUT_2                0         -nan%                0         -nan%
DRAM_SCHED_DIFF_CORE_DECIDING_INPUT_3                0         -nan%                0         -nan%
DRAM_SCHED_DIFF_CORE_DECIDING_INPUT_4                0         -nan%                0         -nan%
DRAM_SCHED_DIFF_CORE_DECIDING_INPUT_5                0         -nan%                0         -nan%
DRAM_SCHED_DIFF_CORE_DECIDING_INPUT_6                0         -nan%                0         -nan%
DRAM_SCHED_DIFF_CORE_DECIDING_INPUT_7                0         -nan%                0         -nan%
DRAM_SCHED_DIFF_CORE_DECIDING_INPUT_8                0         -nan%                0         -nan%
                                                     0         -nan%                0         -nan%
                                                  -nan         -nan              -nan         -nan

DRAM_BANK_WAIT_CYCLES_ROW_CONFLICT                   0                              0              

DRAM_BANK_WAIT_CYCLES_ROW_MISS                       0                              0              

DRAM_BANK_WAIT_CYCLES_ROW_HIT                        0                              0              

DRAM_ROW_OPEN_WAIT                                   0                              0              

MEM_QUEUE_ARRIVAL_DISTANCE_0                         0         -nan%                0         -nan%
MEM_QUEUE_ARRIVAL_DISTANCE_10                        0         -nan%                0         -nan%
MEM_QUEUE_ARRIVAL_DISTANCE_20                        0         -nan%                0         -nan%
MEM_QUEUE_ARRIVAL_DISTANCE_30                        0         -nan%                0         -nan%
MEM_QUEUE_ARRIVAL_DISTANCE_40                        0         -nan%                0         -nan%
MEM_QUEUE_ARRIVAL_DISTANCE_50                        0         -nan%                0         -nan%
MEM_QUEUE_ARRIVAL_DISTANCE_60                        0         -nan%                0         -nan%
MEM_QUEUE_ARRIVAL_DISTANCE_70                        0         -nan%                0         -nan%
MEM_QUEUE_ARRIVAL_DISTANCE_80                        0         -nan%                0         -nan%
MEM_QUEUE_ARRIVAL_DISTANCE_90                        0         -nan%                0         -nan%
MEM_QUEUE_ARRIVAL_DISTANCE_100                       0         -nan%                0         -nan%
MEM_QUEUE_ARRIVAL_DISTANCE_110                       0         -nan%                0         -nan%
MEM_QUEUE_ARRIVAL_DISTANCE_120                       0         -nan%                0         -nan%
MEM_QUEUE_ARRIVAL_DISTANCE_130                       0         -nan%                0         -nan%
MEM_QUEUE_ARRIVAL_DISTANCE_140                       0         -nan%                0         -nan%
MEM_QUEUE_ARRIVAL_DISTANCE_150                       0         -nan%                0         -nan%
MEM_QUEUE_ARRIVAL_DISTANCE_160                       0         -nan%                0         -nan%
MEM_QUEUE_ARRIVAL_DISTANCE_170                       0         -nan%                0         -nan%
MEM_QUEUE_ARRIVAL_DISTANCE_180                       0         -nan%                0         -nan%
MEM_QUEUE_ARRIVAL_DISTANCE_190                       0         -nan%                0         -nan%
MEM_QUEUE_ARRIVAL_DISTANCE_200                       0         -nan%                0         -nan%
MEM_QUEUE_ARRIVAL_DISTANCE_210                       0         -nan%                0         -nan%
MEM_QUEUE_ARRIVAL_DISTANCE_220                       0         -nan%                0         -nan%
MEM_QUEUE_ARRIVAL_DISTANCE_230                       0         -nan%                0         -nan%
MEM_QUEUE_ARRIVAL_DISTANCE_240                       0         -nan%                0         -nan%
MEM_QUEUE_ARRIVAL_DISTANCE_250                       0         -nan%                0         -nan%
MEM_QUEUE_ARRIVAL_DISTANCE_260                       0         -nan%                0         -nan%
MEM_QUEUE_ARRIVAL_DISTANCE_270                       0         -nan%                0         -nan%
MEM_QUEUE_ARRIVAL_DISTANCE_280                       0         -nan%                0         -nan%
MEM_QUEUE_ARRIVAL_DISTANCE_290                       0         -nan%                0         -nan%
MEM_QUEUE_ARRIVAL_DISTANCE_300                       0         -nan%                0         -nan%
MEM_QUEUE_ARRIVAL_DISTANCE_310                       0         -nan%                0         -nan%
MEM_QUEUE_ARRIVAL_DISTANCE_320                       0         -nan%                0         -nan%
MEM_QUEUE_ARRIVAL_DISTANCE_330                       0         -nan%                0         -nan%
MEM_QUEUE_ARRIVAL_DISTANCE_340                       0         -nan%                0         -nan%
MEM_QUEUE_ARRIVAL_DISTANCE_350                       0         -nan%                0         -nan%
MEM_QUEUE_ARRIVAL_DISTANCE_360                       0         -nan%                0         -nan%
MEM_QUEUE_ARRIVAL_DISTANCE_370                       0         -nan%                0         -nan%
MEM_QUEUE_ARRIVAL_DISTANCE_380                       0         -nan%                0         -nan%
MEM_QUEUE_ARRIVAL_DISTANCE_390                       0         -nan%                0         -nan%
MEM_QUEUE_ARRIVAL_DISTANCE_400                       0         -nan%                0         -nan%
MEM_QUEUE_ARRIVAL_DISTANCE_410                       0         -nan%                0         -nan%
MEM_QUEUE_ARRIVAL_DISTANCE_420                       0         -nan%                0         -nan%
MEM_QUEUE_ARRIVAL_DISTANCE_430                       0         -nan%                0         -nan%
MEM_QUEUE_ARRIVAL_DISTANCE_440                       0         -nan%                0         -nan%
MEM_QUEUE_ARRIVAL_DISTANCE_450                       0         -nan%                0         -nan%
MEM_QUEUE_ARRIVAL_DISTANCE_460                       0         -nan%                0         -nan%
MEM_QUEUE_ARRIVAL_DISTANCE_470                       0         -nan%                0         -nan%
MEM_QUEUE_ARRIVAL_DISTANCE_480                       0         -nan%                0         -nan%
MEM_QUEUE_ARRIVAL_DISTANCE_490                       0         -nan%                0         -nan%
MEM_QUEUE_ARRIVAL_DISTANCE_500                       0         -nan%                0         -nan%
MEM_QUEUE_ARRIVAL_DISTANCE_510                       0         -nan%                0         -nan%
MEM_QUEUE_ARRIVAL_DISTANCE_520                       0         -nan%                0         -nan%
MEM_QUEUE_ARRIVAL_DISTANCE_530                       0         -nan%                0         -nan%
MEM_QUEUE_ARRIVAL_DISTANCE_540                       0         -nan%                0         -nan%
MEM_QUEUE_ARRIVAL_DISTANCE_550                       0         -nan%                0         -nan%
MEM_QUEUE_ARRIVAL_DISTANCE_560                       0         -nan%                0         -nan%
MEM_QUEUE_ARRIVAL_DISTANCE_570                       0         -nan%                0         -nan%
MEM_QUEUE_ARRIVAL_DISTANCE_580                       0         -nan%                0         -nan%
MEM_QUEUE_ARRIVAL_DISTANCE_590                       0         -nan%                0         -nan%
MEM_QUEUE_ARRIVAL_DISTANCE_600                       0         -nan%                0         -nan%
MEM_QUEUE_ARRIVAL_DISTANCE_610                       0         -nan%                0         -nan%
MEM_QUEUE_ARRIVAL_DISTANCE_620                       0         -nan%                0         -nan%
MEM_QUEUE_ARRIVAL_DISTANCE_630                       0         -nan%                0         -nan%
MEM_QUEUE_ARRIVAL_DISTANCE_640                       0         -nan%                0         -nan%
MEM_QUEUE_ARRIVAL_DISTANCE_650                       0         -nan%                0         -nan%
MEM_QUEUE_ARRIVAL_DISTANCE_660                       0         -nan%                0         -nan%
MEM_QUEUE_ARRIVAL_DISTANCE_670                       0         -nan%                0         -nan%
MEM_QUEUE_ARRIVAL_DISTANCE_680                       0         -nan%                0         -nan%
MEM_QUEUE_ARRIVAL_DISTANCE_690                       0         -nan%                0         -nan%
MEM_QUEUE_ARRIVAL_DISTANCE_700                       0         -nan%                0         -nan%
MEM_QUEUE_ARRIVAL_DISTANCE_710                       0         -nan%                0         -nan%
MEM_QUEUE_ARRIVAL_DISTANCE_720                       0         -nan%                0         -nan%
MEM_QUEUE_ARRIVAL_DISTANCE_730                       0         -nan%                0         -nan%
MEM_QUEUE_ARRIVAL_DISTANCE_740                       0         -nan%                0         -nan%
MEM_QUEUE_ARRIVAL_DISTANCE_750                       0         -nan%                0         -nan%
MEM_QUEUE_ARRIVAL_DISTANCE_760                       0         -nan%                0         -nan%
MEM_QUEUE_ARRIVAL_DISTANCE_770                       0         -nan%                0         -nan%
MEM_QUEUE_ARRIVAL_DISTANCE_780                       0         -nan%                0         -nan%
MEM_QUEUE_ARRIVAL_DISTANCE_790                       0         -nan%                0         -nan%
MEM_QUEUE_ARRIVAL_DISTANCE_800                       0         -nan%                0         -nan%
MEM_QUEUE_ARRIVAL_DISTANCE_810                       0         -nan%                0         -nan%
MEM_QUEUE_ARRIVAL_DISTANCE_820                       0         -nan%                0         -nan%
MEM_QUEUE_ARRIVAL_DISTANCE_830                       0         -nan%                0         -nan%
MEM_QUEUE_ARRIVAL_DISTANCE_840                       0         -nan%                0         -nan%
MEM_QUEUE_ARRIVAL_DISTANCE_850                       0         -nan%                0         -nan%
MEM_QUEUE_ARRIVAL_DISTANCE_860                       0         -nan%                0         -nan%
MEM_QUEUE_ARRIVAL_DISTANCE_870                       0         -nan%                0         -nan%
MEM_QUEUE_ARRIVAL_DISTANCE_880                       0         -nan%                0         -nan%
MEM_QUEUE_ARRIVAL_DISTANCE_890                       0         -nan%                0         -nan%
MEM_QUEUE_ARRIVAL_DISTANCE_900                       0         -nan%                0         -nan%
MEM_QUEUE_ARRIVAL_DISTANCE_910                       0         -nan%                0         -nan%
MEM_QUEUE_ARRIVAL_DISTANCE_920                       0         -nan%                0         -nan%
MEM_QUEUE_ARRIVAL_DISTANCE_930                       0         -nan%                0         -nan%
MEM_QUEUE_ARRIVAL_DISTANCE_940                       0         -nan%                0         -nan%
MEM_QUEUE_ARRIVAL_DISTANCE_950                       0         -nan%                0         -nan%
MEM_QUEUE_ARRIVAL_DISTANCE_960                       0         -nan%                0         -nan%
MEM_QUEUE_ARRIVAL_DISTANCE_970                       0         -nan%                0         -nan%
MEM_QUEUE_ARRIVAL_DISTANCE_980                       0         -nan%                0         -nan%
MEM_QUEUE_ARRIVAL_DISTANCE_990                       0         -nan%                0         -nan%
MEM_QUEUE_ARRIVAL_DISTANCE_1000                      0         -nan%                0         -nan%
                                                     0         -nan%                0         -nan%
                                                  -nan         -nan              -nan         -nan

EQUAL_USE_QUANTUMS                                   0                              0              

EQUAL_USE_BW_MEASURE_PERIODS                         0                              0              

EQUAL_USE_BW                                         0                              0              

EQUAL_USE_BOTTLENECK_BUS                             0         -nan%                0         -nan%
EQUAL_USE_BOTTLENECK_BANK                            0         -nan%                0         -nan%
EQUAL_USE_BOTTLENECK_FAW                             0         -nan%                0         -nan%
EQUAL_USE_BOTTLENECK_BUS_PLUS_FAW                    0         -nan%                0         -nan%
                                                     0         -nan%                0         -nan%
                                                  -nan         -nan              -nan         -nan

EQUAL_USE_BW_BUS                                     0                              0              

EQUAL_USE_BW_BANK                                    0                              0              

EQUAL_USE_BW_FAW                                     0                              0              

EQUAL_USE_BW_BUS_PLUS_FAW                            0                              0              

EQUAL_USE_BW_BUS_PLUS_FAW2                           0                              0              

EQUAL_USE_BW_BUS_PLUS_FAW3                           0                              0              

EQUAL_USE_BW_CRIT_PATH                               0                              0              

EQUAL_USE_BW_BLACK_BOX                               0                              0              

DRAM_BANK_SERVICE                                    0                              0              

DRAM_CONTENDED_BANK_SERVICE                          0                              0              

DRAM_BUS_DIR_SWITCHES                                0                              0              

DRAM_ACTIVATE_TO_COLUMN_LATENCY                      0                              0              

DRAM_ACTIVATE_TO_READ                                0                              0              

DRAM_ACTIVATE_TO_READ_LATENCY                        0          -nan                0          -nan

DRAM_ACTIVATE_TO_WRITE                               0                              0              

DRAM_ACTIVATE_TO_WRITE_LATENCY                       0          -nan                0          -nan

EQUAL_USE_PRIORITY_0                                 0         -nan%                0         -nan%
EQUAL_USE_PRIORITY_1                                 0         -nan%                0         -nan%
EQUAL_USE_PRIORITY_2                                 0         -nan%                0         -nan%
EQUAL_USE_PRIORITY_3                                 0         -nan%                0         -nan%
EQUAL_USE_PRIORITY_4                                 0         -nan%                0         -nan%
EQUAL_USE_PRIORITY_5                                 0         -nan%                0         -nan%
EQUAL_USE_PRIORITY_6                                 0         -nan%                0         -nan%
EQUAL_USE_PRIORITY_7                                 0         -nan%                0         -nan%
EQUAL_USE_PRIORITY_8                                 0         -nan%                0         -nan%
EQUAL_USE_PRIORITY_9                                 0         -nan%                0         -nan%
EQUAL_USE_PRIORITY_10                                0         -nan%                0         -nan%
EQUAL_USE_PRIORITY_11                                0         -nan%                0         -nan%
EQUAL_USE_PRIORITY_12                                0         -nan%                0         -nan%
EQUAL_USE_PRIORITY_13                                0         -nan%                0         -nan%
EQUAL_USE_PRIORITY_14                                0         -nan%                0         -nan%
EQUAL_USE_PRIORITY_15                                0         -nan%                0         -nan%
                                                     0         -nan%                0         -nan%
                                                  -nan         -nan              -nan         -nan

DRAM_ROW_ACCESSES_0                                  0         -nan%                0         -nan%
DRAM_ROW_ACCESSES_1                                  0         -nan%                0         -nan%
DRAM_ROW_ACCESSES_2                                  0         -nan%                0         -nan%
DRAM_ROW_ACCESSES_3                                  0         -nan%                0         -nan%
DRAM_ROW_ACCESSES_4                                  0         -nan%                0         -nan%
DRAM_ROW_ACCESSES_5                                  0         -nan%                0         -nan%
DRAM_ROW_ACCESSES_6                                  0         -nan%                0         -nan%
DRAM_ROW_ACCESSES_7                                  0         -nan%                0         -nan%
DRAM_ROW_ACCESSES_8                                  0         -nan%                0         -nan%
DRAM_ROW_ACCESSES_9                                  0         -nan%                0         -nan%
DRAM_ROW_ACCESSES_10                                 0         -nan%                0         -nan%
DRAM_ROW_ACCESSES_11                                 0         -nan%                0         -nan%
DRAM_ROW_ACCESSES_12                                 0         -nan%                0         -nan%
DRAM_ROW_ACCESSES_13                                 0         -nan%                0         -nan%
DRAM_ROW_ACCESSES_14                                 0         -nan%                0         -nan%
DRAM_ROW_ACCESSES_15                                 0         -nan%                0         -nan%
DRAM_ROW_ACCESSES_16                                 0         -nan%                0         -nan%
DRAM_ROW_ACCESSES_17                                 0         -nan%                0         -nan%
DRAM_ROW_ACCESSES_18                                 0         -nan%                0         -nan%
DRAM_ROW_ACCESSES_19                                 0         -nan%                0         -nan%
DRAM_ROW_ACCESSES_20                                 0         -nan%                0         -nan%
DRAM_ROW_ACCESSES_21                                 0         -nan%                0         -nan%
DRAM_ROW_ACCESSES_22                                 0         -nan%                0         -nan%
DRAM_ROW_ACCESSES_23                                 0         -nan%                0         -nan%
DRAM_ROW_ACCESSES_24                                 0         -nan%                0         -nan%
DRAM_ROW_ACCESSES_25                                 0         -nan%                0         -nan%
DRAM_ROW_ACCESSES_26                                 0         -nan%                0         -nan%
DRAM_ROW_ACCESSES_27                                 0         -nan%                0         -nan%
DRAM_ROW_ACCESSES_28                                 0         -nan%                0         -nan%
DRAM_ROW_ACCESSES_29                                 0         -nan%                0         -nan%
DRAM_ROW_ACCESSES_30                                 0         -nan%                0         -nan%
DRAM_ROW_ACCESSES_31                                 0         -nan%                0         -nan%
DRAM_ROW_ACCESSES_32                                 0         -nan%                0         -nan%
DRAM_ROW_ACCESSES_33                                 0         -nan%                0         -nan%
DRAM_ROW_ACCESSES_34                                 0         -nan%                0         -nan%
DRAM_ROW_ACCESSES_35                                 0         -nan%                0         -nan%
DRAM_ROW_ACCESSES_36                                 0         -nan%                0         -nan%
DRAM_ROW_ACCESSES_37                                 0         -nan%                0         -nan%
DRAM_ROW_ACCESSES_38                                 0         -nan%                0         -nan%
DRAM_ROW_ACCESSES_39                                 0         -nan%                0         -nan%
DRAM_ROW_ACCESSES_40                                 0         -nan%                0         -nan%
DRAM_ROW_ACCESSES_41                                 0         -nan%                0         -nan%
DRAM_ROW_ACCESSES_42                                 0         -nan%                0         -nan%
DRAM_ROW_ACCESSES_43                                 0         -nan%                0         -nan%
DRAM_ROW_ACCESSES_44                                 0         -nan%                0         -nan%
DRAM_ROW_ACCESSES_45                                 0         -nan%                0         -nan%
DRAM_ROW_ACCESSES_46                                 0         -nan%                0         -nan%
DRAM_ROW_ACCESSES_47                                 0         -nan%                0         -nan%
DRAM_ROW_ACCESSES_48                                 0         -nan%                0         -nan%
DRAM_ROW_ACCESSES_49                                 0         -nan%                0         -nan%
DRAM_ROW_ACCESSES_50                                 0         -nan%                0         -nan%
DRAM_ROW_ACCESSES_51                                 0         -nan%                0         -nan%
DRAM_ROW_ACCESSES_52                                 0         -nan%                0         -nan%
DRAM_ROW_ACCESSES_53                                 0         -nan%                0         -nan%
DRAM_ROW_ACCESSES_54                                 0         -nan%                0         -nan%
DRAM_ROW_ACCESSES_55                                 0         -nan%                0         -nan%
DRAM_ROW_ACCESSES_56                                 0         -nan%                0         -nan%
DRAM_ROW_ACCESSES_57                                 0         -nan%                0         -nan%
DRAM_ROW_ACCESSES_58                                 0         -nan%                0         -nan%
DRAM_ROW_ACCESSES_59                                 0         -nan%                0         -nan%
DRAM_ROW_ACCESSES_60                                 0         -nan%                0         -nan%
DRAM_ROW_ACCESSES_61                                 0         -nan%                0         -nan%
DRAM_ROW_ACCESSES_62                                 0         -nan%                0         -nan%
DRAM_ROW_ACCESSES_63                                 0         -nan%                0         -nan%
DRAM_ROW_ACCESSES_64                                 0         -nan%                0         -nan%
                                                     0         -nan%                0         -nan%
                                                  -nan         -nan              -nan         -nan

DRAM_NUM_REQS_0_TOTAL                                0                              0              

DRAM_NUM_REQS_1_TOTAL                                0                              0              

DRAM_NUM_REQS_2_TOTAL                                0                              0              

DRAM_NUM_REQS_3_TOTAL                                0                              0              

DRAM_NUM_REQS_4_TOTAL                                0                              0              

DRAM_NUM_REQS_5_TOTAL                                0                              0              

DRAM_NUM_REQS_6_TOTAL                                0                              0              

DRAM_NUM_REQS_7_TOTAL                                0                              0              

DRAM_NUM_REQS_8_TOTAL                                0                              0              

DRAM_NUM_REQS_9_TOTAL                                0                              0              

DRAM_NUM_REQS_10_TOTAL                               0                              0              

DRAM_NUM_REQS_11_TOTAL                               0                              0              

DRAM_NUM_REQS_12_TOTAL                               0                              0              

DRAM_NUM_REQS_13_TOTAL                               0                              0              

DRAM_NUM_REQS_14_TOTAL                               0                              0              

DRAM_NUM_REQS_15_TOTAL                               0                              0              

DRAM_NUM_REQS_16_TOTAL                               0                              0              

DRAM_NUM_REQS_17_TOTAL                               0                              0              

DRAM_NUM_REQS_18_TOTAL                               0                              0              

DRAM_NUM_REQS_19_TOTAL                               0                              0              

DRAM_NUM_REQS_20_TOTAL                               0                              0              

DRAM_NUM_REQS_21_TOTAL                               0                              0              

DRAM_NUM_REQS_22_TOTAL                               0                              0              

DRAM_NUM_REQS_23_TOTAL                               0                              0              

DRAM_NUM_REQS_24_TOTAL                               0                              0              

DRAM_NUM_REQS_25_TOTAL                               0                              0              

DRAM_NUM_REQS_26_TOTAL                               0                              0              

DRAM_NUM_REQS_27_TOTAL                               0                              0              

DRAM_NUM_REQS_28_TOTAL                               0                              0              

DRAM_NUM_REQS_29_TOTAL                               0                              0              

DRAM_NUM_REQS_30_TOTAL                               0                              0              

DRAM_NUM_REQS_31_TOTAL                               0                              0              

DRAM_NUM_REQS_32_TOTAL                               0                              0              

DRAM_NUM_REQS_0_IFETCH                               0          -nan                0          -nan

DRAM_NUM_REQS_0_DFETCH                               0          -nan                0          -nan

DRAM_NUM_REQS_0_DSTORE                               0          -nan                0          -nan

DRAM_NUM_REQS_0_IPRF                                 0          -nan                0          -nan

DRAM_NUM_REQS_0_DPRF                                 0          -nan                0          -nan

DRAM_NUM_REQS_0_WB                                   0          -nan                0          -nan

DRAM_NUM_REQS_0_WB_NODIRTY                           0          -nan                0          -nan

DRAM_NUM_REQS_1_IFETCH                               0          -nan                0          -nan

DRAM_NUM_REQS_1_DFETCH                               0          -nan                0          -nan

DRAM_NUM_REQS_1_DSTORE                               0          -nan                0          -nan

DRAM_NUM_REQS_1_IPRF                                 0          -nan                0          -nan

DRAM_NUM_REQS_1_DPRF                                 0          -nan                0          -nan

DRAM_NUM_REQS_1_WB                                   0          -nan                0          -nan

DRAM_NUM_REQS_1_WB_NODIRTY                           0          -nan                0          -nan

DRAM_NUM_REQS_2_IFETCH                               0          -nan                0          -nan

DRAM_NUM_REQS_2_DFETCH                               0          -nan                0          -nan

DRAM_NUM_REQS_2_DSTORE                               0          -nan                0          -nan

DRAM_NUM_REQS_2_IPRF                                 0          -nan                0          -nan

DRAM_NUM_REQS_2_DPRF                                 0          -nan                0          -nan

DRAM_NUM_REQS_2_WB                                   0          -nan                0          -nan

DRAM_NUM_REQS_2_WB_NODIRTY                           0          -nan                0          -nan

DRAM_NUM_REQS_3_IFETCH                               0          -nan                0          -nan

DRAM_NUM_REQS_3_DFETCH                               0          -nan                0          -nan

DRAM_NUM_REQS_3_DSTORE                               0          -nan                0          -nan

DRAM_NUM_REQS_3_IPRF                                 0          -nan                0          -nan

DRAM_NUM_REQS_3_DPRF                                 0          -nan                0          -nan

DRAM_NUM_REQS_3_WB                                   0          -nan                0          -nan

DRAM_NUM_REQS_3_WB_NODIRTY                           0          -nan                0          -nan

DRAM_NUM_REQS_4_IFETCH                               0          -nan                0          -nan

DRAM_NUM_REQS_4_DFETCH                               0          -nan                0          -nan

DRAM_NUM_REQS_4_DSTORE                               0          -nan                0          -nan

DRAM_NUM_REQS_4_IPRF                                 0          -nan                0          -nan

DRAM_NUM_REQS_4_DPRF                                 0          -nan                0          -nan

DRAM_NUM_REQS_4_WB                                   0          -nan                0          -nan

DRAM_NUM_REQS_4_WB_NODIRTY                           0          -nan                0          -nan

DRAM_NUM_REQS_5_IFETCH                               0          -nan                0          -nan

DRAM_NUM_REQS_5_DFETCH                               0          -nan                0          -nan

DRAM_NUM_REQS_5_DSTORE                               0          -nan                0          -nan

DRAM_NUM_REQS_5_IPRF                                 0          -nan                0          -nan

DRAM_NUM_REQS_5_DPRF                                 0          -nan                0          -nan

DRAM_NUM_REQS_5_WB                                   0          -nan                0          -nan

DRAM_NUM_REQS_5_WB_NODIRTY                           0          -nan                0          -nan

DRAM_NUM_REQS_6_IFETCH                               0          -nan                0          -nan

DRAM_NUM_REQS_6_DFETCH                               0          -nan                0          -nan

DRAM_NUM_REQS_6_DSTORE                               0          -nan                0          -nan

DRAM_NUM_REQS_6_IPRF                                 0          -nan                0          -nan

DRAM_NUM_REQS_6_DPRF                                 0          -nan                0          -nan

DRAM_NUM_REQS_6_WB                                   0          -nan                0          -nan

DRAM_NUM_REQS_6_WB_NODIRTY                           0          -nan                0          -nan

DRAM_NUM_REQS_7_IFETCH                               0          -nan                0          -nan

DRAM_NUM_REQS_7_DFETCH                               0          -nan                0          -nan

DRAM_NUM_REQS_7_DSTORE                               0          -nan                0          -nan

DRAM_NUM_REQS_7_IPRF                                 0          -nan                0          -nan

DRAM_NUM_REQS_7_DPRF                                 0          -nan                0          -nan

DRAM_NUM_REQS_7_WB                                   0          -nan                0          -nan

DRAM_NUM_REQS_7_WB_NODIRTY                           0          -nan                0          -nan

DRAM_NUM_REQS_8_IFETCH                               0          -nan                0          -nan

DRAM_NUM_REQS_8_DFETCH                               0          -nan                0          -nan

DRAM_NUM_REQS_8_DSTORE                               0          -nan                0          -nan

DRAM_NUM_REQS_8_IPRF                                 0          -nan                0          -nan

DRAM_NUM_REQS_8_DPRF                                 0          -nan                0          -nan

DRAM_NUM_REQS_8_WB                                   0          -nan                0          -nan

DRAM_NUM_REQS_8_WB_NODIRTY                           0          -nan                0          -nan

DRAM_NUM_REQS_9_IFETCH                               0          -nan                0          -nan

DRAM_NUM_REQS_9_DFETCH                               0          -nan                0          -nan

DRAM_NUM_REQS_9_DSTORE                               0          -nan                0          -nan

DRAM_NUM_REQS_9_IPRF                                 0          -nan                0          -nan

DRAM_NUM_REQS_9_DPRF                                 0          -nan                0          -nan

DRAM_NUM_REQS_9_WB                                   0          -nan                0          -nan

DRAM_NUM_REQS_9_WB_NODIRTY                           0          -nan                0          -nan

DRAM_NUM_REQS_10_IFETCH                              0          -nan                0          -nan

DRAM_NUM_REQS_10_DFETCH                              0          -nan                0          -nan

DRAM_NUM_REQS_10_DSTORE                              0          -nan                0          -nan

DRAM_NUM_REQS_10_IPRF                                0          -nan                0          -nan

DRAM_NUM_REQS_10_DPRF                                0          -nan                0          -nan

DRAM_NUM_REQS_10_WB                                  0          -nan                0          -nan

DRAM_NUM_REQS_10_WB_NODIRTY                          0          -nan                0          -nan

DRAM_NUM_REQS_11_IFETCH                              0          -nan                0          -nan

DRAM_NUM_REQS_11_DFETCH                              0          -nan                0          -nan

DRAM_NUM_REQS_11_DSTORE                              0          -nan                0          -nan

DRAM_NUM_REQS_11_IPRF                                0          -nan                0          -nan

DRAM_NUM_REQS_11_DPRF                                0          -nan                0          -nan

DRAM_NUM_REQS_11_WB                                  0          -nan                0          -nan

DRAM_NUM_REQS_11_WB_NODIRTY                          0          -nan                0          -nan

DRAM_NUM_REQS_12_IFETCH                              0          -nan                0          -nan

DRAM_NUM_REQS_12_DFETCH                              0          -nan                0          -nan

DRAM_NUM_REQS_12_DSTORE                              0          -nan                0          -nan

DRAM_NUM_REQS_12_IPRF                                0          -nan                0          -nan

DRAM_NUM_REQS_12_DPRF                                0          -nan                0          -nan

DRAM_NUM_REQS_12_WB                                  0          -nan                0          -nan

DRAM_NUM_REQS_12_WB_NODIRTY                          0          -nan                0          -nan

DRAM_NUM_REQS_13_IFETCH                              0          -nan                0          -nan

DRAM_NUM_REQS_13_DFETCH                              0          -nan                0          -nan

DRAM_NUM_REQS_13_DSTORE                              0          -nan                0          -nan

DRAM_NUM_REQS_13_IPRF                                0          -nan                0          -nan

DRAM_NUM_REQS_13_DPRF                                0          -nan                0          -nan

DRAM_NUM_REQS_13_WB                                  0          -nan                0          -nan

DRAM_NUM_REQS_13_WB_NODIRTY                          0          -nan                0          -nan

DRAM_NUM_REQS_14_IFETCH                              0          -nan                0          -nan

DRAM_NUM_REQS_14_DFETCH                              0          -nan                0          -nan

DRAM_NUM_REQS_14_DSTORE                              0          -nan                0          -nan

DRAM_NUM_REQS_14_IPRF                                0          -nan                0          -nan

DRAM_NUM_REQS_14_DPRF                                0          -nan                0          -nan

DRAM_NUM_REQS_14_WB                                  0          -nan                0          -nan

DRAM_NUM_REQS_14_WB_NODIRTY                          0          -nan                0          -nan

DRAM_NUM_REQS_15_IFETCH                              0          -nan                0          -nan

DRAM_NUM_REQS_15_DFETCH                              0          -nan                0          -nan

DRAM_NUM_REQS_15_DSTORE                              0          -nan                0          -nan

DRAM_NUM_REQS_15_IPRF                                0          -nan                0          -nan

DRAM_NUM_REQS_15_DPRF                                0          -nan                0          -nan

DRAM_NUM_REQS_15_WB                                  0          -nan                0          -nan

DRAM_NUM_REQS_15_WB_NODIRTY                          0          -nan                0          -nan

DRAM_NUM_REQS_16_IFETCH                              0          -nan                0          -nan

DRAM_NUM_REQS_16_DFETCH                              0          -nan                0          -nan

DRAM_NUM_REQS_16_DSTORE                              0          -nan                0          -nan

DRAM_NUM_REQS_16_IPRF                                0          -nan                0          -nan

DRAM_NUM_REQS_16_DPRF                                0          -nan                0          -nan

DRAM_NUM_REQS_16_WB                                  0          -nan                0          -nan

DRAM_NUM_REQS_16_WB_NODIRTY                          0          -nan                0          -nan

DRAM_NUM_REQS_17_IFETCH                              0          -nan                0          -nan

DRAM_NUM_REQS_17_DFETCH                              0          -nan                0          -nan

DRAM_NUM_REQS_17_DSTORE                              0          -nan                0          -nan

DRAM_NUM_REQS_17_IPRF                                0          -nan                0          -nan

DRAM_NUM_REQS_17_DPRF                                0          -nan                0          -nan

DRAM_NUM_REQS_17_WB                                  0          -nan                0          -nan

DRAM_NUM_REQS_17_WB_NODIRTY                          0          -nan                0          -nan

DRAM_NUM_REQS_18_IFETCH                              0          -nan                0          -nan

DRAM_NUM_REQS_18_DFETCH                              0          -nan                0          -nan

DRAM_NUM_REQS_18_DSTORE                              0          -nan                0          -nan

DRAM_NUM_REQS_18_IPRF                                0          -nan                0          -nan

DRAM_NUM_REQS_18_DPRF                                0          -nan                0          -nan

DRAM_NUM_REQS_18_WB                                  0          -nan                0          -nan

DRAM_NUM_REQS_18_WB_NODIRTY                          0          -nan                0          -nan

DRAM_NUM_REQS_19_IFETCH                              0          -nan                0          -nan

DRAM_NUM_REQS_19_DFETCH                              0          -nan                0          -nan

DRAM_NUM_REQS_19_DSTORE                              0          -nan                0          -nan

DRAM_NUM_REQS_19_IPRF                                0          -nan                0          -nan

DRAM_NUM_REQS_19_DPRF                                0          -nan                0          -nan

DRAM_NUM_REQS_19_WB                                  0          -nan                0          -nan

DRAM_NUM_REQS_19_WB_NODIRTY                          0          -nan                0          -nan

DRAM_NUM_REQS_20_IFETCH                              0          -nan                0          -nan

DRAM_NUM_REQS_20_DFETCH                              0          -nan                0          -nan

DRAM_NUM_REQS_20_DSTORE                              0          -nan                0          -nan

DRAM_NUM_REQS_20_IPRF                                0          -nan                0          -nan

DRAM_NUM_REQS_20_DPRF                                0          -nan                0          -nan

DRAM_NUM_REQS_20_WB                                  0          -nan                0          -nan

DRAM_NUM_REQS_20_WB_NODIRTY                          0          -nan                0          -nan

DRAM_NUM_REQS_21_IFETCH                              0          -nan                0          -nan

DRAM_NUM_REQS_21_DFETCH                              0          -nan                0          -nan

DRAM_NUM_REQS_21_DSTORE                              0          -nan                0          -nan

DRAM_NUM_REQS_21_IPRF                                0          -nan                0          -nan

DRAM_NUM_REQS_21_DPRF                                0          -nan                0          -nan

DRAM_NUM_REQS_21_WB                                  0          -nan                0          -nan

DRAM_NUM_REQS_21_WB_NODIRTY                          0          -nan                0          -nan

DRAM_NUM_REQS_22_IFETCH                              0          -nan                0          -nan

DRAM_NUM_REQS_22_DFETCH                              0          -nan                0          -nan

DRAM_NUM_REQS_22_DSTORE                              0          -nan                0          -nan

DRAM_NUM_REQS_22_IPRF                                0          -nan                0          -nan

DRAM_NUM_REQS_22_DPRF                                0          -nan                0          -nan

DRAM_NUM_REQS_22_WB                                  0          -nan                0          -nan

DRAM_NUM_REQS_22_WB_NODIRTY                          0          -nan                0          -nan

DRAM_NUM_REQS_23_IFETCH                              0          -nan                0          -nan

DRAM_NUM_REQS_23_DFETCH                              0          -nan                0          -nan

DRAM_NUM_REQS_23_DSTORE                              0          -nan                0          -nan

DRAM_NUM_REQS_23_IPRF                                0          -nan                0          -nan

DRAM_NUM_REQS_23_DPRF                                0          -nan                0          -nan

DRAM_NUM_REQS_23_WB                                  0          -nan                0          -nan

DRAM_NUM_REQS_23_WB_NODIRTY                          0          -nan                0          -nan

DRAM_NUM_REQS_24_IFETCH                              0          -nan                0          -nan

DRAM_NUM_REQS_24_DFETCH                              0          -nan                0          -nan

DRAM_NUM_REQS_24_DSTORE                              0          -nan                0          -nan

DRAM_NUM_REQS_24_IPRF                                0          -nan                0          -nan

DRAM_NUM_REQS_24_DPRF                                0          -nan                0          -nan

DRAM_NUM_REQS_24_WB                                  0          -nan                0          -nan

DRAM_NUM_REQS_24_WB_NODIRTY                          0          -nan                0          -nan

DRAM_NUM_REQS_25_IFETCH                              0          -nan                0          -nan

DRAM_NUM_REQS_25_DFETCH                              0          -nan                0          -nan

DRAM_NUM_REQS_25_DSTORE                              0          -nan                0          -nan

DRAM_NUM_REQS_25_IPRF                                0          -nan                0          -nan

DRAM_NUM_REQS_25_DPRF                                0          -nan                0          -nan

DRAM_NUM_REQS_25_WB                                  0          -nan                0          -nan

DRAM_NUM_REQS_25_WB_NODIRTY                          0          -nan                0          -nan

DRAM_NUM_REQS_26_IFETCH                              0          -nan                0          -nan

DRAM_NUM_REQS_26_DFETCH                              0          -nan                0          -nan

DRAM_NUM_REQS_26_DSTORE                              0          -nan                0          -nan

DRAM_NUM_REQS_26_IPRF                                0          -nan                0          -nan

DRAM_NUM_REQS_26_DPRF                                0          -nan                0          -nan

DRAM_NUM_REQS_26_WB                                  0          -nan                0          -nan

DRAM_NUM_REQS_26_WB_NODIRTY                          0          -nan                0          -nan

DRAM_NUM_REQS_27_IFETCH                              0          -nan                0          -nan

DRAM_NUM_REQS_27_DFETCH                              0          -nan                0          -nan

DRAM_NUM_REQS_27_DSTORE                              0          -nan                0          -nan

DRAM_NUM_REQS_27_IPRF                                0          -nan                0          -nan

DRAM_NUM_REQS_27_DPRF                                0          -nan                0          -nan

DRAM_NUM_REQS_27_WB                                  0          -nan                0          -nan

DRAM_NUM_REQS_27_WB_NODIRTY                          0          -nan                0          -nan

DRAM_NUM_REQS_28_IFETCH                              0          -nan                0          -nan

DRAM_NUM_REQS_28_DFETCH                              0          -nan                0          -nan

DRAM_NUM_REQS_28_DSTORE                              0          -nan                0          -nan

DRAM_NUM_REQS_28_IPRF                                0          -nan                0          -nan

DRAM_NUM_REQS_28_DPRF                                0          -nan                0          -nan

DRAM_NUM_REQS_28_WB                                  0          -nan                0          -nan

DRAM_NUM_REQS_28_WB_NODIRTY                          0          -nan                0          -nan

DRAM_NUM_REQS_29_IFETCH                              0          -nan                0          -nan

DRAM_NUM_REQS_29_DFETCH                              0          -nan                0          -nan

DRAM_NUM_REQS_29_DSTORE                              0          -nan                0          -nan

DRAM_NUM_REQS_29_IPRF                                0          -nan                0          -nan

DRAM_NUM_REQS_29_DPRF                                0          -nan                0          -nan

DRAM_NUM_REQS_29_WB                                  0          -nan                0          -nan

DRAM_NUM_REQS_29_WB_NODIRTY                          0          -nan                0          -nan

DRAM_NUM_REQS_30_IFETCH                              0          -nan                0          -nan

DRAM_NUM_REQS_30_DFETCH                              0          -nan                0          -nan

DRAM_NUM_REQS_30_DSTORE                              0          -nan                0          -nan

DRAM_NUM_REQS_30_IPRF                                0          -nan                0          -nan

DRAM_NUM_REQS_30_DPRF                                0          -nan                0          -nan

DRAM_NUM_REQS_30_WB                                  0          -nan                0          -nan

DRAM_NUM_REQS_30_WB_NODIRTY                          0          -nan                0          -nan

DRAM_NUM_REQS_31_IFETCH                              0          -nan                0          -nan

DRAM_NUM_REQS_31_DFETCH                              0          -nan                0          -nan

DRAM_NUM_REQS_31_DSTORE                              0          -nan                0          -nan

DRAM_NUM_REQS_31_IPRF                                0          -nan                0          -nan

DRAM_NUM_REQS_31_DPRF                                0          -nan                0          -nan

DRAM_NUM_REQS_31_WB                                  0          -nan                0          -nan

DRAM_NUM_REQS_31_WB_NODIRTY                          0          -nan                0          -nan

DRAM_NUM_REQS_32_IFETCH                              0          -nan                0          -nan

DRAM_NUM_REQS_32_DFETCH                              0          -nan                0          -nan

DRAM_NUM_REQS_32_DSTORE                              0          -nan                0          -nan

DRAM_NUM_REQS_32_IPRF                                0          -nan                0          -nan

DRAM_NUM_REQS_32_DPRF                                0          -nan                0          -nan

DRAM_NUM_REQS_32_WB                                  0          -nan                0          -nan

DRAM_NUM_REQS_32_WB_NODIRTY                          0          -nan                0          -nan

DRAM_BOTTLENECK_BUS_0                                0         -nan%                0         -nan%
DRAM_BOTTLENECK_BUS_10                               0         -nan%                0         -nan%
DRAM_BOTTLENECK_BUS_20                               0         -nan%                0         -nan%
DRAM_BOTTLENECK_BUS_30                               0         -nan%                0         -nan%
DRAM_BOTTLENECK_BUS_40                               0         -nan%                0         -nan%
DRAM_BOTTLENECK_BUS_50                               0         -nan%                0         -nan%
DRAM_BOTTLENECK_BUS_60                               0         -nan%                0         -nan%
DRAM_BOTTLENECK_BUS_70                               0         -nan%                0         -nan%
DRAM_BOTTLENECK_BUS_80                               0         -nan%                0         -nan%
DRAM_BOTTLENECK_BUS_90                               0         -nan%                0         -nan%
DRAM_BOTTLENECK_BUS_100                              0         -nan%                0         -nan%
                                                     0         -nan%                0         -nan%
                                                  -nan         -nan              -nan         -nan

DRAM_BOTTLENECK_BANKS_0                              0         -nan%                0         -nan%
DRAM_BOTTLENECK_BANKS_10                             0         -nan%                0         -nan%
DRAM_BOTTLENECK_BANKS_20                             0         -nan%                0         -nan%
DRAM_BOTTLENECK_BANKS_30                             0         -nan%                0         -nan%
DRAM_BOTTLENECK_BANKS_40                             0         -nan%                0         -nan%
DRAM_BOTTLENECK_BANKS_50                             0         -nan%                0         -nan%
DRAM_BOTTLENECK_BANKS_60                             0         -nan%                0         -nan%
DRAM_BOTTLENECK_BANKS_70                             0         -nan%                0         -nan%
DRAM_BOTTLENECK_BANKS_80                             0         -nan%                0         -nan%
DRAM_BOTTLENECK_BANKS_90                             0         -nan%                0         -nan%
DRAM_BOTTLENECK_BANKS_100                            0         -nan%                0         -nan%
                                                     0         -nan%                0         -nan%
                                                  -nan         -nan              -nan         -nan

DRAM_BOTTLENECK_FAW_0                                0         -nan%                0         -nan%
DRAM_BOTTLENECK_FAW_10                               0         -nan%                0         -nan%
DRAM_BOTTLENECK_FAW_20                               0         -nan%                0         -nan%
DRAM_BOTTLENECK_FAW_30                               0         -nan%                0         -nan%
DRAM_BOTTLENECK_FAW_40                               0         -nan%                0         -nan%
DRAM_BOTTLENECK_FAW_50                               0         -nan%                0         -nan%
DRAM_BOTTLENECK_FAW_60                               0         -nan%                0         -nan%
DRAM_BOTTLENECK_FAW_70                               0         -nan%                0         -nan%
DRAM_BOTTLENECK_FAW_80                               0         -nan%                0         -nan%
DRAM_BOTTLENECK_FAW_90                               0         -nan%                0         -nan%
DRAM_BOTTLENECK_FAW_100                              0         -nan%                0         -nan%
                                                     0         -nan%                0         -nan%
                                                  -nan         -nan              -nan         -nan

DRAM_ROW_HIT_GEN_AFTER_ROW_OPEN_STALLING             0                              0              

KNOWN_BAD_ADDRESS                                    0        0.000%                0        0.000%
GOOD_ADDRESS                                  13314809      100.000%         19857507      100.000%
                                              13314809      100.000%         19857507      100.000%
                                                  1.00         1.00              1.00         1.00

BBL_LENGTH_1                                         0         -nan%                0         -nan%
BBL_LENGTH_2                                         0         -nan%                0         -nan%
BBL_LENGTH_3                                         0         -nan%                0         -nan%
BBL_LENGTH_4                                         0         -nan%                0         -nan%
BBL_LENGTH_5                                         0         -nan%                0         -nan%
BBL_LENGTH_6                                         0         -nan%                0         -nan%
BBL_LENGTH_7                                         0         -nan%                0         -nan%
BBL_LENGTH_8                                         0         -nan%                0         -nan%
BBL_LENGTH_9                                         0         -nan%                0         -nan%
BBL_LENGTH_10                                        0         -nan%                0         -nan%
BBL_LENGTH_11                                        0         -nan%                0         -nan%
BBL_LENGTH_12                                        0         -nan%                0         -nan%
BBL_LENGTH_13                                        0         -nan%                0         -nan%
BBL_LENGTH_14                                        0         -nan%                0         -nan%
BBL_LENGTH_15                                        0         -nan%                0         -nan%
BBL_LENGTH_16                                        0         -nan%                0         -nan%
BBL_LENGTH_17                                        0         -nan%                0         -nan%
BBL_LENGTH_18                                        0         -nan%                0         -nan%
BBL_LENGTH_19                                        0         -nan%                0         -nan%
BBL_LENGTH_20                                        0         -nan%                0         -nan%
BBL_LENGTH_21                                        0         -nan%                0         -nan%
BBL_LENGTH_22                                        0         -nan%                0         -nan%
BBL_LENGTH_23                                        0         -nan%                0         -nan%
BBL_LENGTH_24                                        0         -nan%                0         -nan%
                                                     0         -nan%                0         -nan%
                                                  -nan         -nan              -nan         -nan

BBL_DONT_END_PRED_NT_LENGTH_1                        0         -nan%                0         -nan%
BBL_DONT_END_PRED_NT_LENGTH_2                        0         -nan%                0         -nan%
BBL_DONT_END_PRED_NT_LENGTH_3                        0         -nan%                0         -nan%
BBL_DONT_END_PRED_NT_LENGTH_4                        0         -nan%                0         -nan%
BBL_DONT_END_PRED_NT_LENGTH_5                        0         -nan%                0         -nan%
BBL_DONT_END_PRED_NT_LENGTH_6                        0         -nan%                0         -nan%
BBL_DONT_END_PRED_NT_LENGTH_7                        0         -nan%                0         -nan%
BBL_DONT_END_PRED_NT_LENGTH_8                        0         -nan%                0         -nan%
BBL_DONT_END_PRED_NT_LENGTH_9                        0         -nan%                0         -nan%
BBL_DONT_END_PRED_NT_LENGTH_10                       0         -nan%                0         -nan%
BBL_DONT_END_PRED_NT_LENGTH_11                       0         -nan%                0         -nan%
BBL_DONT_END_PRED_NT_LENGTH_12                       0         -nan%                0         -nan%
BBL_DONT_END_PRED_NT_LENGTH_13                       0         -nan%                0         -nan%
BBL_DONT_END_PRED_NT_LENGTH_14                       0         -nan%                0         -nan%
BBL_DONT_END_PRED_NT_LENGTH_15                       0         -nan%                0         -nan%
BBL_DONT_END_PRED_NT_LENGTH_16                       0         -nan%                0         -nan%
BBL_DONT_END_PRED_NT_LENGTH_17                       0         -nan%                0         -nan%
BBL_DONT_END_PRED_NT_LENGTH_18                       0         -nan%                0         -nan%
BBL_DONT_END_PRED_NT_LENGTH_19                       0         -nan%                0         -nan%
BBL_DONT_END_PRED_NT_LENGTH_20                       0         -nan%                0         -nan%
BBL_DONT_END_PRED_NT_LENGTH_21                       0         -nan%                0         -nan%
BBL_DONT_END_PRED_NT_LENGTH_22                       0         -nan%                0         -nan%
BBL_DONT_END_PRED_NT_LENGTH_23                       0         -nan%                0         -nan%
BBL_DONT_END_PRED_NT_LENGTH_24                       0         -nan%                0         -nan%
                                                     0         -nan%                0         -nan%
                                                  -nan         -nan              -nan         -nan

DATA_LD_CYCLES_ONPATH                          4005807                        6527885              

DATA_LD_CYCLES_OFFPATH                           30714                          56871              

DATA_LD_MLC_CYCLES_ONPATH                      3755623                        5709979              

DATA_LD_MLC_CYCLES_OFFPATH                       30714                          56871              

DATA_LD_MLC_ACCESSES_ONPATH                     187105                         284469              

DATA_LD_MLC_ACCESSES_OFFPATH                      1534                           2833              

DATA_LD_L1_CYCLES_ONPATH                         14929                          23016              

DATA_LD_L1_CYCLES_OFFPATH                            0                              0              

DATA_LD_L1_ACCESSES_ONPATH                         253                            390              

DATA_LD_L1_ACCESSES_OFFPATH                          0                              0              

DATA_LD_MEM_CYCLES_ONPATH                       235255                         794890              

DATA_LD_MEM_CYCLES_OFFPATH                           0                              0              

DATA_LD_MEM_ACCESSES_ONPATH                       1267                           3692              

DATA_LD_MEM_ACCESSES_OFFPATH                         0                              0              

DATA_LD_PREF_CYCLES_ONPATH                           0                              0              

DATA_LD_PREF_CYCLES_OFFPATH                          0                              0              

DATA_LD_PREF_MLC_CYCLES_ONPATH                       0                              0              

DATA_LD_PREF_MLC_CYCLES_OFFPATH                      0                              0              

DATA_LD_PREF_L1_CYCLES_ONPATH                        0                              0              

DATA_LD_PREF_L1_CYCLES_OFFPATH                       0                              0              

DATA_LD_PREF_MEM_CYCLES_ONPATH                       0                              0              

DATA_LD_PREF_MEM_CYCLES_OFFPATH                      0                              0              

UOP_CACHE_LINE_EVICTED_USEFUL                   752863       31.339%          1132030       31.368%
UOP_CACHE_LINE_EVICTED_USELESS                 1649493       68.661%          2476884       68.632%
                                               2402356      100.000%          3608914      100.000%
                                                  0.69         0.63              0.69         0.63



