/* -*- Mode: c -*- */
####################################################################################################
Core 0
####################################################################################################
Cumulative:        Cycles: 21277937              Instructions: 89999999              IPC: 4.22973

Periodic:          Cycles: 21277937              Instructions: 89999999              IPC: 4.22973

L0_ALL_PREDICTIONS                            18494981       50.000%         18494981       50.000%
MAIN_ALL_PREDICTIONS                          18494981       50.000%         18494981       50.000%
                                              36989962      100.000%         36989962      100.000%
                                                  0.50         0.50              0.50         0.50

L0_ALL_RECOVER_AT_EXEC                         2750978       99.481%          2750978       99.481%
MAIN_ALL_RECOVER_AT_EXEC                         14356        0.519%            14356        0.519%
                                               2765334      100.000%          2765334      100.000%
                                                  0.01         0.07              0.01         0.07

L0_ALL_RECOVER_AT_DECODE                             0        0.000%                0        0.000%
MAIN_ALL_RECOVER_AT_DECODE                         286      100.000%              286      100.000%
                                                   286      100.000%              286      100.000%
                                                  1.00         1.00              1.00         1.00

L0_ALL_PREDICTIONS_OFFPATH                     3300545       50.000%          3300545       50.000%
MAIN_ALL_PREDICTIONS_OFFPATH                   3300545       50.000%          3300545       50.000%
                                               6601090      100.000%          6601090      100.000%
                                                  0.50         0.50              0.50         0.50

L0_ALL_RECOVER_AT_EXEC_OFFPATH                  915616       59.723%           915616       59.723%
MAIN_ALL_RECOVER_AT_EXEC_OFFPATH                617485       40.277%           617485       40.277%
                                               1533101      100.000%          1533101      100.000%
                                                  0.40         0.46              0.40         0.46

L0_ALL_RECOVER_AT_DECODE_OFFPATH                     0        0.000%                0        0.000%
MAIN_ALL_RECOVER_AT_DECODE_OFFPATH                 374      100.000%              374      100.000%
                                                   374      100.000%              374      100.000%
                                                  1.00         1.00              1.00         1.00

MAIN_CBR_CORRECT                               6817433       47.223%          6817433       47.223%
MAIN_CBR_CORRECT_BTB_MISS_NT_NT                7605178       52.680%          7605178       52.680%
MAIN_CBR_RECOVER_AT_EXEC                         13526        0.094%            13526        0.094%
MAIN_CBR_RECOVER_AT_DECODE                           0        0.000%                0        0.000%
MAIN_CBR_RECOVER_BTB_MISS_T_T                       17        0.000%               17        0.000%
MAIN_CBR_RECOVER_BTB_MISS_T_NT                      41        0.000%               41        0.000%
MAIN_CBR_RECOVER_BTB_MISS_NT_T                     381        0.003%              381        0.003%
                                              14436576      100.000%         14436576      100.000%
                                                  0.53         0.35              0.53         0.35

MAIN_BR_CORRECT                                1218338       99.991%          1218338       99.991%
MAIN_BR_RECOVER                                    106        0.009%              106        0.009%
                                               1218444      100.000%          1218444      100.000%
                                                  0.00         0.01              0.00         0.01

MAIN_ICALL_CORRECT_IBTB                         105639       99.922%           105639       99.922%
MAIN_ICALL_CORRECT_BTB                              47        0.044%               47        0.044%
MAIN_ICALL_RECOVER_AT_EXEC_IBTB                      2        0.002%                2        0.002%
MAIN_ICALL_RECOVER_AT_EXEC_BTB                      26        0.025%               26        0.025%
MAIN_ICALL_RECOVER_AT_EXEC_XBTB_MISS                 7        0.007%                7        0.007%
                                                105721      100.000%           105721      100.000%
                                                  0.00         0.06              0.00         0.06

MAIN_IBR_CORRECT_IBTB                           289996       99.957%           289996       99.957%
MAIN_IBR_CORRECT_BTB                                84        0.029%               84        0.029%
MAIN_IBR_RECOVER_AT_EXEC_IBTB                        7        0.002%                7        0.002%
MAIN_IBR_RECOVER_AT_EXEC_BTB                        22        0.008%               22        0.008%
MAIN_IBR_RECOVER_AT_EXEC_XBTB_MISS                  11        0.004%               11        0.004%
                                                290120      100.000%           290120      100.000%
                                                  0.00         0.04              0.00         0.04

MAIN_ICO_CORRECT                                     0         -nan%                0         -nan%
MAIN_ICO_RECOVER                                     0         -nan%                0         -nan%
                                                     0         -nan%                0         -nan%
                                                  -nan         -nan              -nan         -nan

MAIN_RET_CORRECT                               1274584       99.974%          1274584       99.974%
MAIN_RET_RECOVER                                   326        0.026%              326        0.026%
MAIN_RET_RECOVER_UFLOW                               7        0.001%                7        0.001%
                                               1274917      100.000%          1274917      100.000%
                                                  0.00         0.02              0.00         0.02

MAIN_CALL_CORRECT                              1169040       99.986%          1169040       99.986%
MAIN_CALL_RECOVER                                  163        0.014%              163        0.014%
                                               1169203      100.000%          1169203      100.000%
                                                  0.00         0.01              0.00         0.01

L0_CBR_CORRECT                                 4303294       29.808%          4303294       29.808%
L0_CBR_CORRECT_BTB_MISS_NT_NT                  8525387       59.054%          8525387       59.054%
L0_CBR_RECOVER_AT_EXEC                          269242        1.865%           269242        1.865%
L0_CBR_RECOVER_AT_DECODE                             0        0.000%                0        0.000%
L0_CBR_RECOVER_BTB_MISS_T_T                    1224866        8.484%          1224866        8.484%
L0_CBR_RECOVER_BTB_MISS_T_NT                      8379        0.058%             8379        0.058%
L0_CBR_RECOVER_BTB_MISS_NT_T                    105408        0.730%           105408        0.730%
                                              14436576      100.000%         14436576      100.000%
                                                  1.01         0.99              1.01         0.99

L0_BR_CORRECT                                   814890       66.880%           814890       66.880%
L0_BR_RECOVER                                   403554       33.120%           403554       33.120%
                                               1218444      100.000%          1218444      100.000%
                                                  0.33         0.43              0.33         0.43

L0_ICALL_CORRECT_IBTB                                0        0.000%                0        0.000%
L0_ICALL_CORRECT_BTB                                14        0.013%               14        0.013%
L0_ICALL_RECOVER_AT_EXEC_IBTB                   105641       99.924%           105641       99.924%
L0_ICALL_RECOVER_AT_EXEC_BTB                        26        0.025%               26        0.025%
L0_ICALL_RECOVER_AT_EXEC_XBTB_MISS                  40        0.038%               40        0.038%
                                                105721      100.000%           105721      100.000%
                                                  2.00         0.06              2.00         0.06

L0_IBR_CORRECT_IBTB                                  0        0.000%                0        0.000%
L0_IBR_CORRECT_BTB                                  54        0.019%               54        0.019%
L0_IBR_RECOVER_AT_EXEC_IBTB                     290003       99.960%           290003       99.960%
L0_IBR_RECOVER_AT_EXEC_BTB                          19        0.007%               19        0.007%
L0_IBR_RECOVER_AT_EXEC_XBTB_MISS                    44        0.015%               44        0.015%
                                                290120      100.000%           290120      100.000%
                                                  2.00         0.04              2.00         0.04

L0_ICO_CORRECT                                       0         -nan%                0         -nan%
L0_ICO_RECOVER                                       0         -nan%                0         -nan%
                                                     0         -nan%                0         -nan%
                                                  -nan         -nan              -nan         -nan

L0_RET_CORRECT                                 1274584       99.974%          1274584       99.974%
L0_RET_RECOVER                                     326        0.026%              326        0.026%
L0_RET_RECOVER_UFLOW                                 7        0.001%                7        0.001%
                                               1274917      100.000%          1274917      100.000%
                                                  0.00         0.02              0.00         0.02

L0_CALL_CORRECT                                 825780       70.628%           825780       70.628%
L0_CALL_RECOVER                                 343423       29.372%           343423       29.372%
                                               1169203      100.000%          1169203      100.000%
                                                  0.29         0.41              0.29         0.41

MAIN_CBR_CORRECT_OFFPATH                        809130       30.692%           809130       30.692%
MAIN_CBR_CORRECT_BTB_MISS_NT_NT_OFFPATH        1316759       49.947%          1316759       49.947%
MAIN_CBR_RECOVER_AT_EXEC_OFFPATH                507958       19.268%           507958       19.268%
MAIN_CBR_RECOVER_AT_DECODE_OFFPATH                   0        0.000%                0        0.000%
MAIN_CBR_RECOVER_BTB_MISS_T_T_OFFPATH              155        0.006%              155        0.006%
MAIN_CBR_RECOVER_BTB_MISS_T_NT_OFFPATH            1959        0.074%             1959        0.074%
MAIN_CBR_RECOVER_BTB_MISS_NT_T_OFFPATH             362        0.014%              362        0.014%
                                               2636323      100.000%          2636323      100.000%
                                                  0.89         0.51              0.89         0.51

MAIN_BR_CORRECT_OFFPATH                         228959       99.945%           228959       99.945%
MAIN_BR_RECOVER_OFFPATH                            127        0.055%              127        0.055%
                                                229086      100.000%           229086      100.000%
                                                  0.00         0.02              0.00         0.02

MAIN_ICALL_CORRECT_IBTB_OFFPATH                    128       16.798%              128       16.798%
MAIN_ICALL_CORRECT_BTB_OFFPATH                     323       42.388%              323       42.388%
MAIN_ICALL_RECOVER_AT_EXEC_IBTB_OFFPATH              1        0.131%                1        0.131%
MAIN_ICALL_RECOVER_AT_EXEC_BTB_OFFPATH             300       39.370%              300       39.370%
MAIN_ICALL_RECOVER_AT_EXEC_XBTB_MISS_OFFPATH            10        1.312%               10        1.312%
                                                   762      100.000%              762      100.000%
                                                  1.66         1.00              1.66         1.00

MAIN_IBR_CORRECT_IBTB_OFFPATH                    29226       32.867%            29226       32.867%
MAIN_IBR_CORRECT_BTB_OFFPATH                     59288       66.674%            59288       66.674%
MAIN_IBR_RECOVER_AT_EXEC_IBTB_OFFPATH              100        0.112%              100        0.112%
MAIN_IBR_RECOVER_AT_EXEC_BTB_OFFPATH               303        0.341%              303        0.341%
MAIN_IBR_RECOVER_AT_EXEC_XBTB_MISS_OFFPATH             5        0.006%                5        0.006%
                                                 88922      100.000%            88922      100.000%
                                                  0.68         0.30              0.68         0.30

MAIN_ICO_CORRECT_OFFPATH                             0         -nan%                0         -nan%
MAIN_ICO_RECOVER_OFFPATH                             0         -nan%                0         -nan%
                                                     0         -nan%                0         -nan%
                                                  -nan         -nan              -nan         -nan

MAIN_RET_CORRECT_OFFPATH                        172360       61.812%           172360       61.812%
MAIN_RET_RECOVER_OFFPATH                        106471       38.183%           106471       38.183%
MAIN_RET_RECOVER_UFLOW_OFFPATH                      16        0.006%               16        0.006%
                                                278847      100.000%           278847      100.000%
                                                  0.38         0.38              0.38         0.38

MAIN_CALL_CORRECT_OFFPATH                        66513       99.862%            66513       99.862%
MAIN_CALL_RECOVER_OFFPATH                           92        0.138%               92        0.138%
                                                 66605      100.000%            66605      100.000%
                                                  0.00         0.04              0.00         0.04

L0_CBR_CORRECT_OFFPATH                          548788       20.816%           548788       20.816%
L0_CBR_CORRECT_BTB_MISS_NT_NT_OFFPATH          1425347       54.066%          1425347       54.066%
L0_CBR_RECOVER_AT_EXEC_OFFPATH                  246540        9.352%           246540        9.352%
L0_CBR_RECOVER_AT_DECODE_OFFPATH                     0        0.000%                0        0.000%
L0_CBR_RECOVER_BTB_MISS_T_T_OFFPATH             306644       11.632%           306644       11.632%
L0_CBR_RECOVER_BTB_MISS_T_NT_OFFPATH              8047        0.305%             8047        0.305%
L0_CBR_RECOVER_BTB_MISS_NT_T_OFFPATH            100957        3.829%           100957        3.829%
                                               2636323      100.000%          2636323      100.000%
                                                  1.44         1.35              1.44         1.35

L0_BR_CORRECT_OFFPATH                           167434       73.088%           167434       73.088%
L0_BR_RECOVER_OFFPATH                            61652       26.912%            61652       26.912%
                                                229086      100.000%           229086      100.000%
                                                  0.27         0.40              0.27         0.40

L0_ICALL_CORRECT_IBTB_OFFPATH                        0        0.000%                0        0.000%
L0_ICALL_CORRECT_BTB_OFFPATH                       256       33.596%              256       33.596%
L0_ICALL_RECOVER_AT_EXEC_IBTB_OFFPATH              129       16.929%              129       16.929%
L0_ICALL_RECOVER_AT_EXEC_BTB_OFFPATH               300       39.370%              300       39.370%
L0_ICALL_RECOVER_AT_EXEC_XBTB_MISS_OFFPATH            77       10.105%               77       10.105%
                                                   762      100.000%              762      100.000%
                                                  2.26         1.26              2.26         1.26

L0_IBR_CORRECT_IBTB_OFFPATH                          6        0.007%                6        0.007%
L0_IBR_CORRECT_BTB_OFFPATH                        6411        7.210%             6411        7.210%
L0_IBR_RECOVER_AT_EXEC_IBTB_OFFPATH              29320       32.973%            29320       32.973%
L0_IBR_RECOVER_AT_EXEC_BTB_OFFPATH                 303        0.341%              303        0.341%
L0_IBR_RECOVER_AT_EXEC_XBTB_MISS_OFFPATH         52882       59.470%            52882       59.470%
                                                 88922      100.000%            88922      100.000%
                                                  3.12         2.64              3.12         2.64

L0_ICO_CORRECT_OFFPATH                               0         -nan%                0         -nan%
L0_ICO_RECOVER_OFFPATH                               0         -nan%                0         -nan%
                                                     0         -nan%                0         -nan%
                                                  -nan         -nan              -nan         -nan

L0_RET_CORRECT_OFFPATH                          172360       61.812%           172360       61.812%
L0_RET_RECOVER_OFFPATH                          106471       38.183%           106471       38.183%
L0_RET_RECOVER_UFLOW_OFFPATH                        16        0.006%               16        0.006%
                                                278847      100.000%           278847      100.000%
                                                  0.38         0.38              0.38         0.38

L0_CALL_CORRECT_OFFPATH                          64327       96.580%            64327       96.580%
L0_CALL_RECOVER_OFFPATH                           2278        3.420%             2278        3.420%
                                                 66605      100.000%            66605      100.000%
                                                  0.03         0.18              0.03         0.18

ALL_BTB_CORRECT                                9561390       55.525%          9561390       55.525%
ALL_BTB_INCORRECT_BUT_TARGET_CORRECT                 1        0.000%                1        0.000%
ALL_BTB_INCORRECT                              7658673       44.475%          7658673       44.475%
                                              17220064      100.000%         17220064      100.000%
                                                  0.89         0.95              0.89         0.95

ALL_IBTB_CORRECT                                395635       99.948%           395635       99.948%
ALL_IBTB_INCORRECT                                 206        0.052%              206        0.052%
                                                395841      100.000%           395841      100.000%
                                                  0.00         0.02              0.00         0.02

ALL_BTB_CORRECT_OFFPATH                        1701582       56.312%          1701582       56.312%
ALL_BTB_INCORRECT_BUT_TARGET_CORRECT_OFFPATH            19        0.001%               19        0.001%
ALL_BTB_INCORRECT_OFFPATH                      1320097       43.687%          1320097       43.687%
                                               3021698      100.000%          3021698      100.000%
                                                  0.87         0.94              0.87         0.94

ALL_IBTB_CORRECT_OFFPATH                         29354       32.730%            29354       32.730%
ALL_IBTB_INCORRECT_OFFPATH                       60330       67.270%            60330       67.270%
                                                 89684      100.000%            89684      100.000%
                                                  0.67         0.61              0.67         0.61

CRS_MISS                                           666        0.026%              666        0.026%
CRS_HIT                                        2549168       99.974%          2549168       99.974%
                                               2549834      100.000%          2549834      100.000%
                                                  1.00         1.00              1.00         1.00

CRS_MISS_OFFPATH                                212974       38.188%           212974       38.188%
CRS_HIT_OFFPATH                                 344720       61.812%           344720       61.812%
                                                557694      100.000%           557694      100.000%
                                                  0.62         0.57              0.62         0.57

CRS_CLOBBER                                          0                              0              

IBTB_TARG_CACHE_MISS                               206        0.052%              206        0.052%
IBTB_TARG_CACHE_HIT                             395635       99.948%           395635       99.948%
                                                395841      100.000%           395841      100.000%
                                                  1.00         1.00              1.00         1.00

IBTB_TARG_CACHE_MISS_OFFPATH                     60330       67.270%            60330       67.270%
IBTB_TARG_CACHE_HIT_OFFPATH                      29354       32.730%            29354       32.730%
                                                 89684      100.000%            89684      100.000%
                                                  0.33         0.43              0.33         0.43

IBTB_TARG_CACHE_WRITE                           395841       99.973%           395841       99.973%
IBTB_TARG_CACHE_WRITE_OFFPATH                      105        0.027%              105        0.027%
                                                395946      100.000%           395946      100.000%
                                                  0.00         0.02              0.00         0.02

BTB_WRITE                                       479737       99.938%           479737       99.938%
BTB_WRITE_OFFPATH                                  299        0.062%              299        0.062%
                                                480036      100.000%           480036      100.000%
                                                  0.00         0.02              0.00         0.02

BTB_L0_CORRECT                                 6424184       37.306%          6424184       37.306%
BTB_L0_INCORRECT_BUT_TARGET_CORRECT                  1        0.000%                1        0.000%
BTB_L0_INCORRECT                              10795879       62.694%         10795879       62.694%
                                              17220064      100.000%         17220064      100.000%
                                                  1.25         1.16              1.25         1.16

BTB_L1_CORRECT                                 9561390       55.525%          9561390       55.525%
BTB_L1_INCORRECT_BUT_TARGET_CORRECT                  1        0.000%                1        0.000%
BTB_L1_INCORRECT                               7658673       44.475%          7658673       44.475%
                                              17220064      100.000%         17220064      100.000%
                                                  0.89         0.95              0.89         0.95

BTB_MAIN_CORRECT                               9561390       55.525%          9561390       55.525%
BTB_MAIN_INCORRECT_BUT_TARGET_CORRECT                1        0.000%                1        0.000%
BTB_MAIN_INCORRECT                             7658673       44.475%          7658673       44.475%
                                              17220064      100.000%         17220064      100.000%
                                                  0.89         0.95              0.89         0.95

BTB_L0_CORRECT_OFFPATH                         1036696       34.308%          1036696       34.308%
BTB_L0_INCORRECT_BUT_TARGET_CORRECT_OFFPATH            11        0.000%               11        0.000%
BTB_L0_INCORRECT_OFFPATH                       1984991       65.691%          1984991       65.691%
                                               3021698      100.000%          3021698      100.000%
                                                  1.31         1.20              1.31         1.20

BTB_L1_CORRECT_OFFPATH                         1701591       56.312%          1701591       56.312%
BTB_L1_INCORRECT_BUT_TARGET_CORRECT_OFFPATH            10        0.000%               10        0.000%
BTB_L1_INCORRECT_OFFPATH                       1320097       43.687%          1320097       43.687%
                                               3021698      100.000%          3021698      100.000%
                                                  0.87         0.94              0.87         0.94

BTB_MAIN_CORRECT_OFFPATH                       1701582       56.312%          1701582       56.312%
BTB_MAIN_INCORRECT_BUT_TARGET_CORRECT_OFFPATH            19        0.001%               19        0.001%
BTB_MAIN_INCORRECT_OFFPATH                     1320097       43.687%          1320097       43.687%
                                               3021698      100.000%          3021698      100.000%
                                                  0.87         0.94              0.87         0.94

TARG_HYBRID_CORRECT_TAGLESS                          0         -nan%                0         -nan%
TARG_HYBRID_CORRECT_TAGGED                           0         -nan%                0         -nan%
TARG_HYBRID_RECOVER_AT_EXEC_TAGLESS                  0         -nan%                0         -nan%
TARG_HYBRID_RECOVER_AT_EXEC_TAGGED                   0         -nan%                0         -nan%
TARG_HYBRID_NO_PRED                                  0         -nan%                0         -nan%
                                                     0         -nan%                0         -nan%
                                                  -nan         -nan              -nan         -nan

BP_L0_EARLY_RECOVERIES                         2750978       99.471%          2750978       99.471%
BP_MAIN_EXEC_RECOVERIES                          14356        0.519%            14356        0.519%
BP_MAIN_DECODE_RECOVERIES                          286        0.010%              286        0.010%
                                               2765620      100.000%          2765620      100.000%
                                                  0.01         0.07              0.01         0.07

SCHEDULED_L0_EARLY_RECOVERIES                  2739171       99.468%          2739171       99.468%
SCHEDULED_MAIN_EXEC_RECOVERIES                   14377        0.522%            14377        0.522%
SCHEDULED_MAIN_DECODE_RECOVERIES                   286        0.010%              286        0.010%
                                               2753834      100.000%          2753834      100.000%
                                                  0.01         0.07              0.01         0.07

PERFORMED_RECOVERIES                           2753813                        2753813              

PERFORMED_RECOVERY_LAT                         6788688                        6788688              

SCHEDULED_MAIN_DECODE_LAT                        20026                          20026              

SCHEDULED_MAIN_EXEC_LAT                       54582686                       54582686              

SCHEDULED_L0_EARLY_LAT                               0                              0              

MAIN_BRANCH_RESOLVE_AT_DECODE_LAT_1                  0        0.000%                0        0.000%
MAIN_BRANCH_RESOLVE_AT_DECODE_LAT_2                  0        0.000%                0        0.000%
MAIN_BRANCH_RESOLVE_AT_DECODE_LAT_3                  1        0.350%                1        0.350%
MAIN_BRANCH_RESOLVE_AT_DECODE_LAT_4                  0        0.000%                0        0.000%
MAIN_BRANCH_RESOLVE_AT_DECODE_LAT_5                  0        0.000%                0        0.000%
MAIN_BRANCH_RESOLVE_AT_DECODE_LAT_6                  0        0.000%                0        0.000%
MAIN_BRANCH_RESOLVE_AT_DECODE_LAT_7                  0        0.000%                0        0.000%
MAIN_BRANCH_RESOLVE_AT_DECODE_LAT_8                110       38.462%              110       38.462%
MAIN_BRANCH_RESOLVE_AT_DECODE_LAT_9                 55       19.231%               55       19.231%
MAIN_BRANCH_RESOLVE_AT_DECODE_LAT_10                18        6.294%               18        6.294%
MAIN_BRANCH_RESOLVE_AT_DECODE_LAT_11                15        5.245%               15        5.245%
MAIN_BRANCH_RESOLVE_AT_DECODE_LAT_12                 1        0.350%                1        0.350%
MAIN_BRANCH_RESOLVE_AT_DECODE_LAT_13                 1        0.350%                1        0.350%
MAIN_BRANCH_RESOLVE_AT_DECODE_LAT_14                 2        0.699%                2        0.699%
MAIN_BRANCH_RESOLVE_AT_DECODE_LAT_15                 0        0.000%                0        0.000%
MAIN_BRANCH_RESOLVE_AT_DECODE_LAT_16                 0        0.000%                0        0.000%
MAIN_BRANCH_RESOLVE_AT_DECODE_LAT_17                 0        0.000%                0        0.000%
MAIN_BRANCH_RESOLVE_AT_DECODE_LAT_18                 0        0.000%                0        0.000%
MAIN_BRANCH_RESOLVE_AT_DECODE_LAT_19                 1        0.350%                1        0.350%
MAIN_BRANCH_RESOLVE_AT_DECODE_LAT_20                 1        0.350%                1        0.350%
MAIN_BRANCH_RESOLVE_AT_DECODE_LAT_21                 0        0.000%                0        0.000%
MAIN_BRANCH_RESOLVE_AT_DECODE_LAT_22                 0        0.000%                0        0.000%
MAIN_BRANCH_RESOLVE_AT_DECODE_LAT_23                 1        0.350%                1        0.350%
MAIN_BRANCH_RESOLVE_AT_DECODE_LAT_24                 0        0.000%                0        0.000%
MAIN_BRANCH_RESOLVE_AT_DECODE_LAT_25                 6        2.098%                6        2.098%
MAIN_BRANCH_RESOLVE_AT_DECODE_LAT_26                 1        0.350%                1        0.350%
MAIN_BRANCH_RESOLVE_AT_DECODE_LAT_27                 1        0.350%                1        0.350%
MAIN_BRANCH_RESOLVE_AT_DECODE_LAT_28                 3        1.049%                3        1.049%
MAIN_BRANCH_RESOLVE_AT_DECODE_LAT_29                 1        0.350%                1        0.350%
MAIN_BRANCH_RESOLVE_AT_DECODE_LAT_30                 0        0.000%                0        0.000%
MAIN_BRANCH_RESOLVE_AT_DECODE_LAT_31                 0        0.000%                0        0.000%
MAIN_BRANCH_RESOLVE_AT_DECODE_LAT_32                 1        0.350%                1        0.350%
MAIN_BRANCH_RESOLVE_AT_DECODE_LAT_33                 0        0.000%                0        0.000%
MAIN_BRANCH_RESOLVE_AT_DECODE_LAT_34                 0        0.000%                0        0.000%
MAIN_BRANCH_RESOLVE_AT_DECODE_LAT_35                 0        0.000%                0        0.000%
MAIN_BRANCH_RESOLVE_AT_DECODE_LAT_36                 0        0.000%                0        0.000%
MAIN_BRANCH_RESOLVE_AT_DECODE_LAT_37                 0        0.000%                0        0.000%
MAIN_BRANCH_RESOLVE_AT_DECODE_LAT_38                 1        0.350%                1        0.350%
MAIN_BRANCH_RESOLVE_AT_DECODE_LAT_39                 1        0.350%                1        0.350%
MAIN_BRANCH_RESOLVE_AT_DECODE_LAT_40                 0        0.000%                0        0.000%
MAIN_BRANCH_RESOLVE_AT_DECODE_LAT_41                 0        0.000%                0        0.000%
MAIN_BRANCH_RESOLVE_AT_DECODE_LAT_42                 0        0.000%                0        0.000%
MAIN_BRANCH_RESOLVE_AT_DECODE_LAT_43                 0        0.000%                0        0.000%
MAIN_BRANCH_RESOLVE_AT_DECODE_LAT_44                 0        0.000%                0        0.000%
MAIN_BRANCH_RESOLVE_AT_DECODE_LAT_45                 0        0.000%                0        0.000%
MAIN_BRANCH_RESOLVE_AT_DECODE_LAT_46                 0        0.000%                0        0.000%
MAIN_BRANCH_RESOLVE_AT_DECODE_LAT_47                 0        0.000%                0        0.000%
MAIN_BRANCH_RESOLVE_AT_DECODE_LAT_48                 0        0.000%                0        0.000%
MAIN_BRANCH_RESOLVE_AT_DECODE_LAT_49                 1        0.350%                1        0.350%
MAIN_BRANCH_RESOLVE_AT_DECODE_LAT_50                 0        0.000%                0        0.000%
MAIN_BRANCH_RESOLVE_AT_DECODE_LAT_51                 0        0.000%                0        0.000%
MAIN_BRANCH_RESOLVE_AT_DECODE_LAT_52                 0        0.000%                0        0.000%
MAIN_BRANCH_RESOLVE_AT_DECODE_LAT_53                 0        0.000%                0        0.000%
MAIN_BRANCH_RESOLVE_AT_DECODE_LAT_54                 0        0.000%                0        0.000%
MAIN_BRANCH_RESOLVE_AT_DECODE_LAT_55                 1        0.350%                1        0.350%
MAIN_BRANCH_RESOLVE_AT_DECODE_LAT_56                 2        0.699%                2        0.699%
MAIN_BRANCH_RESOLVE_AT_DECODE_LAT_57                 1        0.350%                1        0.350%
MAIN_BRANCH_RESOLVE_AT_DECODE_LAT_58                 0        0.000%                0        0.000%
MAIN_BRANCH_RESOLVE_AT_DECODE_LAT_59                 1        0.350%                1        0.350%
MAIN_BRANCH_RESOLVE_AT_DECODE_LAT_60                 0        0.000%                0        0.000%
MAIN_BRANCH_RESOLVE_AT_DECODE_LAT_61                 0        0.000%                0        0.000%
MAIN_BRANCH_RESOLVE_AT_DECODE_LAT_62                 1        0.350%                1        0.350%
MAIN_BRANCH_RESOLVE_AT_DECODE_LAT_63                 0        0.000%                0        0.000%
MAIN_BRANCH_RESOLVE_AT_DECODE_LAT_64                 0        0.000%                0        0.000%
MAIN_BRANCH_RESOLVE_AT_DECODE_LAT_65                 0        0.000%                0        0.000%
MAIN_BRANCH_RESOLVE_AT_DECODE_LAT_66                 0        0.000%                0        0.000%
MAIN_BRANCH_RESOLVE_AT_DECODE_LAT_67                 1        0.350%                1        0.350%
MAIN_BRANCH_RESOLVE_AT_DECODE_LAT_68                 0        0.000%                0        0.000%
MAIN_BRANCH_RESOLVE_AT_DECODE_LAT_69                 1        0.350%                1        0.350%
MAIN_BRANCH_RESOLVE_AT_DECODE_LAT_70                 0        0.000%                0        0.000%
MAIN_BRANCH_RESOLVE_AT_DECODE_LAT_71                 0        0.000%                0        0.000%
MAIN_BRANCH_RESOLVE_AT_DECODE_LAT_72                 0        0.000%                0        0.000%
MAIN_BRANCH_RESOLVE_AT_DECODE_LAT_73                 0        0.000%                0        0.000%
MAIN_BRANCH_RESOLVE_AT_DECODE_LAT_74                 0        0.000%                0        0.000%
MAIN_BRANCH_RESOLVE_AT_DECODE_LAT_75                 0        0.000%                0        0.000%
MAIN_BRANCH_RESOLVE_AT_DECODE_LAT_76                 0        0.000%                0        0.000%
MAIN_BRANCH_RESOLVE_AT_DECODE_LAT_77                 0        0.000%                0        0.000%
MAIN_BRANCH_RESOLVE_AT_DECODE_LAT_78                 0        0.000%                0        0.000%
MAIN_BRANCH_RESOLVE_AT_DECODE_LAT_79                 1        0.350%                1        0.350%
MAIN_BRANCH_RESOLVE_AT_DECODE_LAT_80                 0        0.000%                0        0.000%
MAIN_BRANCH_RESOLVE_AT_DECODE_LAT_81                 0        0.000%                0        0.000%
MAIN_BRANCH_RESOLVE_AT_DECODE_LAT_82                 0        0.000%                0        0.000%
MAIN_BRANCH_RESOLVE_AT_DECODE_LAT_83                 0        0.000%                0        0.000%
MAIN_BRANCH_RESOLVE_AT_DECODE_LAT_84                 0        0.000%                0        0.000%
MAIN_BRANCH_RESOLVE_AT_DECODE_LAT_85                 0        0.000%                0        0.000%
MAIN_BRANCH_RESOLVE_AT_DECODE_LAT_86                 0        0.000%                0        0.000%
MAIN_BRANCH_RESOLVE_AT_DECODE_LAT_87                 0        0.000%                0        0.000%
MAIN_BRANCH_RESOLVE_AT_DECODE_LAT_88                 0        0.000%                0        0.000%
MAIN_BRANCH_RESOLVE_AT_DECODE_LAT_89                 0        0.000%                0        0.000%
MAIN_BRANCH_RESOLVE_AT_DECODE_LAT_90                 0        0.000%                0        0.000%
MAIN_BRANCH_RESOLVE_AT_DECODE_LAT_91                 0        0.000%                0        0.000%
MAIN_BRANCH_RESOLVE_AT_DECODE_LAT_92                 0        0.000%                0        0.000%
MAIN_BRANCH_RESOLVE_AT_DECODE_LAT_93                 0        0.000%                0        0.000%
MAIN_BRANCH_RESOLVE_AT_DECODE_LAT_94                 0        0.000%                0        0.000%
MAIN_BRANCH_RESOLVE_AT_DECODE_LAT_95                 1        0.350%                1        0.350%
MAIN_BRANCH_RESOLVE_AT_DECODE_LAT_96                 1        0.350%                1        0.350%
MAIN_BRANCH_RESOLVE_AT_DECODE_LAT_97                 0        0.000%                0        0.000%
MAIN_BRANCH_RESOLVE_AT_DECODE_LAT_98                 0        0.000%                0        0.000%
MAIN_BRANCH_RESOLVE_AT_DECODE_LAT_99                 0        0.000%                0        0.000%
MAIN_BRANCH_RESOLVE_AT_DECODE_LAT_100                0        0.000%                0        0.000%
MAIN_BRANCH_RESOLVE_AT_DECODE_LAT_GT100             53       18.531%               53       18.531%
                                                   286      100.000%              286      100.000%
                                                 28.43        38.45             28.43        38.45

MAIN_BRANCH_RESOLVE_AT_EXEC_LAT_1                    0        0.000%                0        0.000%
MAIN_BRANCH_RESOLVE_AT_EXEC_LAT_2                    0        0.000%                0        0.000%
MAIN_BRANCH_RESOLVE_AT_EXEC_LAT_3                    0        0.000%                0        0.000%
MAIN_BRANCH_RESOLVE_AT_EXEC_LAT_4                    0        0.000%                0        0.000%
MAIN_BRANCH_RESOLVE_AT_EXEC_LAT_5                    0        0.000%                0        0.000%
MAIN_BRANCH_RESOLVE_AT_EXEC_LAT_6                    0        0.000%                0        0.000%
MAIN_BRANCH_RESOLVE_AT_EXEC_LAT_7                    0        0.000%                0        0.000%
MAIN_BRANCH_RESOLVE_AT_EXEC_LAT_8                    0        0.000%                0        0.000%
MAIN_BRANCH_RESOLVE_AT_EXEC_LAT_9                    0        0.000%                0        0.000%
MAIN_BRANCH_RESOLVE_AT_EXEC_LAT_10                   2        0.014%                2        0.014%
MAIN_BRANCH_RESOLVE_AT_EXEC_LAT_11                 871        6.067%              871        6.067%
MAIN_BRANCH_RESOLVE_AT_EXEC_LAT_12                 641        4.465%              641        4.465%
MAIN_BRANCH_RESOLVE_AT_EXEC_LAT_13                 642        4.472%              642        4.472%
MAIN_BRANCH_RESOLVE_AT_EXEC_LAT_14                 221        1.539%              221        1.539%
MAIN_BRANCH_RESOLVE_AT_EXEC_LAT_15                  25        0.174%               25        0.174%
MAIN_BRANCH_RESOLVE_AT_EXEC_LAT_16                  15        0.104%               15        0.104%
MAIN_BRANCH_RESOLVE_AT_EXEC_LAT_17                 173        1.205%              173        1.205%
MAIN_BRANCH_RESOLVE_AT_EXEC_LAT_18                 764        5.322%              764        5.322%
MAIN_BRANCH_RESOLVE_AT_EXEC_LAT_19                 269        1.874%              269        1.874%
MAIN_BRANCH_RESOLVE_AT_EXEC_LAT_20                  97        0.676%               97        0.676%
MAIN_BRANCH_RESOLVE_AT_EXEC_LAT_21                 232        1.616%              232        1.616%
MAIN_BRANCH_RESOLVE_AT_EXEC_LAT_22                  64        0.446%               64        0.446%
MAIN_BRANCH_RESOLVE_AT_EXEC_LAT_23                  46        0.320%               46        0.320%
MAIN_BRANCH_RESOLVE_AT_EXEC_LAT_24                 599        4.172%              599        4.172%
MAIN_BRANCH_RESOLVE_AT_EXEC_LAT_25                  74        0.515%               74        0.515%
MAIN_BRANCH_RESOLVE_AT_EXEC_LAT_26                  64        0.446%               64        0.446%
MAIN_BRANCH_RESOLVE_AT_EXEC_LAT_27                  93        0.648%               93        0.648%
MAIN_BRANCH_RESOLVE_AT_EXEC_LAT_28                 438        3.051%              438        3.051%
MAIN_BRANCH_RESOLVE_AT_EXEC_LAT_29                 318        2.215%              318        2.215%
MAIN_BRANCH_RESOLVE_AT_EXEC_LAT_30                 264        1.839%              264        1.839%
MAIN_BRANCH_RESOLVE_AT_EXEC_LAT_31                 109        0.759%              109        0.759%
MAIN_BRANCH_RESOLVE_AT_EXEC_LAT_32                2446       17.038%             2446       17.038%
MAIN_BRANCH_RESOLVE_AT_EXEC_LAT_33                2682       18.682%             2682       18.682%
MAIN_BRANCH_RESOLVE_AT_EXEC_LAT_34                1542       10.741%             1542       10.741%
MAIN_BRANCH_RESOLVE_AT_EXEC_LAT_35                 214        1.491%              214        1.491%
MAIN_BRANCH_RESOLVE_AT_EXEC_LAT_36                 220        1.532%              220        1.532%
MAIN_BRANCH_RESOLVE_AT_EXEC_LAT_37                  16        0.111%               16        0.111%
MAIN_BRANCH_RESOLVE_AT_EXEC_LAT_38                 161        1.121%              161        1.121%
MAIN_BRANCH_RESOLVE_AT_EXEC_LAT_39                 121        0.843%              121        0.843%
MAIN_BRANCH_RESOLVE_AT_EXEC_LAT_40                 165        1.149%              165        1.149%
MAIN_BRANCH_RESOLVE_AT_EXEC_LAT_41                  16        0.111%               16        0.111%
MAIN_BRANCH_RESOLVE_AT_EXEC_LAT_42                  19        0.132%               19        0.132%
MAIN_BRANCH_RESOLVE_AT_EXEC_LAT_43                   7        0.049%                7        0.049%
MAIN_BRANCH_RESOLVE_AT_EXEC_LAT_44                  11        0.077%               11        0.077%
MAIN_BRANCH_RESOLVE_AT_EXEC_LAT_45                  20        0.139%               20        0.139%
MAIN_BRANCH_RESOLVE_AT_EXEC_LAT_46                   2        0.014%                2        0.014%
MAIN_BRANCH_RESOLVE_AT_EXEC_LAT_47                   2        0.014%                2        0.014%
MAIN_BRANCH_RESOLVE_AT_EXEC_LAT_48                   4        0.028%                4        0.028%
MAIN_BRANCH_RESOLVE_AT_EXEC_LAT_49                   6        0.042%                6        0.042%
MAIN_BRANCH_RESOLVE_AT_EXEC_LAT_50                   5        0.035%                5        0.035%
MAIN_BRANCH_RESOLVE_AT_EXEC_LAT_51                  15        0.104%               15        0.104%
MAIN_BRANCH_RESOLVE_AT_EXEC_LAT_52                   6        0.042%                6        0.042%
MAIN_BRANCH_RESOLVE_AT_EXEC_LAT_53                  11        0.077%               11        0.077%
MAIN_BRANCH_RESOLVE_AT_EXEC_LAT_54                   2        0.014%                2        0.014%
MAIN_BRANCH_RESOLVE_AT_EXEC_LAT_55                   5        0.035%                5        0.035%
MAIN_BRANCH_RESOLVE_AT_EXEC_LAT_56                   3        0.021%                3        0.021%
MAIN_BRANCH_RESOLVE_AT_EXEC_LAT_57                   8        0.056%                8        0.056%
MAIN_BRANCH_RESOLVE_AT_EXEC_LAT_58                   1        0.007%                1        0.007%
MAIN_BRANCH_RESOLVE_AT_EXEC_LAT_59                   1        0.007%                1        0.007%
MAIN_BRANCH_RESOLVE_AT_EXEC_LAT_60                   3        0.021%                3        0.021%
MAIN_BRANCH_RESOLVE_AT_EXEC_LAT_61                   2        0.014%                2        0.014%
MAIN_BRANCH_RESOLVE_AT_EXEC_LAT_62                   1        0.007%                1        0.007%
MAIN_BRANCH_RESOLVE_AT_EXEC_LAT_63                   8        0.056%                8        0.056%
MAIN_BRANCH_RESOLVE_AT_EXEC_LAT_64                   1        0.007%                1        0.007%
MAIN_BRANCH_RESOLVE_AT_EXEC_LAT_65                  47        0.327%               47        0.327%
MAIN_BRANCH_RESOLVE_AT_EXEC_LAT_66                   0        0.000%                0        0.000%
MAIN_BRANCH_RESOLVE_AT_EXEC_LAT_67                   1        0.007%                1        0.007%
MAIN_BRANCH_RESOLVE_AT_EXEC_LAT_68                  28        0.195%               28        0.195%
MAIN_BRANCH_RESOLVE_AT_EXEC_LAT_69                  17        0.118%               17        0.118%
MAIN_BRANCH_RESOLVE_AT_EXEC_LAT_70                   2        0.014%                2        0.014%
MAIN_BRANCH_RESOLVE_AT_EXEC_LAT_71                   1        0.007%                1        0.007%
MAIN_BRANCH_RESOLVE_AT_EXEC_LAT_72                   2        0.014%                2        0.014%
MAIN_BRANCH_RESOLVE_AT_EXEC_LAT_73                   2        0.014%                2        0.014%
MAIN_BRANCH_RESOLVE_AT_EXEC_LAT_74                   1        0.007%                1        0.007%
MAIN_BRANCH_RESOLVE_AT_EXEC_LAT_75                   2        0.014%                2        0.014%
MAIN_BRANCH_RESOLVE_AT_EXEC_LAT_76                  11        0.077%               11        0.077%
MAIN_BRANCH_RESOLVE_AT_EXEC_LAT_77                   4        0.028%                4        0.028%
MAIN_BRANCH_RESOLVE_AT_EXEC_LAT_78                   3        0.021%                3        0.021%
MAIN_BRANCH_RESOLVE_AT_EXEC_LAT_79                  10        0.070%               10        0.070%
MAIN_BRANCH_RESOLVE_AT_EXEC_LAT_80                   2        0.014%                2        0.014%
MAIN_BRANCH_RESOLVE_AT_EXEC_LAT_81                   4        0.028%                4        0.028%
MAIN_BRANCH_RESOLVE_AT_EXEC_LAT_82                   1        0.007%                1        0.007%
MAIN_BRANCH_RESOLVE_AT_EXEC_LAT_83                   1        0.007%                1        0.007%
MAIN_BRANCH_RESOLVE_AT_EXEC_LAT_84                   0        0.000%                0        0.000%
MAIN_BRANCH_RESOLVE_AT_EXEC_LAT_85                   3        0.021%                3        0.021%
MAIN_BRANCH_RESOLVE_AT_EXEC_LAT_86                   2        0.014%                2        0.014%
MAIN_BRANCH_RESOLVE_AT_EXEC_LAT_87                   0        0.000%                0        0.000%
MAIN_BRANCH_RESOLVE_AT_EXEC_LAT_88                   0        0.000%                0        0.000%
MAIN_BRANCH_RESOLVE_AT_EXEC_LAT_89                   0        0.000%                0        0.000%
MAIN_BRANCH_RESOLVE_AT_EXEC_LAT_90                   0        0.000%                0        0.000%
MAIN_BRANCH_RESOLVE_AT_EXEC_LAT_91                   0        0.000%                0        0.000%
MAIN_BRANCH_RESOLVE_AT_EXEC_LAT_92                   1        0.007%                1        0.007%
MAIN_BRANCH_RESOLVE_AT_EXEC_LAT_93                   0        0.000%                0        0.000%
MAIN_BRANCH_RESOLVE_AT_EXEC_LAT_94                   1        0.007%                1        0.007%
MAIN_BRANCH_RESOLVE_AT_EXEC_LAT_95                   0        0.000%                0        0.000%
MAIN_BRANCH_RESOLVE_AT_EXEC_LAT_96                   0        0.000%                0        0.000%
MAIN_BRANCH_RESOLVE_AT_EXEC_LAT_97                   0        0.000%                0        0.000%
MAIN_BRANCH_RESOLVE_AT_EXEC_LAT_98                   0        0.000%                0        0.000%
MAIN_BRANCH_RESOLVE_AT_EXEC_LAT_99                   0        0.000%                0        0.000%
MAIN_BRANCH_RESOLVE_AT_EXEC_LAT_100                  0        0.000%                0        0.000%
MAIN_BRANCH_RESOLVE_AT_EXEC_LAT_GT100              463        3.225%              463        3.225%
                                                 14356      100.000%            14356      100.000%
                                                 29.03        17.01             29.03        17.01

PRED_TO_UPDATE_CYCLES_0                              0         -nan%                0         -nan%
PRED_TO_UPDATE_CYCLES_1                              0         -nan%                0         -nan%
PRED_TO_UPDATE_CYCLES_2                              0         -nan%                0         -nan%
PRED_TO_UPDATE_CYCLES_3                              0         -nan%                0         -nan%
PRED_TO_UPDATE_CYCLES_4                              0         -nan%                0         -nan%
PRED_TO_UPDATE_CYCLES_5                              0         -nan%                0         -nan%
PRED_TO_UPDATE_CYCLES_6                              0         -nan%                0         -nan%
PRED_TO_UPDATE_CYCLES_7                              0         -nan%                0         -nan%
PRED_TO_UPDATE_CYCLES_8                              0         -nan%                0         -nan%
PRED_TO_UPDATE_CYCLES_9                              0         -nan%                0         -nan%
PRED_TO_UPDATE_CYCLES_10                             0         -nan%                0         -nan%
PRED_TO_UPDATE_CYCLES_11                             0         -nan%                0         -nan%
PRED_TO_UPDATE_CYCLES_12                             0         -nan%                0         -nan%
PRED_TO_UPDATE_CYCLES_13                             0         -nan%                0         -nan%
PRED_TO_UPDATE_CYCLES_14                             0         -nan%                0         -nan%
PRED_TO_UPDATE_CYCLES_15                             0         -nan%                0         -nan%
PRED_TO_UPDATE_CYCLES_16                             0         -nan%                0         -nan%
PRED_TO_UPDATE_CYCLES_17                             0         -nan%                0         -nan%
PRED_TO_UPDATE_CYCLES_18                             0         -nan%                0         -nan%
PRED_TO_UPDATE_CYCLES_19                             0         -nan%                0         -nan%
PRED_TO_UPDATE_CYCLES_20                             0         -nan%                0         -nan%
PRED_TO_UPDATE_CYCLES_21                             0         -nan%                0         -nan%
PRED_TO_UPDATE_CYCLES_22                             0         -nan%                0         -nan%
PRED_TO_UPDATE_CYCLES_23                             0         -nan%                0         -nan%
PRED_TO_UPDATE_CYCLES_24                             0         -nan%                0         -nan%
PRED_TO_UPDATE_CYCLES_25                             0         -nan%                0         -nan%
PRED_TO_UPDATE_CYCLES_26                             0         -nan%                0         -nan%
PRED_TO_UPDATE_CYCLES_27                             0         -nan%                0         -nan%
PRED_TO_UPDATE_CYCLES_28                             0         -nan%                0         -nan%
PRED_TO_UPDATE_CYCLES_29                             0         -nan%                0         -nan%
PRED_TO_UPDATE_CYCLES_30                             0         -nan%                0         -nan%
                                                     0         -nan%                0         -nan%
                                                  -nan         -nan              -nan         -nan

BP_ON_PATH_CONF_RECOVER_AT_EXEC                      0         -nan%                0         -nan%
BP_ON_PATH_CONF_CORRECT                              0         -nan%                0         -nan%
                                                     0         -nan%                0         -nan%
                                                  -nan         -nan              -nan         -nan

BP_OFF_PATH_CONF_RECOVER_AT_EXEC                     0         -nan%                0         -nan%
BP_OFF_PATH_CONF_CORRECT                             0         -nan%                0         -nan%
                                                     0         -nan%                0         -nan%
                                                  -nan         -nan              -nan         -nan

BP_ON_PATH_PRED_MIS_CONF_RECOVER_AT_EXEC             0         -nan%                0         -nan%
BP_ON_PATH_PRED_MIS_CONF_CORRECT                     0         -nan%                0         -nan%
                                                     0         -nan%                0         -nan%
                                                  -nan         -nan              -nan         -nan

BP_ON_PATH_PRED_COR_CONF_RECOVER_AT_EXEC             0         -nan%                0         -nan%
BP_ON_PATH_PRED_COR_CONF_CORRECT                     0         -nan%                0         -nan%
                                                     0         -nan%                0         -nan%
                                                  -nan         -nan              -nan         -nan

BP_OFF_PATH_PRED_MIS_CONF_RECOVER_AT_EXEC             0         -nan%                0         -nan%
BP_OFF_PATH_PRED_MIS_CONF_CORRECT                    0         -nan%                0         -nan%
                                                     0         -nan%                0         -nan%
                                                  -nan         -nan              -nan         -nan

BP_OFF_PATH_PRED_COR_CONF_RECOVER_AT_EXEC             0         -nan%                0         -nan%
BP_OFF_PATH_PRED_COR_CONF_CORRECT                    0         -nan%                0         -nan%
                                                     0         -nan%                0         -nan%
                                                  -nan         -nan              -nan         -nan

ONPATH_CONF_RECOVER_AT_EXEC                          0         -nan%                0         -nan%
ONPATH_CONF_CORRECT                                  0         -nan%                0         -nan%
                                                     0         -nan%                0         -nan%
                                                  -nan         -nan              -nan         -nan

ONPATH_ON_PATH_CONF_RECOVER_AT_EXEC                  0         -nan%                0         -nan%
ONPATH_ON_PATH_CONF_CORRECT                          0         -nan%                0         -nan%
                                                     0         -nan%                0         -nan%
                                                  -nan         -nan              -nan         -nan

ONPATH_OFF_PATH_CONF_RECOVER_AT_EXEC                 0         -nan%                0         -nan%
ONPATH_OFF_PATH_CONF_CORRECT                         0         -nan%                0         -nan%
                                                     0         -nan%                0         -nan%
                                                  -nan         -nan              -nan         -nan

PRED_ONPATH_CONF_RECOVER_AT_EXEC                     0         -nan%                0         -nan%
PRED_ONPATH_CONF_CORRECT                             0         -nan%                0         -nan%
                                                     0         -nan%                0         -nan%
                                                  -nan         -nan              -nan         -nan

PRED_OFFPATH_CONF_RECOVER_AT_EXEC                    0         -nan%                0         -nan%
PRED_OFFPATH_CONF_CORRECT                            0         -nan%                0         -nan%
                                                     0         -nan%                0         -nan%
                                                  -nan         -nan              -nan         -nan

LONG_OVWT_MIS                                        0         -nan%                0         -nan%
LONG_OVWT_COR                                        0         -nan%                0         -nan%
                                                     0         -nan%                0         -nan%
                                                  -nan         -nan              -nan         -nan

OPC_LENGTH_0_7_MIS                                   0         -nan%                0         -nan%
OPC_LENGTH_0_7_COR                                   0         -nan%                0         -nan%
                                                     0         -nan%                0         -nan%
                                                  -nan         -nan              -nan         -nan

OPC_LENGTH_8_15_MIS                                  0         -nan%                0         -nan%
OPC_LENGTH_8_15_COR                                  0         -nan%                0         -nan%
                                                     0         -nan%                0         -nan%
                                                  -nan         -nan              -nan         -nan

OPC_LENGTH_16_23_MIS                                 0         -nan%                0         -nan%
OPC_LENGTH_16_23_COR                                 0         -nan%                0         -nan%
                                                     0         -nan%                0         -nan%
                                                  -nan         -nan              -nan         -nan

OPC_LENGTH_24_31_MIS                                 0         -nan%                0         -nan%
OPC_LENGTH_24_31_COR                                 0         -nan%                0         -nan%
                                                     0         -nan%                0         -nan%
                                                  -nan         -nan              -nan         -nan

OPC_LENGTH_32_39_MIS                                 0         -nan%                0         -nan%
OPC_LENGTH_32_39_COR                                 0         -nan%                0         -nan%
                                                     0         -nan%                0         -nan%
                                                  -nan         -nan              -nan         -nan

OPC_LENGTH_40_47_MIS                                 0         -nan%                0         -nan%
OPC_LENGTH_40_47_COR                                 0         -nan%                0         -nan%
                                                     0         -nan%                0         -nan%
                                                  -nan         -nan              -nan         -nan

OPC_LENGTH_48_55_MIS                                 0         -nan%                0         -nan%
OPC_LENGTH_48_55_COR                                 0         -nan%                0         -nan%
                                                     0         -nan%                0         -nan%
                                                  -nan         -nan              -nan         -nan

OPC_LENGTH_56_63_MIS                                 0         -nan%                0         -nan%
OPC_LENGTH_56_63_COR                                 0         -nan%                0         -nan%
                                                     0         -nan%                0         -nan%
                                                  -nan         -nan              -nan         -nan

OPC_LENGTH_64_71_MIS                                 0         -nan%                0         -nan%
OPC_LENGTH_64_71_COR                                 0         -nan%                0         -nan%
                                                     0         -nan%                0         -nan%
                                                  -nan         -nan              -nan         -nan

OPC_LENGTH_72_79_MIS                                 0         -nan%                0         -nan%
OPC_LENGTH_72_79_COR                                 0         -nan%                0         -nan%
                                                     0         -nan%                0         -nan%
                                                  -nan         -nan              -nan         -nan

OPC_LENGTH_80_MIS                                    0         -nan%                0         -nan%
OPC_LENGTH_80_COR                                    0         -nan%                0         -nan%
                                                     0         -nan%                0         -nan%
                                                  -nan         -nan              -nan         -nan

ALL_ONES_MIS                                         0         -nan%                0         -nan%
ALL_ONES_COR                                         0         -nan%                0         -nan%
                                                     0         -nan%                0         -nan%
                                                  -nan         -nan              -nan         -nan

FIRST_ONE_MIS                                        0         -nan%                0         -nan%
FIRST_ONE_COR                                        0         -nan%                0         -nan%
                                                     0         -nan%                0         -nan%
                                                  -nan         -nan              -nan         -nan

ZEROS_0_1_MIS                                        0         -nan%                0         -nan%
ZEROS_0_1_COR                                        0         -nan%                0         -nan%
                                                     0         -nan%                0         -nan%
                                                  -nan         -nan              -nan         -nan

ZEROS_2_3_MIS                                        0         -nan%                0         -nan%
ZEROS_2_3_COR                                        0         -nan%                0         -nan%
                                                     0         -nan%                0         -nan%
                                                  -nan         -nan              -nan         -nan

ZEROS_4_5_MIS                                        0         -nan%                0         -nan%
ZEROS_4_5_COR                                        0         -nan%                0         -nan%
                                                     0         -nan%                0         -nan%
                                                  -nan         -nan              -nan         -nan

ZEROS_6_7_MIS                                        0         -nan%                0         -nan%
ZEROS_6_7_COR                                        0         -nan%                0         -nan%
                                                     0         -nan%                0         -nan%
                                                  -nan         -nan              -nan         -nan

ZEROS_8_9_MIS                                        0         -nan%                0         -nan%
ZEROS_8_9_COR                                        0         -nan%                0         -nan%
                                                     0         -nan%                0         -nan%
                                                  -nan         -nan              -nan         -nan

ZEROS_10_11_MIS                                      0         -nan%                0         -nan%
ZEROS_10_11_COR                                      0         -nan%                0         -nan%
                                                     0         -nan%                0         -nan%
                                                  -nan         -nan              -nan         -nan

ZEROS_12_13_MIS                                      0         -nan%                0         -nan%
ZEROS_12_13_COR                                      0         -nan%                0         -nan%
                                                     0         -nan%                0         -nan%
                                                  -nan         -nan              -nan         -nan

ZEROS_14_15_MIS                                      0         -nan%                0         -nan%
ZEROS_14_15_COR                                      0         -nan%                0         -nan%
                                                     0         -nan%                0         -nan%
                                                  -nan         -nan              -nan         -nan

ZEROS_16_MIS                                         0         -nan%                0         -nan%
ZEROS_16_COR                                         0         -nan%                0         -nan%
                                                     0         -nan%                0         -nan%
                                                  -nan         -nan              -nan         -nan

GS2BC_GSHARE                                         0         -nan%                0         -nan%
GS2BC_2BC                                            0         -nan%                0         -nan%
                                                     0         -nan%                0         -nan%
                                                  -nan         -nan              -nan         -nan

GSKEW2BC_VOTE                                        0         -nan%                0         -nan%
GSKEW2BC_2BC                                         0         -nan%                0         -nan%
                                                     0         -nan%                0         -nan%
                                                  -nan         -nan              -nan         -nan

FUTGSHARE_INIT_ON_PATH_CORRECT                       0         -nan%                0         -nan%
FUTGSHARE_INIT_ON_PATH_RECOVER_AT_EXEC               0         -nan%                0         -nan%
                                                     0         -nan%                0         -nan%
                                                  -nan         -nan              -nan         -nan

FUTGSHARE_INIT_OFF_PATH_CORRECT                      0         -nan%                0         -nan%
FUTGSHARE_INIT_OFF_PATH_RECOVER_AT_EXEC              0         -nan%                0         -nan%
                                                     0         -nan%                0         -nan%
                                                  -nan         -nan              -nan         -nan

FUTGSHARE_CHANGED_CORRECTED_ON_PATH                  0         -nan%                0         -nan%
FUTGSHARE_CHANGED_SCREWED_ON_PATH                    0         -nan%                0         -nan%
                                                     0         -nan%                0         -nan%
                                                  -nan         -nan              -nan         -nan

FUTGSHARE_CHANGED_CORRECTED_OFF_PATH                 0         -nan%                0         -nan%
FUTGSHARE_CHANGED_SCREWED_OFF_PATH                   0         -nan%                0         -nan%
                                                     0         -nan%                0         -nan%
                                                  -nan         -nan              -nan         -nan

FUTGSHARE_ORIG_CORRECT_FUT_CORRECT_ON_PATH             0         -nan%                0         -nan%
FUTGSHARE_ORIG_RECOVER_AT_EXEC_FUT_CORRECT_ON_PATH             0         -nan%                0         -nan%
FUTGSHARE_ORIG_CORRECT_FUT_RECOVER_AT_EXEC_ON_PATH             0         -nan%                0         -nan%
FUTGSHARE_ORIG_RECOVER_AT_EXEC_FUT_RECOVER_AT_EXEC_ON_PATH             0         -nan%                0         -nan%
                                                     0         -nan%                0         -nan%
                                                  -nan         -nan              -nan         -nan

FUTGSHARE_ORIG_CORRECT_FUT_CORRECT_OFF_PATH             0         -nan%                0         -nan%
FUTGSHARE_ORIG_RECOVER_AT_EXEC_FUT_CORRECT_OFF_PATH             0         -nan%                0         -nan%
FUTGSHARE_ORIG_CORRECT_FUT_RECOVER_AT_EXEC_OFF_PATH             0         -nan%                0         -nan%
FUTGSHARE_ORIG_RECOVER_AT_EXEC_FUT_RECOVER_AT_EXEC_OFF_PATH             0         -nan%                0         -nan%
                                                     0         -nan%                0         -nan%
                                                  -nan         -nan              -nan         -nan

FUTGSHARE_ON_PATH_CORRECT_0                          0         -nan%                0         -nan%
FUTGSHARE_ON_PATH_RECOVER_AT_EXEC_0                  0         -nan%                0         -nan%
                                                     0         -nan%                0         -nan%
                                                  -nan         -nan              -nan         -nan

FUTGSHARE_OFF_PATH_CORRECT_0                         0         -nan%                0         -nan%
FUTGSHARE_OFF_PATH_RECOVER_AT_EXEC_0                 0         -nan%                0         -nan%
                                                     0         -nan%                0         -nan%
                                                  -nan         -nan              -nan         -nan

FUTGSHARE_ON_PATH_CORRECT_1                          0         -nan%                0         -nan%
FUTGSHARE_ON_PATH_RECOVER_AT_EXEC_1                  0         -nan%                0         -nan%
                                                     0         -nan%                0         -nan%
                                                  -nan         -nan              -nan         -nan

FUTGSHARE_OFF_PATH_CORRECT_1                         0         -nan%                0         -nan%
FUTGSHARE_OFF_PATH_RECOVER_AT_EXEC_1                 0         -nan%                0         -nan%
                                                     0         -nan%                0         -nan%
                                                  -nan         -nan              -nan         -nan

FUTGSHARE_ON_PATH_CORRECT_2                          0         -nan%                0         -nan%
FUTGSHARE_ON_PATH_RECOVER_AT_EXEC_2                  0         -nan%                0         -nan%
                                                     0         -nan%                0         -nan%
                                                  -nan         -nan              -nan         -nan

FUTGSHARE_OFF_PATH_CORRECT_2                         0         -nan%                0         -nan%
FUTGSHARE_OFF_PATH_RECOVER_AT_EXEC_2                 0         -nan%                0         -nan%
                                                     0         -nan%                0         -nan%
                                                  -nan         -nan              -nan         -nan

FUTGSHARE_ON_PATH_CORRECT_3                          0         -nan%                0         -nan%
FUTGSHARE_ON_PATH_RECOVER_AT_EXEC_3                  0         -nan%                0         -nan%
                                                     0         -nan%                0         -nan%
                                                  -nan         -nan              -nan         -nan

FUTGSHARE_OFF_PATH_CORRECT_3                         0         -nan%                0         -nan%
FUTGSHARE_OFF_PATH_RECOVER_AT_EXEC_3                 0         -nan%                0         -nan%
                                                     0         -nan%                0         -nan%
                                                  -nan         -nan              -nan         -nan

FUTGSHARE_ON_PATH_CORRECT_4                          0         -nan%                0         -nan%
FUTGSHARE_ON_PATH_RECOVER_AT_EXEC_4                  0         -nan%                0         -nan%
                                                     0         -nan%                0         -nan%
                                                  -nan         -nan              -nan         -nan

FUTGSHARE_OFF_PATH_CORRECT_4                         0         -nan%                0         -nan%
FUTGSHARE_OFF_PATH_RECOVER_AT_EXEC_4                 0         -nan%                0         -nan%
                                                     0         -nan%                0         -nan%
                                                  -nan         -nan              -nan         -nan

FUTGSHARE_ON_PATH_CORRECT_5                          0         -nan%                0         -nan%
FUTGSHARE_ON_PATH_RECOVER_AT_EXEC_5                  0         -nan%                0         -nan%
                                                     0         -nan%                0         -nan%
                                                  -nan         -nan              -nan         -nan

FUTGSHARE_OFF_PATH_CORRECT_5                         0         -nan%                0         -nan%
FUTGSHARE_OFF_PATH_RECOVER_AT_EXEC_5                 0         -nan%                0         -nan%
                                                     0         -nan%                0         -nan%
                                                  -nan         -nan              -nan         -nan

FUTGSHARE_ON_PATH_CORRECT_6                          0         -nan%                0         -nan%
FUTGSHARE_ON_PATH_RECOVER_AT_EXEC_6                  0         -nan%                0         -nan%
                                                     0         -nan%                0         -nan%
                                                  -nan         -nan              -nan         -nan

FUTGSHARE_OFF_PATH_CORRECT_6                         0         -nan%                0         -nan%
FUTGSHARE_OFF_PATH_RECOVER_AT_EXEC_6                 0         -nan%                0         -nan%
                                                     0         -nan%                0         -nan%
                                                  -nan         -nan              -nan         -nan

FUTGSHARE_ON_PATH_CORRECT_7                          0         -nan%                0         -nan%
FUTGSHARE_ON_PATH_RECOVER_AT_EXEC_7                  0         -nan%                0         -nan%
                                                     0         -nan%                0         -nan%
                                                  -nan         -nan              -nan         -nan

FUTGSHARE_OFF_PATH_CORRECT_7                         0         -nan%                0         -nan%
FUTGSHARE_OFF_PATH_RECOVER_AT_EXEC_7                 0         -nan%                0         -nan%
                                                     0         -nan%                0         -nan%
                                                  -nan         -nan              -nan         -nan

FUTGSHARE_ON_PATH_CORRECT_8                          0         -nan%                0         -nan%
FUTGSHARE_ON_PATH_RECOVER_AT_EXEC_8                  0         -nan%                0         -nan%
                                                     0         -nan%                0         -nan%
                                                  -nan         -nan              -nan         -nan

FUTGSHARE_OFF_PATH_CORRECT_8                         0         -nan%                0         -nan%
FUTGSHARE_OFF_PATH_RECOVER_AT_EXEC_8                 0         -nan%                0         -nan%
                                                     0         -nan%                0         -nan%
                                                  -nan         -nan              -nan         -nan

FUTGSHARE_ON_PATH_CORRECT_9                          0         -nan%                0         -nan%
FUTGSHARE_ON_PATH_RECOVER_AT_EXEC_9                  0         -nan%                0         -nan%
                                                     0         -nan%                0         -nan%
                                                  -nan         -nan              -nan         -nan

FUTGSHARE_OFF_PATH_CORRECT_9                         0         -nan%                0         -nan%
FUTGSHARE_OFF_PATH_RECOVER_AT_EXEC_9                 0         -nan%                0         -nan%
                                                     0         -nan%                0         -nan%
                                                  -nan         -nan              -nan         -nan

FUTGSHARE_ON_PATH_CORRECT_10                         0         -nan%                0         -nan%
FUTGSHARE_ON_PATH_RECOVER_AT_EXEC_10                 0         -nan%                0         -nan%
                                                     0         -nan%                0         -nan%
                                                  -nan         -nan              -nan         -nan

FUTGSHARE_OFF_PATH_CORRECT_10                        0         -nan%                0         -nan%
FUTGSHARE_OFF_PATH_RECOVER_AT_EXEC_10                0         -nan%                0         -nan%
                                                     0         -nan%                0         -nan%
                                                  -nan         -nan              -nan         -nan

FUTGSHARE_ON_PATH_CORRECT_11                         0         -nan%                0         -nan%
FUTGSHARE_ON_PATH_RECOVER_AT_EXEC_11                 0         -nan%                0         -nan%
                                                     0         -nan%                0         -nan%
                                                  -nan         -nan              -nan         -nan

FUTGSHARE_OFF_PATH_CORRECT_11                        0         -nan%                0         -nan%
FUTGSHARE_OFF_PATH_RECOVER_AT_EXEC_11                0         -nan%                0         -nan%
                                                     0         -nan%                0         -nan%
                                                  -nan         -nan              -nan         -nan

FUTGSHARE_ON_PATH_CORRECT_12                         0         -nan%                0         -nan%
FUTGSHARE_ON_PATH_RECOVER_AT_EXEC_12                 0         -nan%                0         -nan%
                                                     0         -nan%                0         -nan%
                                                  -nan         -nan              -nan         -nan

FUTGSHARE_OFF_PATH_CORRECT_12                        0         -nan%                0         -nan%
FUTGSHARE_OFF_PATH_RECOVER_AT_EXEC_12                0         -nan%                0         -nan%
                                                     0         -nan%                0         -nan%
                                                  -nan         -nan              -nan         -nan

FUTGSHARE_ON_PATH_CORRECT_13                         0         -nan%                0         -nan%
FUTGSHARE_ON_PATH_RECOVER_AT_EXEC_13                 0         -nan%                0         -nan%
                                                     0         -nan%                0         -nan%
                                                  -nan         -nan              -nan         -nan

FUTGSHARE_OFF_PATH_CORRECT_13                        0         -nan%                0         -nan%
FUTGSHARE_OFF_PATH_RECOVER_AT_EXEC_13                0         -nan%                0         -nan%
                                                     0         -nan%                0         -nan%
                                                  -nan         -nan              -nan         -nan

FUTGSHARE_ON_PATH_CORRECT_14                         0         -nan%                0         -nan%
FUTGSHARE_ON_PATH_RECOVER_AT_EXEC_14                 0         -nan%                0         -nan%
                                                     0         -nan%                0         -nan%
                                                  -nan         -nan              -nan         -nan

FUTGSHARE_OFF_PATH_CORRECT_14                        0         -nan%                0         -nan%
FUTGSHARE_OFF_PATH_RECOVER_AT_EXEC_14                0         -nan%                0         -nan%
                                                     0         -nan%                0         -nan%
                                                  -nan         -nan              -nan         -nan

FUTGSHARE_ON_PATH_CORRECT_15                         0         -nan%                0         -nan%
FUTGSHARE_ON_PATH_RECOVER_AT_EXEC_15                 0         -nan%                0         -nan%
                                                     0         -nan%                0         -nan%
                                                  -nan         -nan              -nan         -nan

FUTGSHARE_OFF_PATH_CORRECT_15                        0         -nan%                0         -nan%
FUTGSHARE_OFF_PATH_RECOVER_AT_EXEC_15                0         -nan%                0         -nan%
                                                     0         -nan%                0         -nan%
                                                  -nan         -nan              -nan         -nan

FUTGSHARE_CHANGED_CORRECTED_ON_PATH_0                0         -nan%                0         -nan%
FUTGSHARE_CHANGED_SCREWED_ON_PATH_0                  0         -nan%                0         -nan%
                                                     0         -nan%                0         -nan%
                                                  -nan         -nan              -nan         -nan

FUTGSHARE_CHANGED_CORRECTED_OFF_PATH_0               0         -nan%                0         -nan%
FUTGSHARE_CHANGED_SCREWED_OFF_PATH_0                 0         -nan%                0         -nan%
                                                     0         -nan%                0         -nan%
                                                  -nan         -nan              -nan         -nan

FUTGSHARE_CHANGED_CORRECTED_ON_PATH_1                0         -nan%                0         -nan%
FUTGSHARE_CHANGED_SCREWED_ON_PATH_1                  0         -nan%                0         -nan%
                                                     0         -nan%                0         -nan%
                                                  -nan         -nan              -nan         -nan

FUTGSHARE_CHANGED_CORRECTED_OFF_PATH_1               0         -nan%                0         -nan%
FUTGSHARE_CHANGED_SCREWED_OFF_PATH_1                 0         -nan%                0         -nan%
                                                     0         -nan%                0         -nan%
                                                  -nan         -nan              -nan         -nan

FUTGSHARE_CHANGED_CORRECTED_ON_PATH_2                0         -nan%                0         -nan%
FUTGSHARE_CHANGED_SCREWED_ON_PATH_2                  0         -nan%                0         -nan%
                                                     0         -nan%                0         -nan%
                                                  -nan         -nan              -nan         -nan

FUTGSHARE_CHANGED_CORRECTED_OFF_PATH_2               0         -nan%                0         -nan%
FUTGSHARE_CHANGED_SCREWED_OFF_PATH_2                 0         -nan%                0         -nan%
                                                     0         -nan%                0         -nan%
                                                  -nan         -nan              -nan         -nan

FUTGSHARE_CHANGED_CORRECTED_ON_PATH_3                0         -nan%                0         -nan%
FUTGSHARE_CHANGED_SCREWED_ON_PATH_3                  0         -nan%                0         -nan%
                                                     0         -nan%                0         -nan%
                                                  -nan         -nan              -nan         -nan

FUTGSHARE_CHANGED_CORRECTED_OFF_PATH_3               0         -nan%                0         -nan%
FUTGSHARE_CHANGED_SCREWED_OFF_PATH_3                 0         -nan%                0         -nan%
                                                     0         -nan%                0         -nan%
                                                  -nan         -nan              -nan         -nan

FUTGSHARE_CHANGED_CORRECTED_ON_PATH_4                0         -nan%                0         -nan%
FUTGSHARE_CHANGED_SCREWED_ON_PATH_4                  0         -nan%                0         -nan%
                                                     0         -nan%                0         -nan%
                                                  -nan         -nan              -nan         -nan

FUTGSHARE_CHANGED_CORRECTED_OFF_PATH_4               0         -nan%                0         -nan%
FUTGSHARE_CHANGED_SCREWED_OFF_PATH_4                 0         -nan%                0         -nan%
                                                     0         -nan%                0         -nan%
                                                  -nan         -nan              -nan         -nan

FUTGSHARE_CHANGED_CORRECTED_ON_PATH_5                0         -nan%                0         -nan%
FUTGSHARE_CHANGED_SCREWED_ON_PATH_5                  0         -nan%                0         -nan%
                                                     0         -nan%                0         -nan%
                                                  -nan         -nan              -nan         -nan

FUTGSHARE_CHANGED_CORRECTED_OFF_PATH_5               0         -nan%                0         -nan%
FUTGSHARE_CHANGED_SCREWED_OFF_PATH_5                 0         -nan%                0         -nan%
                                                     0         -nan%                0         -nan%
                                                  -nan         -nan              -nan         -nan

FUTGSHARE_CHANGED_CORRECTED_ON_PATH_6                0         -nan%                0         -nan%
FUTGSHARE_CHANGED_SCREWED_ON_PATH_6                  0         -nan%                0         -nan%
                                                     0         -nan%                0         -nan%
                                                  -nan         -nan              -nan         -nan

FUTGSHARE_CHANGED_CORRECTED_OFF_PATH_6               0         -nan%                0         -nan%
FUTGSHARE_CHANGED_SCREWED_OFF_PATH_6                 0         -nan%                0         -nan%
                                                     0         -nan%                0         -nan%
                                                  -nan         -nan              -nan         -nan

FUTGSHARE_CHANGED_CORRECTED_ON_PATH_7                0         -nan%                0         -nan%
FUTGSHARE_CHANGED_SCREWED_ON_PATH_7                  0         -nan%                0         -nan%
                                                     0         -nan%                0         -nan%
                                                  -nan         -nan              -nan         -nan

FUTGSHARE_CHANGED_CORRECTED_OFF_PATH_7               0         -nan%                0         -nan%
FUTGSHARE_CHANGED_SCREWED_OFF_PATH_7                 0         -nan%                0         -nan%
                                                     0         -nan%                0         -nan%
                                                  -nan         -nan              -nan         -nan

FUTGSHARE_CHANGED_CORRECTED_ON_PATH_8                0         -nan%                0         -nan%
FUTGSHARE_CHANGED_SCREWED_ON_PATH_8                  0         -nan%                0         -nan%
                                                     0         -nan%                0         -nan%
                                                  -nan         -nan              -nan         -nan

FUTGSHARE_CHANGED_CORRECTED_OFF_PATH_8               0         -nan%                0         -nan%
FUTGSHARE_CHANGED_SCREWED_OFF_PATH_8                 0         -nan%                0         -nan%
                                                     0         -nan%                0         -nan%
                                                  -nan         -nan              -nan         -nan

FUTGSHARE_CHANGED_CORRECTED_ON_PATH_9                0         -nan%                0         -nan%
FUTGSHARE_CHANGED_SCREWED_ON_PATH_9                  0         -nan%                0         -nan%
                                                     0         -nan%                0         -nan%
                                                  -nan         -nan              -nan         -nan

FUTGSHARE_CHANGED_CORRECTED_OFF_PATH_9               0         -nan%                0         -nan%
FUTGSHARE_CHANGED_SCREWED_OFF_PATH_9                 0         -nan%                0         -nan%
                                                     0         -nan%                0         -nan%
                                                  -nan         -nan              -nan         -nan

FUTGSHARE_CHANGED_CORRECTED_ON_PATH_10               0         -nan%                0         -nan%
FUTGSHARE_CHANGED_SCREWED_ON_PATH_10                 0         -nan%                0         -nan%
                                                     0         -nan%                0         -nan%
                                                  -nan         -nan              -nan         -nan

FUTGSHARE_CHANGED_CORRECTED_OFF_PATH_10              0         -nan%                0         -nan%
FUTGSHARE_CHANGED_SCREWED_OFF_PATH_10                0         -nan%                0         -nan%
                                                     0         -nan%                0         -nan%
                                                  -nan         -nan              -nan         -nan

FUTGSHARE_CHANGED_CORRECTED_ON_PATH_11               0         -nan%                0         -nan%
FUTGSHARE_CHANGED_SCREWED_ON_PATH_11                 0         -nan%                0         -nan%
                                                     0         -nan%                0         -nan%
                                                  -nan         -nan              -nan         -nan

FUTGSHARE_CHANGED_CORRECTED_OFF_PATH_11              0         -nan%                0         -nan%
FUTGSHARE_CHANGED_SCREWED_OFF_PATH_11                0         -nan%                0         -nan%
                                                     0         -nan%                0         -nan%
                                                  -nan         -nan              -nan         -nan

FUTGSHARE_CHANGED_CORRECTED_ON_PATH_12               0         -nan%                0         -nan%
FUTGSHARE_CHANGED_SCREWED_ON_PATH_12                 0         -nan%                0         -nan%
                                                     0         -nan%                0         -nan%
                                                  -nan         -nan              -nan         -nan

FUTGSHARE_CHANGED_CORRECTED_OFF_PATH_12              0         -nan%                0         -nan%
FUTGSHARE_CHANGED_SCREWED_OFF_PATH_12                0         -nan%                0         -nan%
                                                     0         -nan%                0         -nan%
                                                  -nan         -nan              -nan         -nan

FUTGSHARE_CHANGED_CORRECTED_ON_PATH_13               0         -nan%                0         -nan%
FUTGSHARE_CHANGED_SCREWED_ON_PATH_13                 0         -nan%                0         -nan%
                                                     0         -nan%                0         -nan%
                                                  -nan         -nan              -nan         -nan

FUTGSHARE_CHANGED_CORRECTED_OFF_PATH_13              0         -nan%                0         -nan%
FUTGSHARE_CHANGED_SCREWED_OFF_PATH_13                0         -nan%                0         -nan%
                                                     0         -nan%                0         -nan%
                                                  -nan         -nan              -nan         -nan

FUTGSHARE_CHANGED_CORRECTED_ON_PATH_14               0         -nan%                0         -nan%
FUTGSHARE_CHANGED_SCREWED_ON_PATH_14                 0         -nan%                0         -nan%
                                                     0         -nan%                0         -nan%
                                                  -nan         -nan              -nan         -nan

FUTGSHARE_CHANGED_CORRECTED_OFF_PATH_14              0         -nan%                0         -nan%
FUTGSHARE_CHANGED_SCREWED_OFF_PATH_14                0         -nan%                0         -nan%
                                                     0         -nan%                0         -nan%
                                                  -nan         -nan              -nan         -nan

FUTGSHARE_CHANGED_CORRECTED_ON_PATH_15               0         -nan%                0         -nan%
FUTGSHARE_CHANGED_SCREWED_ON_PATH_15                 0         -nan%                0         -nan%
                                                     0         -nan%                0         -nan%
                                                  -nan         -nan              -nan         -nan

FUTGSHARE_CHANGED_CORRECTED_OFF_PATH_15              0         -nan%                0         -nan%
FUTGSHARE_CHANGED_SCREWED_OFF_PATH_15                0         -nan%                0         -nan%
                                                     0         -nan%                0         -nan%
                                                  -nan         -nan              -nan         -nan

FRAGHIST_BIN_0                                       0         -nan%                0         -nan%
FRAGHIST_BIN_1                                       0         -nan%                0         -nan%
FRAGHIST_BIN_2                                       0         -nan%                0         -nan%
FRAGHIST_BIN_3                                       0         -nan%                0         -nan%
FRAGHIST_BIN_4                                       0         -nan%                0         -nan%
FRAGHIST_BIN_5                                       0         -nan%                0         -nan%
FRAGHIST_BIN_6                                       0         -nan%                0         -nan%
FRAGHIST_BIN_7                                       0         -nan%                0         -nan%
FRAGHIST_BIN_8                                       0         -nan%                0         -nan%
FRAGHIST_BIN_9                                       0         -nan%                0         -nan%
FRAGHIST_BIN_10                                      0         -nan%                0         -nan%
FRAGHIST_BIN_11                                      0         -nan%                0         -nan%
FRAGHIST_BIN_12                                      0         -nan%                0         -nan%
FRAGHIST_BIN_13                                      0         -nan%                0         -nan%
FRAGHIST_BIN_14                                      0         -nan%                0         -nan%
FRAGHIST_BIN_15                                      0         -nan%                0         -nan%
FRAGHIST_BIN_16                                      0         -nan%                0         -nan%
FRAGHIST_BIN_17                                      0         -nan%                0         -nan%
FRAGHIST_BIN_18                                      0         -nan%                0         -nan%
FRAGHIST_BIN_19                                      0         -nan%                0         -nan%
FRAGHIST_BIN_20                                      0         -nan%                0         -nan%
FRAGHIST_BIN_21                                      0         -nan%                0         -nan%
FRAGHIST_BIN_22                                      0         -nan%                0         -nan%
FRAGHIST_BIN_23                                      0         -nan%                0         -nan%
FRAGHIST_BIN_24                                      0         -nan%                0         -nan%
FRAGHIST_BIN_25                                      0         -nan%                0         -nan%
FRAGHIST_BIN_26                                      0         -nan%                0         -nan%
FRAGHIST_BIN_27                                      0         -nan%                0         -nan%
FRAGHIST_BIN_28                                      0         -nan%                0         -nan%
FRAGHIST_BIN_29                                      0         -nan%                0         -nan%
FRAGHIST_BIN_30                                      0         -nan%                0         -nan%
FRAGHIST_BIN_31                                      0         -nan%                0         -nan%
FRAGHIST_BIN_32                                      0         -nan%                0         -nan%
                                                     0         -nan%                0         -nan%
                                                  -nan         -nan              -nan         -nan

BTB_UPDATE_BTB_HIT_JITTED_NOT_CF                     0        0.000%                0        0.000%
BTB_UPDATE_BTB_HIT_JITTED_CF_BR                      0        0.000%                0        0.000%
BTB_UPDATE_BTB_HIT_JITTED_CF_CBR                     0        0.000%                0        0.000%
BTB_UPDATE_BTB_HIT_JITTED_CF_CALL                    0        0.000%                0        0.000%
BTB_UPDATE_BTB_HIT_JITTED_CF_IBR                     0        0.000%                0        0.000%
BTB_UPDATE_BTB_HIT_JITTED_CF_ICALL               52752       99.947%            52752       99.947%
BTB_UPDATE_BTB_HIT_JITTED_CF_ICO                    28        0.053%               28        0.053%
BTB_UPDATE_BTB_HIT_JITTED_CF_RET                     0        0.000%                0        0.000%
                                                 52780      100.000%            52780      100.000%
                                                  5.00         0.02              5.00         0.02

RESTEER_BTB_MISS_NOT_CF                         426163       96.674%           426163       96.674%
RESTEER_BTB_MISS_CF_BR                               0        0.000%                0        0.000%
RESTEER_BTB_MISS_CF_CBR                            106        0.024%              106        0.024%
RESTEER_BTB_MISS_CF_REP                             17        0.004%               17        0.004%
RESTEER_BTB_MISS_CF_CALL                             0        0.000%                0        0.000%
RESTEER_BTB_MISS_CF_IBR                            163        0.037%              163        0.037%
RESTEER_BTB_MISS_CF_ICALL                            0        0.000%                0        0.000%
RESTEER_BTB_MISS_CF_ICO                              0        0.000%                0        0.000%
RESTEER_BTB_MISS_CF_RET                              0        0.000%                0        0.000%
RESTEER_RECOVER_AT_EXEC_NOT_CF                      21        0.005%               21        0.005%
RESTEER_RECOVER_AT_EXEC_CF_BR                        0        0.000%                0        0.000%
RESTEER_RECOVER_AT_EXEC_CF_CBR                   13946        3.164%            13946        3.164%
RESTEER_RECOVER_AT_EXEC_CF_REP                       2        0.000%                2        0.000%
RESTEER_RECOVER_AT_EXEC_CF_CALL                      0        0.000%                0        0.000%
RESTEER_RECOVER_AT_EXEC_CF_IBR                      40        0.009%               40        0.009%
RESTEER_RECOVER_AT_EXEC_CF_ICALL                    35        0.008%               35        0.008%
RESTEER_RECOVER_AT_EXEC_CF_ICO                       0        0.000%                0        0.000%
RESTEER_RECOVER_AT_EXEC_CF_RET                     333        0.076%              333        0.076%
RESTEER_RECOVER_AT_DECODE_NOT_CF                     0        0.000%                0        0.000%
RESTEER_RECOVER_AT_DECODE_CF_BR                      0        0.000%                0        0.000%
RESTEER_RECOVER_AT_DECODE_CF_CBR                     0        0.000%                0        0.000%
RESTEER_RECOVER_AT_DECODE_CF_REP                     0        0.000%                0        0.000%
RESTEER_RECOVER_AT_DECODE_CF_CALL                    0        0.000%                0        0.000%
RESTEER_RECOVER_AT_DECODE_CF_IBR                     0        0.000%                0        0.000%
RESTEER_RECOVER_AT_DECODE_CF_ICALL                   0        0.000%                0        0.000%
RESTEER_RECOVER_AT_DECODE_CF_ICO                     0        0.000%                0        0.000%
RESTEER_RECOVER_AT_DECODE_CF_RET                     0        0.000%                0        0.000%
RESTEER_NO_TARGET_CF_IBR                             0        0.000%                0        0.000%
RESTEER_NO_TARGET_CF_ICALL                           0        0.000%                0        0.000%
RESTEER_NO_TARGET_CF_ICO                             0        0.000%                0        0.000%
RESTEER_NO_TARGET_CF_RET                             0        0.000%                0        0.000%
                                                440826      100.000%           440826      100.000%
                                                  0.37         1.96              0.37         1.96

TAGESCL_COMP_TAGE_BASE_CORRECT                 8563395       59.317%          8563395       59.317%
TAGESCL_COMP_TAGE_BASE_RECOVER_AT_EXEC             592        0.004%              592        0.004%
TAGESCL_COMP_TAGE_SHORT_CORRECT                4580432       31.728%          4580432       31.728%
TAGESCL_COMP_TAGE_SHORT_RECOVER_AT_EXEC            243        0.002%              243        0.002%
TAGESCL_COMP_TAGE_LONG_CORRECT                 1276129        8.840%          1276129        8.840%
TAGESCL_COMP_TAGE_LONG_RECOVER_AT_EXEC           11996        0.083%            11996        0.083%
TAGESCL_COMP_LOOP_CORRECT                         1336        0.009%             1336        0.009%
TAGESCL_COMP_LOOP_RECOVER_AT_EXEC                    6        0.000%                6        0.000%
TAGESCL_COMP_SC_CORRECT                           1336        0.009%             1336        0.009%
TAGESCL_COMP_SC_RECOVER_AT_EXEC                   1111        0.008%             1111        0.008%
                                              14436576      100.000%         14436576      100.000%
                                                  0.99         1.07              0.99         1.07

TAGESCL_COMP_BTB_MISS_TAGE_BASE_CORRECT        7112908       93.522%          7112908       93.522%
TAGESCL_COMP_BTB_MISS_TAGE_BASE_RECOVER_AT_EXEC           398        0.005%              398        0.005%
TAGESCL_COMP_BTB_MISS_TAGE_SHORT_CORRECT        409758        5.388%           409758        5.388%
TAGESCL_COMP_BTB_MISS_TAGE_SHORT_RECOVER_AT_EXEC            17        0.000%               17        0.000%
TAGESCL_COMP_BTB_MISS_TAGE_LONG_CORRECT          82529        1.085%            82529        1.085%
TAGESCL_COMP_BTB_MISS_TAGE_LONG_RECOVER_AT_EXEC             6        0.000%                6        0.000%
TAGESCL_COMP_BTB_MISS_LOOP_CORRECT                   0        0.000%                0        0.000%
TAGESCL_COMP_BTB_MISS_LOOP_RECOVER_AT_EXEC             0        0.000%                0        0.000%
TAGESCL_COMP_BTB_MISS_SC_CORRECT                     0        0.000%                0        0.000%
TAGESCL_COMP_BTB_MISS_SC_RECOVER_AT_EXEC             1        0.000%                1        0.000%
                                               7605617      100.000%          7605617      100.000%
                                                  0.15         0.59              0.15         0.59

TAGESCL_CONF_0_PER_BASE_RECOVER_AT_EXEC              0        0.000%                0        0.000%
TAGESCL_CONF_1_PER_BASE_RECOVER_AT_EXEC            412        2.954%              412        2.954%
TAGESCL_CONF_2_PER_BASE_RECOVER_AT_EXEC              0        0.000%                0        0.000%
TAGESCL_CONF_3_PER_BASE_RECOVER_AT_EXEC            180        1.291%              180        1.291%
TAGESCL_CONF_0_PER_SHORT_RECOVER_AT_EXEC            28        0.201%               28        0.201%
TAGESCL_CONF_1_PER_SHORT_RECOVER_AT_EXEC           120        0.860%              120        0.860%
TAGESCL_CONF_2_PER_SHORT_RECOVER_AT_EXEC            19        0.136%               19        0.136%
TAGESCL_CONF_3_PER_SHORT_RECOVER_AT_EXEC            76        0.545%               76        0.545%
TAGESCL_CONF_0_PER_LONG_RECOVER_AT_EXEC           1177        8.438%             1177        8.438%
TAGESCL_CONF_1_PER_LONG_RECOVER_AT_EXEC           1154        8.274%             1154        8.274%
TAGESCL_CONF_2_PER_LONG_RECOVER_AT_EXEC           2345       16.812%             2345       16.812%
TAGESCL_CONF_3_PER_LONG_RECOVER_AT_EXEC           7320       52.481%             7320       52.481%
TAGESCL_CONF_0_PER_LOOP_RECOVER_AT_EXEC              1        0.007%                1        0.007%
TAGESCL_CONF_1_PER_LOOP_RECOVER_AT_EXEC              0        0.000%                0        0.000%
TAGESCL_CONF_2_PER_LOOP_RECOVER_AT_EXEC              1        0.007%                1        0.007%
TAGESCL_CONF_3_PER_LOOP_RECOVER_AT_EXEC              4        0.029%                4        0.029%
TAGESCL_CONF_0_PER_SC_RECOVER_AT_EXEC              320        2.294%              320        2.294%
TAGESCL_CONF_1_PER_SC_RECOVER_AT_EXEC              466        3.341%              466        3.341%
TAGESCL_CONF_2_PER_SC_RECOVER_AT_EXEC              198        1.420%              198        1.420%
TAGESCL_CONF_3_PER_SC_RECOVER_AT_EXEC              127        0.911%              127        0.911%
                                                 13948      100.000%            13948      100.000%
                                                 10.41         3.04             10.41         3.04

TAGESCL_SC_SMALLLSUM                              1834        0.013%             1834        0.013%
TAGESCL_SC_SMALLLFIRST                               1        0.000%                1        0.000%
TAGESCL_SC_SMALLLSECOND                              3        0.000%                3        0.000%
TAGESCL_SC_IDENTICAL                          14433663       99.987%         14433663       99.987%
                                              14435501      100.000%         14435501      100.000%
                                                  3.00         3.00              3.00         3.00

CRS_UNDERFLOW_ON_PATH                               14       30.435%               14       30.435%
CRS_UNDERFLOW_OFF_PATH                              32       69.565%               32       69.565%
                                                    46      100.000%               46      100.000%
                                                  0.70         0.64              0.70         0.64



