/* -*- Mode: c -*- */
####################################################################################################
Core 0
####################################################################################################
Cumulative:        Cycles: 14758036              Instructions: 30000000              IPC: 2.03279

Periodic:          Cycles: 4825770               Instructions: 9999999               IPC: 2.07221

L0_ALL_PREDICTIONS                             1859872       50.000%          5582143       50.000%
MAIN_ALL_PREDICTIONS                           1859872       50.000%          5582143       50.000%
                                               3719744      100.000%         11164286      100.000%
                                                  0.50         0.50              0.50         0.50

L0_ALL_RECOVER_AT_EXEC                          556786       96.822%          1668549       96.729%
MAIN_ALL_RECOVER_AT_EXEC                         18278        3.178%            56423        3.271%
                                                575064      100.000%          1724972      100.000%
                                                  0.03         0.17              0.03         0.18

L0_ALL_RECOVER_AT_DECODE                             0         -nan%                0        0.000%
MAIN_ALL_RECOVER_AT_DECODE                           0         -nan%              108      100.000%
                                                     0         -nan%              108      100.000%
                                                  -nan         -nan              1.00         1.00

L0_ALL_PREDICTIONS_OFFPATH                     1441421       50.000%          4407836       50.000%
MAIN_ALL_PREDICTIONS_OFFPATH                   1441421       50.000%          4407836       50.000%
                                               2882842      100.000%          8815672      100.000%
                                                  0.50         0.50              0.50         0.50

L0_ALL_RECOVER_AT_EXEC_OFFPATH                  400020       71.807%          1200967       71.893%
MAIN_ALL_RECOVER_AT_EXEC_OFFPATH                157057       28.193%           469531       28.107%
                                                557077      100.000%          1670498      100.000%
                                                  0.28         0.41              0.28         0.41

L0_ALL_RECOVER_AT_DECODE_OFFPATH                     0         -nan%                0        0.000%
MAIN_ALL_RECOVER_AT_DECODE_OFFPATH                   0         -nan%              100      100.000%
                                                     0         -nan%              100      100.000%
                                                  -nan         -nan              1.00         1.01

MAIN_CBR_CORRECT                                626833       54.312%          1881269       54.324%
MAIN_CBR_CORRECT_BTB_MISS_NT_NT                 516439       44.747%          1547596       44.688%
MAIN_CBR_RECOVER_AT_EXEC                         10841        0.939%            33998        0.982%
MAIN_CBR_RECOVER_AT_DECODE                           0        0.000%                0        0.000%
MAIN_CBR_RECOVER_BTB_MISS_T_T                        0        0.000%                3        0.000%
MAIN_CBR_RECOVER_BTB_MISS_T_NT                      22        0.002%               60        0.002%
MAIN_CBR_RECOVER_BTB_MISS_NT_T                       0        0.000%              149        0.004%
                                               1154135      100.000%          3463075      100.000%
                                                  0.47         0.39              0.47         0.39

MAIN_BR_CORRECT                                  93158      100.000%           279369       99.985%
MAIN_BR_RECOVER                                      0        0.000%               43        0.015%
                                                 93158      100.000%           279412      100.000%
                                                  0.00         0.00              0.00         0.01

MAIN_ICALL_CORRECT_IBTB                          81452       96.088%           243962       95.889%
MAIN_ICALL_CORRECT_BTB                            3316        3.912%            10427        4.098%
MAIN_ICALL_RECOVER_AT_EXEC_IBTB                      0        0.000%                0        0.000%
MAIN_ICALL_RECOVER_AT_EXEC_BTB                       0        0.000%                0        0.000%
MAIN_ICALL_RECOVER_AT_EXEC_XBTB_MISS                 0        0.000%               32        0.013%
                                                 84768      100.000%           254421      100.000%
                                                  0.04         0.19              0.04         0.20

MAIN_IBR_CORRECT_IBTB                           113757       95.646%           341820       95.535%
MAIN_IBR_CORRECT_BTB                              5179        4.354%            15952        4.458%
MAIN_IBR_RECOVER_AT_EXEC_IBTB                        0        0.000%                0        0.000%
MAIN_IBR_RECOVER_AT_EXEC_BTB                         0        0.000%                0        0.000%
MAIN_IBR_RECOVER_AT_EXEC_XBTB_MISS                   0        0.000%               23        0.006%
                                                118936      100.000%           357795      100.000%
                                                  0.04         0.20              0.04         0.20

MAIN_ICO_CORRECT                                     0         -nan%                0         -nan%
MAIN_ICO_RECOVER                                     0         -nan%                0         -nan%
                                                     0         -nan%                0         -nan%
                                                  -nan         -nan              -nan         -nan

MAIN_RET_CORRECT                                239407       96.996%           718770       97.009%
MAIN_RET_RECOVER                                  7243        2.935%            21591        2.914%
MAIN_RET_RECOVER_UFLOW                             172        0.070%              570        0.077%
                                                246822      100.000%           740931      100.000%
                                                  0.03         0.17              0.03         0.17

MAIN_CALL_CORRECT                               162053      100.000%           486447       99.987%
MAIN_CALL_RECOVER                                    0        0.000%               62        0.013%
                                                162053      100.000%           486509      100.000%
                                                  0.00         0.00              0.00         0.01

L0_CBR_CORRECT                                  336370       29.145%          1014947       29.308%
L0_CBR_CORRECT_BTB_MISS_NT_NT                   590376       51.153%          1766812       51.019%
L0_CBR_RECOVER_AT_EXEC                           40895        3.543%           122747        3.544%
L0_CBR_RECOVER_AT_DECODE                             0        0.000%                0        0.000%
L0_CBR_RECOVER_BTB_MISS_T_T                     158594       13.741%           474803       13.710%
L0_CBR_RECOVER_BTB_MISS_T_NT                     10319        0.894%            30757        0.888%
L0_CBR_RECOVER_BTB_MISS_NT_T                     17581        1.523%            53009        1.531%
                                               1154135      100.000%          3463075      100.000%
                                                  1.27         1.25              1.27         1.25

L0_BR_CORRECT                                    37585       40.345%           113746       40.709%
L0_BR_RECOVER                                    55573       59.655%           165666       59.291%
                                                 93158      100.000%           279412      100.000%
                                                  0.60         0.56              0.59         0.55

L0_ICALL_CORRECT_IBTB                                0        0.000%                0        0.000%
L0_ICALL_CORRECT_BTB                              2853        3.366%             8675        3.410%
L0_ICALL_RECOVER_AT_EXEC_IBTB                    81452       96.088%           243962       95.889%
L0_ICALL_RECOVER_AT_EXEC_BTB                         0        0.000%                0        0.000%
L0_ICALL_RECOVER_AT_EXEC_XBTB_MISS                 463        0.546%             1784        0.701%
                                                 84768      100.000%           254421      100.000%
                                                  1.98         0.28              1.98         0.30

L0_IBR_CORRECT_IBTB                                  0        0.000%                0        0.000%
L0_IBR_CORRECT_BTB                                4442        3.735%            13446        3.758%
L0_IBR_RECOVER_AT_EXEC_IBTB                     113757       95.646%           341820       95.535%
L0_IBR_RECOVER_AT_EXEC_BTB                           0        0.000%                0        0.000%
L0_IBR_RECOVER_AT_EXEC_XBTB_MISS                   737        0.620%             2529        0.707%
                                                118936      100.000%           357795      100.000%
                                                  1.98         0.29              1.98         0.30

L0_ICO_CORRECT                                       0         -nan%                0         -nan%
L0_ICO_RECOVER                                       0         -nan%                0         -nan%
                                                     0         -nan%                0         -nan%
                                                  -nan         -nan              -nan         -nan

L0_RET_CORRECT                                  239407       96.996%           718770       97.009%
L0_RET_RECOVER                                    7243        2.935%            21591        2.914%
L0_RET_RECOVER_UFLOW                               172        0.070%              570        0.077%
                                                246822      100.000%           740931      100.000%
                                                  0.03         0.17              0.03         0.17

L0_CALL_CORRECT                                  92053       56.804%           277198       56.977%
L0_CALL_RECOVER                                  70000       43.196%           209311       43.023%
                                                162053      100.000%           486509      100.000%
                                                  0.43         0.47              0.43         0.47

MAIN_CBR_CORRECT_OFFPATH                        396962       45.273%          1226837       45.725%
MAIN_CBR_CORRECT_BTB_MISS_NT_NT_OFFPATH         384023       43.797%          1168917       43.566%
MAIN_CBR_RECOVER_AT_EXEC_OFFPATH                 94489       10.776%           282036       10.512%
MAIN_CBR_RECOVER_AT_DECODE_OFFPATH                   0        0.000%                0        0.000%
MAIN_CBR_RECOVER_BTB_MISS_T_T_OFFPATH                0        0.000%               25        0.001%
MAIN_CBR_RECOVER_BTB_MISS_T_NT_OFFPATH            1348        0.154%             5207        0.194%
MAIN_CBR_RECOVER_BTB_MISS_NT_T_OFFPATH               0        0.000%               82        0.003%
                                                876822      100.000%          2683104      100.000%
                                                  0.66         0.52              0.66         0.53

MAIN_BR_CORRECT_OFFPATH                          94655      100.000%           286793       99.985%
MAIN_BR_RECOVER_OFFPATH                              0        0.000%               42        0.015%
                                                 94655      100.000%           286835      100.000%
                                                  0.00         0.00              0.00         0.01

MAIN_ICALL_CORRECT_IBTB_OFFPATH                  39686       52.455%           122265       52.501%
MAIN_ICALL_CORRECT_BTB_OFFPATH                   35971       47.545%           110596       47.490%
MAIN_ICALL_RECOVER_AT_EXEC_IBTB_OFFPATH              0        0.000%                0        0.000%
MAIN_ICALL_RECOVER_AT_EXEC_BTB_OFFPATH               0        0.000%                0        0.000%
MAIN_ICALL_RECOVER_AT_EXEC_XBTB_MISS_OFFPATH             0        0.000%               21        0.009%
                                                 75657      100.000%           232882      100.000%
                                                  0.48         0.36              0.48         0.36

MAIN_IBR_CORRECT_IBTB_OFFPATH                    42881       45.540%           132412       45.739%
MAIN_IBR_CORRECT_BTB_OFFPATH                     51149       54.321%           156778       54.156%
MAIN_IBR_RECOVER_AT_EXEC_IBTB_OFFPATH              131        0.139%              297        0.103%
MAIN_IBR_RECOVER_AT_EXEC_BTB_OFFPATH                 0        0.000%                0        0.000%
MAIN_IBR_RECOVER_AT_EXEC_XBTB_MISS_OFFPATH             0        0.000%                6        0.002%
                                                 94161      100.000%           289493      100.000%
                                                  0.55         0.34              0.54         0.34

MAIN_ICO_CORRECT_OFFPATH                             0         -nan%                0         -nan%
MAIN_ICO_RECOVER_OFFPATH                             0         -nan%                0         -nan%
                                                     0         -nan%                0         -nan%
                                                  -nan         -nan              -nan         -nan

MAIN_RET_CORRECT_OFFPATH                        122859       66.790%           378308       67.532%
MAIN_RET_RECOVER_OFFPATH                         56637       30.790%           167845       29.962%
MAIN_RET_RECOVER_UFLOW_OFFPATH                    4452        2.420%            14037        2.506%
                                                183948      100.000%           560190      100.000%
                                                  0.36         0.44              0.35         0.44

MAIN_CALL_CORRECT_OFFPATH                       116178      100.000%           355299       99.991%
MAIN_CALL_RECOVER_OFFPATH                            0        0.000%               33        0.009%
                                                116178      100.000%           355332      100.000%
                                                  0.00         0.00              0.00         0.01

L0_CBR_CORRECT_OFFPATH                          293312       33.452%           910674       33.941%
L0_CBR_CORRECT_BTB_MISS_NT_NT_OFFPATH           447121       50.993%          1364639       50.860%
L0_CBR_RECOVER_AT_EXEC_OFFPATH                   41219        4.701%           122246        4.556%
L0_CBR_RECOVER_AT_DECODE_OFFPATH                     0        0.000%                0        0.000%
L0_CBR_RECOVER_BTB_MISS_T_T_OFFPATH              73322        8.362%           217642        8.112%
L0_CBR_RECOVER_BTB_MISS_T_NT_OFFPATH             17809        2.031%            55779        2.079%
L0_CBR_RECOVER_BTB_MISS_NT_T_OFFPATH              4039        0.461%            12124        0.452%
                                                876822      100.000%          2683104      100.000%
                                                  1.07         1.09              1.06         1.09

L0_BR_CORRECT_OFFPATH                            53399       56.414%           163492       56.999%
L0_BR_RECOVER_OFFPATH                            41256       43.586%           123343       43.001%
                                                 94655      100.000%           286835      100.000%
                                                  0.44         0.47              0.43         0.47

L0_ICALL_CORRECT_IBTB_OFFPATH                        0        0.000%                0        0.000%
L0_ICALL_CORRECT_BTB_OFFPATH                     15973       21.112%            50969       21.886%
L0_ICALL_RECOVER_AT_EXEC_IBTB_OFFPATH            39686       52.455%           122265       52.501%
L0_ICALL_RECOVER_AT_EXEC_BTB_OFFPATH                 0        0.000%                0        0.000%
L0_ICALL_RECOVER_AT_EXEC_XBTB_MISS_OFFPATH         19998       26.432%            59648       25.613%
                                                 75657      100.000%           232882      100.000%
                                                  2.32         1.61              2.29         1.58

L0_IBR_CORRECT_IBTB_OFFPATH                          0        0.000%                0        0.000%
L0_IBR_CORRECT_BTB_OFFPATH                       30611       32.509%            96110       33.199%
L0_IBR_RECOVER_AT_EXEC_IBTB_OFFPATH              43012       45.679%           132709       45.842%
L0_IBR_RECOVER_AT_EXEC_BTB_OFFPATH                   0        0.000%                0        0.000%
L0_IBR_RECOVER_AT_EXEC_XBTB_MISS_OFFPATH         20538       21.812%            60674       20.959%
                                                 94161      100.000%           289493      100.000%
                                                  2.11         1.47              2.09         1.44

L0_ICO_CORRECT_OFFPATH                               0         -nan%                0         -nan%
L0_ICO_RECOVER_OFFPATH                               0         -nan%                0         -nan%
                                                     0         -nan%                0         -nan%
                                                  -nan         -nan              -nan         -nan

L0_RET_CORRECT_OFFPATH                          122859       66.790%           378308       67.532%
L0_RET_RECOVER_OFFPATH                           56637       30.790%           167845       29.962%
L0_RET_RECOVER_UFLOW_OFFPATH                      4452        2.420%            14037        2.506%
                                                183948      100.000%           560190      100.000%
                                                  0.36         0.44              0.35         0.44

L0_CALL_CORRECT_OFFPATH                          78126       67.247%           242677       68.296%
L0_CALL_RECOVER_OFFPATH                          38052       32.753%           112655       31.704%
                                                116178      100.000%           355332      100.000%
                                                  0.33         0.43              0.32         0.42

ALL_BTB_CORRECT                                1063616       65.938%          3242288       66.973%
ALL_BTB_INCORRECT_BUT_TARGET_CORRECT                 0        0.000%                0        0.000%
ALL_BTB_INCORRECT                               549434       34.062%          1598924       33.027%
                                               1613050      100.000%          4841212      100.000%
                                                  0.68         0.87              0.66         0.86

ALL_IBTB_CORRECT                                195209       95.830%           585782       95.682%
ALL_IBTB_INCORRECT                                8495        4.170%            26434        4.318%
                                                203704      100.000%           612216      100.000%
                                                  0.04         0.20              0.04         0.20

ALL_BTB_CORRECT_OFFPATH                         852808       67.819%          2643208       68.697%
ALL_BTB_INCORRECT_BUT_TARGET_CORRECT_OFFPATH             0        0.000%                0        0.000%
ALL_BTB_INCORRECT_OFFPATH                       404665       32.181%          1204438       31.303%
                                               1257473      100.000%          3847646      100.000%
                                                  0.64         0.85              0.63         0.84

ALL_IBTB_CORRECT_OFFPATH                         82567       48.621%           254677       48.754%
ALL_IBTB_INCORRECT_OFFPATH                       87251       51.379%           267698       51.246%
                                                169818      100.000%           522375      100.000%
                                                  0.51         0.51              0.51         0.51

CRS_MISS                                         14830        3.004%            44322        2.991%
CRS_HIT                                         478814       96.996%          1437540       97.009%
                                                493644      100.000%          1481862      100.000%
                                                  0.97         0.96              0.97         0.96

CRS_MISS_OFFPATH                                122178       33.210%           363764       32.468%
CRS_HIT_OFFPATH                                 245718       66.790%           756616       67.532%
                                                367896      100.000%          1120380      100.000%
                                                  0.67         0.61              0.68         0.62

CRS_CLOBBER                                          0                              0              

IBTB_TARG_CACHE_MISS                              8495        4.170%            26434        4.318%
IBTB_TARG_CACHE_HIT                             195209       95.830%           585782       95.682%
                                                203704      100.000%           612216      100.000%
                                                  0.96         0.94              0.96         0.94

IBTB_TARG_CACHE_MISS_OFFPATH                     87251       51.379%           267698       51.246%
IBTB_TARG_CACHE_HIT_OFFPATH                      82567       48.621%           254677       48.754%
                                                169818      100.000%           522375      100.000%
                                                  0.49         0.49              0.49         0.49

IBTB_TARG_CACHE_WRITE                           203714       93.674%           612216       92.914%
IBTB_TARG_CACHE_WRITE_OFFPATH                    13757        6.326%            46690        7.086%
                                                217471      100.000%           658906      100.000%
                                                  0.06         0.24              0.07         0.25

BTB_WRITE                                        65125      100.000%           194699       99.985%
BTB_WRITE_OFFPATH                                    0        0.000%               29        0.015%
                                                 65125      100.000%           194728      100.000%
                                                  0.00         0.00              0.00         0.01

BTB_L0_CORRECT                                  623806       38.672%          1881277       38.860%
BTB_L0_INCORRECT_BUT_TARGET_CORRECT                  0        0.000%                0        0.000%
BTB_L0_INCORRECT                                989244       61.328%          2959935       61.140%
                                               1613050      100.000%          4841212      100.000%
                                                  1.23         1.14              1.22         1.13

BTB_L1_CORRECT                                 1063616       65.938%          3242288       66.973%
BTB_L1_INCORRECT_BUT_TARGET_CORRECT                  0        0.000%                0        0.000%
BTB_L1_INCORRECT                                549434       34.062%          1598924       33.027%
                                               1613050      100.000%          4841212      100.000%
                                                  0.68         0.87              0.66         0.86

BTB_MAIN_CORRECT                               1063616       65.938%          3242288       66.973%
BTB_MAIN_INCORRECT_BUT_TARGET_CORRECT                0        0.000%                0        0.000%
BTB_MAIN_INCORRECT                              549434       34.062%          1598924       33.027%
                                               1613050      100.000%          4841212      100.000%
                                                  0.68         0.87              0.66         0.86

BTB_L0_CORRECT_OFFPATH                          575807       45.791%          1782890       46.337%
BTB_L0_INCORRECT_BUT_TARGET_CORRECT_OFFPATH             0        0.000%                0        0.000%
BTB_L0_INCORRECT_OFFPATH                        681666       54.209%          2064756       53.663%
                                               1257473      100.000%          3847646      100.000%
                                                  1.08         1.04              1.07         1.04

BTB_L1_CORRECT_OFFPATH                          852808       67.819%          2643208       68.697%
BTB_L1_INCORRECT_BUT_TARGET_CORRECT_OFFPATH             0        0.000%                0        0.000%
BTB_L1_INCORRECT_OFFPATH                        404665       32.181%          1204438       31.303%
                                               1257473      100.000%          3847646      100.000%
                                                  0.64         0.85              0.63         0.84

BTB_MAIN_CORRECT_OFFPATH                        852808       67.819%          2643208       68.697%
BTB_MAIN_INCORRECT_BUT_TARGET_CORRECT_OFFPATH             0        0.000%                0        0.000%
BTB_MAIN_INCORRECT_OFFPATH                      404665       32.181%          1204438       31.303%
                                               1257473      100.000%          3847646      100.000%
                                                  0.64         0.85              0.63         0.84

TARG_HYBRID_CORRECT_TAGLESS                          0         -nan%                0         -nan%
TARG_HYBRID_CORRECT_TAGGED                           0         -nan%                0         -nan%
TARG_HYBRID_RECOVER_AT_EXEC_TAGLESS                  0         -nan%                0         -nan%
TARG_HYBRID_RECOVER_AT_EXEC_TAGGED                   0         -nan%                0         -nan%
TARG_HYBRID_NO_PRED                                  0         -nan%                0         -nan%
                                                     0         -nan%                0         -nan%
                                                  -nan         -nan              -nan         -nan

BP_L0_EARLY_RECOVERIES                          556786       96.822%          1668549       96.723%
BP_MAIN_EXEC_RECOVERIES                          18278        3.178%            56423        3.271%
BP_MAIN_DECODE_RECOVERIES                            0        0.000%              108        0.006%
                                                575064      100.000%          1725080      100.000%
                                                  0.03         0.17              0.03         0.18

SCHEDULED_L0_EARLY_RECOVERIES                   542437       96.684%          1624401       96.581%
SCHEDULED_MAIN_EXEC_RECOVERIES                   18607        3.316%            57396        3.413%
SCHEDULED_MAIN_DECODE_RECOVERIES                     0        0.000%              108        0.006%
                                                561044      100.000%          1681905      100.000%
                                                  0.03         0.18              0.03         0.18

PERFORMED_RECOVERIES                            560716                        1680932              

PERFORMED_RECOVERY_LAT                         2757666                        8544089              

SCHEDULED_MAIN_DECODE_LAT                            0                           6745              

SCHEDULED_MAIN_EXEC_LAT                     4089548989                     7351910577              

SCHEDULED_L0_EARLY_LAT                               0                              0              

MAIN_BRANCH_RESOLVE_AT_DECODE_LAT_1                  0         -nan%                0        0.000%
MAIN_BRANCH_RESOLVE_AT_DECODE_LAT_2                  0         -nan%                0        0.000%
MAIN_BRANCH_RESOLVE_AT_DECODE_LAT_3                  0         -nan%                0        0.000%
MAIN_BRANCH_RESOLVE_AT_DECODE_LAT_4                  0         -nan%                0        0.000%
MAIN_BRANCH_RESOLVE_AT_DECODE_LAT_5                  0         -nan%                0        0.000%
MAIN_BRANCH_RESOLVE_AT_DECODE_LAT_6                  0         -nan%                0        0.000%
MAIN_BRANCH_RESOLVE_AT_DECODE_LAT_7                  0         -nan%                0        0.000%
MAIN_BRANCH_RESOLVE_AT_DECODE_LAT_8                  0         -nan%               44       40.741%
MAIN_BRANCH_RESOLVE_AT_DECODE_LAT_9                  0         -nan%               18       16.667%
MAIN_BRANCH_RESOLVE_AT_DECODE_LAT_10                 0         -nan%                5        4.630%
MAIN_BRANCH_RESOLVE_AT_DECODE_LAT_11                 0         -nan%                2        1.852%
MAIN_BRANCH_RESOLVE_AT_DECODE_LAT_12                 0         -nan%                1        0.926%
MAIN_BRANCH_RESOLVE_AT_DECODE_LAT_13                 0         -nan%                0        0.000%
MAIN_BRANCH_RESOLVE_AT_DECODE_LAT_14                 0         -nan%                1        0.926%
MAIN_BRANCH_RESOLVE_AT_DECODE_LAT_15                 0         -nan%                0        0.000%
MAIN_BRANCH_RESOLVE_AT_DECODE_LAT_16                 0         -nan%                0        0.000%
MAIN_BRANCH_RESOLVE_AT_DECODE_LAT_17                 0         -nan%                0        0.000%
MAIN_BRANCH_RESOLVE_AT_DECODE_LAT_18                 0         -nan%                0        0.000%
MAIN_BRANCH_RESOLVE_AT_DECODE_LAT_19                 0         -nan%                0        0.000%
MAIN_BRANCH_RESOLVE_AT_DECODE_LAT_20                 0         -nan%                0        0.000%
MAIN_BRANCH_RESOLVE_AT_DECODE_LAT_21                 0         -nan%                2        1.852%
MAIN_BRANCH_RESOLVE_AT_DECODE_LAT_22                 0         -nan%                0        0.000%
MAIN_BRANCH_RESOLVE_AT_DECODE_LAT_23                 0         -nan%                0        0.000%
MAIN_BRANCH_RESOLVE_AT_DECODE_LAT_24                 0         -nan%                2        1.852%
MAIN_BRANCH_RESOLVE_AT_DECODE_LAT_25                 0         -nan%                3        2.778%
MAIN_BRANCH_RESOLVE_AT_DECODE_LAT_26                 0         -nan%                1        0.926%
MAIN_BRANCH_RESOLVE_AT_DECODE_LAT_27                 0         -nan%                1        0.926%
MAIN_BRANCH_RESOLVE_AT_DECODE_LAT_28                 0         -nan%                0        0.000%
MAIN_BRANCH_RESOLVE_AT_DECODE_LAT_29                 0         -nan%                1        0.926%
MAIN_BRANCH_RESOLVE_AT_DECODE_LAT_30                 0         -nan%                0        0.000%
MAIN_BRANCH_RESOLVE_AT_DECODE_LAT_31                 0         -nan%                0        0.000%
MAIN_BRANCH_RESOLVE_AT_DECODE_LAT_32                 0         -nan%                0        0.000%
MAIN_BRANCH_RESOLVE_AT_DECODE_LAT_33                 0         -nan%                0        0.000%
MAIN_BRANCH_RESOLVE_AT_DECODE_LAT_34                 0         -nan%                0        0.000%
MAIN_BRANCH_RESOLVE_AT_DECODE_LAT_35                 0         -nan%                0        0.000%
MAIN_BRANCH_RESOLVE_AT_DECODE_LAT_36                 0         -nan%                0        0.000%
MAIN_BRANCH_RESOLVE_AT_DECODE_LAT_37                 0         -nan%                0        0.000%
MAIN_BRANCH_RESOLVE_AT_DECODE_LAT_38                 0         -nan%                0        0.000%
MAIN_BRANCH_RESOLVE_AT_DECODE_LAT_39                 0         -nan%                1        0.926%
MAIN_BRANCH_RESOLVE_AT_DECODE_LAT_40                 0         -nan%                0        0.000%
MAIN_BRANCH_RESOLVE_AT_DECODE_LAT_41                 0         -nan%                0        0.000%
MAIN_BRANCH_RESOLVE_AT_DECODE_LAT_42                 0         -nan%                1        0.926%
MAIN_BRANCH_RESOLVE_AT_DECODE_LAT_43                 0         -nan%                0        0.000%
MAIN_BRANCH_RESOLVE_AT_DECODE_LAT_44                 0         -nan%                0        0.000%
MAIN_BRANCH_RESOLVE_AT_DECODE_LAT_45                 0         -nan%                0        0.000%
MAIN_BRANCH_RESOLVE_AT_DECODE_LAT_46                 0         -nan%                0        0.000%
MAIN_BRANCH_RESOLVE_AT_DECODE_LAT_47                 0         -nan%                0        0.000%
MAIN_BRANCH_RESOLVE_AT_DECODE_LAT_48                 0         -nan%                0        0.000%
MAIN_BRANCH_RESOLVE_AT_DECODE_LAT_49                 0         -nan%                0        0.000%
MAIN_BRANCH_RESOLVE_AT_DECODE_LAT_50                 0         -nan%                0        0.000%
MAIN_BRANCH_RESOLVE_AT_DECODE_LAT_51                 0         -nan%                0        0.000%
MAIN_BRANCH_RESOLVE_AT_DECODE_LAT_52                 0         -nan%                0        0.000%
MAIN_BRANCH_RESOLVE_AT_DECODE_LAT_53                 0         -nan%                0        0.000%
MAIN_BRANCH_RESOLVE_AT_DECODE_LAT_54                 0         -nan%                0        0.000%
MAIN_BRANCH_RESOLVE_AT_DECODE_LAT_55                 0         -nan%                0        0.000%
MAIN_BRANCH_RESOLVE_AT_DECODE_LAT_56                 0         -nan%                0        0.000%
MAIN_BRANCH_RESOLVE_AT_DECODE_LAT_57                 0         -nan%                0        0.000%
MAIN_BRANCH_RESOLVE_AT_DECODE_LAT_58                 0         -nan%                0        0.000%
MAIN_BRANCH_RESOLVE_AT_DECODE_LAT_59                 0         -nan%                0        0.000%
MAIN_BRANCH_RESOLVE_AT_DECODE_LAT_60                 0         -nan%                0        0.000%
MAIN_BRANCH_RESOLVE_AT_DECODE_LAT_61                 0         -nan%                0        0.000%
MAIN_BRANCH_RESOLVE_AT_DECODE_LAT_62                 0         -nan%                0        0.000%
MAIN_BRANCH_RESOLVE_AT_DECODE_LAT_63                 0         -nan%                0        0.000%
MAIN_BRANCH_RESOLVE_AT_DECODE_LAT_64                 0         -nan%                0        0.000%
MAIN_BRANCH_RESOLVE_AT_DECODE_LAT_65                 0         -nan%                0        0.000%
MAIN_BRANCH_RESOLVE_AT_DECODE_LAT_66                 0         -nan%                0        0.000%
MAIN_BRANCH_RESOLVE_AT_DECODE_LAT_67                 0         -nan%                0        0.000%
MAIN_BRANCH_RESOLVE_AT_DECODE_LAT_68                 0         -nan%                0        0.000%
MAIN_BRANCH_RESOLVE_AT_DECODE_LAT_69                 0         -nan%                0        0.000%
MAIN_BRANCH_RESOLVE_AT_DECODE_LAT_70                 0         -nan%                0        0.000%
MAIN_BRANCH_RESOLVE_AT_DECODE_LAT_71                 0         -nan%                0        0.000%
MAIN_BRANCH_RESOLVE_AT_DECODE_LAT_72                 0         -nan%                0        0.000%
MAIN_BRANCH_RESOLVE_AT_DECODE_LAT_73                 0         -nan%                0        0.000%
MAIN_BRANCH_RESOLVE_AT_DECODE_LAT_74                 0         -nan%                0        0.000%
MAIN_BRANCH_RESOLVE_AT_DECODE_LAT_75                 0         -nan%                0        0.000%
MAIN_BRANCH_RESOLVE_AT_DECODE_LAT_76                 0         -nan%                0        0.000%
MAIN_BRANCH_RESOLVE_AT_DECODE_LAT_77                 0         -nan%                0        0.000%
MAIN_BRANCH_RESOLVE_AT_DECODE_LAT_78                 0         -nan%                0        0.000%
MAIN_BRANCH_RESOLVE_AT_DECODE_LAT_79                 0         -nan%                0        0.000%
MAIN_BRANCH_RESOLVE_AT_DECODE_LAT_80                 0         -nan%                0        0.000%
MAIN_BRANCH_RESOLVE_AT_DECODE_LAT_81                 0         -nan%                0        0.000%
MAIN_BRANCH_RESOLVE_AT_DECODE_LAT_82                 0         -nan%                0        0.000%
MAIN_BRANCH_RESOLVE_AT_DECODE_LAT_83                 0         -nan%                0        0.000%
MAIN_BRANCH_RESOLVE_AT_DECODE_LAT_84                 0         -nan%                0        0.000%
MAIN_BRANCH_RESOLVE_AT_DECODE_LAT_85                 0         -nan%                0        0.000%
MAIN_BRANCH_RESOLVE_AT_DECODE_LAT_86                 0         -nan%                0        0.000%
MAIN_BRANCH_RESOLVE_AT_DECODE_LAT_87                 0         -nan%                0        0.000%
MAIN_BRANCH_RESOLVE_AT_DECODE_LAT_88                 0         -nan%                0        0.000%
MAIN_BRANCH_RESOLVE_AT_DECODE_LAT_89                 0         -nan%                0        0.000%
MAIN_BRANCH_RESOLVE_AT_DECODE_LAT_90                 0         -nan%                0        0.000%
MAIN_BRANCH_RESOLVE_AT_DECODE_LAT_91                 0         -nan%                0        0.000%
MAIN_BRANCH_RESOLVE_AT_DECODE_LAT_92                 0         -nan%                0        0.000%
MAIN_BRANCH_RESOLVE_AT_DECODE_LAT_93                 0         -nan%                0        0.000%
MAIN_BRANCH_RESOLVE_AT_DECODE_LAT_94                 0         -nan%                0        0.000%
MAIN_BRANCH_RESOLVE_AT_DECODE_LAT_95                 0         -nan%                0        0.000%
MAIN_BRANCH_RESOLVE_AT_DECODE_LAT_96                 0         -nan%                0        0.000%
MAIN_BRANCH_RESOLVE_AT_DECODE_LAT_97                 0         -nan%                0        0.000%
MAIN_BRANCH_RESOLVE_AT_DECODE_LAT_98                 0         -nan%                0        0.000%
MAIN_BRANCH_RESOLVE_AT_DECODE_LAT_99                 0         -nan%                0        0.000%
MAIN_BRANCH_RESOLVE_AT_DECODE_LAT_100                0         -nan%                0        0.000%
MAIN_BRANCH_RESOLVE_AT_DECODE_LAT_GT100              0         -nan%               25       23.148%
                                                     0         -nan%              108      100.000%
                                                  -nan         -nan             31.08        41.33

MAIN_BRANCH_RESOLVE_AT_EXEC_LAT_1                    0        0.000%                0        0.000%
MAIN_BRANCH_RESOLVE_AT_EXEC_LAT_2                    0        0.000%                0        0.000%
MAIN_BRANCH_RESOLVE_AT_EXEC_LAT_3                    0        0.000%                0        0.000%
MAIN_BRANCH_RESOLVE_AT_EXEC_LAT_4                    0        0.000%                0        0.000%
MAIN_BRANCH_RESOLVE_AT_EXEC_LAT_5                    0        0.000%                0        0.000%
MAIN_BRANCH_RESOLVE_AT_EXEC_LAT_6                    0        0.000%                0        0.000%
MAIN_BRANCH_RESOLVE_AT_EXEC_LAT_7                    0        0.000%                0        0.000%
MAIN_BRANCH_RESOLVE_AT_EXEC_LAT_8                    0        0.000%                0        0.000%
MAIN_BRANCH_RESOLVE_AT_EXEC_LAT_9                    0        0.000%                0        0.000%
MAIN_BRANCH_RESOLVE_AT_EXEC_LAT_10                 482        2.637%             1618        2.868%
MAIN_BRANCH_RESOLVE_AT_EXEC_LAT_11                 989        5.411%             3433        6.084%
MAIN_BRANCH_RESOLVE_AT_EXEC_LAT_12                 779        4.262%             2426        4.300%
MAIN_BRANCH_RESOLVE_AT_EXEC_LAT_13                 425        2.325%             1365        2.419%
MAIN_BRANCH_RESOLVE_AT_EXEC_LAT_14                 203        1.111%              699        1.239%
MAIN_BRANCH_RESOLVE_AT_EXEC_LAT_15                 157        0.859%              499        0.884%
MAIN_BRANCH_RESOLVE_AT_EXEC_LAT_16                 248        1.357%              737        1.306%
MAIN_BRANCH_RESOLVE_AT_EXEC_LAT_17                 443        2.424%             1574        2.790%
MAIN_BRANCH_RESOLVE_AT_EXEC_LAT_18                 368        2.013%             1128        1.999%
MAIN_BRANCH_RESOLVE_AT_EXEC_LAT_19                 134        0.733%              462        0.819%
MAIN_BRANCH_RESOLVE_AT_EXEC_LAT_20                  98        0.536%              277        0.491%
MAIN_BRANCH_RESOLVE_AT_EXEC_LAT_21                 301        1.647%              753        1.335%
MAIN_BRANCH_RESOLVE_AT_EXEC_LAT_22                  59        0.323%              193        0.342%
MAIN_BRANCH_RESOLVE_AT_EXEC_LAT_23                 263        1.439%              711        1.260%
MAIN_BRANCH_RESOLVE_AT_EXEC_LAT_24                  50        0.274%              155        0.275%
MAIN_BRANCH_RESOLVE_AT_EXEC_LAT_25                  51        0.279%              142        0.252%
MAIN_BRANCH_RESOLVE_AT_EXEC_LAT_26                 469        2.566%              848        1.503%
MAIN_BRANCH_RESOLVE_AT_EXEC_LAT_27                  28        0.153%               94        0.167%
MAIN_BRANCH_RESOLVE_AT_EXEC_LAT_28                 981        5.367%             1068        1.893%
MAIN_BRANCH_RESOLVE_AT_EXEC_LAT_29                  41        0.224%              127        0.225%
MAIN_BRANCH_RESOLVE_AT_EXEC_LAT_30                  67        0.367%              221        0.392%
MAIN_BRANCH_RESOLVE_AT_EXEC_LAT_31                  48        0.263%              143        0.253%
MAIN_BRANCH_RESOLVE_AT_EXEC_LAT_32                 599        3.277%             2226        3.945%
MAIN_BRANCH_RESOLVE_AT_EXEC_LAT_33                  62        0.339%              530        0.939%
MAIN_BRANCH_RESOLVE_AT_EXEC_LAT_34                 140        0.766%             1778        3.151%
MAIN_BRANCH_RESOLVE_AT_EXEC_LAT_35                  87        0.476%              229        0.406%
MAIN_BRANCH_RESOLVE_AT_EXEC_LAT_36                  64        0.350%              199        0.353%
MAIN_BRANCH_RESOLVE_AT_EXEC_LAT_37                 211        1.154%              650        1.152%
MAIN_BRANCH_RESOLVE_AT_EXEC_LAT_38                 320        1.751%              916        1.623%
MAIN_BRANCH_RESOLVE_AT_EXEC_LAT_39                  81        0.443%              332        0.588%
MAIN_BRANCH_RESOLVE_AT_EXEC_LAT_40                  78        0.427%              335        0.594%
MAIN_BRANCH_RESOLVE_AT_EXEC_LAT_41                1108        6.062%             1389        2.462%
MAIN_BRANCH_RESOLVE_AT_EXEC_LAT_42                 127        0.695%              308        0.546%
MAIN_BRANCH_RESOLVE_AT_EXEC_LAT_43                 126        0.689%              304        0.539%
MAIN_BRANCH_RESOLVE_AT_EXEC_LAT_44                 116        0.635%              270        0.479%
MAIN_BRANCH_RESOLVE_AT_EXEC_LAT_45                  73        0.399%              203        0.360%
MAIN_BRANCH_RESOLVE_AT_EXEC_LAT_46                 553        3.025%             1504        2.666%
MAIN_BRANCH_RESOLVE_AT_EXEC_LAT_47                 140        0.766%             1201        2.129%
MAIN_BRANCH_RESOLVE_AT_EXEC_LAT_48                 132        0.722%              372        0.659%
MAIN_BRANCH_RESOLVE_AT_EXEC_LAT_49                 107        0.585%              267        0.473%
MAIN_BRANCH_RESOLVE_AT_EXEC_LAT_50                 102        0.558%              241        0.427%
MAIN_BRANCH_RESOLVE_AT_EXEC_LAT_51                  82        0.449%              238        0.422%
MAIN_BRANCH_RESOLVE_AT_EXEC_LAT_52                 104        0.569%              328        0.581%
MAIN_BRANCH_RESOLVE_AT_EXEC_LAT_53                  56        0.306%              797        1.413%
MAIN_BRANCH_RESOLVE_AT_EXEC_LAT_54                  43        0.235%              379        0.672%
MAIN_BRANCH_RESOLVE_AT_EXEC_LAT_55                  52        0.284%              135        0.239%
MAIN_BRANCH_RESOLVE_AT_EXEC_LAT_56                  38        0.208%              106        0.188%
MAIN_BRANCH_RESOLVE_AT_EXEC_LAT_57                  32        0.175%              239        0.424%
MAIN_BRANCH_RESOLVE_AT_EXEC_LAT_58                  35        0.191%              141        0.250%
MAIN_BRANCH_RESOLVE_AT_EXEC_LAT_59                  31        0.170%              107        0.190%
MAIN_BRANCH_RESOLVE_AT_EXEC_LAT_60                  39        0.213%              433        0.767%
MAIN_BRANCH_RESOLVE_AT_EXEC_LAT_61                  28        0.153%              114        0.202%
MAIN_BRANCH_RESOLVE_AT_EXEC_LAT_62                  21        0.115%               91        0.161%
MAIN_BRANCH_RESOLVE_AT_EXEC_LAT_63                 905        4.951%             1924        3.410%
MAIN_BRANCH_RESOLVE_AT_EXEC_LAT_64                  72        0.394%              461        0.817%
MAIN_BRANCH_RESOLVE_AT_EXEC_LAT_65                  37        0.202%              127        0.225%
MAIN_BRANCH_RESOLVE_AT_EXEC_LAT_66                  22        0.120%               64        0.113%
MAIN_BRANCH_RESOLVE_AT_EXEC_LAT_67                  27        0.148%              105        0.186%
MAIN_BRANCH_RESOLVE_AT_EXEC_LAT_68                  48        0.263%              145        0.257%
MAIN_BRANCH_RESOLVE_AT_EXEC_LAT_69                  60        0.328%              509        0.902%
MAIN_BRANCH_RESOLVE_AT_EXEC_LAT_70                  29        0.159%              204        0.362%
MAIN_BRANCH_RESOLVE_AT_EXEC_LAT_71                  32        0.175%              106        0.188%
MAIN_BRANCH_RESOLVE_AT_EXEC_LAT_72                  41        0.224%              130        0.230%
MAIN_BRANCH_RESOLVE_AT_EXEC_LAT_73                  28        0.153%               93        0.165%
MAIN_BRANCH_RESOLVE_AT_EXEC_LAT_74                  56        0.306%              127        0.225%
MAIN_BRANCH_RESOLVE_AT_EXEC_LAT_75                  23        0.126%              100        0.177%
MAIN_BRANCH_RESOLVE_AT_EXEC_LAT_76                  17        0.093%              161        0.285%
MAIN_BRANCH_RESOLVE_AT_EXEC_LAT_77                  25        0.137%              117        0.207%
MAIN_BRANCH_RESOLVE_AT_EXEC_LAT_78                  24        0.131%              523        0.927%
MAIN_BRANCH_RESOLVE_AT_EXEC_LAT_79                  29        0.159%              120        0.213%
MAIN_BRANCH_RESOLVE_AT_EXEC_LAT_80                 260        1.422%              995        1.763%
MAIN_BRANCH_RESOLVE_AT_EXEC_LAT_81                  72        0.394%              131        0.232%
MAIN_BRANCH_RESOLVE_AT_EXEC_LAT_82                  29        0.159%               93        0.165%
MAIN_BRANCH_RESOLVE_AT_EXEC_LAT_83                 192        1.050%              250        0.443%
MAIN_BRANCH_RESOLVE_AT_EXEC_LAT_84                 260        1.422%             1262        2.237%
MAIN_BRANCH_RESOLVE_AT_EXEC_LAT_85                  51        0.279%              120        0.213%
MAIN_BRANCH_RESOLVE_AT_EXEC_LAT_86                  53        0.290%              359        0.636%
MAIN_BRANCH_RESOLVE_AT_EXEC_LAT_87                  21        0.115%               57        0.101%
MAIN_BRANCH_RESOLVE_AT_EXEC_LAT_88                  23        0.126%               59        0.105%
MAIN_BRANCH_RESOLVE_AT_EXEC_LAT_89                  90        0.492%              133        0.236%
MAIN_BRANCH_RESOLVE_AT_EXEC_LAT_90                 375        2.052%              516        0.915%
MAIN_BRANCH_RESOLVE_AT_EXEC_LAT_91                  23        0.126%               60        0.106%
MAIN_BRANCH_RESOLVE_AT_EXEC_LAT_92                  68        0.372%              182        0.323%
MAIN_BRANCH_RESOLVE_AT_EXEC_LAT_93                  21        0.115%               53        0.094%
MAIN_BRANCH_RESOLVE_AT_EXEC_LAT_94                  18        0.098%               59        0.105%
MAIN_BRANCH_RESOLVE_AT_EXEC_LAT_95                  18        0.098%               67        0.119%
MAIN_BRANCH_RESOLVE_AT_EXEC_LAT_96                  21        0.115%               75        0.133%
MAIN_BRANCH_RESOLVE_AT_EXEC_LAT_97                  21        0.115%              158        0.280%
MAIN_BRANCH_RESOLVE_AT_EXEC_LAT_98                  21        0.115%              131        0.232%
MAIN_BRANCH_RESOLVE_AT_EXEC_LAT_99                  23        0.126%               69        0.122%
MAIN_BRANCH_RESOLVE_AT_EXEC_LAT_100                  9        0.049%               53        0.094%
MAIN_BRANCH_RESOLVE_AT_EXEC_LAT_GT100             3663       20.040%            11490       20.364%
                                                 18278      100.000%            56423      100.000%
                                                 50.04        39.86             50.77        40.29

PRED_TO_UPDATE_CYCLES_0                              0         -nan%                0         -nan%
PRED_TO_UPDATE_CYCLES_1                              0         -nan%                0         -nan%
PRED_TO_UPDATE_CYCLES_2                              0         -nan%                0         -nan%
PRED_TO_UPDATE_CYCLES_3                              0         -nan%                0         -nan%
PRED_TO_UPDATE_CYCLES_4                              0         -nan%                0         -nan%
PRED_TO_UPDATE_CYCLES_5                              0         -nan%                0         -nan%
PRED_TO_UPDATE_CYCLES_6                              0         -nan%                0         -nan%
PRED_TO_UPDATE_CYCLES_7                              0         -nan%                0         -nan%
PRED_TO_UPDATE_CYCLES_8                              0         -nan%                0         -nan%
PRED_TO_UPDATE_CYCLES_9                              0         -nan%                0         -nan%
PRED_TO_UPDATE_CYCLES_10                             0         -nan%                0         -nan%
PRED_TO_UPDATE_CYCLES_11                             0         -nan%                0         -nan%
PRED_TO_UPDATE_CYCLES_12                             0         -nan%                0         -nan%
PRED_TO_UPDATE_CYCLES_13                             0         -nan%                0         -nan%
PRED_TO_UPDATE_CYCLES_14                             0         -nan%                0         -nan%
PRED_TO_UPDATE_CYCLES_15                             0         -nan%                0         -nan%
PRED_TO_UPDATE_CYCLES_16                             0         -nan%                0         -nan%
PRED_TO_UPDATE_CYCLES_17                             0         -nan%                0         -nan%
PRED_TO_UPDATE_CYCLES_18                             0         -nan%                0         -nan%
PRED_TO_UPDATE_CYCLES_19                             0         -nan%                0         -nan%
PRED_TO_UPDATE_CYCLES_20                             0         -nan%                0         -nan%
PRED_TO_UPDATE_CYCLES_21                             0         -nan%                0         -nan%
PRED_TO_UPDATE_CYCLES_22                             0         -nan%                0         -nan%
PRED_TO_UPDATE_CYCLES_23                             0         -nan%                0         -nan%
PRED_TO_UPDATE_CYCLES_24                             0         -nan%                0         -nan%
PRED_TO_UPDATE_CYCLES_25                             0         -nan%                0         -nan%
PRED_TO_UPDATE_CYCLES_26                             0         -nan%                0         -nan%
PRED_TO_UPDATE_CYCLES_27                             0         -nan%                0         -nan%
PRED_TO_UPDATE_CYCLES_28                             0         -nan%                0         -nan%
PRED_TO_UPDATE_CYCLES_29                             0         -nan%                0         -nan%
PRED_TO_UPDATE_CYCLES_30                             0         -nan%                0         -nan%
                                                     0         -nan%                0         -nan%
                                                  -nan         -nan              -nan         -nan

BP_ON_PATH_CONF_RECOVER_AT_EXEC                      0         -nan%                0         -nan%
BP_ON_PATH_CONF_CORRECT                              0         -nan%                0         -nan%
                                                     0         -nan%                0         -nan%
                                                  -nan         -nan              -nan         -nan

BP_OFF_PATH_CONF_RECOVER_AT_EXEC                     0         -nan%                0         -nan%
BP_OFF_PATH_CONF_CORRECT                             0         -nan%                0         -nan%
                                                     0         -nan%                0         -nan%
                                                  -nan         -nan              -nan         -nan

BP_ON_PATH_PRED_MIS_CONF_RECOVER_AT_EXEC             0         -nan%                0         -nan%
BP_ON_PATH_PRED_MIS_CONF_CORRECT                     0         -nan%                0         -nan%
                                                     0         -nan%                0         -nan%
                                                  -nan         -nan              -nan         -nan

BP_ON_PATH_PRED_COR_CONF_RECOVER_AT_EXEC             0         -nan%                0         -nan%
BP_ON_PATH_PRED_COR_CONF_CORRECT                     0         -nan%                0         -nan%
                                                     0         -nan%                0         -nan%
                                                  -nan         -nan              -nan         -nan

BP_OFF_PATH_PRED_MIS_CONF_RECOVER_AT_EXEC             0         -nan%                0         -nan%
BP_OFF_PATH_PRED_MIS_CONF_CORRECT                    0         -nan%                0         -nan%
                                                     0         -nan%                0         -nan%
                                                  -nan         -nan              -nan         -nan

BP_OFF_PATH_PRED_COR_CONF_RECOVER_AT_EXEC             0         -nan%                0         -nan%
BP_OFF_PATH_PRED_COR_CONF_CORRECT                    0         -nan%                0         -nan%
                                                     0         -nan%                0         -nan%
                                                  -nan         -nan              -nan         -nan

ONPATH_CONF_RECOVER_AT_EXEC                          0         -nan%                0         -nan%
ONPATH_CONF_CORRECT                                  0         -nan%                0         -nan%
                                                     0         -nan%                0         -nan%
                                                  -nan         -nan              -nan         -nan

ONPATH_ON_PATH_CONF_RECOVER_AT_EXEC                  0         -nan%                0         -nan%
ONPATH_ON_PATH_CONF_CORRECT                          0         -nan%                0         -nan%
                                                     0         -nan%                0         -nan%
                                                  -nan         -nan              -nan         -nan

ONPATH_OFF_PATH_CONF_RECOVER_AT_EXEC                 0         -nan%                0         -nan%
ONPATH_OFF_PATH_CONF_CORRECT                         0         -nan%                0         -nan%
                                                     0         -nan%                0         -nan%
                                                  -nan         -nan              -nan         -nan

PRED_ONPATH_CONF_RECOVER_AT_EXEC                     0         -nan%                0         -nan%
PRED_ONPATH_CONF_CORRECT                             0         -nan%                0         -nan%
                                                     0         -nan%                0         -nan%
                                                  -nan         -nan              -nan         -nan

PRED_OFFPATH_CONF_RECOVER_AT_EXEC                    0         -nan%                0         -nan%
PRED_OFFPATH_CONF_CORRECT                            0         -nan%                0         -nan%
                                                     0         -nan%                0         -nan%
                                                  -nan         -nan              -nan         -nan

LONG_OVWT_MIS                                        0         -nan%                0         -nan%
LONG_OVWT_COR                                        0         -nan%                0         -nan%
                                                     0         -nan%                0         -nan%
                                                  -nan         -nan              -nan         -nan

OPC_LENGTH_0_7_MIS                                   0         -nan%                0         -nan%
OPC_LENGTH_0_7_COR                                   0         -nan%                0         -nan%
                                                     0         -nan%                0         -nan%
                                                  -nan         -nan              -nan         -nan

OPC_LENGTH_8_15_MIS                                  0         -nan%                0         -nan%
OPC_LENGTH_8_15_COR                                  0         -nan%                0         -nan%
                                                     0         -nan%                0         -nan%
                                                  -nan         -nan              -nan         -nan

OPC_LENGTH_16_23_MIS                                 0         -nan%                0         -nan%
OPC_LENGTH_16_23_COR                                 0         -nan%                0         -nan%
                                                     0         -nan%                0         -nan%
                                                  -nan         -nan              -nan         -nan

OPC_LENGTH_24_31_MIS                                 0         -nan%                0         -nan%
OPC_LENGTH_24_31_COR                                 0         -nan%                0         -nan%
                                                     0         -nan%                0         -nan%
                                                  -nan         -nan              -nan         -nan

OPC_LENGTH_32_39_MIS                                 0         -nan%                0         -nan%
OPC_LENGTH_32_39_COR                                 0         -nan%                0         -nan%
                                                     0         -nan%                0         -nan%
                                                  -nan         -nan              -nan         -nan

OPC_LENGTH_40_47_MIS                                 0         -nan%                0         -nan%
OPC_LENGTH_40_47_COR                                 0         -nan%                0         -nan%
                                                     0         -nan%                0         -nan%
                                                  -nan         -nan              -nan         -nan

OPC_LENGTH_48_55_MIS                                 0         -nan%                0         -nan%
OPC_LENGTH_48_55_COR                                 0         -nan%                0         -nan%
                                                     0         -nan%                0         -nan%
                                                  -nan         -nan              -nan         -nan

OPC_LENGTH_56_63_MIS                                 0         -nan%                0         -nan%
OPC_LENGTH_56_63_COR                                 0         -nan%                0         -nan%
                                                     0         -nan%                0         -nan%
                                                  -nan         -nan              -nan         -nan

OPC_LENGTH_64_71_MIS                                 0         -nan%                0         -nan%
OPC_LENGTH_64_71_COR                                 0         -nan%                0         -nan%
                                                     0         -nan%                0         -nan%
                                                  -nan         -nan              -nan         -nan

OPC_LENGTH_72_79_MIS                                 0         -nan%                0         -nan%
OPC_LENGTH_72_79_COR                                 0         -nan%                0         -nan%
                                                     0         -nan%                0         -nan%
                                                  -nan         -nan              -nan         -nan

OPC_LENGTH_80_MIS                                    0         -nan%                0         -nan%
OPC_LENGTH_80_COR                                    0         -nan%                0         -nan%
                                                     0         -nan%                0         -nan%
                                                  -nan         -nan              -nan         -nan

ALL_ONES_MIS                                         0         -nan%                0         -nan%
ALL_ONES_COR                                         0         -nan%                0         -nan%
                                                     0         -nan%                0         -nan%
                                                  -nan         -nan              -nan         -nan

FIRST_ONE_MIS                                        0         -nan%                0         -nan%
FIRST_ONE_COR                                        0         -nan%                0         -nan%
                                                     0         -nan%                0         -nan%
                                                  -nan         -nan              -nan         -nan

ZEROS_0_1_MIS                                        0         -nan%                0         -nan%
ZEROS_0_1_COR                                        0         -nan%                0         -nan%
                                                     0         -nan%                0         -nan%
                                                  -nan         -nan              -nan         -nan

ZEROS_2_3_MIS                                        0         -nan%                0         -nan%
ZEROS_2_3_COR                                        0         -nan%                0         -nan%
                                                     0         -nan%                0         -nan%
                                                  -nan         -nan              -nan         -nan

ZEROS_4_5_MIS                                        0         -nan%                0         -nan%
ZEROS_4_5_COR                                        0         -nan%                0         -nan%
                                                     0         -nan%                0         -nan%
                                                  -nan         -nan              -nan         -nan

ZEROS_6_7_MIS                                        0         -nan%                0         -nan%
ZEROS_6_7_COR                                        0         -nan%                0         -nan%
                                                     0         -nan%                0         -nan%
                                                  -nan         -nan              -nan         -nan

ZEROS_8_9_MIS                                        0         -nan%                0         -nan%
ZEROS_8_9_COR                                        0         -nan%                0         -nan%
                                                     0         -nan%                0         -nan%
                                                  -nan         -nan              -nan         -nan

ZEROS_10_11_MIS                                      0         -nan%                0         -nan%
ZEROS_10_11_COR                                      0         -nan%                0         -nan%
                                                     0         -nan%                0         -nan%
                                                  -nan         -nan              -nan         -nan

ZEROS_12_13_MIS                                      0         -nan%                0         -nan%
ZEROS_12_13_COR                                      0         -nan%                0         -nan%
                                                     0         -nan%                0         -nan%
                                                  -nan         -nan              -nan         -nan

ZEROS_14_15_MIS                                      0         -nan%                0         -nan%
ZEROS_14_15_COR                                      0         -nan%                0         -nan%
                                                     0         -nan%                0         -nan%
                                                  -nan         -nan              -nan         -nan

ZEROS_16_MIS                                         0         -nan%                0         -nan%
ZEROS_16_COR                                         0         -nan%                0         -nan%
                                                     0         -nan%                0         -nan%
                                                  -nan         -nan              -nan         -nan

GS2BC_GSHARE                                         0         -nan%                0         -nan%
GS2BC_2BC                                            0         -nan%                0         -nan%
                                                     0         -nan%                0         -nan%
                                                  -nan         -nan              -nan         -nan

GSKEW2BC_VOTE                                        0         -nan%                0         -nan%
GSKEW2BC_2BC                                         0         -nan%                0         -nan%
                                                     0         -nan%                0         -nan%
                                                  -nan         -nan              -nan         -nan

FUTGSHARE_INIT_ON_PATH_CORRECT                       0         -nan%                0         -nan%
FUTGSHARE_INIT_ON_PATH_RECOVER_AT_EXEC               0         -nan%                0         -nan%
                                                     0         -nan%                0         -nan%
                                                  -nan         -nan              -nan         -nan

FUTGSHARE_INIT_OFF_PATH_CORRECT                      0         -nan%                0         -nan%
FUTGSHARE_INIT_OFF_PATH_RECOVER_AT_EXEC              0         -nan%                0         -nan%
                                                     0         -nan%                0         -nan%
                                                  -nan         -nan              -nan         -nan

FUTGSHARE_CHANGED_CORRECTED_ON_PATH                  0         -nan%                0         -nan%
FUTGSHARE_CHANGED_SCREWED_ON_PATH                    0         -nan%                0         -nan%
                                                     0         -nan%                0         -nan%
                                                  -nan         -nan              -nan         -nan

FUTGSHARE_CHANGED_CORRECTED_OFF_PATH                 0         -nan%                0         -nan%
FUTGSHARE_CHANGED_SCREWED_OFF_PATH                   0         -nan%                0         -nan%
                                                     0         -nan%                0         -nan%
                                                  -nan         -nan              -nan         -nan

FUTGSHARE_ORIG_CORRECT_FUT_CORRECT_ON_PATH             0         -nan%                0         -nan%
FUTGSHARE_ORIG_RECOVER_AT_EXEC_FUT_CORRECT_ON_PATH             0         -nan%                0         -nan%
FUTGSHARE_ORIG_CORRECT_FUT_RECOVER_AT_EXEC_ON_PATH             0         -nan%                0         -nan%
FUTGSHARE_ORIG_RECOVER_AT_EXEC_FUT_RECOVER_AT_EXEC_ON_PATH             0         -nan%                0         -nan%
                                                     0         -nan%                0         -nan%
                                                  -nan         -nan              -nan         -nan

FUTGSHARE_ORIG_CORRECT_FUT_CORRECT_OFF_PATH             0         -nan%                0         -nan%
FUTGSHARE_ORIG_RECOVER_AT_EXEC_FUT_CORRECT_OFF_PATH             0         -nan%                0         -nan%
FUTGSHARE_ORIG_CORRECT_FUT_RECOVER_AT_EXEC_OFF_PATH             0         -nan%                0         -nan%
FUTGSHARE_ORIG_RECOVER_AT_EXEC_FUT_RECOVER_AT_EXEC_OFF_PATH             0         -nan%                0         -nan%
                                                     0         -nan%                0         -nan%
                                                  -nan         -nan              -nan         -nan

FUTGSHARE_ON_PATH_CORRECT_0                          0         -nan%                0         -nan%
FUTGSHARE_ON_PATH_RECOVER_AT_EXEC_0                  0         -nan%                0         -nan%
                                                     0         -nan%                0         -nan%
                                                  -nan         -nan              -nan         -nan

FUTGSHARE_OFF_PATH_CORRECT_0                         0         -nan%                0         -nan%
FUTGSHARE_OFF_PATH_RECOVER_AT_EXEC_0                 0         -nan%                0         -nan%
                                                     0         -nan%                0         -nan%
                                                  -nan         -nan              -nan         -nan

FUTGSHARE_ON_PATH_CORRECT_1                          0         -nan%                0         -nan%
FUTGSHARE_ON_PATH_RECOVER_AT_EXEC_1                  0         -nan%                0         -nan%
                                                     0         -nan%                0         -nan%
                                                  -nan         -nan              -nan         -nan

FUTGSHARE_OFF_PATH_CORRECT_1                         0         -nan%                0         -nan%
FUTGSHARE_OFF_PATH_RECOVER_AT_EXEC_1                 0         -nan%                0         -nan%
                                                     0         -nan%                0         -nan%
                                                  -nan         -nan              -nan         -nan

FUTGSHARE_ON_PATH_CORRECT_2                          0         -nan%                0         -nan%
FUTGSHARE_ON_PATH_RECOVER_AT_EXEC_2                  0         -nan%                0         -nan%
                                                     0         -nan%                0         -nan%
                                                  -nan         -nan              -nan         -nan

FUTGSHARE_OFF_PATH_CORRECT_2                         0         -nan%                0         -nan%
FUTGSHARE_OFF_PATH_RECOVER_AT_EXEC_2                 0         -nan%                0         -nan%
                                                     0         -nan%                0         -nan%
                                                  -nan         -nan              -nan         -nan

FUTGSHARE_ON_PATH_CORRECT_3                          0         -nan%                0         -nan%
FUTGSHARE_ON_PATH_RECOVER_AT_EXEC_3                  0         -nan%                0         -nan%
                                                     0         -nan%                0         -nan%
                                                  -nan         -nan              -nan         -nan

FUTGSHARE_OFF_PATH_CORRECT_3                         0         -nan%                0         -nan%
FUTGSHARE_OFF_PATH_RECOVER_AT_EXEC_3                 0         -nan%                0         -nan%
                                                     0         -nan%                0         -nan%
                                                  -nan         -nan              -nan         -nan

FUTGSHARE_ON_PATH_CORRECT_4                          0         -nan%                0         -nan%
FUTGSHARE_ON_PATH_RECOVER_AT_EXEC_4                  0         -nan%                0         -nan%
                                                     0         -nan%                0         -nan%
                                                  -nan         -nan              -nan         -nan

FUTGSHARE_OFF_PATH_CORRECT_4                         0         -nan%                0         -nan%
FUTGSHARE_OFF_PATH_RECOVER_AT_EXEC_4                 0         -nan%                0         -nan%
                                                     0         -nan%                0         -nan%
                                                  -nan         -nan              -nan         -nan

FUTGSHARE_ON_PATH_CORRECT_5                          0         -nan%                0         -nan%
FUTGSHARE_ON_PATH_RECOVER_AT_EXEC_5                  0         -nan%                0         -nan%
                                                     0         -nan%                0         -nan%
                                                  -nan         -nan              -nan         -nan

FUTGSHARE_OFF_PATH_CORRECT_5                         0         -nan%                0         -nan%
FUTGSHARE_OFF_PATH_RECOVER_AT_EXEC_5                 0         -nan%                0         -nan%
                                                     0         -nan%                0         -nan%
                                                  -nan         -nan              -nan         -nan

FUTGSHARE_ON_PATH_CORRECT_6                          0         -nan%                0         -nan%
FUTGSHARE_ON_PATH_RECOVER_AT_EXEC_6                  0         -nan%                0         -nan%
                                                     0         -nan%                0         -nan%
                                                  -nan         -nan              -nan         -nan

FUTGSHARE_OFF_PATH_CORRECT_6                         0         -nan%                0         -nan%
FUTGSHARE_OFF_PATH_RECOVER_AT_EXEC_6                 0         -nan%                0         -nan%
                                                     0         -nan%                0         -nan%
                                                  -nan         -nan              -nan         -nan

FUTGSHARE_ON_PATH_CORRECT_7                          0         -nan%                0         -nan%
FUTGSHARE_ON_PATH_RECOVER_AT_EXEC_7                  0         -nan%                0         -nan%
                                                     0         -nan%                0         -nan%
                                                  -nan         -nan              -nan         -nan

FUTGSHARE_OFF_PATH_CORRECT_7                         0         -nan%                0         -nan%
FUTGSHARE_OFF_PATH_RECOVER_AT_EXEC_7                 0         -nan%                0         -nan%
                                                     0         -nan%                0         -nan%
                                                  -nan         -nan              -nan         -nan

FUTGSHARE_ON_PATH_CORRECT_8                          0         -nan%                0         -nan%
FUTGSHARE_ON_PATH_RECOVER_AT_EXEC_8                  0         -nan%                0         -nan%
                                                     0         -nan%                0         -nan%
                                                  -nan         -nan              -nan         -nan

FUTGSHARE_OFF_PATH_CORRECT_8                         0         -nan%                0         -nan%
FUTGSHARE_OFF_PATH_RECOVER_AT_EXEC_8                 0         -nan%                0         -nan%
                                                     0         -nan%                0         -nan%
                                                  -nan         -nan              -nan         -nan

FUTGSHARE_ON_PATH_CORRECT_9                          0         -nan%                0         -nan%
FUTGSHARE_ON_PATH_RECOVER_AT_EXEC_9                  0         -nan%                0         -nan%
                                                     0         -nan%                0         -nan%
                                                  -nan         -nan              -nan         -nan

FUTGSHARE_OFF_PATH_CORRECT_9                         0         -nan%                0         -nan%
FUTGSHARE_OFF_PATH_RECOVER_AT_EXEC_9                 0         -nan%                0         -nan%
                                                     0         -nan%                0         -nan%
                                                  -nan         -nan              -nan         -nan

FUTGSHARE_ON_PATH_CORRECT_10                         0         -nan%                0         -nan%
FUTGSHARE_ON_PATH_RECOVER_AT_EXEC_10                 0         -nan%                0         -nan%
                                                     0         -nan%                0         -nan%
                                                  -nan         -nan              -nan         -nan

FUTGSHARE_OFF_PATH_CORRECT_10                        0         -nan%                0         -nan%
FUTGSHARE_OFF_PATH_RECOVER_AT_EXEC_10                0         -nan%                0         -nan%
                                                     0         -nan%                0         -nan%
                                                  -nan         -nan              -nan         -nan

FUTGSHARE_ON_PATH_CORRECT_11                         0         -nan%                0         -nan%
FUTGSHARE_ON_PATH_RECOVER_AT_EXEC_11                 0         -nan%                0         -nan%
                                                     0         -nan%                0         -nan%
                                                  -nan         -nan              -nan         -nan

FUTGSHARE_OFF_PATH_CORRECT_11                        0         -nan%                0         -nan%
FUTGSHARE_OFF_PATH_RECOVER_AT_EXEC_11                0         -nan%                0         -nan%
                                                     0         -nan%                0         -nan%
                                                  -nan         -nan              -nan         -nan

FUTGSHARE_ON_PATH_CORRECT_12                         0         -nan%                0         -nan%
FUTGSHARE_ON_PATH_RECOVER_AT_EXEC_12                 0         -nan%                0         -nan%
                                                     0         -nan%                0         -nan%
                                                  -nan         -nan              -nan         -nan

FUTGSHARE_OFF_PATH_CORRECT_12                        0         -nan%                0         -nan%
FUTGSHARE_OFF_PATH_RECOVER_AT_EXEC_12                0         -nan%                0         -nan%
                                                     0         -nan%                0         -nan%
                                                  -nan         -nan              -nan         -nan

FUTGSHARE_ON_PATH_CORRECT_13                         0         -nan%                0         -nan%
FUTGSHARE_ON_PATH_RECOVER_AT_EXEC_13                 0         -nan%                0         -nan%
                                                     0         -nan%                0         -nan%
                                                  -nan         -nan              -nan         -nan

FUTGSHARE_OFF_PATH_CORRECT_13                        0         -nan%                0         -nan%
FUTGSHARE_OFF_PATH_RECOVER_AT_EXEC_13                0         -nan%                0         -nan%
                                                     0         -nan%                0         -nan%
                                                  -nan         -nan              -nan         -nan

FUTGSHARE_ON_PATH_CORRECT_14                         0         -nan%                0         -nan%
FUTGSHARE_ON_PATH_RECOVER_AT_EXEC_14                 0         -nan%                0         -nan%
                                                     0         -nan%                0         -nan%
                                                  -nan         -nan              -nan         -nan

FUTGSHARE_OFF_PATH_CORRECT_14                        0         -nan%                0         -nan%
FUTGSHARE_OFF_PATH_RECOVER_AT_EXEC_14                0         -nan%                0         -nan%
                                                     0         -nan%                0         -nan%
                                                  -nan         -nan              -nan         -nan

FUTGSHARE_ON_PATH_CORRECT_15                         0         -nan%                0         -nan%
FUTGSHARE_ON_PATH_RECOVER_AT_EXEC_15                 0         -nan%                0         -nan%
                                                     0         -nan%                0         -nan%
                                                  -nan         -nan              -nan         -nan

FUTGSHARE_OFF_PATH_CORRECT_15                        0         -nan%                0         -nan%
FUTGSHARE_OFF_PATH_RECOVER_AT_EXEC_15                0         -nan%                0         -nan%
                                                     0         -nan%                0         -nan%
                                                  -nan         -nan              -nan         -nan

FUTGSHARE_CHANGED_CORRECTED_ON_PATH_0                0         -nan%                0         -nan%
FUTGSHARE_CHANGED_SCREWED_ON_PATH_0                  0         -nan%                0         -nan%
                                                     0         -nan%                0         -nan%
                                                  -nan         -nan              -nan         -nan

FUTGSHARE_CHANGED_CORRECTED_OFF_PATH_0               0         -nan%                0         -nan%
FUTGSHARE_CHANGED_SCREWED_OFF_PATH_0                 0         -nan%                0         -nan%
                                                     0         -nan%                0         -nan%
                                                  -nan         -nan              -nan         -nan

FUTGSHARE_CHANGED_CORRECTED_ON_PATH_1                0         -nan%                0         -nan%
FUTGSHARE_CHANGED_SCREWED_ON_PATH_1                  0         -nan%                0         -nan%
                                                     0         -nan%                0         -nan%
                                                  -nan         -nan              -nan         -nan

FUTGSHARE_CHANGED_CORRECTED_OFF_PATH_1               0         -nan%                0         -nan%
FUTGSHARE_CHANGED_SCREWED_OFF_PATH_1                 0         -nan%                0         -nan%
                                                     0         -nan%                0         -nan%
                                                  -nan         -nan              -nan         -nan

FUTGSHARE_CHANGED_CORRECTED_ON_PATH_2                0         -nan%                0         -nan%
FUTGSHARE_CHANGED_SCREWED_ON_PATH_2                  0         -nan%                0         -nan%
                                                     0         -nan%                0         -nan%
                                                  -nan         -nan              -nan         -nan

FUTGSHARE_CHANGED_CORRECTED_OFF_PATH_2               0         -nan%                0         -nan%
FUTGSHARE_CHANGED_SCREWED_OFF_PATH_2                 0         -nan%                0         -nan%
                                                     0         -nan%                0         -nan%
                                                  -nan         -nan              -nan         -nan

FUTGSHARE_CHANGED_CORRECTED_ON_PATH_3                0         -nan%                0         -nan%
FUTGSHARE_CHANGED_SCREWED_ON_PATH_3                  0         -nan%                0         -nan%
                                                     0         -nan%                0         -nan%
                                                  -nan         -nan              -nan         -nan

FUTGSHARE_CHANGED_CORRECTED_OFF_PATH_3               0         -nan%                0         -nan%
FUTGSHARE_CHANGED_SCREWED_OFF_PATH_3                 0         -nan%                0         -nan%
                                                     0         -nan%                0         -nan%
                                                  -nan         -nan              -nan         -nan

FUTGSHARE_CHANGED_CORRECTED_ON_PATH_4                0         -nan%                0         -nan%
FUTGSHARE_CHANGED_SCREWED_ON_PATH_4                  0         -nan%                0         -nan%
                                                     0         -nan%                0         -nan%
                                                  -nan         -nan              -nan         -nan

FUTGSHARE_CHANGED_CORRECTED_OFF_PATH_4               0         -nan%                0         -nan%
FUTGSHARE_CHANGED_SCREWED_OFF_PATH_4                 0         -nan%                0         -nan%
                                                     0         -nan%                0         -nan%
                                                  -nan         -nan              -nan         -nan

FUTGSHARE_CHANGED_CORRECTED_ON_PATH_5                0         -nan%                0         -nan%
FUTGSHARE_CHANGED_SCREWED_ON_PATH_5                  0         -nan%                0         -nan%
                                                     0         -nan%                0         -nan%
                                                  -nan         -nan              -nan         -nan

FUTGSHARE_CHANGED_CORRECTED_OFF_PATH_5               0         -nan%                0         -nan%
FUTGSHARE_CHANGED_SCREWED_OFF_PATH_5                 0         -nan%                0         -nan%
                                                     0         -nan%                0         -nan%
                                                  -nan         -nan              -nan         -nan

FUTGSHARE_CHANGED_CORRECTED_ON_PATH_6                0         -nan%                0         -nan%
FUTGSHARE_CHANGED_SCREWED_ON_PATH_6                  0         -nan%                0         -nan%
                                                     0         -nan%                0         -nan%
                                                  -nan         -nan              -nan         -nan

FUTGSHARE_CHANGED_CORRECTED_OFF_PATH_6               0         -nan%                0         -nan%
FUTGSHARE_CHANGED_SCREWED_OFF_PATH_6                 0         -nan%                0         -nan%
                                                     0         -nan%                0         -nan%
                                                  -nan         -nan              -nan         -nan

FUTGSHARE_CHANGED_CORRECTED_ON_PATH_7                0         -nan%                0         -nan%
FUTGSHARE_CHANGED_SCREWED_ON_PATH_7                  0         -nan%                0         -nan%
                                                     0         -nan%                0         -nan%
                                                  -nan         -nan              -nan         -nan

FUTGSHARE_CHANGED_CORRECTED_OFF_PATH_7               0         -nan%                0         -nan%
FUTGSHARE_CHANGED_SCREWED_OFF_PATH_7                 0         -nan%                0         -nan%
                                                     0         -nan%                0         -nan%
                                                  -nan         -nan              -nan         -nan

FUTGSHARE_CHANGED_CORRECTED_ON_PATH_8                0         -nan%                0         -nan%
FUTGSHARE_CHANGED_SCREWED_ON_PATH_8                  0         -nan%                0         -nan%
                                                     0         -nan%                0         -nan%
                                                  -nan         -nan              -nan         -nan

FUTGSHARE_CHANGED_CORRECTED_OFF_PATH_8               0         -nan%                0         -nan%
FUTGSHARE_CHANGED_SCREWED_OFF_PATH_8                 0         -nan%                0         -nan%
                                                     0         -nan%                0         -nan%
                                                  -nan         -nan              -nan         -nan

FUTGSHARE_CHANGED_CORRECTED_ON_PATH_9                0         -nan%                0         -nan%
FUTGSHARE_CHANGED_SCREWED_ON_PATH_9                  0         -nan%                0         -nan%
                                                     0         -nan%                0         -nan%
                                                  -nan         -nan              -nan         -nan

FUTGSHARE_CHANGED_CORRECTED_OFF_PATH_9               0         -nan%                0         -nan%
FUTGSHARE_CHANGED_SCREWED_OFF_PATH_9                 0         -nan%                0         -nan%
                                                     0         -nan%                0         -nan%
                                                  -nan         -nan              -nan         -nan

FUTGSHARE_CHANGED_CORRECTED_ON_PATH_10               0         -nan%                0         -nan%
FUTGSHARE_CHANGED_SCREWED_ON_PATH_10                 0         -nan%                0         -nan%
                                                     0         -nan%                0         -nan%
                                                  -nan         -nan              -nan         -nan

FUTGSHARE_CHANGED_CORRECTED_OFF_PATH_10              0         -nan%                0         -nan%
FUTGSHARE_CHANGED_SCREWED_OFF_PATH_10                0         -nan%                0         -nan%
                                                     0         -nan%                0         -nan%
                                                  -nan         -nan              -nan         -nan

FUTGSHARE_CHANGED_CORRECTED_ON_PATH_11               0         -nan%                0         -nan%
FUTGSHARE_CHANGED_SCREWED_ON_PATH_11                 0         -nan%                0         -nan%
                                                     0         -nan%                0         -nan%
                                                  -nan         -nan              -nan         -nan

FUTGSHARE_CHANGED_CORRECTED_OFF_PATH_11              0         -nan%                0         -nan%
FUTGSHARE_CHANGED_SCREWED_OFF_PATH_11                0         -nan%                0         -nan%
                                                     0         -nan%                0         -nan%
                                                  -nan         -nan              -nan         -nan

FUTGSHARE_CHANGED_CORRECTED_ON_PATH_12               0         -nan%                0         -nan%
FUTGSHARE_CHANGED_SCREWED_ON_PATH_12                 0         -nan%                0         -nan%
                                                     0         -nan%                0         -nan%
                                                  -nan         -nan              -nan         -nan

FUTGSHARE_CHANGED_CORRECTED_OFF_PATH_12              0         -nan%                0         -nan%
FUTGSHARE_CHANGED_SCREWED_OFF_PATH_12                0         -nan%                0         -nan%
                                                     0         -nan%                0         -nan%
                                                  -nan         -nan              -nan         -nan

FUTGSHARE_CHANGED_CORRECTED_ON_PATH_13               0         -nan%                0         -nan%
FUTGSHARE_CHANGED_SCREWED_ON_PATH_13                 0         -nan%                0         -nan%
                                                     0         -nan%                0         -nan%
                                                  -nan         -nan              -nan         -nan

FUTGSHARE_CHANGED_CORRECTED_OFF_PATH_13              0         -nan%                0         -nan%
FUTGSHARE_CHANGED_SCREWED_OFF_PATH_13                0         -nan%                0         -nan%
                                                     0         -nan%                0         -nan%
                                                  -nan         -nan              -nan         -nan

FUTGSHARE_CHANGED_CORRECTED_ON_PATH_14               0         -nan%                0         -nan%
FUTGSHARE_CHANGED_SCREWED_ON_PATH_14                 0         -nan%                0         -nan%
                                                     0         -nan%                0         -nan%
                                                  -nan         -nan              -nan         -nan

FUTGSHARE_CHANGED_CORRECTED_OFF_PATH_14              0         -nan%                0         -nan%
FUTGSHARE_CHANGED_SCREWED_OFF_PATH_14                0         -nan%                0         -nan%
                                                     0         -nan%                0         -nan%
                                                  -nan         -nan              -nan         -nan

FUTGSHARE_CHANGED_CORRECTED_ON_PATH_15               0         -nan%                0         -nan%
FUTGSHARE_CHANGED_SCREWED_ON_PATH_15                 0         -nan%                0         -nan%
                                                     0         -nan%                0         -nan%
                                                  -nan         -nan              -nan         -nan

FUTGSHARE_CHANGED_CORRECTED_OFF_PATH_15              0         -nan%                0         -nan%
FUTGSHARE_CHANGED_SCREWED_OFF_PATH_15                0         -nan%                0         -nan%
                                                     0         -nan%                0         -nan%
                                                  -nan         -nan              -nan         -nan

FRAGHIST_BIN_0                                       0         -nan%                0         -nan%
FRAGHIST_BIN_1                                       0         -nan%                0         -nan%
FRAGHIST_BIN_2                                       0         -nan%                0         -nan%
FRAGHIST_BIN_3                                       0         -nan%                0         -nan%
FRAGHIST_BIN_4                                       0         -nan%                0         -nan%
FRAGHIST_BIN_5                                       0         -nan%                0         -nan%
FRAGHIST_BIN_6                                       0         -nan%                0         -nan%
FRAGHIST_BIN_7                                       0         -nan%                0         -nan%
FRAGHIST_BIN_8                                       0         -nan%                0         -nan%
FRAGHIST_BIN_9                                       0         -nan%                0         -nan%
FRAGHIST_BIN_10                                      0         -nan%                0         -nan%
FRAGHIST_BIN_11                                      0         -nan%                0         -nan%
FRAGHIST_BIN_12                                      0         -nan%                0         -nan%
FRAGHIST_BIN_13                                      0         -nan%                0         -nan%
FRAGHIST_BIN_14                                      0         -nan%                0         -nan%
FRAGHIST_BIN_15                                      0         -nan%                0         -nan%
FRAGHIST_BIN_16                                      0         -nan%                0         -nan%
FRAGHIST_BIN_17                                      0         -nan%                0         -nan%
FRAGHIST_BIN_18                                      0         -nan%                0         -nan%
FRAGHIST_BIN_19                                      0         -nan%                0         -nan%
FRAGHIST_BIN_20                                      0         -nan%                0         -nan%
FRAGHIST_BIN_21                                      0         -nan%                0         -nan%
FRAGHIST_BIN_22                                      0         -nan%                0         -nan%
FRAGHIST_BIN_23                                      0         -nan%                0         -nan%
FRAGHIST_BIN_24                                      0         -nan%                0         -nan%
FRAGHIST_BIN_25                                      0         -nan%                0         -nan%
FRAGHIST_BIN_26                                      0         -nan%                0         -nan%
FRAGHIST_BIN_27                                      0         -nan%                0         -nan%
FRAGHIST_BIN_28                                      0         -nan%                0         -nan%
FRAGHIST_BIN_29                                      0         -nan%                0         -nan%
FRAGHIST_BIN_30                                      0         -nan%                0         -nan%
FRAGHIST_BIN_31                                      0         -nan%                0         -nan%
FRAGHIST_BIN_32                                      0         -nan%                0         -nan%
                                                     0         -nan%                0         -nan%
                                                  -nan         -nan              -nan         -nan

BTB_UPDATE_BTB_HIT_JITTED_NOT_CF                     0         -nan%                0         -nan%
BTB_UPDATE_BTB_HIT_JITTED_CF_BR                      0         -nan%                0         -nan%
BTB_UPDATE_BTB_HIT_JITTED_CF_CBR                     0         -nan%                0         -nan%
BTB_UPDATE_BTB_HIT_JITTED_CF_CALL                    0         -nan%                0         -nan%
BTB_UPDATE_BTB_HIT_JITTED_CF_IBR                     0         -nan%                0         -nan%
BTB_UPDATE_BTB_HIT_JITTED_CF_ICALL                   0         -nan%                0         -nan%
BTB_UPDATE_BTB_HIT_JITTED_CF_ICO                     0         -nan%                0         -nan%
BTB_UPDATE_BTB_HIT_JITTED_CF_RET                     0         -nan%                0         -nan%
                                                     0         -nan%                0         -nan%
                                                  -nan         -nan              -nan         -nan

RESTEER_BTB_MISS_NOT_CF                          65125       77.778%           194315       77.165%
RESTEER_BTB_MISS_CF_BR                               0        0.000%                0        0.000%
RESTEER_BTB_MISS_CF_CBR                              0        0.000%               43        0.017%
RESTEER_BTB_MISS_CF_REP                              0        0.000%                3        0.001%
RESTEER_BTB_MISS_CF_CALL                             0        0.000%                0        0.000%
RESTEER_BTB_MISS_CF_IBR                              0        0.000%               62        0.025%
RESTEER_BTB_MISS_CF_ICALL                            0        0.000%                0        0.000%
RESTEER_BTB_MISS_CF_ICO                              0        0.000%                0        0.000%
RESTEER_BTB_MISS_CF_RET                              0        0.000%                0        0.000%
RESTEER_RECOVER_AT_EXEC_NOT_CF                     329        0.393%              973        0.386%
RESTEER_RECOVER_AT_EXEC_CF_BR                        0        0.000%                0        0.000%
RESTEER_RECOVER_AT_EXEC_CF_CBR                   10863       12.974%            34207       13.584%
RESTEER_RECOVER_AT_EXEC_CF_REP                       0        0.000%                0        0.000%
RESTEER_RECOVER_AT_EXEC_CF_CALL                      0        0.000%                0        0.000%
RESTEER_RECOVER_AT_EXEC_CF_IBR                       0        0.000%               23        0.009%
RESTEER_RECOVER_AT_EXEC_CF_ICALL                     0        0.000%               32        0.013%
RESTEER_RECOVER_AT_EXEC_CF_ICO                       0        0.000%                0        0.000%
RESTEER_RECOVER_AT_EXEC_CF_RET                    7415        8.856%            22161        8.800%
RESTEER_RECOVER_AT_DECODE_NOT_CF                     0        0.000%                0        0.000%
RESTEER_RECOVER_AT_DECODE_CF_BR                      0        0.000%                0        0.000%
RESTEER_RECOVER_AT_DECODE_CF_CBR                     0        0.000%                0        0.000%
RESTEER_RECOVER_AT_DECODE_CF_REP                     0        0.000%                0        0.000%
RESTEER_RECOVER_AT_DECODE_CF_CALL                    0        0.000%                0        0.000%
RESTEER_RECOVER_AT_DECODE_CF_IBR                     0        0.000%                0        0.000%
RESTEER_RECOVER_AT_DECODE_CF_ICALL                   0        0.000%                0        0.000%
RESTEER_RECOVER_AT_DECODE_CF_ICO                     0        0.000%                0        0.000%
RESTEER_RECOVER_AT_DECODE_CF_RET                     0        0.000%                0        0.000%
RESTEER_NO_TARGET_CF_IBR                             0        0.000%                0        0.000%
RESTEER_NO_TARGET_CF_ICALL                           0        0.000%                0        0.000%
RESTEER_NO_TARGET_CF_ICO                             0        0.000%                0        0.000%
RESTEER_NO_TARGET_CF_RET                             0        0.000%                0        0.000%
                                                 83732      100.000%           251819      100.000%
                                                  2.97         5.09              3.03         5.10

TAGESCL_COMP_TAGE_BASE_CORRECT                  577585       50.045%          1735803       50.123%
TAGESCL_COMP_TAGE_BASE_RECOVER_AT_EXEC               2        0.000%              217        0.006%
TAGESCL_COMP_TAGE_SHORT_CORRECT                 403060       34.923%          1216351       35.123%
TAGESCL_COMP_TAGE_SHORT_RECOVER_AT_EXEC             69        0.006%              395        0.011%
TAGESCL_COMP_TAGE_LONG_CORRECT                  159058       13.782%           464639       13.417%
TAGESCL_COMP_TAGE_LONG_RECOVER_AT_EXEC            8057        0.698%            24220        0.699%
TAGESCL_COMP_LOOP_CORRECT                            0        0.000%                0        0.000%
TAGESCL_COMP_LOOP_RECOVER_AT_EXEC                    0        0.000%                0        0.000%
TAGESCL_COMP_SC_CORRECT                           3569        0.309%            12075        0.349%
TAGESCL_COMP_SC_RECOVER_AT_EXEC                   2735        0.237%             9375        0.271%
                                               1154135      100.000%          3463075      100.000%
                                                  1.33         1.23              1.33         1.24

TAGESCL_COMP_BTB_MISS_TAGE_BASE_CORRECT         502663       97.328%          1509051       97.496%
TAGESCL_COMP_BTB_MISS_TAGE_BASE_RECOVER_AT_EXEC             0        0.000%              150        0.010%
TAGESCL_COMP_BTB_MISS_TAGE_SHORT_CORRECT          8209        1.589%            22127        1.430%
TAGESCL_COMP_BTB_MISS_TAGE_SHORT_RECOVER_AT_EXEC             1        0.000%                7        0.000%
TAGESCL_COMP_BTB_MISS_TAGE_LONG_CORRECT           5559        1.076%            16404        1.060%
TAGESCL_COMP_BTB_MISS_TAGE_LONG_RECOVER_AT_EXEC            19        0.004%               44        0.003%
TAGESCL_COMP_BTB_MISS_LOOP_CORRECT                   0        0.000%                0        0.000%
TAGESCL_COMP_BTB_MISS_LOOP_RECOVER_AT_EXEC             0        0.000%                0        0.000%
TAGESCL_COMP_BTB_MISS_SC_CORRECT                     8        0.002%               17        0.001%
TAGESCL_COMP_BTB_MISS_SC_RECOVER_AT_EXEC             2        0.000%                8        0.001%
                                                516461      100.000%          1547808      100.000%
                                                  0.08         0.48              0.07         0.47

TAGESCL_CONF_0_PER_BASE_RECOVER_AT_EXEC              0        0.000%                0        0.000%
TAGESCL_CONF_1_PER_BASE_RECOVER_AT_EXEC              0        0.000%              168        0.491%
TAGESCL_CONF_2_PER_BASE_RECOVER_AT_EXEC              0        0.000%                0        0.000%
TAGESCL_CONF_3_PER_BASE_RECOVER_AT_EXEC              2        0.018%               49        0.143%
TAGESCL_CONF_0_PER_SHORT_RECOVER_AT_EXEC             6        0.055%               29        0.085%
TAGESCL_CONF_1_PER_SHORT_RECOVER_AT_EXEC            21        0.193%              168        0.491%
TAGESCL_CONF_2_PER_SHORT_RECOVER_AT_EXEC            10        0.092%               36        0.105%
TAGESCL_CONF_3_PER_SHORT_RECOVER_AT_EXEC            32        0.295%              162        0.474%
TAGESCL_CONF_0_PER_LONG_RECOVER_AT_EXEC           1292       11.894%             4083       11.936%
TAGESCL_CONF_1_PER_LONG_RECOVER_AT_EXEC           1657       15.254%             5619       16.426%
TAGESCL_CONF_2_PER_LONG_RECOVER_AT_EXEC           1694       15.594%             4569       13.357%
TAGESCL_CONF_3_PER_LONG_RECOVER_AT_EXEC           3414       31.428%             9949       29.085%
TAGESCL_CONF_0_PER_LOOP_RECOVER_AT_EXEC              0        0.000%                0        0.000%
TAGESCL_CONF_1_PER_LOOP_RECOVER_AT_EXEC              0        0.000%                0        0.000%
TAGESCL_CONF_2_PER_LOOP_RECOVER_AT_EXEC              0        0.000%                0        0.000%
TAGESCL_CONF_3_PER_LOOP_RECOVER_AT_EXEC              0        0.000%                0        0.000%
TAGESCL_CONF_0_PER_SC_RECOVER_AT_EXEC              769        7.079%             2593        7.580%
TAGESCL_CONF_1_PER_SC_RECOVER_AT_EXEC             1034        9.519%             3848       11.249%
TAGESCL_CONF_2_PER_SC_RECOVER_AT_EXEC              555        5.109%             1846        5.397%
TAGESCL_CONF_3_PER_SC_RECOVER_AT_EXEC              377        3.470%             1088        3.181%
                                                 10863      100.000%            34207      100.000%
                                                 11.71         4.02             11.75         4.15

TAGESCL_SC_SMALLLSUM                              3850        0.334%            13677        0.396%
TAGESCL_SC_SMALLLFIRST                             209        0.018%              957        0.028%
TAGESCL_SC_SMALLLSECOND                            341        0.030%              936        0.027%
TAGESCL_SC_IDENTICAL                           1147249       99.618%          3440243       99.549%
                                               1151649      100.000%          3455813      100.000%
                                                  2.99         2.98              2.99         2.98

CRS_UNDERFLOW_ON_PATH                              344        3.720%             1140        3.902%
CRS_UNDERFLOW_OFF_PATH                            8904       96.280%            28074       96.098%
                                                  9248      100.000%            29214      100.000%
                                                  0.96         0.95              0.96         0.94



