load1_pc,load2_pc,offset_delta,load2_mem_size
0x7faa7f8e6d34,0x7faa7f9038d4,8,8
0x7faa7f9038d5,0x7faa7f9038d6,8,8
0x7faa7f9038d6,0x7faa7f9038d8,8,8
0x7faa7f8e8f48,0x7faa7f8e8f4a,8,8
0x7faa7f8e8f46,0x7faa7f8e8f47,8,8
0x7faa7f8e8f1d,0x7faa7f8e8f26,-8,8
0x7faa7f83b2cf,0x7faa7f83b2d0,8,8
0x7faa7f8d7e36,0x7faa7f83b2b6,-24,8
0x7faa7f95949a,0x7faa7f95949e,-8,8
0x7faa7f90404b,0x7faa7f90404d,8,8
0x7faa7f95954c,0x7faa7f95954d,8,8
0x7faa7f86a9b0,0x7faa7f86a9b5,16,8
0x7faa7f9b0941,0x7faa7f9b094f,-4,8
0x7faa7f922a65,0x7faa7f922a72,-8,8
0x7faa7f959554,0x7faa7f959556,8,8
0x7faa7f904047,0x7faa7f904049,8,8
0x7faa7f95986f,0x7faa7f959873,8,8
0x7faa7f959876,0x7faa7f95987b,8,8
0x7faa7f9b5060,0x7faa7f9594b8,-16,8
0x7faa7f9a6fb3,0x7faa7f9a6fbe,-8,8
0x7faa7f9a6f57,0x7faa7f8de4b0,0,8
0x7faa7f9b0bc1,0x7faa7f9b0bcf,-4,8
0x7faa7f94a640,0x7faa7f94a64d,0,8
0x7faa7f9b0a76,0x7faa7f95983b,8,8
0x7faa7f9b0aeb,0x7faa7f9b0b06,-8,8
0x7faa7f9b0a79,0x7faa7f95982e,8,8
0x7faa7f9b05e5,0x7faa7f9b0602,-8,8
0x7faa7f922bdd,0x7faa7f922bdf,8,8
0x7faa7f8e6d30,0x7faa7f8e6d30,0,8
0x7faa7f922bd5,0x7faa7f922bd6,8,8
0x7faa7f9b09e3,0x7faa7f9b09f3,-4,8
0x7faa7f922b25,0x7faa7f9227a5,0,8
0x7faa7f922b29,0x7faa7f9227b7,-8,8
0x7faa7f922ddc,0x7faa7f922bbd,8,8
0x7faa7f922946,0x7faa7f922948,8,8
0x7faa7f922942,0x7faa7f922944,8,8
0x7faa7f9b0861,0x7faa7f9b087c,-8,8
0x7faa7f9a6f7f,0x7faa7f903ff9,16,8
0x7faa7f8ef4e0,0x7faa7f8ef4e4,8,8
0x7faa7f8d7e83,0x7faa7f8d7e8a,32,8
0x7faa7f92293e,0x7faa7f92293f,8,8
0x7faa7f922bd7,0x7faa7f922bd9,8,8
0x7faa7f9b0580,0x7faa7f9b05a7,-8,8
0x7faa7f959550,0x7faa7f959552,8,8
0x7faa7f9a7006,0x7faa7f9a7007,8,8
0x7faa7f9a7009,0x7faa7f9a700b,8,8
0x7faa7f9a700d,0x7faa7f9a700f,8,8
0x7faa7f922a28,0x7faa7f922bc2,0,8
0x7faa7f904043,0x7faa7f904044,8,8
0x7faa7f9b0645,0x7faa7f9b0580,8,8
0x7faa7f9b063c,0x7faa7f9b0592,0,8
0x7faa7f95954e,0x7faa7f959550,8,8
0x7faa7f922b10,0x7faa7f922dcb,0,8
0x7faa7f8f9706,0x7faa7f8f9706,1,8
0x7faa7f9b05d2,0x7faa7f9b0749,8,8
0x7faa7f94d110,0x7faa7f94d122,-16,8
0x7faa7f94d17d,0x7faa7f94d18e,-40,8
0x7faa7f94d1aa,0x7faa7f94d1c6,1,8
0x7faa7f9b5050,0x7faa7f9594b1,0,8
0x7faa7f9b07ef,0x7faa7f9b0823,-8,8
0x7faa7f904044,0x7faa7f904045,8,8
0x7faa7f91b39a,0x7faa7f91b39b,8,8
0x7faa7f922bd9,0x7faa7f922bdb,8,8
0x7faa7f8e04a3,0x7faa7f8e04a3,1,8
0x7faa7f9b0a09,0x7faa7f9b0727,2,8
0x7faa7f9595c1,0x7faa7f9595f4,0,8
0x7faa7f8de4f8,0x7faa7f9a6fed,32,8
0x7faa7f9a6fed,0x7faa7f9a7005,16,8
0x7faa7f926103,0x7faa7f926104,8,8
0x7faa7f926105,0x7faa7f926107,8,8
0x7faa7f9b0dbf,0x7faa7f9b0dd9,-16,8
0x7faa7f9475b7,0x7faa7f9475b8,8,8
0x7faa7f9475b9,0x7faa7f9475bb,8,8
0x7faa7f94d2d9,0x7faa7f94d2f7,16,8
0x7faa7f94d2f8,0x7faa7f94d2f9,8,8
0x7faa7f94d2fb,0x7faa7f94d2fd,8,8
0x7faa7f922cdf,0x7faa7f922bbd,8,8
0x7faa7f922abe,0x7faa7f922cd0,8,8
0x7faa7f9b062e,0x7faa7f9b063c,-4,8
0x7faa7f958287,0x7faa7f8e6ae7,-8,8
0x7faa7f8ef570,0x7faa7f8ef570,-8,8
0x7faa7f94f06a,0x7faa7f94f06b,8,8
0x7faa7f94d2ff,0x7faa7f94d301,8,8
0x7faa7f922802,0x7faa7f922930,8,8
0x7faa7f9b0dfc,0x7faa7f8e6d20,0,8
0x7faa7f922bd6,0x7faa7f922bd7,8,8
0x7faa7f959569,0x7faa7f959599,0,8
0x7faa7f91c715,0x7faa7f91c716,8,8
0x7faa7f8de4b6,0x7faa7f8dfc10,56,8
0x7faa7f9b09fc,0x7faa7f9b0706,32,8
0x7faa7f90c541,0x7faa7f90c542,8,8
0x7faa7f90a4cd,0x7faa7f90a4de,8,8
0x7faa7f922bdb,0x7faa7f922bdd,8,8
0x7faa7f947849,0x7faa7f94785d,16,8
0x7faa7f94785e,0x7faa7f94785f,8,8
0x7faa7f958294,0x7faa7f9582a2,-8,8
0x7faa7f9b0712,0x7faa7f9b0712,8,8
0x7faa7f9586be,0x7faa7f9586d2,12,8
0x7faa7f9b04b7,0x7faa7f9b04dc,-32,8
0x7faa7f8e6d20,0x7faa7f9b0dcc,0,8
0x7faa7f9a6f5b,0x7faa7f9a6ff2,0,8
0x7faa7f9b0d84,0x7faa7f958820,-8,8
0x7faa7f9b07ec,0x7faa7f95872a,8,8
0x7faa820a6044,0x7faa7f91b399,16,8
0x7faa7f9b0652,0x7faa7f9b05b4,2,8
0x7faa7f95832a,0x7faa7f95832b,8,8
0x7faa7f8d7e46,0x7faa7f8d7e46,0,8
0x7faa7f958851,0x7faa7f958868,16,8
0x7faa7f9588ec,0x7faa7f9588ee,8,8
0x7faa7f9588f0,0x7faa7f9588f2,8,8
0x7faa7f9588ea,0x7faa7f9588eb,8,8
0x7faa7f922a5a,0x7faa7f9582e1,-32,8
0x7faa7f9b05a7,0x7faa7f9b0994,16,8
0x7faa7f94d2e1,0x7faa7f94f071,0,8
0x7faa7f94f01c,0x7faa7f94d0b1,0,8
0x7faa7f9b04ab,0x7faa7f9b04af,-8,8
0x7faa7f9b0510,0x7faa7f9b0520,-4,8
0x7faa7f9b101f,0x7faa7f9b1023,8,8
0x7faa7f9b0e46,0x7faa7f9b0e47,8,8
0x7faa7f9b0e48,0x7faa7f9b0e4a,8,8
0x7faa7f9b0e4c,0x7faa7f9b0e4e,8,8
0x7faa7f94782e,0x7faa7f950c30,8,8
0x7faa7f950bee,0x7faa7f90c52a,0,8
0x7faa7f950c42,0x7faa7f9b1033,-24,8
0x7faa7f90c611,0x7faa7f90c612,8,8
0x7faa7f90c613,0x7faa7f90c615,8,8
0x7faa7f950c4e,0x7faa7f950c66,8,8
0x7faa7f950c67,0x7faa7f950c68,8,8
0x7faa7f9a7005,0x7faa7f9a7006,8,8
0x7faa7f9a7007,0x7faa7f9a7009,8,8
0x7faa7f9a700b,0x7faa7f9a700d,8,8
0x7faa7f932cd8,0x7faa7f932cd9,8,8
0x7faa7f92ad4b,0x7faa7f92ad4c,8,8
0x7faa7f9038d4,0x7faa7f9038d5,8,8
0x7faa7f9b0706,0x7faa7f9b0736,-32,8
0x7faa7f947809,0x7faa7f950bf2,0,8
0x7faa7f950c53,0x7faa7f94784e,0,8
0x7faa7f9b049e,0x7faa7f9b04a2,16,8
0x7faa7f92293f,0x7faa7f922940,8,8
0x7faa7f959983,0x7faa7f959998,0,8
0x7faa7f95832c,0x7faa7f95832e,8,8
0x7faa7f9b05b4,0x7faa7f9b0a09,2,8
0x7faa7f8d7e8a,0x7faa7f8d7e83,-32,8
0x7faa7f9b4b67,0x7faa7f9594b8,-16,8
0x7faa7f9b05d2,0x7faa7f9b0a23,8,8
0x7faa7f8f9706,0x7faa7f8f9819,-4,8
0x7faa7f9b0645,0x7faa7f9b05a7,0,8
0x7faa7f9b05b4,0x7faa7f9b0727,2,8
0x7faa7f8e6ae0,0x7faa7f9b045b,0,8
0x7faa7f902c7b,0x7faa7f902c7c,8,8
0x7faa7f922940,0x7faa7f922942,8,8
0x7faa7f922944,0x7faa7f922946,8,8
0x7faa7f83ee94,0x7faa7f83ee95,8,8
0x7faa7f8dee1a,0x7faa7f83ee7a,-24,8
0x7faa7f8ef53a,0x7faa7f8ef552,-8,8
0x7faa7f8ef5f2,0x7faa7f8ef5f3,8,8
0x7faa7f9b05a7,0x7faa7f9b0580,8,8
0x7faa7f8e6d20,0x7faa7f9599c0,0,8
0x7faa7f9599f1,0x7faa7f959a2b,0,8
0x7faa7f9b0a23,0x7faa7f9b0749,0,8
0x7faa7f9b0d93,0x7faa7f9b0d9f,-48,8
0x7faa7f9b05e0,0x7faa7f9b0580,-8,8
0x7faa7f8d7e50,0x7faa7f8d7e50,0,8
0x7faa7f9b045b,0x7faa7f9b0462,0,8
0x7faa7f8f98ea,0x7faa7f8f9908,16,8
0x7faa7f8f9909,0x7faa7f8f990a,8,8
0x7faa7f8f990c,0x7faa7f8f990e,8,8
0x7faa7f9b07ef,0x7faa7f9597e4,8,8
0x7faa7f932cd9,0x7faa7f932cdb,8,8
0x7faa7f90a4ed,0x7faa7f90c600,-24,8
0x7faa7f958330,0x7faa7f958332,8,8
0x7faa7f8ef5f4,0x7faa7f8ef5f6,8,8
0x7faa7f959552,0x7faa7f959554,8,8
0x7faa7f9b0670,0x7faa7f9b1099,56,8
0x7faa7f94d430,0x7faa7f947564,0,8
0x7faa7f8e04dc,0x7faa7f8e04dd,8,8
0x7faa7f94d3e6,0x7faa7f94d411,0,8
0x7faa7f92ad4d,0x7faa7f92ad4f,8,8
0x7faa7f94d1fd,0x7faa7f94d3eb,1,8
0x7faa7f9753b6,0x7faa7f9753ce,8,8
0x7faa7f9754d5,0x7faa7f9754e9,8,8
0x7faa81fc8646,0x7faa7f8e0455,0,8
0x7faa7f90b5ff,0x7faa7f90b639,8,8
0x7faa7f8fec8f,0x7faa7f8fec95,-4,8
0x7faa7f9586b2,0x7faa7f9586b6,8,8
0x7faa7f9b1054,0x7faa7f9b1062,-4,8
0x7faa7f974f7a,0x7faa7f9753bb,0,8
0x7faa7f975368,0x7faa7f974ec5,0,8
0x7faa7f9a6ff2,0x7faa7f975488,0,8
0x7faa7f9586fa,0x7faa7f8e6ae0,0,8
0x7faa7f922a5a,0x7faa7f922a5a,0,8
0x7faa7f9b0444,0x7faa7f9a6f5b,0,8
0x7faa7f9b0736,0x7faa7f9b106b,0,8
0x7faa7f9e357a,0x7faa7f9e357a,1,8
0x7faa7f9b05f3,0x7faa7f9b05f3,8,8
0x7faa7f9b05a7,0x7faa7f9b0706,32,8
0x7faa7f9b0585,0x7faa7f9b0585,0,8
0x7faa7f9587bf,0x7faa7f9587d8,-16,8
0x7faa7f9b0e1a,0x7faa7f95879b,-24,8
0x7faa7f9b0f0c,0x7faa7f9b0eb0,2,8
0x7faa7f94d420,0x7faa7f94d424,48,8
0x7faa7f94f083,0x7faa7f9754c2,16,8
0x7faa7f9753d0,0x7faa7f9753d2,8,8
0x7faa7f8fecb4,0x7faa7f8feccc,16,8
0x7faa7f8feccd,0x7faa7f8fecce,8,8
0x7faa7f959844,0x7faa7f975381,0,8
0x7faa7f9b048e,0x7faa7f9b05e5,16,8
0x7faa7f8e8ee1,0x7faa7f8e8ee1,0,8
0x7faa7f9582e9,0x7faa7f9582fa,4,8
0x7faa7f9b4b60,0x7faa7f9594b1,0,8
0x7faa7f8ef612,0x7faa7f8ef612,0,8
0x7faa7f8e8ee1,0x7faa7f8d7e83,-8,8
0x7faa7f8e917e,0x7faa7f8e918c,-16,8
0x7faa7f8e91c8,0x7faa7f8e91d5,-8,8
0x7faa7f8e9208,0x7faa7f8e920a,8,8
0x7faa7f8dfc10,0x7faa7f95999c,-48,8
0x7faa7f8e9d78,0x7faa7f8e9d86,-2,8
0x7faa7f8ea321,0x7faa7f8ea347,0,8
0x7faa7f8ead4a,0x7faa7f8ead4b,8,8
0x7faa7f9599c7,0x7faa7f9b0dd3,0,8
0x7faa7f8ef60f,0x7faa7f8ef60f,0,8
0x7faa7f8efbc8,0x7faa7f8efbc9,8,8
0x7faa7f8efbca,0x7faa7f8efbcc,8,8
0x7faa7f9b0789,0x7faa7f9b062e,4,8
0x7faa7f958332,0x7faa7f958334,8,8
0x7faa7f9b0e28,0x7faa7f9b0e46,16,8
0x7faa7f9b0e47,0x7faa7f9b0e48,8,8
0x7faa7f9b0e4a,0x7faa7f9b0e4c,8,8
0x7faa7f9b0e4e,0x7faa7f9b0e50,8,8
0x7faa7f94d0b1,0x7faa7f94d2e1,0,8
0x7faa7f958876,0x7faa7f95889e,-16,8
0x7faa7f958803,0x7faa7f958884,-8,8
0x7faa7f9b05f3,0x7faa7f9b09b0,8,8
0x7faa7f94d1fd,0x7faa7f94d24b,1,8
0x7faa7f929c30,0x7faa7f929c31,8,8
0x7faa7f94d250,0x7faa7f94d27d,16,8
0x7faa7f8e6d20,0x7faa7f959911,0,8
0x7faa7f907b4a,0x7faa7f907bde,0,8
0x7faa7f8db5cc,0x7faa7f8db5cd,8,8
0x7faa7f8db664,0x7faa7f8db665,8,8
0x7faa7f9038d8,0x7faa7f9b0958,16,8
0x7faa7f8faa6c,0x7faa7f8faa7c,16,8
0x7faa7f9b04a2,0x7faa7f9b04ab,16,8
0x7faa7f9b0585,0x7faa7f9b07ec,8,8
0x7faa7f8ef600,0x7faa7f8d6ee0,0,8
0x7faa7f9b0994,0x7faa7f9b09fc,-16,8
0x7faa7f9b0760,0x7faa7f9b0792,-8,8
0x7faa7f905c44,0x7faa7f905c45,8,8
0x7faa7f905c46,0x7faa7f905c48,8,8
0x7faa7f905c4a,0x7faa7f905c4c,8,8
0x7faa7f9595c8,0x7faa7f9b0dd3,0,8
0x7faa7f94bd81,0x7faa7f929bfe,0,8
0x7faa7f904045,0x7faa7f904047,8,8
0x7faa7f9b0592,0x7faa7f9b0592,0,8
0x7faa7f9b0602,0x7faa7f9b05e5,8,8
0x7faa7f9b06ba,0x7faa7f9b062e,4,8
0x7faa7f9b0736,0x7faa7f9b0706,32,8
0x7faa7f9b0b21,0x7faa7f9b0b3c,-8,8
0x7faa7f8f981d,0x7faa7f8f981d,8,8
0x7faa7f9582fa,0x7faa7f9b049e,-12,8
0x7faa7f9586b6,0x7faa7f9586ba,8,8
0x7faa7f9586ed,0x7faa7f9582e9,16,8
0x7faa7f9b07ef,0x7faa7f9586b2,8,8
0x7faa7f8f9819,0x7faa7f8f9b50,1,8
0x7faa7f94ae12,0x7faa7f94ae14,8,8
0x7faa7f94ae16,0x7faa7f94ae18,8,8
0x7faa7f922839,0x7faa7f922839,8,8
0x7faa7f8f9844,0x7faa7f8f9844,0,8
0x7faa7f8faa82,0x7faa7f928203,8,8
0x7faa7f8faa82,0x7faa7f9b0b0e,-8,8
0x7faa7f907bc1,0x7faa7f907bc1,8,8
0x7faa7f9281ae,0x7faa7f928218,-16,8
0x7faa7f9284a2,0x7faa7f9284a4,8,8
0x7faa7f929a29,0x7faa7f929a3c,8,8
0x7faa7f929a50,0x7faa7f929a51,8,8
0x7faa7f922aa8,0x7faa7f922abe,16,8
0x7faa7f94ae10,0x7faa7f94ae11,8,8
0x7faa7f9e3558,0x7faa7f9e3558,1,8
0x7faa7f9b05d2,0x7faa7f9b05d2,0,8
0x7faa7f9b0caa,0x7faa7f9b0cb8,-4,8
0x7faa7f9b4dc0,0x7faa7f8d6ee0,0,8
0x7faa7f9b4b30,0x7faa7f9b05b4,2,8
0x7faa7f9b0529,0x7faa7f9b0580,8,8
0x7faa7f9586ed,0x7faa7f9582dd,-16,8
0x7faa7f8de8f0,0x7faa7f8de902,16,8
0x7faa7f9b0c68,0x7faa7f9b0c6c,-8,8
0x7faa7f9462ec,0x7faa7f94630c,-32,8
0x7faa7f8e0493,0x7faa7f8e0493,-11,8
0x7faa7f9b0bd8,0x7faa7f9b0760,8,8
0x7faa7f920625,0x7faa7f920626,8,8
0x7faa7f9462d1,0x7faa7f9462ec,8,8
0x7faa7f8e6d20,0x7faa7f9b5050,0,8
0x7faa7f9b0592,0x7faa7f9b09e3,4,8
0x7faa7f8d74a7,0x7faa7f9b0ea3,16,8
0x7faa7f9b0d9f,0x7faa7f9b0e1a,-40,8
0x7faa7f8d8808,0x7faa7f8d880a,8,8
0x7faa7f932cd7,0x7faa7f932cd8,8,8
0x7faa7f8d8803,0x7faa7f8d8804,8,8
0x7faa7f94be16,0x7faa7f94be31,16,8
0x7faa7f94be32,0x7faa7f94be33,8,8
0x7faa7f94be35,0x7faa7f94be37,8,8
0x7faa7f959a06,0x7faa7f8ef4d0,-16,8
0x7faa7f959a1e,0x7faa7f959a71,8,8
0x7faa7f9b0e69,0x7faa7f8d7480,16,8
0x7faa7f90b5bd,0x7faa7f90b620,8,8
0x7faa7f9b0462,0x7faa7f9b5050,0,8
0x7faa7f95832e,0x7faa7f958330,8,8
0x7faa7f9b0444,0x7faa7f922a28,0,8
0x7faa7f8efad3,0x7faa7f8efb60,-16,8
0x7faa7f8f9910,0x7faa7f8f9912,8,8
0x7faa7f907b98,0x7faa7f907bd9,8,8
0x7faa7f8e9206,0x7faa7f8e9207,8,8
0x7faa7f9038d8,0x7faa7f9b0bd8,16,8
0x7faa7f9475a4,0x7faa7f9475ab,16,8
0x7faa7f8f4dcd,0x7faa7f8f4dce,8,8
0x7faa7f8f9801,0x7faa7f8faa68,-16,8
0x7faa7f959b8b,0x7faa7f959b8c,8,8
0x7faa7f959b8d,0x7faa7f959b8f,8,8
0x7faa81fc7f23,0x7faa7f9302a0,0,8
0x7faa7f9b0592,0x7faa7f9b1054,4,8
0x7faa7f9e35d9,0x7faa7f9e35d9,0,8
0x7faa81fd259c,0x7faa81fd25a1,-1,8
0x7faa7f9e35d4,0x7faa7f9e35d4,0,8
0x7faa7f91b399,0x7faa7f91b39a,8,8
0x7faa7f974f8d,0x7faa7f974f8e,8,8
0x7faa7f974f8f,0x7faa7f974f91,8,8
0x7faa7f974f93,0x7faa7f974f95,8,8
0x7faa7f9b1062,0x7faa7f9b0510,4,8
0x7faa7f8f96c1,0x7faa7f8f98f2,0,8
0x7faa7f958876,0x7faa7f958884,8,8
0x7faa7f8fb6fd,0x7faa7f8fb6ff,8,8
0x7faa7f8e0493,0x7faa7f8e0493,-1,8
0x7faa7f9587bf,0x7faa7f958803,56,8
0x7faa7f947575,0x7faa7f9475ab,0,8
0x7faa7f974fb6,0x7faa7f974f75,8,8
0x7faa7f8fb298,0x7faa7f8fb6df,0,8
0x7faa7f9754da,0x7faa7f9b0e30,0,8
0x7faa7f910dfe,0x7faa7f910dff,8,8
0x7faa7f90b59c,0x7faa7f90b63e,0,8
0x7faa7f8ef4d0,0x7faa7f8ef4e0,-16,8
0x7faa7f8ef4e0,0x7faa7f8ef4f6,0,8
0x7faa7f9b05b4,0x7faa7f9b05b4,2,8
0x7faa7f8ef506,0x7faa7f959b8b,32,8
0x7faa7f959b8c,0x7faa7f959b8d,8,8
0x7faa7f959b8f,0x7faa7f959b91,8,8
0x7faa7f92ad4f,0x7faa7f92ad51,8,8
0x7faa7f8ef4d0,0x7faa7f8ef4e4,-8,8
0x7faa7f95982e,0x7faa7f95985a,24,8
0x7faa7f8dfc1c,0x7faa7f8dfc1c,0,8
0x7faa7f957416,0x7faa7f95742e,8,8
0x7faa7f95742f,0x7faa7f957430,8,8
0x7faa7f957432,0x7faa7f957434,8,8
0x7faa7f9b0529,0x7faa7f9b05e0,16,8
0x7faa7f8d6ee4,0x7faa7f8dfc10,24,8
0x7faa7f9b0958,0x7faa7f9b05e0,16,8
0x7faa7f9b0965,0x7faa7f9b0652,2,8
0x7faa7f959a06,0x7faa7f959a1e,8,8
0x7faa81fd25ac,0x7faa7f932cd7,8,8
0x7faa820a6038,0x7faa7f91b399,16,8
0x7faa7f9b0efe,0x7faa7f9b0e8c,4,8
0x7faa7f947564,0x7faa7f947575,24,8
0x7faa7f9b07ec,0x7faa7f91c6bf,8,8
0x7faa7f9b4ddd,0x7faa7f9b05b4,2,8
0x7faa7f9b0c02,0x7faa7f9b0670,-8,8
0x7faa7f9b0792,0x7faa7f9b0760,8,8
0x7faa7f8fb6f9,0x7faa7f8fb6fb,8,8
0x7faa7f922bc2,0x7faa7f922a28,0,8
0x7faa7f8e9d64,0x7faa7f8e9d7d,0,8
0x7faa7f8ea2d2,0x7faa7f8ead37,0,8
0x7faa7f9300b7,0x7faa8231c0e7,-40,8
0x7faa7f930156,0x7faa7f93030d,0,8
0x7faa7f94bd85,0x7faa7f930265,0,8
0x7faa7f94be1b,0x7faa7f94c01d,0,8
0x7faa7f8db590,0x7faa7f8db5b4,-16,8
0x7faa7f959599,0x7faa7f8e6d20,0,8
0x7faa7f9594b1,0x7faa7f959569,0,8
0x7faa7f959844,0x7faa7f92818c,24,8
0x7faa7f8db630,0x7faa7f8db650,-16,8
0x7faa7f9b0a09,0x7faa7f9b0be5,2,8
0x7faa7f8e9da9,0x7faa7f93011e,24,8
0x7faa7f8ead24,0x7faa7f8ead32,8,8
0x7faa7f8ead52,0x7faa7f8ead54,8,8
0x7faa7f93013c,0x7faa7f930151,16,8
0x7faa7f930308,0x7faa7f930320,16,8
0x7faa7f930321,0x7faa7f930322,8,8
0x7faa7f930324,0x7faa7f930326,8,8
0x7faa7f930328,0x7faa7f93032a,8,8
0x7faa7f8d7424,0x7faa7f8d7424,-8,8
0x7faa7f9b0789,0x7faa7f9b0592,0,8
0x7faa7f83b3de,0x7faa7f83b3e8,-36,8
0x7faa7f929c0f,0x7faa7f929c22,-32,8
0x7faa7f8e8f50,0x7faa7f8e8f80,-16,8
0x7faa7f929c38,0x7faa7f929c3a,8,8
0x7faa7f9b0727,0x7faa7f9b1078,2,8
0x7faa81fd258e,0x7faa7f932cd7,8,8
0x7faa7f91c716,0x7faa7f91c717,8,8
0x7faa7f91b39b,0x7faa7f91c715,16,8
0x7faa7f94d1e3,0x7faa7f94d246,-32,8
0x7faa7f9572cc,0x7faa7f95741b,0,8
0x7faa7f9b0ee8,0x7faa7f9b0efe,-4,8
0x7faa7f9b0e9a,0x7faa7f9b0789,0,8
0x7faa7f9b09fc,0x7faa7f9b0736,0,8
0x7faa7f8fee0e,0x7faa7f8fee0f,8,8
0x7faa7f9281ed,0x7faa7f928a65,-16,8
0x7faa7f922bc2,0x7faa7f9a6f5b,0,8
0x7faa7f8e8f19,0x7faa7f8e8f19,0,8
0x7faa7f8f98f2,0x7faa7f8fb185,0,8
0x7faa7f8fb131,0x7faa7f8f96c1,0,8
0x7faa7f922bc2,0x7faa7f94b20f,0,8
0x7faa7f929a41,0x7faa7f94bfb0,0,8
0x7faa7f9a6ff2,0x7faa7f9299e5,0,8
0x7faa7f9b0b06,0x7faa7f9b0b21,-8,8
0x7faa7f9b4dc0,0x7faa7f8ef4d0,-16,8
0x7faa7f8ead4c,0x7faa7f8ead4e,8,8
0x7faa7f93016d,0x7faa7f93016f,8,8
0x7faa7f930171,0x7faa7f930173,8,8
0x7faa7f93016a,0x7faa7f93016b,8,8
0x7faa7f91c717,0x7faa7f959646,16,8
0x7faa7f95964b,0x7faa7f959650,8,8
0x7faa7f947697,0x7faa7f9056de,0,8
0x7faa7f9476dd,0x7faa7f9476df,8,8
0x7faa7f8dfc10,0x7faa7f8dfc10,0,8
0x7faa7f929c32,0x7faa7f929c34,8,8
0x7faa7f9476db,0x7faa7f9476dc,8,8
0x7faa7f8d7e46,0x7faa7f8dee2b,0,8
0x7faa7f8d7ea0,0x7faa7f8d7eab,-8,8
0x7faa7f94f1ee,0x7faa7f94f1f3,-8,8
0x7faa7f946314,0x7faa7f946314,0,8
0x7faa7f9e3558,0x7faa7f9e357a,1,8
0x7faa7f8fdbb0,0x7faa7f8fdbb5,8,8
0x7faa7f9b0520,0x7faa7f9b062e,4,8
0x7faa7f94c030,0x7faa7f94c031,8,8
0x7faa7f8fdc58,0x7faa7f8fdc68,16,8
0x7faa7f90fbf0,0x7faa7f90fc07,8,8
0x7faa7f90d276,0x7faa7f9572dc,0,8
0x7faa7f90d299,0x7faa7f90d29a,8,8
0x7faa7f8fb6f6,0x7faa7f8fb6f7,8,8
0x7faa7f8fb6da,0x7faa7f8fb6f5,16,8
0x7faa7f9b4dc7,0x7faa7f9b0592,0,8
0x7faa7f9475a4,0x7faa7f9b0af3,-16,8
0x7faa7f94d1e8,0x7faa7f9b0aeb,0,8
0x7faa7f8ea334,0x7faa7f8ea334,1,8
0x7faa7f907bf0,0x7faa7f94b23f,8,8
0x7faa7f94b240,0x7faa7f94b249,16,8
0x7faa7f9b05a7,0x7faa7f9b05e0,16,8
0x7faa7f92849e,0x7faa7f9284a0,8,8
0x7faa7f928bdb,0x7faa7f928a40,24,8
0x7faa7f929a1f,0x7faa7f929a24,8,8
0x7faa7f9faa23,0x7faa7f9faa24,8,8
0x7faa7f9faa26,0x7faa7f9faa28,8,8
0x7faa7f9faa2a,0x7faa7f9faa2c,8,8
0x7faa7f9fad9a,0x7faa7f9fad9b,8,8
0x7faa7f9b0e69,0x7faa7f9fad5b,0,8
0x7faa7f95985a,0x7faa7f9b0b0e,-40,8
0x7faa7f9fa9c5,0x7faa7f9faa11,8,8
0x7faa7f90b5ac,0x7faa7f90b5bd,8,8
0x7faa7f8efbc9,0x7faa7f8efbca,8,8
0x7faa7f8efbcc,0x7faa7f8efbce,8,8
0x7faa7f9b0ece,0x7faa7f9b07bf,-8,8
0x7faa7f8d6ee4,0x7faa7f8d6ee4,0,8
0x7faa7f9b0e8c,0x7faa7f9b0e9a,-4,8
0x7faa7f9b4dc7,0x7faa7f9b062e,4,8
0x7faa7f8d7420,0x7faa7f8d7420,0,8
0x7faa7f907bde,0x7faa7f9d9fdc,0,8
0x7faa7f9b4d6a,0x7faa7f9b0592,0,8
0x7faa7f9da0c6,0x7faa7f9da201,0,8
0x7faa7f9da1bd,0x7faa7f907b4a,0,8
0x7faa7f94d2f7,0x7faa7f94d2f8,8,8
0x7faa7f94d2f9,0x7faa7f94d2fb,8,8
0x7faa7f94d2fd,0x7faa7f94d2ff,8,8
0x7faa7f9b15fe,0x7faa7f9b1602,16,8
0x7faa7f8eae5f,0x7faa7f8eae5f,0,8
0x7faa7f9b06ba,0x7faa7f9b0592,0,8
0x7faa7f959a71,0x7faa7f959b00,-16,8
0x7faa7f9e357a,0x7faa7f932d50,-1,8
0x7faa7f902c66,0x7faa7f9205d6,16,8
0x7faa7f9b0861,0x7faa7f9b0861,-8,8
0x7faa7f9107bf,0x7faa7f9107c0,8,8
0x7faa7f9107c1,0x7faa7f9107c3,8,8
0x7faa7f94c7a3,0x7faa7f90530d,0,8
0x7faa7f94c7e0,0x7faa7f905316,0,8
0x7faa7f94ffe6,0x7faa7f94ffe7,8,8
0x7faa7f94ffff,0x7faa7f95009b,16,8
0x7faa7f9500e3,0x7faa7f9500e4,8,8
0x7faa7f9500e5,0x7faa7f9500e7,8,8
0x7faa7f9057a0,0x7faa7f9057a5,-8,8
0x7faa7f95954d,0x7faa7f95954e,8,8
0x7faa7f9b0be5,0x7faa7f9b4ddd,2,8
0x7faa7f8fec56,0x7faa7f8fecb9,0,8
0x7faa7f9595f4,0x7faa7f8e6d20,0,8
0x7faa7f932d2a,0x7faa7f932d2a,0,8
0x7faa7f9b1281,0x7faa7f9b129a,-8,8
0x7faa7f9065e9,0x7faa7f9065eb,8,8
0x7faa7f9065ed,0x7faa7f9065ef,8,8
0x7faa7f8efa97,0x7faa7f9595c1,0,8
0x7faa7f8fa445,0x7faa7f8f9b50,0,8
0x7faa7f90fc4e,0x7faa7f90fc6f,16,8
0x7faa7f8db5a8,0x7faa7f8db5a8,0,8
0x7faa7f8db641,0x7faa7f8db641,0,8
0x7faa7f8dd889,0x7faa7f94b26a,32,8
0x7faa7f92849a,0x7faa7f92849b,8,8
0x7faa7f9056e2,0x7faa7f9057c4,0,8
0x7faa7f9a6ff2,0x7faa7f94f1b8,0,8
0x7faa7f9b0ece,0x7faa7f9b0670,-8,8
0x7faa7f951ac2,0x7faa7f951ac3,8,8
0x7faa7f916434,0x7faa7f916475,0,8
0x7faa7f91f5cf,0x7faa7f91f5d0,8,8
0x7faa7f922a72,0x7faa7f922a65,8,8
0x7faa7f94c7c2,0x7faa7f9500cd,0,8
0x7faa7f94ffed,0x7faa7f94c78a,0,8
0x7faa7f95005a,0x7faa7f94ff71,0,8
0x7faa7f957330,0x7faa7f9227b7,-8,8
0x7faa7f94c018,0x7faa7f94c030,16,8
0x7faa7f94c031,0x7faa7f94c032,8,8
0x7faa7f86aa2f,0x7faa7f86aa3c,-16,8
0x7faa7f905bb4,0x7faa7f905c08,0,8
0x7faa7f907861,0x7faa7f8d8960,0,8
0x7faa7f907865,0x7faa7f90786e,24,8
0x7faa7f935e7c,0x7faa7f935e7d,8,8
0x7faa7f94ad74,0x7faa7f94769b,0,8
0x7faa7f94ad8d,0x7faa7f9b0869,-8,8
0x7faa7f94add4,0x7faa7f94adf6,8,8
0x7faa7f951c6e,0x7faa7f951c72,8,8
0x7faa7f951c73,0x7faa7f951c75,8,8
0x7faa7f951c77,0x7faa7f951c79,8,8
0x7faa7f9b0592,0x7faa7f9b51a8,4,8
0x7faa7f8de16b,0x7faa7f8de16c,8,8
0x7faa7f924218,0x7faa7f924224,8,8
0x7faa7f92fcb3,0x7faa7f92fcd2,8,8
0x7faa7f92fd94,0x7faa7f92fdac,8,8
0x7faa7f92fdad,0x7faa7f92fdae,8,8
0x7faa7f92fdb2,0x7faa7f92fdb4,8,8
0x7faa7f9b0965,0x7faa7f9b06d0,12,8
0x7faa7f8f9801,0x7faa7f8fa441,-16,8
0x7faa7f847e18,0x7faa7f8f9910,-32,8
0x7faa7f8f9912,0x7faa7f8fb259,32,8
0x7faa7f8efbce,0x7faa7f95967a,16,8
0x7faa7f9b1664,0x7faa7f9b0ee0,0,8
0x7faa7f9b0792,0x7faa7f9b0580,8,8
0x7faa81f54f3d,0x7faa7f916453,8,8
0x7faa7f8dbfb4,0x7faa7f8dbfed,-24,8
0x7faa7f8ef600,0x7faa7f8dbf70,0,8
0x7faa7f905c08,0x7faa7f905c35,0,8
0x7faa7f8de75a,0x7faa7f8de75e,8,8
0x7faa7f8de75f,0x7faa7f8de761,8,8
0x7faa7f9b076c,0x7faa7f9b0774,-16,8
0x7faa7f959844,0x7faa7f9d9fd8,8,8
0x7faa7f8f4dce,0x7faa7f8f4dcf,8,8
0x7faa7f92ad4c,0x7faa7f92ad4d,8,8
0x7faa7f9b0ea3,0x7faa7f9b0760,8,8
0x7faa7f8e6d20,0x7faa7f905bb4,0,8
0x7faa7f9b0727,0x7faa7f9b0cce,2,8
0x7faa7f9b4dc4,0x7faa7f94a640,-40,8
0x7faa7f930169,0x7faa7f93016a,8,8
0x7faa7f8dc003,0x7faa7f8dc004,8,8
0x7faa7f8ead4e,0x7faa7f8ead50,8,8
0x7faa7f8f4d96,0x7faa7f8f4dcd,-48,8
0x7faa7f93016b,0x7faa7f93016d,8,8
0x7faa7f93016f,0x7faa7f930171,8,8
0x7faa7f95983b,0x7faa7f94d1e8,8,8
0x7faa7f947575,0x7faa7f9475a4,-16,8
0x7faa7f95731d,0x7faa7f90653d,0,8
0x7faa7f9e3249,0x7faa7f9e3251,8,8
0x7faa7f9e347a,0x7faa7f9e349b,16,8
0x7faa7f9e349c,0x7faa7f9e349d,8,8
0x7faa7f9e349f,0x7faa7f9e34a1,8,8
0x7faa7f9e34a3,0x7faa7f9e34a5,8,8
0x7faa7f957360,0x7faa7f95736e,-8,8
0x7faa7f9b0be5,0x7faa7f9b079f,2,8
0x7faa7f8e6d20,0x7faa7f8ef523,0,8
0x7faa7f95966a,0x7faa7f8efa8d,8,8
0x7faa7f8eae64,0x7faa7f8eae64,1,8
0x7faa7f9b0c02,0x7faa7f9b4dfd,-8,8
0x7faa7f957330,0x7faa7f906541,-8,8
0x7faa7f9b076c,0x7faa7f9b0774,-8,8
0x7faa7f92ad3e,0x7faa7f92ad3e,0,8
0x7faa7f9b0792,0x7faa7f9b05e0,16,8
0x7faa7f95832b,0x7faa7f95832c,8,8
0x7faa7f9107a4,0x7faa7f9107b4,8,8
0x7faa7f9b0670,0x7faa7f9b0670,56,8
0x7faa7f8e04a3,0x7faa7f8e04cc,1,8
0x7faa7f92b806,0x7faa7f92b807,8,8
0x7faa7f92b809,0x7faa7f92b80b,8,8
0x7faa7f9597f7,0x7faa7f9b089f,-24,8
0x7faa7f974f47,0x7faa7f974f5e,2,8
0x7faa7f9b0684,0x7faa7f9b0585,-8,8
0x7faa7f9b0965,0x7faa7f9b4d80,2,8
0x7faa7f8d7e8a,0x7faa7f8e8ee1,-24,8
0x7faa7f9fa9af,0x7faa7f9fa9b5,16,8
0x7faa7f8faa86,0x7faa7f8faa86,8,8
0x7faa7f92849b,0x7faa7f92849c,8,8
0x7faa7f929c34,0x7faa7f929c36,8,8
0x7faa7f94b24e,0x7faa7f94b26a,8,8
0x7faa7f974f75,0x7faa7f974f8d,8,8
0x7faa7f974f8e,0x7faa7f974f8f,8,8
0x7faa7f974f91,0x7faa7f974f93,8,8
0x7faa7f9b0958,0x7faa7f9b4d73,0,8
0x7faa7f9b4dd0,0x7faa7f9b0580,8,8
0x7faa7f8d79b0,0x7faa7f8d79c6,-8,8
0x7faa7f9b079f,0x7faa7f9b05b4,2,8
0x7faa7f9b0965,0x7faa7f9b079f,2,8
0x7faa7f9b0c14,0x7faa7f9b0e60,-8,8
0x7faa7f8db59f,0x7faa7f8d8800,8,8
0x7faa7f8db63f,0x7faa7f8d8800,8,8
0x7faa7f8d6ef4,0x7faa7f8de924,16,8
0x7faa7f9da0c1,0x7faa7f9da0e1,16,8
0x7faa7f9da0e2,0x7faa7f9da0e3,8,8
0x7faa7f9da0e5,0x7faa7f9da0e7,8,8
0x7faa7f9da0e9,0x7faa7f9da0eb,8,8
0x7faa7f907bf0,0x7faa7f9da1eb,8,8
0x7faa7f9b09fc,0x7faa7f9b0bd8,0,8
0x7faa7f9da1fc,0x7faa7f9da214,8,8
0x7faa7f9b0520,0x7faa7f9b0592,0,8
0x7faa7f9302c3,0x7faa7f8ea2ce,-2,8
0x7faa7f9573cd,0x7faa7f95740b,-8,8
0x7faa7f94d246,0x7faa7f94d271,0,8
0x7faa7f9b076c,0x7faa7f9b0774,-32,8
0x7faa7f90534d,0x7faa7f90534e,8,8
0x7faa7f8f5a7a,0x7faa7f8f5a7b,8,8
0x7faa7f94c7d8,0x7faa7f94c7d9,8,8
0x7faa7f94c7da,0x7faa7f94c7dc,8,8
0x7faa7f94ffb0,0x7faa7f94ffcb,8,8
0x7faa7f9500a0,0x7faa7f9500c8,8,8
0x7faa7f92fcd6,0x7faa7f8d7480,16,8
0x7faa7f8d744f,0x7faa7f8d7451,8,8
0x7faa7f9e31fb,0x7faa7f94f01c,0,8
0x7faa7f9469af,0x7faa7f9469bd,8,8
0x7faa7f9469d5,0x7faa7f9469d6,8,8
0x7faa7f90579d,0x7faa7f90579f,8,8
0x7faa7f94ad78,0x7faa7f94adfb,0,8
0x7faa7f94b26f,0x7faa7f9a6f5b,0,8
0x7faa7f94d1aa,0x7faa7f94d1fd,0,8
0x7faa7f9754da,0x7faa7f922a28,0,8
0x7faa7f9b0994,0x7faa7f9b0706,16,8
0x7faa7f9b0ece,0x7faa7f9b4dfd,-8,8
0x7faa7f94d590,0x7faa7f90c52a,0,8
0x7faa7f90a4ed,0x7faa7f94d5d3,-24,8
0x7faa7f94d578,0x7faa7f94d589,16,8
0x7faa7f94e76c,0x7faa7f94d59b,8,8
0x7faa7f904734,0x7faa7f951b96,8,8
0x7faa7f905bd3,0x7faa7f905bd7,0,8
0x7faa7f905799,0x7faa7f90579b,8,8
0x7faa7f9b4dd0,0x7faa7f9b05e0,16,8
0x7faa7f8db6f0,0x7faa7f8db701,0,8
0x7faa7f9065e6,0x7faa7f9065e7,8,8
0x7faa7f9ff967,0x7faa7f9ff985,16,8
0x7faa7f905796,0x7faa7f905797,8,8
0x7faa7f9358b8,0x7faa7f9358d5,8,8
0x7faa7f935916,0x7faa7f935917,8,8
0x7faa7f935918,0x7faa7f93591a,8,8
0x7faa7f93591c,0x7faa7f93591e,8,8
0x7faa7f9ff8b1,0x7faa7f9ff8bf,8,8
0x7faa7f9ff8d7,0x7faa7f8f4d96,24,8
0x7faa7f9ff8dc,0x7faa7f9ff90b,8,8
0x7faa7f9ff986,0x7faa7f9ff987,8,8
0x7faa7f9ff989,0x7faa7f9ff98b,8,8
0x7faa7f9ff98d,0x7faa7f9ff98f,8,8
0x7faa7f8dfc10,0x7faa7f951aa0,-48,8
0x7faa7f97539c,0x7faa7f8fb770,16,8
0x7faa7f8f60e9,0x7faa7f8f6105,-8,8
0x7faa7f8ead50,0x7faa7f8ead52,8,8
0x7faa7f90b650,0x7faa7f94c000,24,8
0x7faa7f922aa8,0x7faa7f922a65,-38,8
0x7faa7f923183,0x7faa7f923185,8,8
0x7faa7f930320,0x7faa7f930321,8,8
0x7faa7f930322,0x7faa7f930324,8,8
0x7faa7f930326,0x7faa7f930328,8,8
0x7faa7f9b14e1,0x7faa7f9b14fb,-16,8
0x7faa7f8ead20,0x7faa7f8ead24,44,8
0x7faa7f93011e,0x7faa7f93013c,-8,8
0x7faa7f930151,0x7faa7f930169,16,8
0x7faa7f94d1e8,0x7faa7f94d1e8,8,8
0x7faa7f9b1b54,0x7faa7f9b1b62,-4,8
0x7faa7f9b1b6b,0x7faa7f9b0ee0,0,8
0x7faa7f905bd3,0x7faa7f94b04e,0,8
0x7faa7f9b076c,0x7faa7f9b0774,-48,8
0x7faa7f9b151d,0x7faa7f8e6d20,0,8
0x7faa7f90789c,0x7faa7f90789d,8,8
0x7faa7f93f3e9,0x7faa7f94776b,16,8
0x7faa7f8fb25e,0x7faa7f9ff96f,0,8
0x7faa7f9ff827,0x7faa7f8fb209,0,8
0x7faa7f8de924,0x7faa7f9b51bf,16,8
0x7faa7f8e6d20,0x7faa7f9b14ee,0,8
0x7faa7f8f7a1a,0x7faa7f8efa8d,8,8
0x7faa7f951ac4,0x7faa7f951ac6,8,8
0x7faa7f9595c8,0x7faa7f9b14f5,0,8
0x7faa7f9b0580,0x7faa7f9b0706,24,8
0x7faa7f9b0c22,0x7faa7f9b0ee8,4,8
0x7faa7f9b0846,0x7faa7f9b0760,-48,8
0x7faa7f887619,0x7faa7f88761d,-8,8
0x7faa7f8e6d20,0x7faa7f8f79cf,0,8
0x7faa7f8ef523,0x7faa7f951b8b,0,8
0x7faa7f8f7a03,0x7faa7f8efa97,0,8
0x7faa7f907bf0,0x7faa7f92e0f2,8,8
0x7faa7f910dff,0x7faa7f910e00,8,8
0x7faa7f922a72,0x7faa7f922aa8,44,8
0x7faa7f9235da,0x7faa7f9235dc,8,8
0x7faa7f9235de,0x7faa7f9235e0,8,8
0x7faa7f929c36,0x7faa7f929c38,8,8
0x7faa7f92ad51,0x7faa7f92e11f,16,8
0x7faa7f92e124,0x7faa7f9a6f5b,0,8
0x7faa7f92e133,0x7faa7f92e134,8,8
0x7faa7f92e135,0x7faa7f92e137,8,8
0x7faa7f92e139,0x7faa7f92e13b,8,8
0x7faa7f935a2a,0x7faa7f86a957,16,8
0x7faa7f935e7e,0x7faa7f935e80,8,8
0x7faa7f935e82,0x7faa7f935e84,8,8
0x7faa7f94d1e3,0x7faa7f94d1e3,0,8
0x7faa7f94f1fd,0x7faa7f935a45,8,8
0x7faa7f94f21e,0x7faa7f9b0e30,0,8
0x7faa7f94f234,0x7faa7f94f235,8,8
0x7faa7f94f236,0x7faa7f94f238,8,8
0x7faa7f94f23a,0x7faa7f94f23c,8,8
0x7faa7f951bc9,0x7faa7f8e6ae7,-8,8
0x7faa7f957ad3,0x7faa7f957ae1,8,8
0x7faa7f957b1a,0x7faa7f957b25,-16,8
0x7faa7f957b5b,0x7faa7f8ef4d0,-16,8
0x7faa7f9a6ff2,0x7faa7f92e0cd,0,8
0x7faa7f9b04b7,0x7faa7f9b5151,-32,8
0x7faa7f9b0529,0x7faa7f9b0c2b,0,8
0x7faa7f9b0592,0x7faa7f9b062e,4,8
0x7faa7f9b0b21,0x7faa7f9b0aeb,-8,8
0x7faa7f9b0bd8,0x7faa7f9b0994,16,8
0x7faa7f9b0c02,0x7faa7f9b0749,8,8
0x7faa7f9b0c59,0x7faa7f9b05d2,8,8
0x7faa7f9b4b30,0x7faa7f9b0c38,2,8
0x7faa7f9b51b6,0x7faa7f9b0592,0,8
0x7faa7f8de8ec,0x7faa7f8d6ef0,8,8
0x7faa7f92317b,0x7faa7f92317c,8,8
0x7faa7f92317d,0x7faa7f92317f,8,8
0x7faa7f923fad,0x7faa7f923fb2,-8,8
0x7faa7f86aa16,0x7faa7f86aa7a,0,8
0x7faa7f8d8968,0x7faa7f907888,16,8
0x7faa7f8e6d20,0x7faa7f8f79ab,0,8
0x7faa7f8ef600,0x7faa7f8d7e90,0,8
0x7faa7f8efbce,0x7faa7f8f7a31,16,8
0x7faa7f8f7a32,0x7faa7f8f7a33,8,8
0x7faa7f8f9b2b,0x7faa7f8f9b8f,28,8
0x7faa7f8faa7c,0x7faa7f8faa86,40,8
0x7faa7f8faa7c,0x7faa7f8faa86,48,8
0x7faa7f8fb197,0x7faa7f929a1f,40,8
0x7faa7f905339,0x7faa7f951a8b,0,8
0x7faa7f90789e,0x7faa7f905795,32,8
0x7faa7f9235d6,0x7faa7f9235d7,8,8
0x7faa7f92849c,0x7faa7f92849e,8,8
0x7faa7f928a40,0x7faa7f928a60,0,8
0x7faa7f92ad51,0x7faa7f94f3ae,16,8
0x7faa7f92fd99,0x7faa7f92fc9f,0,8
0x7faa7f94b23f,0x7faa7f94b240,8,8
0x7faa7f94b249,0x7faa7f94b24e,8,8
0x7faa7f94bde5,0x7faa7f8f4d96,16,8
0x7faa7f94d1e8,0x7faa7f8f7a0f,-24,8
0x7faa7f951a9c,0x7faa7f90b479,0,8
0x7faa7f957ae5,0x7faa7f957b46,-8,8
0x7faa7f959844,0x7faa7f9e3256,8,8
0x7faa7f99c040,0x7faa7f99c04e,8,8
0x7faa7f9b05d2,0x7faa7f9b0670,-56,8
0x7faa7f9b1b28,0x7faa7f9b0e60,-8,8
0x7faa7f905bd7,0x7faa7f94b062,0,8
0x7faa7f9b0789,0x7faa7f9b0789,0,8
0x7faa7f9b53ad,0x7faa7f9b53c9,0,8
0x7faa7f9ff8cd,0x7faa7f9ff8d2,8,8
0x7faa7f9b0760,0x7faa7f9b4dd0,-8,8
0x7faa7f9b0bd8,0x7faa7f9b06b5,0,8
0x7faa7f9b1be2,0x7faa7f9b07bf,0,8
0x7faa7f9b1ba2,0x7faa7f9b1ba6,-8,8
0x7faa7f8ef612,0x7faa7f8ef59e,-16,8
0x7faa7f932cdb,0x7faa7f9faa1e,8,8
0x7faa7f957440,0x7faa7f957b31,-8,8
0x7faa7f94b0c9,0x7faa7f94b0ca,8,8
0x7faa7f8ea4ad,0x7faa7f8eae5f,0,8
0x7faa7f94699c,0x7faa7f9227b7,-8,8
0x7faa7f94b0cc,0x7faa7f94b0ce,8,8
0x7faa7f95950c,0x7faa7f95953d,0,8
0x7faa7f9597f7,0x7faa7f9b0884,-24,8
0x7faa7f94b081,0x7faa7f94b095,16,8
0x7faa7f8e9859,0x7faa7f8e9863,-8,8
0x7faa7f90d3ad,0x7faa7f8d7370,8,8
0x7faa7f9b0965,0x7faa7f9b0727,2,8
0x7faa7f9b0982,0x7faa7f9b0749,56,8
0x7faa7f959513,0x7faa7f905c0f,0,8
0x7faa7f905c35,0x7faa7f9586fa,0,8
0x7faa7f8db5fb,0x7faa7f8db5ff,-8,8
0x7faa7f8ef506,0x7faa7f8efbc8,16,8
0x7faa7f8ef74e,0x7faa7f8ef765,8,8
0x7faa7f902c6a,0x7faa7f902c6a,0,8
0x7faa7f97539c,0x7faa7f9b0b0e,-16,8
0x7faa7f9b0592,0x7faa7f9b1303,4,8
0x7faa7f8e9d7d,0x7faa7f8ea2d2,0,8
0x7faa7f90b63e,0x7faa7f94bd85,0,8
0x7faa7f930265,0x7faa7f9300b7,0,8
0x7faa7f93030d,0x7faa7f94be1b,0,8
0x7faa7f94bfb0,0x7faa7f90b59c,0,8
0x7faa8231c0e7,0x7faa7f8e9d64,40,8
0x7faa7f95889e,0x7faa7f9582b9,32,8
0x7faa7f9b0670,0x7faa7f9b05d2,56,8
0x7faa7f8ead37,0x7faa7f930156,0,8
0x7faa7f9b1bba,0x7faa7f9b079f,2,8
0x7faa7f957451,0x7faa7f957b3b,-8,8
0x7faa7f9b0749,0x7faa7f9b05d2,-56,8
0x7faa7f9b07ec,0x7faa7f959503,8,8
0x7faa7f902c66,0x7faa7f902fd3,8,8
0x7faa7f902feb,0x7faa7f903026,8,8
0x7faa7f90310b,0x7faa7f90310c,8,8
0x7faa7f90310e,0x7faa7f903110,8,8
0x7faa7f903112,0x7faa7f903114,8,8
0x7faa7f920627,0x7faa7f90310a,32,8
0x7faa7f9b05a7,0x7faa7f9b0958,0,8
0x7faa7f9b05a7,0x7faa7f9b131e,0,8
0x7faa7f9b05b4,0x7faa7f9b132b,2,8
0x7faa7f9b07bf,0x7faa7f9b07bf,-8,8
0x7faa7f9b0958,0x7faa7f9b1f05,0,8
0x7faa7f9b0965,0x7faa7f9b1ef2,2,8
0x7faa7f9b0982,0x7faa7f9b1f1a,-8,8
0x7faa7f9b0be5,0x7faa7f9b06d0,14,8
0x7faa7f9b1bcd,0x7faa7f9b0760,8,8
0x7faa7f9b1ed2,0x7faa7f9b1ed6,-8,8
0x7faa7f90d3b1,0x7faa7f947832,8,8
0x7faa7f917e14,0x7faa7f95954c,48,8
0x7faa7f9b05d2,0x7faa7f9b1099,0,8
0x7faa7f9b06b5,0x7faa7f9b05e0,16,8
0x7faa7f9b06d0,0x7faa7f9b0652,2,8
0x7faa7f9b0736,0x7faa7f9b0cc1,0,8
0x7faa7f9b0cc1,0x7faa7f9b5658,0,8
0x7faa7f9b0cef,0x7faa7f9b0cef,-8,8
0x7faa7f9b106b,0x7faa7f9b0706,32,8
0x7faa7f9b564f,0x7faa7f9b0592,0,8
0x7faa820a7e84,0x7faa7f9b0c93,-32,8
0x7faa820a7e9a,0x7faa7f94b0bf,8,8
0x7faa7f8ea4a8,0x7faa7f8ea4ad,-28,8
0x7faa7f9e3482,0x7faa7f922a28,0,8
0x7faa7f902d0c,0x7faa7f902d0d,8,8
0x7faa7f959844,0x7faa7f9ffaa7,8,8
0x7faa7f958933,0x7faa7f9588ea,8,8
0x7faa7f94a64d,0x7faa7f9b4dc4,40,8
0x7faa7f9b09f3,0x7faa7f9b0bc1,4,8
0x7faa7f9588eb,0x7faa7f9588ec,8,8
0x7faa7f9588ee,0x7faa7f9588f0,8,8
0x7faa7f8d744a,0x7faa7f8d744b,8,8
0x7faa7f8d8752,0x7faa7f8d877e,-8,8
0x7faa7f959b91,0x7faa7f959b93,8,8
0x7faa7f9573c5,0x7faa7f9573d5,8,8
0x7faa7f9b0462,0x7faa7f9b4b60,0,8
0x7faa7f90fc25,0x7faa7f930308,32,8
0x7faa7f9572cc,0x7faa7f8e9826,0,8
0x7faa7f93dc40,0x7faa7f93dc40,24,8
0x7faa7f8efb50,0x7faa7f8d7e90,0,8
0x7faa7f907bde,0x7faa7f94ad78,0,8
0x7faa7f94adfb,0x7faa7f94b26f,0,8
0x7faa7f94b20f,0x7faa7f907b4a,0,8
0x7faa7f8fb185,0x7faa7f929a41,0,8
0x7faa7f9299e5,0x7faa7f8fb131,0,8
0x7faa7f94c01d,0x7faa7f9b0e30,0,8
0x7faa7f8e9ad0,0x7faa7f95741b,0,8
0x7faa81fd25ac,0x7faa7f92b805,16,8
0x7faa7f9b53d6,0x7faa7f9b05b4,2,8
0x7faa7f8ef600,0x7faa7f9462d1,24,8
0x7faa7f9b0580,0x7faa7f9b0994,8,8
0x7faa7f9b0580,0x7faa7f9b0580,0,8
0x7faa7f94b07d,0x7faa820a7e80,16,8
0x7faa7f959911,0x7faa7f8e6d20,0,8
0x7faa7f840cb7,0x7faa7f840cc0,-8,8
0x7faa7f94ad74,0x7faa7f9b0884,-8,8
0x7faa7f8ef600,0x7faa7f94630c,0,8
0x7faa7f8e70f3,0x7faa7f8e7101,-24,8
0x7faa7f8e6fe4,0x7faa7f8e6fe5,8,8
0x7faa7f8f981d,0x7faa7f959660,-24,8
0x7faa7f8fb1f9,0x7faa7f8fb240,8,8
0x7faa7f8fde90,0x7faa7f8fde93,8,8
0x7faa7f8e6b9d,0x7faa7f8e6ba1,8,8
0x7faa7f903ea0,0x7faa7f903ea1,8,8
0x7faa7f9b0e9a,0x7faa7f9b4dc7,0,8
0x7faa7f9b05a7,0x7faa7f9b05a7,0,8
0x7faa7f8e6bd0,0x7faa7f8e6bd1,8,8
0x7faa7f9b165b,0x7faa7f9b0ee8,4,8
0x7faa7f9469c2,0x7faa7f94784e,0,8
0x7faa7f947809,0x7faa7f94696c,0,8
0x7faa7f9da133,0x7faa7f9da133,-1,8
0x7faa7f8e6bd2,0x7faa7f8e6bd4,8,8
0x7faa7f907849,0x7faa7f90788d,0,8
0x7faa81fd25ac,0x7faa7f92ad4b,16,8
0x7faa7f9358ef,0x7faa7f935904,-8,8
0x7faa7f8f5a41,0x7faa7f903e31,0,8
0x7faa7f904614,0x7faa7f904625,8,8
0x7faa7f9b0958,0x7faa7f9b0792,0,8
0x7faa7f9b51cc,0x7faa7f9b05b4,2,8
0x7faa7f8de8ec,0x7faa7f9b5191,-8,8
0x7faa7f923122,0x7faa7f923126,8,8
0x7faa7f9b152e,0x7faa7f951c33,0,8
0x7faa7f929c0f,0x7faa7f947575,0,8
0x7faa7f9b1b32,0x7faa7f9b0774,-8,8
0x7faa7f9b1b78,0x7faa7f9b05f3,56,8
0x7faa7f9b5026,0x7faa7f9b0760,-48,8
0x7faa7f92fcaf,0x7faa7f92fd50,8,8
0x7faa81fd2487,0x7faa7f932cd7,8,8
0x7faa7f9065c0,0x7faa7f9575f9,0,8
0x7faa7f9b160a,0x7faa7f9b0e60,-16,8
0x7faa7f9b0965,0x7faa7f9b4ddd,2,8
0x7faa7f9b0592,0x7faa7f9b53b2,4,8
0x7faa7f95731d,0x7faa7f9227a5,0,8
0x7faa7f8de0e2,0x7faa7f8de0f2,-8,8
0x7faa7f8efad3,0x7faa7f8efad3,-8,8
0x7faa7f92e28e,0x7faa7f92e28f,8,8
0x7faa7f92e290,0x7faa7f92e292,8,8
0x7faa7f92e294,0x7faa7f92e296,8,8
0x7faa7f8fb6f5,0x7faa7f8fb6f6,8,8
0x7faa7f8fb31a,0x7faa7f8fb324,24,8
0x7faa7f913914,0x7faa7f913915,8,8
0x7faa7f941995,0x7faa7f941997,8,8
0x7faa7f957388,0x7faa7f9573b2,24,8
0x7faa7f959844,0x7faa7f9b0af3,-8,8
0x7faa7f914bc2,0x7faa7f914bc3,8,8
0x7faa7f914bc4,0x7faa7f914bc6,8,8
0x7faa7f914bc8,0x7faa7f914bca,8,8
0x7faa7f902ce9,0x7faa7f9227b7,-8,8
0x7faa7f90b479,0x7faa7f93590e,-8,8
0x7faa7f916470,0x7faa7f914b74,16,8
0x7faa7f9599c0,0x7faa7f9599f1,0,8
0x7faa7f959a2b,0x7faa7f8e6d20,0,8
0x7faa7f9b0bcf,0x7faa7f9b4dc7,0,8
0x7faa7f92e152,0x7faa7f92e17a,32,8
0x7faa7f8e9ae3,0x7faa7f8e9ae4,8,8
0x7faa7f98d9f5,0x7faa7f98d9f6,8,8
0x7faa7f8eb407,0x7faa7f8ea334,1,8
0x7faa7f98d858,0x7faa7f98d912,0,8
0x7faa7f98d9f7,0x7faa7f98d9f9,8,8
0x7faa7f958925,0x7faa7f9462d1,24,8
0x7faa7f94f34d,0x7faa7f94f34d,1,8
0x7faa7f9b53c0,0x7faa7f9b0592,0,8
0x7faa7f8d9794,0x7faa7f8d9798,8,8
0x7faa7f8fb729,0x7faa7f8fb737,-8,8
0x7faa7f902c86,0x7faa7f902cfc,0,8
0x7faa7f8fb31f,0x7faa7f8fb70d,0,8
0x7faa7f9b164d,0x7faa7f9b165b,-4,8
0x7faa7f92e239,0x7faa7f92e278,-16,8
0x7faa7f9b0585,0x7faa7f9b0585,8,8
0x7faa7f8ea334,0x7faa7f8eae64,-3,8
0x7faa7f8fdc81,0x7faa7f8de522,0,8
0x7faa7f9b0982,0x7faa7f9b07bf,-8,8
0x7faa7f8de6b7,0x7faa7f8de6b7,0,8
0x7faa7f8de6c7,0x7faa7f8de6c7,0,8
0x7faa7f8de6b0,0x7faa7f8de6b0,0,8
0x7faa7f959a71,0x7faa7f959a93,-8,8
0x7faa7f8d8741,0x7faa7f8d8752,16,8
0x7faa7f91b34e,0x7faa7f91b34e,0,8
0x7faa7f91b378,0x7faa7f91b378,0,8
0x7faa7f8d7e50,0x7faa7f8dee35,-48,8
0x7faa7f8eae5f,0x7faa7f8eae80,28,8
0x7faa7f9572dc,0x7faa7f95731d,24,8
0x7faa7f9b063c,0x7faa7f9b062e,4,8
0x7faa7f9b0727,0x7faa7f9b0727,2,8
0x7faa7f9b1315,0x7faa7f9b164d,4,8
0x7faa7f9b4dd0,0x7faa7f9b05a7,0,8
0x7faa7f8de51e,0x7faa7f8d8741,8,8
0x7faa7f957340,0x7faa7f95736e,40,8
0x7faa7f8eae80,0x7faa7f8ead20,16,8
0x7faa7f957360,0x7faa7f957634,0,8
0x7faa7f9b0b9c,0x7faa7f94630c,0,8
0x7faa7f9b05d2,0x7faa7f9b5686,-56,8
0x7faa7f9b05a7,0x7faa7f9b0736,0,8
0x7faa7f8d877e,0x7faa7f8d87a2,-8,8
0x7faa7f9b0912,0x7faa7f8ef4d0,-16,8
0x7faa7f8e7119,0x7faa7f8e711a,8,8
0x7faa7f9b15b5,0x7faa7f9b15c5,-4,8
0x7faa7f8d7401,0x7faa7f8d7420,8,8
0x7faa7f8e6fcc,0x7faa7f8e6fd0,8,8
0x7faa7f902c96,0x7faa7f902cd7,24,8
0x7faa7f905795,0x7faa7f905796,8,8
0x7faa7f8d74c5,0x7faa7f8ef4d0,-16,8
0x7faa7f8de0f6,0x7faa7f8de10c,-24,8
0x7faa7f9b5433,0x7faa7f9b5448,-4,8
0x7faa7f8ea334,0x7faa7f8eae64,-2,8
0x7faa7f905797,0x7faa7f905799,8,8
0x7faa7f95736e,0x7faa7f9573c5,0,8
0x7faa7f8de4b0,0x7faa7f959844,0,8
0x7faa7f9205d6,0x7faa7f9205e0,8,8
0x7faa7f8ea4a8,0x7faa7f8eb35c,0,8
0x7faa7f902cf7,0x7faa7f902d0b,16,8
0x7faa7f8efad3,0x7faa7f8efaf6,-8,8
0x7faa7f98d7e1,0x7faa7f98d817,0,8
0x7faa81fd260c,0x7faa81fd260f,16,8
0x7faa7f957434,0x7faa7f957436,8,8
0x7faa7f90579b,0x7faa7f90579d,8,8
0x7faa7f9b05d2,0x7faa7f9b0749,56,8
0x7faa7f8de536,0x7faa7f8db590,-8,8
0x7faa7f8de536,0x7faa7f8db630,-8,8
0x7faa7f935a37,0x7faa7f935a3d,-16,8
0x7faa7f95742e,0x7faa7f95742f,8,8
0x7faa7f957430,0x7faa7f957432,8,8
0x7faa7f8fdbe0,0x7faa7f8de51e,0,8
0x7faa7f922bc2,0x7faa7f947809,0,8
0x7faa7f9573d5,0x7faa7f9573f5,-24,8
0x7faa7f8ea48e,0x7faa7f8ea4a8,0,8
0x7faa7f8f4d96,0x7faa7f8f4dce,-40,8
0x7faa7f94be31,0x7faa7f94be32,8,8
0x7faa7f94be33,0x7faa7f94be35,8,8
0x7faa7f840ce0,0x7faa7f840ce1,8,8
0x7faa7f9b0e30,0x7faa7f922a28,0,8
0x7faa7f8fecb9,0x7faa7f8fec56,0,8
0x7faa7f8fdc81,0x7faa7f8fdc81,0,8
0x7faa7f922bc2,0x7faa7f9b0444,0,8
0x7faa7f94782e,0x7faa7f946993,24,8
0x7faa7f8fdbed,0x7faa7f8fdbed,0,8
0x7faa7f96d850,0x7faa7f96d850,16,8
0x7faa7f8e6d20,0x7faa7f8e6b8d,0,8
0x7faa7f8f620e,0x7faa7f8f6211,-4,8
0x7faa7f8f625f,0x7faa7f8f6264,8,8
0x7faa7f8f639a,0x7faa7f8f64b0,4,8
0x7faa7f8f6658,0x7faa7f8f665a,8,8
0x7faa7f9586ba,0x7faa7f9589d3,8,8
0x7faa7f9589d7,0x7faa7f9589e1,16,8
0x7faa7f8e998b,0x7faa7f8e9acb,8,8
0x7faa7f9475ab,0x7faa81fc7f23,16,8
0x7faa7f9a6fb3,0x7faa7f9b0a79,0,8
0x7faa7f8e6d34,0x7faa7f9b5451,16,8
0x7faa7f8f6278,0x7faa7f8f6370,16,8
0x7faa7f8f6654,0x7faa7f8f6656,8,8
0x7faa7f9413c8,0x7faa7f9413c9,8,8
0x7faa7f9413ca,0x7faa7f9413cc,8,8
0x7faa7f9587ec,0x7faa7f9586fa,0,8
0x7faa7f96d2a9,0x7faa7f96d2b7,8,8
0x7faa820a5fa4,0x7faa7f8e9206,40,8
0x7faa7f8df59f,0x7faa7f8df5a0,8,8
0x7faa7f8df5a1,0x7faa7f8df5a3,8,8
0x7faa7f8df5a7,0x7faa7f8df5a9,8,8
0x7faa7f8e6d20,0x7faa7f8f6236,0,8
0x7faa7f91f5cb,0x7faa7f92e14e,16,8
0x7faa7f9227ec,0x7faa7f922802,16,8
0x7faa7f94776b,0x7faa7f94776c,8,8
0x7faa7f96d278,0x7faa7f96d293,0,8
0x7faa7f96d2ea,0x7faa7f96d2f7,8,8
0x7faa7f9b0585,0x7faa7f9b0774,8,8
0x7faa7f9b0592,0x7faa7f9b0e8c,4,8
0x7faa7f9b0912,0x7faa7f96d271,-16,8
0x7faa7f9b0982,0x7faa7f9b0670,-8,8
0x7faa7f9b0be5,0x7faa7f9b15db,2,8
0x7faa7f9b1d00,0x7faa7f9b0592,0,8
0x7faa7f86aa16,0x7faa7f86aa16,0,8
0x7faa7f8de8ec,0x7faa7f91f5cb,8,8
0x7faa7f8debea,0x7faa7f8debeb,8,8
0x7faa7f8df54b,0x7faa7f8df55b,8,8
0x7faa7f90788d,0x7faa7f94adfb,0,8
0x7faa7f94ad78,0x7faa7f907849,0,8
0x7faa7f902cc4,0x7faa7f9b5050,0,8
0x7faa7f9227ec,0x7faa7f922802,9,8
0x7faa7f924348,0x7faa7f924349,8,8
0x7faa7f92434b,0x7faa7f92434d,8,8
0x7faa7f92434e,0x7faa7f924232,8,8
0x7faa7f94b26f,0x7faa7f922a28,0,8
0x7faa7f94f21e,0x7faa7f8fec56,0,8
0x7faa7f94f235,0x7faa7f94f236,8,8
0x7faa7f94f238,0x7faa7f94f23a,8,8
0x7faa7f94f23c,0x7faa7f94f23e,8,8
0x7faa7f94f3cf,0x7faa7f94f3cf,0,8
0x7faa7f958891,0x7faa7f9582b9,-16,8
0x7faa7f8d877e,0x7faa7f8df53b,-32,8
0x7faa7f8fdc92,0x7faa7f8df6d5,0,8
0x7faa7f8d7480,0x7faa7f8d7489,-8,8
0x7faa7f8df5da,0x7faa7f8df6d0,-40,8
0x7faa7f8df6da,0x7faa7f8df6ef,-8,8
0x7faa7f8efa8d,0x7faa7f8ef4d0,-24,8
0x7faa7f98da57,0x7faa7f98da68,-16,8
0x7faa7f8ef74e,0x7faa7f8ef9e8,8,8
0x7faa7f8db590,0x7faa7f8df5e4,0,8
0x7faa7f8de131,0x7faa7f8de14a,-8,8
0x7faa7f8db590,0x7faa7f8df564,0,8
0x7faa7f8fdbe0,0x7faa7f8d7401,8,8
0x7faa7f946993,0x7faa7f9227a5,0,8
0x7faa7f959844,0x7faa7f935a37,24,8
0x7faa7f8eae80,0x7faa7f8eaeb3,-8,8
0x7faa7f947564,0x7faa7f9475a4,8,8
0x7faa7f8efa97,0x7faa7f8ef523,0,8
0x7faa7f9b0982,0x7faa7f9b4dfd,-8,8
0x7faa7f8eb35c,0x7faa7f8eae80,0,8
0x7faa7f8dbf7b,0x7faa7f8dbf7b,0,8
0x7faa7f8efa08,0x7faa7f8efa08,0,8
0x7faa7f9572dc,0x7faa7f957340,-16,8
0x7faa7f94782e,0x7faa7f9b1033,-8,8
0x7faa7f8efa8d,0x7faa7f8efad3,8,8
0x7faa7f8fb1f9,0x7faa7f959660,-8,8
0x7faa7f8fb240,0x7faa7f8f981d,8,8
0x7faa7f95966a,0x7faa7f8ef4d0,-16,8
0x7faa7f8f5a5e,0x7faa7f8f629a,-8,8
0x7faa7f94c000,0x7faa7f94c018,8,8
0x7faa7f8efa00,0x7faa7f94630c,0,8
0x7faa7f8efa00,0x7faa7f8d7e90,0,8
0x7faa7f9b0dcc,0x7faa7f9b0dfc,0,8
0x7faa81fd259c,0x7faa81fd25a1,0,8
0x7faa81fd2613,0x7faa81fd2618,-16,8
0x7faa7f8db59f,0x7faa7f8d7449,8,8
0x7faa7f8db63f,0x7faa7f8d7449,8,8
0x7faa7f9227a5,0x7faa7f9b1033,-32,8
0x7faa7f9b048e,0x7faa7f9b04dc,40,8
0x7faa7f8ef9e0,0x7faa7f8efa8d,8,8
0x7faa7f8efa00,0x7faa7f98d7e8,0,8
0x7faa7f8efb50,0x7faa7f8ef4d0,-16,8
0x7faa7f98d9fb,0x7faa7f98d9fd,8,8
0x7faa7f8efa08,0x7faa7f98da47,0,8
0x7faa7f8d7ea0,0x7faa7f8d7ea0,0,8
0x7faa7f94f420,0x7faa7f94f34d,1,8
0x7faa7f957388,0x7faa7f957607,24,8
0x7faa7f950bf2,0x7faa7f950c53,0,8
0x7faa7f9b0749,0x7faa7f9b0749,0,8
0x7faa7f9faa1e,0x7faa7f9faa22,8,8
0x7faa7f8ea4a8,0x7faa7f8eae11,0,8
0x7faa7f947832,0x7faa7f947832,0,8
0x7faa7f94783b,0x7faa7f94783b,0,8
0x7faa7f94784e,0x7faa7f9b0444,0,8
0x7faa7f9b05e0,0x7faa7f9b0645,-16,8
0x7faa7f8db590,0x7faa7f8db590,32,8
0x7faa7f959844,0x7faa7f9281ed,8,8
0x7faa7f92e1ec,0x7faa7f92e207,16,8
0x7faa7f94195a,0x7faa7f8fb6da,24,8
0x7faa7f941992,0x7faa7f941993,8,8
0x7faa7f8fb703,0x7faa7f94195e,16,8
0x7faa7f8e8f19,0x7faa7f8e8f19,16,8
0x7faa7f957340,0x7faa7f957360,48,8
0x7faa7f8dbfd7,0x7faa7f8dbfd7,0,8
0x7faa7f8dee2b,0x7faa7f8d7e46,0,8
0x7faa7f9302a0,0x7faa7f9302c3,2,8
0x7faa7f8de14a,0x7faa7f8de1ef,-8,8
0x7faa7f957388,0x7faa7f9579b5,16,8
0x7faa7f9302c3,0x7faa7f8ea2ce,-1,8
0x7faa7f8fdbe0,0x7faa7f8d8741,8,8
0x7faa7f8dbfc5,0x7faa7f8dbfc5,0,8
0x7faa81fd257e,0x7faa81fd2583,-3,8
0x7faa7f8dbf8b,0x7faa7f8dbf8b,0,8
0x7faa7f97539c,0x7faa7f8fb486,16,8
0x7faa7f8e6d20,0x7faa7f8e6d20,0,8
0x7faa7f9b53b2,0x7faa7f9b53c0,-4,8
0x7faa7f902cf2,0x7faa7f902cf7,32,8
0x7faa7f9b0eb0,0x7faa7f9b079f,2,8
0x7faa7f9b0b9c,0x7faa7f9462d1,24,8
0x7faa820a7ba4,0x7faa7f8efae1,-32,8
0x7faa7f95835c,0x7faa7f958382,-8,8
0x7faa7f959844,0x7faa7f92e14e,24,8
0x7faa7f94b5d4,0x7faa7f94b5d5,8,8
0x7faa7f9583de,0x7faa7f9b049e,-12,8
0x7faa7f9b05d2,0x7faa7f9b05d2,8,8
0x7faa81fd262e,0x7faa7f932cd7,8,8
0x7faa7f93f3e9,0x7faa7f94b5fc,8,8
0x7faa7f8f7436,0x7faa7f8f744a,12,8
0x7faa7f902cd7,0x7faa7f9227a5,0,8
0x7faa7f903ff9,0x7faa7f903ff9,0,8
0x7faa7f8f7546,0x7faa7f8f7561,16,8
0x7faa7f8f7562,0x7faa7f8f7563,8,8
0x7faa7f8f7565,0x7faa7f8f7567,8,8
0x7faa7f8f7569,0x7faa7f8f756b,8,8
0x7faa7f90ec43,0x7faa7f90ec5b,16,8
0x7faa7f90ec5c,0x7faa7f90ec5d,8,8
0x7faa7f90ec5f,0x7faa7f90ec61,8,8
0x7faa7f90ec63,0x7faa7f90ec65,8,8
0x7faa7f8f7465,0x7faa7f9583b4,16,8
0x7faa7f8f749b,0x7faa7f8f74af,8,8
0x7faa7f8f7930,0x7faa7f8f741a,8,8
0x7faa7f902c96,0x7faa7f9583cc,-8,8
0x7faa7f905a51,0x7faa7f905a53,8,8
0x7faa7f905a55,0x7faa7f905a57,8,8
0x7faa7f90ebfb,0x7faa7f8f7422,0,8
0x7faa7f94b586,0x7faa7f90599e,0,8
0x7faa7f9b0e30,0x7faa7f8f754b,0,8
0x7faa7f8f7537,0x7faa7f8deadd,-16,8
0x7faa7f95953d,0x7faa7f8e6d20,0,8
0x7faa7f9b0670,0x7faa7f9b05d2,0,8
0x7faa7f9b1303,0x7faa7f9b1315,-4,8
0x7faa7f8e6d20,0x7faa7f8deaf1,0,8
0x7faa7f8efaf6,0x7faa7f8efb18,-8,8
0x7faa7f8f74c4,0x7faa7f8f74de,8,8
0x7faa7f9059de,0x7faa7f9059e2,-8,8
0x7faa7f905a0b,0x7faa7f905a0f,-8,8
0x7faa7f9093e1,0x7faa7f905a39,-16,8
0x7faa7f9093f1,0x7faa7f9093f2,8,8
0x7faa7f90b5ff,0x7faa7f90b625,48,8
0x7faa7f90ebf7,0x7faa81fd2477,8,8
0x7faa7f9227ec,0x7faa7f922aa8,3,8
0x7faa7f9598ce,0x7faa7f94b59b,16,8
0x7faa7f8debee,0x7faa7f8debf0,8,8
0x7faa7f90b63e,0x7faa7f93ff6c,0,8
0x7faa7f91e6a1,0x7faa7f91e704,16,8
0x7faa7f91e805,0x7faa7f91e824,16,8
0x7faa7f91e850,0x7faa7f98254d,-8,8
0x7faa7f91e86f,0x7faa7f91e8f8,0,8
0x7faa7f91e8d0,0x7faa7f91e68d,-8,8
0x7faa7f91e918,0x7faa7f959676,0,8
0x7faa7f93ff8d,0x7faa7f93ffa0,-8,8
0x7faa7f93ffa7,0x7faa7f93ffbf,8,8
0x7faa7f93ffac,0x7faa7f8fec56,0,8
0x7faa7f93ffc0,0x7faa7f93ffc1,8,8
0x7faa7f9597e4,0x7faa7f9597f7,8,8
0x7faa7f959ab5,0x7faa7f959b00,-16,8
0x7faa7f9824df,0x7faa7f90b59c,0,8
0x7faa7f982705,0x7faa7f982706,8,8
0x7faa7f982707,0x7faa7f982709,8,8
0x7faa7f98270b,0x7faa7f98270d,8,8
0x7faa7f9b0916,0x7faa7f959a11,0,8
0x7faa7f8e6d20,0x7faa7f8efa97,0,8
0x7faa7f8efa8d,0x7faa7f8efad3,24,8
0x7faa7f8fecb9,0x7faa7f9826ef,0,8
0x7faa7f91b34e,0x7faa7f9825ac,0,8
0x7faa7f91b378,0x7faa7f982877,0,8
0x7faa7f91e933,0x7faa7f8efa97,0,8
0x7faa7f98255c,0x7faa7f98289a,8,8
0x7faa7f9828b1,0x7faa7f9828c7,8,8
0x7faa7f9b0cc1,0x7faa7f9b06b5,0,8
0x7faa7f8d8741,0x7faa7f8d8752,24,8
0x7faa81fd2706,0x7faa81fd270a,-16,8
0x7faa7f8ea2ce,0x7faa7f8ea334,1,8
0x7faa7f8db630,0x7faa7f8db630,0,8
0x7faa7f8ef765,0x7faa7f8ef74e,16,8
0x7faa81fd270e,0x7faa81fd2703,-16,8
0x7faa7f94ad74,0x7faa7f9a6f57,0,8
0x7faa7f975381,0x7faa7f97539c,8,8
0x7faa7f8efb50,0x7faa7f94630c,0,8
0x7faa7f958868,0x7faa7f958876,8,8
0x7faa7f958884,0x7faa7f958891,24,8
0x7faa7f8d78e0,0x7faa7f8d78e0,24,8
0x7faa7f8efb60,0x7faa7f8d96c7,-16,8
0x7faa7f9586be,0x7faa7f9586ed,-4,8
0x7faa7f9b4b30,0x7faa7f9b0652,2,8
0x7faa81fd258e,0x7faa7f92ad4b,16,8
0x7faa7f94f2f0,0x7faa7f94f420,1,8
0x7faa7f9b106b,0x7faa7f9b0792,0,8
0x7faa7f9b1078,0x7faa7f9b079f,2,8
0x7faa7f90b479,0x7faa7f91c6c3,-8,8
0x7faa7f9582fa,0x7faa7f9b04a2,4,8
0x7faa7f9586d2,0x7faa7f9582e9,0,8
0x7faa7f94f34d,0x7faa81fd259c,-2,8
0x7faa7f8ea2ce,0x7faa7f8eb38e,1,8
0x7faa7f9b0d9f,0x7faa7f958803,0,8
0x7faa7f8e711b,0x7faa7f8e711d,8,8
0x7faa7f905339,0x7faa7f959983,0,8
0x7faa7f959998,0x7faa7f90b479,0,8
0x7faa7f9b0912,0x7faa7f8d7e90,0,8
0x7faa7f8f5a62,0x7faa7f9b0e70,0,8
0x7faa7f8fdbed,0x7faa7f8de522,0,8
0x7faa81fd270a,0x7faa81fd270e,-16,8
0x7faa7f840ce1,0x7faa7f840ce2,8,8
0x7faa7f8db630,0x7faa7f8db630,32,8
0x7faa7f8f9908,0x7faa7f8f9909,8,8
0x7faa7f8f990a,0x7faa7f8f990c,8,8
0x7faa7f8f990e,0x7faa7f8f9910,8,8
0x7faa81fd259b,0x7faa7f932cd7,8,8
0x7faa7f9b0712,0x7faa7f9b0712,16,8
0x7faa7f95993d,0x7faa7f8dfc10,32,8
0x7faa7f9b0645,0x7faa7f9b05e0,16,8
0x7faa7f9b1a82,0x7faa7f9b1a94,-4,8
0x7faa7f8db680,0x7faa7f8fdbed,16,8
0x7faa7f8de522,0x7faa7f8db680,-16,8
0x7faa7f8efa00,0x7faa7f9462d1,24,8
0x7faa7f8db590,0x7faa7f8db590,-32,8
0x7faa7f8e9ae4,0x7faa7f8e9ae5,8,8
0x7faa81fd2703,0x7faa81fd2706,-16,8
0x7faa7f9b0e76,0x7faa7f9b0760,-48,8
0x7faa7f9da0e1,0x7faa7f9da0e2,8,8
0x7faa7f9da0e3,0x7faa7f9da0e5,8,8
0x7faa7f9da0e7,0x7faa7f9da0e9,8,8
0x7faa7f9da1eb,0x7faa7f9da1fc,8,8
0x7faa7f9da214,0x7faa7f9da215,8,8
0x7faa7f92e19a,0x7faa7f92e19a,-1,8
0x7faa7f9b0592,0x7faa7f9b0510,4,8
0x7faa7f9b0684,0x7faa7f9b0e60,-8,8
0x7faa7f92b87b,0x7faa7f9b0598,-32,8
0x7faa7f8efb54,0x7faa7f8efb54,0,8
0x7faa7f8de0f2,0x7faa7f8de0d1,-24,8
0x7faa7f9e357a,0x7faa81fd259c,-2,8
0x7faa7f9227a5,0x7faa7f957340,-40,8
0x7faa81fc2994,0x7faa81fd257e,4,8
0x7faa81fd258f,0x7faa81fd2593,-1,8
0x7faa7f9b1099,0x7faa7f9b0670,-8,8
0x7faa7f957307,0x7faa7f957315,-24,8
0x7faa7f8ef5f8,0x7faa7f9b4dd0,16,8
0x7faa7f9b0e69,0x7faa7f8d7489,8,8
0x7faa7f932d50,0x7faa7f9e3558,1,8
0x7faa7f94d301,0x7faa7f94f06a,8,8
0x7faa7f94d420,0x7faa7f94d2ff,-48,8
0x7faa7f94f06b,0x7faa7f94f06c,32,8
0x7faa7f9753cf,0x7faa7f9753d0,8,8
0x7faa7f9754c2,0x7faa7f9754c7,8,8
0x7faa7f9b05e0,0x7faa7f9b05e0,0,8
0x7faa7f941991,0x7faa7f941992,8,8
0x7faa7f9205ef,0x7faa7f8e98bf,32,8
0x7faa7f90789d,0x7faa7f90789e,8,8
0x7faa7f92e1ec,0x7faa7f92e1fc,-32,8
0x7faa7f94195a,0x7faa7f94195e,-32,8
0x7faa7f907888,0x7faa7f90789c,16,8
0x7faa7f907b98,0x7faa7f907bc5,56,8
0x7faa7f94b27e,0x7faa7f95954c,48,8
0x7faa7f9b0652,0x7faa7f9b0652,2,8
0x7faa7f8fb6f7,0x7faa7f8fb6f9,8,8
0x7faa7f8faa68,0x7faa7f8faa68,0,8
0x7faa7f8faa86,0x7faa7f8faa6c,-56,8
0x7faa7f8feccc,0x7faa7f8feccd,8,8
0x7faa7f8db590,0x7faa7f8db590,-24,8
0x7faa7f92e207,0x7faa7f8fb6da,8,8
0x7faa7f957307,0x7faa7f902c66,-16,8
0x7faa7f8db630,0x7faa7f8db630,-24,8
0x7faa7f9065e5,0x7faa7f9065e6,8,8
0x7faa7f93f3e9,0x7faa7f93f7c8,8,8
0x7faa7f947564,0x7faa7f94be0f,-8,8
0x7faa7f958925,0x7faa7f94630c,0,8
0x7faa7f902cfc,0x7faa7f9a6f5b,0,8
0x7faa7f8ef812,0x7faa7f8ef814,8,8
0x7faa7f8ef816,0x7faa7f8ef818,8,8
0x7faa7f8f79ab,0x7faa7f8e6d20,0,8
0x7faa7f8f79cf,0x7faa7f8f7a03,0,8
0x7faa7f92d27b,0x7faa81fd258f,19,8
0x7faa7f92e17a,0x7faa7f92e19a,6,8
0x7faa7f92e19a,0x7faa7f92d242,-38,8
0x7faa7f9358ef,0x7faa7f935958,-8,8
0x7faa7f94c7bd,0x7faa7f94c7d8,16,8
0x7faa7f94c7d9,0x7faa7f94c7da,8,8
0x7faa7f94c7dc,0x7faa7f94c7de,8,8
0x7faa7f94ffcb,0x7faa7f94d1e8,8,8
0x7faa7f951a8b,0x7faa7f951a9c,0,8
0x7faa7f8fecb9,0x7faa7f902c86,0,8
0x7faa7f94696c,0x7faa7f9469c2,0,8
0x7faa7f8ef5f6,0x7faa7f8ef5f8,8,8
0x7faa7f8ef9e8,0x7faa7f8ef74e,16,8
0x7faa7f8ef80f,0x7faa7f8ef810,8,8
0x7faa7f9fa999,0x7faa7f9fa9af,48,8
0x7faa7f840ce2,0x7faa7f8e6fcc,8,8
0x7faa7f8f0a11,0x7faa7f8f0a14,8,8
0x7faa7f8f0a15,0x7faa7f8f0a17,8,8
0x7faa7f8f0a19,0x7faa7f8f0a1b,8,8
0x7faa7f8f637d,0x7faa7f8f6385,-8,8
0x7faa7f8f6650,0x7faa7f8f6651,8,8
0x7faa7f902cc4,0x7faa7f8e6ae0,0,8
0x7faa7f903a12,0x7faa7f8e6b8d,0,8
0x7faa7f922bc2,0x7faa7f94bfb0,0,8
0x7faa7f94769b,0x7faa7f9056e2,0,8
0x7faa7f951a4d,0x7faa7f981ef7,-8,8
0x7faa7f951ac6,0x7faa7f951ac8,8,8
0x7faa7f958294,0x7faa7f9583b7,-48,8
0x7faa7f981f07,0x7faa7f981f0b,-8,8
0x7faa7f981ff4,0x7faa7f981ff5,8,8
0x7faa7f981ff7,0x7faa7f981ff9,8,8
0x7faa7f9b0792,0x7faa7f9b05a7,0,8
0x7faa7f9b09fc,0x7faa7f9b05a7,0,8
0x7faa7f9b0e1a,0x7faa7f8f64f9,-24,8
0x7faa7f9b0645,0x7faa7f9b0736,0,8
0x7faa7f9b0684,0x7faa7f9b0585,-16,8
0x7faa7f8dda80,0x7faa7f8f0ad8,-40,8
0x7faa7f8f64be,0x7faa7f8f64ce,-8,8
0x7faa7f8f65cb,0x7faa7f8f65d9,8,8
0x7faa7f8f65e7,0x7faa7f8f6601,-24,8
0x7faa7f8f7ab1,0x7faa7f8f7ab2,8,8
0x7faa7f8f7ab3,0x7faa7f8f7ab5,8,8
0x7faa7f903abd,0x7faa7f903abf,8,8
0x7faa7f90534e,0x7faa7f90534f,8,8
0x7faa7f9227a5,0x7faa7f957360,8,8
0x7faa7f9582a2,0x7faa7f9582d4,-40,8
0x7faa7f9587ec,0x7faa7f8ef523,0,8
0x7faa7f9587ec,0x7faa7f9b5050,0,8
0x7faa7f98d6ad,0x7faa7f98d6c5,8,8
0x7faa7f98d6c6,0x7faa7f98d6c7,8,8
0x7faa7f9b05e0,0x7faa7f9b0706,16,8
0x7faa7f9b0602,0x7faa7f958294,8,8
0x7faa7f9b0be5,0x7faa7f9b0a09,2,8
0x7faa7f9b1c7a,0x7faa7f9b1c82,-8,8
0x7faa7f905bd3,0x7faa7f920650,0,8
0x7faa7f8debec,0x7faa7f8debee,8,8
0x7faa7f8e6d20,0x7faa7f9586fa,0,8
0x7faa7f8e6fd5,0x7faa7f922a28,0,8
0x7faa7f8f64ce,0x7faa7f8f64de,-40,8
0x7faa7f8f6521,0x7faa7f8f65b4,16,8
0x7faa7f8f654d,0x7faa7f9b0dcc,0,8
0x7faa7f8f6564,0x7faa7f8f65f4,16,8
0x7faa7f8f6651,0x7faa7f8f6652,8,8
0x7faa7f8f741e,0x7faa7f8f7432,8,8
0x7faa7f8fecb9,0x7faa7f9b0444,0,8
0x7faa7f8fee1e,0x7faa7f8fee23,-8,8
0x7faa7f903abb,0x7faa7f903abc,8,8
0x7faa7f903e86,0x7faa7f910ddd,0,8
0x7faa7f90469f,0x7faa7f9046a0,8,8
0x7faa7f9046a1,0x7faa7f9046a3,8,8
0x7faa7f905bd7,0x7faa7f920661,0,8
0x7faa7f90b0d4,0x7faa7f90b0f8,16,8
0x7faa7f910e00,0x7faa7f9b1a9d,16,8
0x7faa7f91b378,0x7faa7f98187e,0,8
0x7faa7f92290a,0x7faa7f922911,8,8
0x7faa7f922a5a,0x7faa7f9412cb,-32,8
0x7faa7f9412d4,0x7faa7f9412d8,-56,8
0x7faa7f9413ce,0x7faa7f9b1d09,16,8
0x7faa7f94b58a,0x7faa7f9059a2,0,8
0x7faa7f94e76c,0x7faa7f94ffe8,-32,8
0x7faa7f94ffb0,0x7faa7f9599fc,-8,8
0x7faa7f96d2c5,0x7faa7f96d2dc,-24,8
0x7faa7f96d304,0x7faa7f96d31b,16,8
0x7faa7f96d31b,0x7faa7f96d328,-24,8
0x7faa7f96d328,0x7faa7f96d335,48,8
0x7faa7f98189f,0x7faa7f9818a0,8,8
0x7faa7f98d7c1,0x7faa7f98d7c7,8,8
0x7faa7f9b0444,0x7faa7f8fec56,0,8
0x7faa7f9b0462,0x7faa7f9586fa,0,8
0x7faa7f9b05b4,0x7faa7f9b0eb0,2,8
0x7faa7f9b063c,0x7faa7f9b1cee,4,8
0x7faa7f9b0670,0x7faa7f9b0749,0,8
0x7faa7f9b0736,0x7faa7f9b1d09,0,8
0x7faa7f9b0760,0x7faa7f9b05e0,8,8
0x7faa7f9b07ec,0x7faa7f8f6290,8,8
0x7faa7f9b07ef,0x7faa7f959890,0,8
0x7faa7f9b0958,0x7faa7f9b06b5,0,8
0x7faa7f9b0bd8,0x7faa7f9b15ce,0,8
0x7faa7f9b0e30,0x7faa7f8e6fa8,0,8
0x7faa7f9b15fb,0x7faa7f9b1ac4,-56,8
0x7faa7f9b1d16,0x7faa7f9b05b4,2,8
0x7faa7f9b4b30,0x7faa7f9b1aaa,2,8
0x7faa820a6009,0x7faa7f8feec9,8,8
0x7faa7f8fb270,0x7faa7f985565,16,8
0x7faa7f91b39b,0x7faa7f9b131e,16,8
0x7faa7f92313d,0x7faa7f923193,8,8
0x7faa7f9235ae,0x7faa7f9235b5,8,8
0x7faa7f96d88e,0x7faa7f96d8a9,-16,8
0x7faa7f96d8ef,0x7faa7f96d8f0,8,8
0x7faa7f96d8f1,0x7faa7f96d8f3,8,8
0x7faa7f96d8f5,0x7faa7f96d8f7,8,8
0x7faa7f985549,0x7faa7f985557,8,8
0x7faa7f98556a,0x7faa7f98556f,8,8
0x7faa7f985574,0x7faa7f8efae1,-8,8
0x7faa7f9855a3,0x7faa7f9855c7,-16,8
0x7faa7f985654,0x7faa7f98566c,16,8
0x7faa7f98566d,0x7faa7f98566e,8,8
0x7faa7f985670,0x7faa7f985672,8,8
0x7faa7f985674,0x7faa7f985676,8,8
0x7faa7f9b0585,0x7faa7f9b0585,-16,8
0x7faa7f9b07bf,0x7faa7f9b0670,0,8
0x7faa7f9b0897,0x7faa7f9b08b2,-8,8
0x7faa7f9b0912,0x7faa7f8d6ee0,0,8
0x7faa7f9b0916,0x7faa7f9b4dc4,0,8
0x7faa7f9b0be5,0x7faa7f9b0f7d,14,8
0x7faa7f9b0d84,0x7faa7f8deb30,-16,8
0x7faa7f840e6e,0x7faa7f840e72,8,8
0x7faa7f840e73,0x7faa7f840e74,8,8
0x7faa7f840e76,0x7faa7f840e78,8,8
0x7faa7f840e7d,0x7faa7f8d7e46,0,8
0x7faa7f840e87,0x7faa7f8d7e50,0,8
0x7faa7f8618da,0x7faa7f8ef4d0,-16,8
0x7faa7f8618e9,0x7faa7f924347,16,8
0x7faa7f86a970,0x7faa7f86a986,16,8
0x7faa7f8d7493,0x7faa7f8d74b8,-24,8
0x7faa7f8d7497,0x7faa7f8ef570,0,8
0x7faa7f8d7ba7,0x7faa7f8f5a7a,8,8
0x7faa7f8de0e6,0x7faa7f923a75,16,8
0x7faa7f8de924,0x7faa7f9b5357,16,8
0x7faa7f8deb61,0x7faa7f8ded16,16,8
0x7faa7f8dec30,0x7faa7f8dec34,-8,8
0x7faa7f8dec56,0x7faa7f8e6d20,0,8
0x7faa7f8dec6e,0x7faa7f8ded32,-8,8
0x7faa7f8ded24,0x7faa7f8ded44,-16,8
0x7faa7f8dfc10,0x7faa7f8f0cbc,-24,8
0x7faa7f8e6bd6,0x7faa7f904747,16,8
0x7faa7f8e6c67,0x7faa7f8f0c61,-16,8
0x7faa7f8e6c97,0x7faa7f903a96,8,8
0x7faa7f8e6d20,0x7faa7f951b8b,0,8
0x7faa7f8e6d34,0x7faa7f90471d,8,8
0x7faa7f8e6d34,0x7faa7f93fe4a,24,8
0x7faa7f8e6fd5,0x7faa7f92fc9f,0,8
0x7faa7f8e6fd5,0x7faa7f99bdef,0,8
0x7faa7f8e7143,0x7faa7f840e9f,4,8
0x7faa7f8efa08,0x7faa7f8ef9e4,0,8
0x7faa7f8f0a64,0x7faa7f8f0aa0,16,8
0x7faa7f8f0c68,0x7faa7f8f0c6c,8,8
0x7faa7f8f0e89,0x7faa7f8ef4d0,-16,8
0x7faa7f8f0ea2,0x7faa7f8f0eeb,8,8
0x7faa7f8f0eb0,0x7faa7f8ef523,0,8
0x7faa7f8f1039,0x7faa7f8f103a,8,8
0x7faa7f8f1042,0x7faa7f8f1044,8,8
0x7faa7f8f48f0,0x7faa7f93fd04,0,8
0x7faa7f8f48f4,0x7faa7f8f48fd,8,8
0x7faa7f8f5a48,0x7faa7f8f5a62,8,8
0x7faa7f8f5a5e,0x7faa7f99bfd2,0,8
0x7faa7f8f5a62,0x7faa7f904738,0,8
0x7faa7f8f64de,0x7faa7f957215,-32,8
0x7faa7f8f6bf0,0x7faa7f8f6bf8,-8,8
0x7faa7f8f6c42,0x7faa7f91b378,0,8
0x7faa7f8f7930,0x7faa7f903aaa,-8,8
0x7faa7f8f79d6,0x7faa7f9599c7,0,8
0x7faa7f8f7a22,0x7faa7f959a11,0,8
0x7faa7f8fecb9,0x7faa7f97c11d,0,8
0x7faa7f8feecd,0x7faa7f8feece,8,8
0x7faa7f903e86,0x7faa7f957290,0,8
0x7faa7f903e86,0x7faa7f982a90,0,8
0x7faa7f904652,0x7faa7f904664,0,8
0x7faa7f904660,0x7faa7f8e6be0,-8,8
0x7faa7f90475f,0x7faa7f90464b,24,8
0x7faa7f905a4d,0x7faa7f905a4e,8,8
0x7faa7f906f3a,0x7faa7f906f47,-16,8
0x7faa7f906f85,0x7faa7f906f86,8,8
0x7faa7f906f87,0x7faa7f906f89,8,8
0x7faa7f90b63e,0x7faa7f8e6fa8,0,8
0x7faa7f90b650,0x7faa7f97c149,16,8
0x7faa7f90b650,0x7faa7f99bc6b,8,8
0x7faa7f91b34e,0x7faa7f98314a,0,8
0x7faa7f91c6d1,0x7faa7f91c6e3,8,8
0x7faa7f922802,0x7faa7f9227ec,-14,8
0x7faa7f922839,0x7faa7f922839,-22,8
0x7faa7f922916,0x7faa7f92293e,24,8
0x7faa7f922aa8,0x7faa7f902ce9,-29,8
0x7faa7f922aa8,0x7faa7f922a65,-34,8
0x7faa7f922aa8,0x7faa7f922aa8,-11,8
0x7faa7f923046,0x7faa820a7d7e,16,8
0x7faa7f9230bb,0x7faa7f923701,16,8
0x7faa7f9235b5,0x7faa7f9235ae,-8,8
0x7faa7f923636,0x7faa7f923636,16,8
0x7faa7f923706,0x7faa7f92370d,8,8
0x7faa7f92384b,0x7faa7f923886,0,8
0x7faa7f923a8d,0x7faa7f923a8e,8,8
0x7faa7f923a8f,0x7faa7f923a91,8,8
0x7faa7f923a93,0x7faa7f923a95,8,8
0x7faa7f923f4e,0x7faa7f923145,0,8
0x7faa7f9241e7,0x7faa7f8618cf,-8,8
0x7faa7f9241e7,0x7faa7f924380,0,8
0x7faa7f924209,0x7faa7f9235ae,8,8
0x7faa7f924232,0x7faa7f924254,16,8
0x7faa7f924254,0x7faa7f924277,16,8
0x7faa7f924300,0x7faa7f924232,8,8
0x7faa7f92fd99,0x7faa7f8e6fa8,0,8
0x7faa7f935e80,0x7faa7f935e82,8,8
0x7faa7f935e84,0x7faa7f935e86,8,8
0x7faa7f93fd40,0x7faa7f93fd41,8,8
0x7faa7f93fe4c,0x7faa7f93fe4e,8,8
0x7faa7f941315,0x7faa7f9413d0,-8,8
0x7faa7f946989,0x7faa7f9228a2,8,8
0x7faa7f946989,0x7faa7f9b103d,-24,8
0x7faa7f94f1fd,0x7faa7f935a2a,24,8
0x7faa7f94f219,0x7faa7f94f234,16,8
0x7faa7f94f3c4,0x7faa7f94f219,40,8
0x7faa7f951ba9,0x7faa7f9b04b7,32,8
0x7faa7f951c89,0x7faa7f8e6ae7,-8,8
0x7faa7f951d35,0x7faa7f903a22,24,8
0x7faa7f951da2,0x7faa7f8deadd,-16,8
0x7faa7f957207,0x7faa7f8f6c1e,-40,8
0x7faa7f9572ae,0x7faa7f9572af,8,8
0x7faa7f9572b0,0x7faa7f9572b2,8,8
0x7faa7f957d4d,0x7faa7f957d4e,8,8
0x7faa7f957d51,0x7faa7f957d53,8,8
0x7faa7f957d55,0x7faa7f957d57,8,8
0x7faa7f9589e5,0x7faa7f96d2c5,-16,8
0x7faa7f959890,0x7faa7f9817f0,32,8
0x7faa7f959890,0x7faa7f9829f8,32,8
0x7faa7f959890,0x7faa7f98310e,32,8
0x7faa7f959911,0x7faa7f8f7472,0,8
0x7faa7f95993d,0x7faa7f9059b3,-48,8
0x7faa7f95993d,0x7faa7f9817e0,-8,8
0x7faa7f95993d,0x7faa7f9829e1,-8,8
0x7faa7f95993d,0x7faa7f9830fe,-8,8
0x7faa7f96d2dc,0x7faa7f96d304,-8,8
0x7faa7f96d335,0x7faa7f96d342,8,8
0x7faa7f96d805,0x7faa7f95950c,0,8
0x7faa7f97c16d,0x7faa7f97c1f3,-8,8
0x7faa7f97c1a9,0x7faa7f98d65c,0,8
0x7faa7f97c1bc,0x7faa7f97c1bd,8,8
0x7faa7f9829bf,0x7faa7f982a84,-8,8
0x7faa7f9829fc,0x7faa7f9b502e,-32,8
0x7faa7f982a33,0x7faa7f91b34e,0,8
0x7faa7f982abc,0x7faa7f982abe,8,8
0x7faa7f982ac0,0x7faa7f982ac2,8,8
0x7faa7f983200,0x7faa7f983207,-8,8
0x7faa7f983289,0x7faa7f98328a,8,8
0x7faa7f98328b,0x7faa7f98328d,8,8
0x7faa7f98dd96,0x7faa7f98dd9a,-16,8
0x7faa7f98de7f,0x7faa7f98de80,8,8
0x7faa7f99bc1b,0x7faa7f90b59c,0,8
0x7faa7f99bc7e,0x7faa7f8f5a41,0,8
0x7faa7f99bdea,0x7faa7f99be02,16,8
0x7faa7f99be03,0x7faa7f99be04,8,8
0x7faa7f99be06,0x7faa7f99be08,8,8
0x7faa7f99be0a,0x7faa7f99be0c,8,8
0x7faa7f99bffe,0x7faa7f99c00a,16,8
0x7faa7f99c07b,0x7faa7f99c07f,16,8
0x7faa7f9b0462,0x7faa7f8ef523,0,8
0x7faa7f9b048e,0x7faa7f9b1c8b,16,8
0x7faa7f9b0529,0x7faa7f9b0706,32,8
0x7faa7f9b0585,0x7faa7f9b0774,24,8
0x7faa7f9b05b4,0x7faa7f9b51cc,2,8
0x7faa7f9b0700,0x7faa7f9b1cee,4,8
0x7faa7f9b0e1a,0x7faa7f951c33,0,8
0x7faa7f9b0e30,0x7faa7f8fec56,0,8
0x7faa7f9b0e70,0x7faa7f9b0e70,0,8
0x7faa7f9b0f2c,0x7faa7f9b51ed,0,8
0x7faa7f9b0f67,0x7faa7f9b062e,4,8
0x7faa7f9b1099,0x7faa7f9b0670,-56,8
0x7faa7f9b152e,0x7faa7f951cd9,0,8
0x7faa7f9b1b78,0x7faa7f9b545e,2,8
0x7faa7f9d67c0,0x7faa7f9d67c1,8,8
0x7faa7f9d67c2,0x7faa7f9d67c3,8,8
0x7faa820a5f19,0x7faa7f982aba,8,8
0x7faa820a5fa4,0x7faa7f981ff3,16,8
0x7faa820a7d9b,0x7faa7f922905,16,8
0x7faa820a7d9b,0x7faa7f9230ba,24,8
0x7faa7f8deb08,0x7faa7f8deb94,-8,8
0x7faa7f8deb61,0x7faa7f8deb78,16,8
0x7faa7f8deb86,0x7faa7f8debae,-16,8
0x7faa7f8ef59e,0x7faa7f8d96c7,-16,8
0x7faa7f91b39b,0x7faa7f91e6fb,8,8
0x7faa7f91e6fc,0x7faa7f91e6fd,8,8
0x7faa7f91e828,0x7faa7f98256d,32,8
0x7faa7f91e90c,0x7faa7f8ef4d0,-16,8
0x7faa7f91e925,0x7faa7f91e96e,8,8
0x7faa7f91ea52,0x7faa7f91ea56,8,8
0x7faa7f91ea57,0x7faa7f91ea59,8,8
0x7faa7f91ea5b,0x7faa7f91ea5d,8,8
0x7faa7f9206a5,0x7faa7f9b0c93,-16,8
0x7faa7f923126,0x7faa7f923149,-16,8
0x7faa7f92313d,0x7faa7f923149,-56,8
0x7faa7f9235b5,0x7faa7f923636,40,8
0x7faa7f9235b5,0x7faa7f96d7fb,-16,8
0x7faa7f923606,0x7faa7f9235ae,-8,8
0x7faa7f923f53,0x7faa7f923122,0,8
0x7faa7f93ffc3,0x7faa7f93ffc5,8,8
0x7faa7f9475ab,0x7faa7f9b0af3,-32,8
0x7faa7f94b65d,0x7faa7f94b65e,8,8
0x7faa7f94b660,0x7faa7f94b662,8,8
0x7faa7f9599c7,0x7faa7f905c0f,0,8
0x7faa7f96d832,0x7faa7f96d850,24,8
0x7faa7f96d850,0x7faa7f96d87d,-40,8
0x7faa7f98252e,0x7faa7f9826ea,8,8
0x7faa7f9b0585,0x7faa7f9b0585,40,8
0x7faa7f9b0cef,0x7faa7f9b0cef,0,8
0x7faa7f9b0e1a,0x7faa7f8f750e,-24,8
0x7faa7f9b4ddd,0x7faa7f9b0652,2,8
0x7faa7f8e6d20,0x7faa7f8ef6df,0,8
0x7faa7f8de0d1,0x7faa7f8de0e2,32,8
0x7faa7f923636,0x7faa7f96d850,-16,8
0x7faa7f951a4d,0x7faa7f8dfc10,32,8
0x7faa7f8e9b01,0x7faa7f8e9acb,8,8
0x7faa7f8fdc58,0x7faa7f8fde90,-16,8
0x7faa7f8fb25e,0x7faa7f985659,0,8
0x7faa7f94f2f0,0x7faa7f94f34d,1,8
0x7faa7f951aa0,0x7faa7f951a4d,16,8
0x7faa7f9854e0,0x7faa7f8fb209,0,8
0x7faa7f9b545e,0x7faa7f9b0727,2,8
0x7faa7f8dbfc5,0x7faa7f8dee2b,0,8
0x7faa7f94f1b8,0x7faa7f94f01c,0,8
0x7faa81fd257e,0x7faa81fd2583,0,8
0x7faa7f9b0e30,0x7faa7f9b0e30,0,8
0x7faa7f8ef92c,0x7faa7f8dfc10,24,8
0x7faa7f8f652c,0x7faa7f9587ca,0,8
0x7faa7f94f249,0x7faa7f94f27c,-16,8
0x7faa7f959844,0x7faa7f985595,24,8
0x7faa7f9b0dd3,0x7faa7f9b0dd3,0,8
0x7faa7f9b547e,0x7faa7f9b0982,0,8
0x7faa7f9b4dc0,0x7faa7f9462d1,24,8
0x7faa7f840ce6,0x7faa7f840da8,-16,8
0x7faa7f920753,0x7faa7f920754,8,8
0x7faa7f920758,0x7faa7f92075a,8,8
0x7faa7f8f0f60,0x7faa7f8d9790,-16,8
0x7faa7f8de0d1,0x7faa7f8de0d1,0,8
0x7faa7f8dec00,0x7faa7f8d9790,-16,8
0x7faa7f8ef9e4,0x7faa7f8ef9e4,0,8
0x7faa7f92818c,0x7faa7f9281ed,-16,8
0x7faa7f959844,0x7faa7f928a65,-8,8
0x7faa81fd25a1,0x7faa7f9e3558,3,8
0x7faa7f83efa3,0x7faa7f83efae,-36,8
0x7faa7f959844,0x7faa7f935a3d,8,8
0x7faa7f9b0585,0x7faa7f9b0585,32,8
0x7faa7f8ef4d0,0x7faa7f8efad3,40,8
0x7faa7f8d79b0,0x7faa7f8d79b0,24,8
0x7faa7f8dbf8b,0x7faa7f8d7e83,-32,8
0x7faa7f8dee35,0x7faa7f8d7e50,0,8
0x7faa7f8dda50,0x7faa7f8f0c8e,32,8
0x7faa7f8f084b,0x7faa7f8f0cb1,-8,8
0x7faa7f903b67,0x7faa7f8e6c60,-8,8
0x7faa7f8d79c6,0x7faa7f8d79b0,32,8
0x7faa7f8de10c,0x7faa7f8de10c,0,8
0x7faa7f8d7e8a,0x7faa7f8dbf8b,0,8
0x7faa7f92d27b,0x7faa7f9b0af3,-32,8
0x7faa7f92e152,0x7faa7f92d242,0,8
0x7faa7f840cb2,0x7faa7f83b3ee,0,8
0x7faa7f8db5b4,0x7faa7f8db5b4,0,8
0x7faa7f8db650,0x7faa7f8db650,0,8
0x7faa7f9855b0,0x7faa7f9b0b0e,-16,8
0x7faa7f9227ec,0x7faa7f9227ec,4,8
0x7faa7f8f5a41,0x7faa7f8d7ba3,-8,8
0x7faa7f8f5a5e,0x7faa7f904734,0,8
0x7faa7f9227ec,0x7faa7f922802,39,8
0x7faa7f951d4d,0x7faa7f951d51,8,8
0x7faa7f98d658,0x7faa7f98d69f,8,8
0x7faa7f98dd2f,0x7faa7f98dd33,8,8
0x7faa7f98ddd2,0x7faa7f8d96c7,-24,8
0x7faa7f98de3d,0x7faa7f98de41,8,8
0x7faa7f9b0912,0x7faa7f98dd28,-16,8
0x7faa7f8efa97,0x7faa7f8efa97,0,8
0x7faa7f98d9fd,0x7faa7f98d9ff,8,8
0x7faa7f8d96d4,0x7faa7f98d9a6,-44,8
0x7faa7f8ef600,0x7faa7f98d7e8,0,8
0x7faa7f8ef60f,0x7faa7f98da47,0,8
0x7faa7f98d905,0x7faa7f98d99c,-16,8
0x7faa7f9b0cc1,0x7faa7f9b4d73,0,8
0x7faa7f8de0f2,0x7faa7f8de0e2,8,8
0x7faa7f8e997a,0x7faa7f8e9983,-1,8
0x7faa7f9b1622,0x7faa7f9b0580,-48,8
0x7faa81fd257e,0x7faa81fd2583,-2,8
0x7faa7f9205e0,0x7faa7f9205ef,-16,8
0x7faa7f9b0592,0x7faa7f9b164d,4,8
0x7faa7f8fb559,0x7faa7f8fb576,1,8
0x7faa7f9b076c,0x7faa7f9b0774,-40,8
0x7faa81fd2583,0x7faa7f9462d1,-18,8
0x7faa7f8efaf6,0x7faa7f8efb60,-16,8
0x7faa7f9281ed,0x7faa7f94bd81,-8,8
0x7faa7f929bfe,0x7faa7f929c0f,24,8
0x7faa7f94784e,0x7faa7f922a28,0,8
0x7faa820a7ba0,0x7faa7f9b0b0e,-32,8
0x7faa7f8ea2ce,0x7faa7f8eb407,1,8
0x7faa7f922886,0x7faa7f92289d,16,8
0x7faa7f923f45,0x7faa7f8de0d1,-8,8
0x7faa7f92fcaf,0x7faa7f99c094,-16,8
0x7faa7f923038,0x7faa7f923052,-16,8
0x7faa7f8d7e46,0x7faa7f8dbfc5,0,8
0x7faa7f8db630,0x7faa7f8db630,-32,8
0x7faa7f9831ca,0x7faa7f9831ce,-16,8
0x7faa7f9e357a,0x7faa81fd259c,-1,8
0x7faa7f8efb50,0x7faa7f9462d1,24,8
0x7faa7f90c612,0x7faa7f90c613,8,8
0x7faa7f90c615,0x7faa7f90c617,8,8
0x7faa7f8fdbca,0x7faa7f8fdbb0,-48,8
0x7faa7f8fb576,0x7faa7f8fb595,1,8
0x7faa7f9b0912,0x7faa7f8d9790,-16,8
0x7faa81fd257d,0x7faa7f932cd7,8,8
0x7faa7f902c66,0x7faa7f8d76e0,8,8
0x7faa7f9b4d80,0x7faa7f9b05b4,2,8
0x7faa7f8e9b46,0x7faa7f8e9acb,8,8
0x7faa81fd25a1,0x7faa7f9b0af3,-40,8
0x7faa7f8d76f3,0x7faa7f957706,-24,8
0x7faa7f8d7e50,0x7faa7f8dee35,0,8
0x7faa7f8db71f,0x7faa7f9b0c89,-16,8
0x7faa7f8db723,0x7faa7f9b0c93,-16,8
0x7faa7f905bd3,0x7faa7f8db6f0,0,8
0x7faa7f905bd7,0x7faa7f8db701,0,8
0x7faa7f92ad20,0x7faa7f9a6f57,-24,8
0x7faa7f9b06f1,0x7faa7f9b4da1,0,8
0x7faa7f9b1664,0x7faa7f9b05a7,0,8
0x7faa7f9b1671,0x7faa7f9b05b4,2,8
0x7faa7f9b1691,0x7faa7f9b05d2,0,8
0x7faa81fd25a1,0x7faa7f94f2f0,2,8
0x7faa81fd25a1,0x7faa7f9b0b0e,-32,8
0x7faa7f8d7449,0x7faa7f8d744a,8,8
0x7faa7f8d744b,0x7faa7f8d744d,8,8
0x7faa7f8ef7bd,0x7faa7f8d96c7,-16,8
0x7faa7f8e8f19,0x7faa7f8e8f19,-32,8
0x7faa7f957634,0x7faa7f95799f,-24,8
0x7faa7f8f6680,0x7faa7f9462d1,24,8
0x7faa81fd2477,0x7faa81fd247a,0,8
0x7faa7f90d27d,0x7faa7f90d27d,0,8
0x7faa7f90d286,0x7faa7f90d286,0,8
0x7faa7f950c02,0x7faa7f950c02,0,8
0x7faa7f950c1d,0x7faa7f950c1d,0,8
0x7faa7f957340,0x7faa7f9b1631,8,8
0x7faa7f9b160a,0x7faa7f9b0585,-24,8
0x7faa7f8ef60f,0x7faa7f8f6688,0,8
0x7faa7f902c66,0x7faa7f957706,-8,8
0x7faa7f8d96d4,0x7faa7f8d96d4,0,8
0x7faa7f8fca25,0x7faa7f8fca16,0,8
0x7faa7f9b0d84,0x7faa7f8f6580,-16,8
0x7faa7f957388,0x7faa7f9576bf,24,8
0x7faa81fd258f,0x7faa81fd2593,0,8
0x7faa7f935a37,0x7faa7f92ad60,16,8
0x7faa7f93dcc6,0x7faa7f93dcc6,0,8
0x7faa7f8d7e50,0x7faa7f8dbfd7,0,8
0x7faa7f92ad20,0x7faa7f957b03,-32,8
0x7faa7f9b076c,0x7faa7f9b0774,-24,8
0x7faa7f8ef9e0,0x7faa7f9462d1,24,8
0x7faa7f8d8741,0x7faa7f8d877e,16,8
0x7faa7f8d87a2,0x7faa7f8fdbf4,-48,8
0x7faa7f8db630,0x7faa7f8db630,24,8
0x7faa7f8fb5b4,0x7faa7f8fb5d3,1,8
0x7faa7f9b0bcf,0x7faa7f9b0510,4,8
0x7faa7f8db590,0x7faa7f8db590,24,8
0x7faa7f9e3256,0x7faa7f9e3558,16,8
0x7faa7f9065c0,0x7faa7f957832,0,8
0x7faa7f98da57,0x7faa7f8efa8d,8,8
0x7faa7f8ef71b,0x7faa7f8ef735,24,8
0x7faa7f8f0e71,0x7faa7f8f0fe6,8,8
0x7faa7f8ea2ce,0x7faa7f8eae64,0,8
0x7faa7f935a3d,0x7faa7f92ad60,32,8
0x7faa7f8d7e50,0x7faa7f8d7e50,-48,8
0x7faa7f9e3482,0x7faa7f947809,0,8
0x7faa81fd2477,0x7faa81fd247a,3,8
0x7faa81fd25a1,0x7faa7f94f2f0,3,8
0x7faa7f95736e,0x7faa7f957634,8,8
0x7faa7f9065c0,0x7faa7f95777f,0,8
0x7faa7f8de131,0x7faa7f8de131,24,8
0x7faa7f8fb595,0x7faa7f8fb5b4,1,8
0x7faa7f8f0ffd,0x7faa7f8f1018,-16,8
0x7faa7f8ef9e0,0x7faa7f8d6ee0,0,8
0x7faa7f8fb4c8,0x7faa7f8fb4ea,8,8
0x7faa7f8fb559,0x7faa7f9b0b0e,-40,8
0x7faa7f957307,0x7faa7f9205d6,0,8
0x7faa7f8fdbf4,0x7faa7f8fdbe0,-32,8
0x7faa7f92d242,0x7faa7f92d27b,16,8
0x7faa7f92e17a,0x7faa7f92e17a,1,8
0x7faa7f957340,0x7faa7f95799f,24,8
0x7faa81fd257e,0x7faa81fd2583,-6,8
0x7faa7f90a4f4,0x7faa7f90c611,16,8
0x7faa7f902c66,0x7faa7f8e9cb0,16,8
0x7faa7f9b0c02,0x7faa7f9b07bf,-8,8
0x7faa7f9b05b4,0x7faa7f9b53d6,4,8
0x7faa7f9a6ff2,0x7faa7f9e31fb,0,8
0x7faa7f9b0fe9,0x7faa7f9b0592,0,8
0x7faa81fd2477,0x7faa81fd247a,1,8
0x7faa7f950c46,0x7faa7f950c46,8,8
0x7faa7f8dfc10,0x7faa7f8d6ee4,-24,8
0x7faa7f950c66,0x7faa7f950c67,8,8
0x7faa7f950c68,0x7faa7f950c6a,8,8
0x7faa81fd2477,0x7faa81fd247a,2,8
0x7faa81fd25a1,0x7faa81fd259c,4,8
0x7faa7f97539c,0x7faa81fd259c,17,8
0x7faa81fd258f,0x7faa81fd2593,-2,8
0x7faa7f92e14e,0x7faa7f92e17a,16,8
0x7faa7f959844,0x7faa7f92e152,8,8
0x7faa7f92fcd6,0x7faa7f8d7489,8,8
0x7faa7f9b0760,0x7faa7f9b0580,0,8
0x7faa7f9206a1,0x7faa7f9b0c89,-16,8
0x7faa7f8dfc72,0x7faa7f95832a,32,8
0x7faa7f9b0585,0x7faa7f9b0774,0,8
0x7faa7f9b05d2,0x7faa7f9b53f7,-16,8
0x7faa7f9b0f34,0x7faa7f9b0e60,-8,8
0x7faa7f9b4dc0,0x7faa7f8ef6d1,32,8
0x7faa7f9b53d6,0x7faa7f9b0f0c,-16,8
0x7faa7f9da133,0x7faa7f9b0af3,-32,8
0x7faa7f8ef6d1,0x7faa7f8ef6d5,-8,8
0x7faa7f9107a4,0x7faa7f8efae1,-8,8
0x7faa7f9b53c9,0x7faa7f9b0ee0,0,8
0x7faa81fd2682,0x7faa81fd2686,16,8
0x7faa7f91c6bf,0x7faa7f91c6d1,8,8
0x7faa7f922839,0x7faa7f9575f9,0,8
0x7faa7f94f071,0x7faa7f975368,0,8
0x7faa7f9753bb,0x7faa7f9754da,0,8
0x7faa7f975488,0x7faa7f94f01c,0,8
0x7faa81fc2a34,0x7faa81fc2a49,16,8
0x7faa7f8d8741,0x7faa7f8fdbf4,-40,8
0x7faa81fd268a,0x7faa81fd267f,16,8
0x7faa7f8e9af0,0x7faa7f8e9afa,-4,8
0x7faa7f8db590,0x7faa7f8db590,0,8
0x7faa7f8efb50,0x7faa7f8d6ee0,0,8
0x7faa7f8fdc68,0x7faa7f8de51e,0,8
0x7faa7f90c826,0x7faa7f90c52a,0,8
0x7faa7f92d242,0x7faa7f9b0af3,-16,8
0x7faa7f95985a,0x7faa7f9b0b29,-40,8
0x7faa7f9b0958,0x7faa7f9b0760,8,8
0x7faa7f9b09fc,0x7faa7f9b0580,8,8
0x7faa81fd257e,0x7faa81fd2583,-7,8
0x7faa7f8deb08,0x7faa7f8deb61,-40,8
0x7faa7f8deb78,0x7faa7f8deb86,8,8
0x7faa7f905a4e,0x7faa7f905a4f,8,8
0x7faa7f9138a2,0x7faa7f9b0b0e,-24,8
0x7faa7f9227ec,0x7faa7f9573b2,-15,8
0x7faa7f959844,0x7faa7f91387e,8,8
0x7faa7f9b0592,0x7faa7f9b0bc1,4,8
0x7faa7f9b0bcf,0x7faa7f9b0c22,0,8
0x7faa7f8de0f6,0x7faa7f8de0f6,0,8
0x7faa7f8de0f6,0x7faa7f8de131,32,8
0x7faa7f8de0f6,0x7faa7f8de14a,48,8
0x7faa7f8de1ef,0x7faa7f8de0f6,-40,8
0x7faa7f8ef71b,0x7faa7f8ef781,0,8
0x7faa7f8ef735,0x7faa7f8ef74e,24,8
0x7faa7f8fb4a6,0x7faa7f8fb4c8,8,8
0x7faa7f9227ec,0x7faa7f9573b2,-11,8
0x7faa7f9227ec,0x7faa7f9573b2,-10,8
0x7faa7f9227ec,0x7faa7f9573b2,-9,8
0x7faa7f9302a0,0x7faa7f9302c3,1,8
0x7faa7f9594b1,0x7faa7f95950c,0,8
0x7faa7f974ec5,0x7faa7f974f7a,0,8
0x7faa7f9b05b4,0x7faa7f9b0be5,2,8
0x7faa7f8deb94,0x7faa7f8deba1,24,8
0x7faa7f8debeb,0x7faa7f8debec,8,8
0x7faa7f8e8f19,0x7faa7f83b3ee,0,8
0x7faa7f8ef506,0x7faa7f91ea52,8,8
0x7faa7f8efbce,0x7faa7f9b0958,16,8
0x7faa7f8f7472,0x7faa7f902cc4,0,8
0x7faa7f9059a2,0x7faa7f8f749e,-8,8
0x7faa7f90b650,0x7faa7f98252e,8,8
0x7faa7f91e6fb,0x7faa7f91e6fc,8,8
0x7faa7f91e6fd,0x7faa7f91e6ff,8,8
0x7faa7f91e90c,0x7faa7f91e925,8,8
0x7faa7f91ea56,0x7faa7f91ea57,8,8
0x7faa7f91ea59,0x7faa7f91ea5b,8,8
0x7faa7f922aa8,0x7faa7f922aa8,8,8
0x7faa7f93ffc5,0x7faa7f93ffc7,8,8
0x7faa7f94b65c,0x7faa7f94b65d,8,8
0x7faa7f94b65e,0x7faa7f94b660,8,8
0x7faa7f9587ec,0x7faa7f959911,0,8
0x7faa7f959646,0x7faa7f95964b,8,8
0x7faa7f95967a,0x7faa7f95954c,32,8
0x7faa7f95983b,0x7faa7f959503,8,8
0x7faa7f959890,0x7faa7f94b58a,0,8
0x7faa7f98256d,0x7faa7f982573,-8,8
0x7faa7f98d817,0x7faa7f8efa97,0,8
0x7faa7f9b0585,0x7faa7f9b0a76,24,8
0x7faa7f9b05a7,0x7faa7f9b0bd8,0,8
0x7faa7f9b0c2b,0x7faa7f9b0ee0,0,8
0x7faa7f9b0d84,0x7faa7f8deb30,-32,8
0x7faa820a5f19,0x7faa7f9826ea,16,8
0x7faa7f90b620,0x7faa7f91e8fe,-24,8
0x7faa7f90ec48,0x7faa7f9a6f5b,0,8
0x7faa7f91e828,0x7faa7f982798,-8,8
0x7faa7f91e96e,0x7faa7f91e9f0,-16,8
0x7faa7f97539c,0x7faa7f8fb559,16,8
0x7faa7f9b4dfd,0x7faa7f9b1099,0,8
0x7faa7f8efa00,0x7faa7f8ef4d0,-16,8
0x7faa7f8de1ef,0x7faa7f8de131,40,8
0x7faa7f8efb75,0x7faa7f8efb75,0,8
0x7faa7f8efc03,0x7faa7f8efc03,0,8
0x7faa7f94b07d,0x7faa7f9b0c89,-16,8
0x7faa7f98d919,0x7faa7f98d919,0,8
0x7faa7f98da2e,0x7faa7f98da2e,0,8
0x7faa7f98da8b,0x7faa7f98da8b,0,8
0x7faa81fd259b,0x7faa7f92ad4b,16,8
0x7faa81fd257e,0x7faa81fd2583,-1,8
0x7faa7f8d9790,0x7faa7f8d9794,-16,8
0x7faa7f8dbfd7,0x7faa7f8dee35,0,8
0x7faa7f8ef9e4,0x7faa7f8efb54,0,8
0x7faa7f8eae11,0x7faa7f8eae16,-8,8
0x7faa7f9e357a,0x7faa81fd258f,-4,8
0x7faa7f8d96d4,0x7faa7f98d7ff,-44,8
0x7faa7f8de8ec,0x7faa7f9b538e,-8,8
0x7faa7f8fb486,0x7faa7f8fb4a6,8,8
0x7faa7f8d6ef0,0x7faa7f9ffaa7,0,8
0x7faa7f8ea334,0x7faa7f8eae64,-1,8
0x7faa7f935a3d,0x7faa81fd259c,32,8
0x7faa7f8dbfd7,0x7faa7f8d7e50,0,8
0x7faa7f94f34d,0x7faa81fd259c,-1,8
0x7faa81fc2a20,0x7faa81fc2a34,16,8
0x7faa7f8eae64,0x7faa7f94be0f,-50,8
0x7faa7f907800,0x7faa7f90c4a6,8,8
0x7faa7f9b0ff7,0x7faa7f9b05b4,2,8
0x7faa81fd257e,0x7faa81fd2583,-4,8
0x7faa7f9b136d,0x7faa7f9b137b,-4,8
0x7faa7f8e6d20,0x7faa7f9587ec,0,8
0x7faa7f8ef9e0,0x7faa7f94630c,0,8
0x7faa7f8f5a5e,0x7faa7f9b0e69,0,8
0x7faa7f957388,0x7faa7f95740b,16,8
0x7faa7f9e357a,0x7faa81fd257e,-8,8
0x7faa81f54fb6,0x7faa7f916453,8,8
0x7faa7f97539c,0x7faa81fd25a1,16,8
0x7faa7f9e3290,0x7faa7f9e3295,-16,8
0x7faa7f9e340f,0x7faa7f9e345f,0,8
0x7faa820a6038,0x7faa7f8e9206,40,8
0x7faa7f8fb50c,0x7faa7f8fb559,8,8
0x7faa81fc2994,0x7faa7f932d50,0,8
0x7faa7f92e19a,0x7faa81fd258f,-3,8
0x7faa7f9b1b32,0x7faa7f9b0d84,0,8
0x7faa7f8db5b4,0x7faa7f8de536,24,8
0x7faa7f8db650,0x7faa7f8de536,24,8
0x7faa820a7e90,0x7faa7f9b0c89,-34,8
0x7faa7f8e9b1a,0x7faa7f8e9b1f,-1,8
0x7faa7f94f071,0x7faa7f9e3482,0,8
0x7faa7f9b0bcf,0x7faa7f9b0789,0,8
0x7faa81fd2477,0x7faa81fd247a,4,8
0x7faa820a7e80,0x7faa820a7e90,2,8
0x7faa7f8ea2ce,0x7faa7f94be0f,-48,8
0x7faa7f9302c3,0x7faa7f8ea2ce,-3,8
0x7faa7f8db5b4,0x7faa7f8db5fb,-8,8
0x7faa7f8f6680,0x7faa7f94630c,0,8
0x7faa7f9b53c0,0x7faa7f9b0ee8,4,8
0x7faa7f9032c4,0x7faa7f9b1384,16,8
0x7faa7f8e8f19,0x7faa7f8e8f19,-16,8
0x7faa7f957340,0x7faa7f9573f5,24,8
0x7faa7f9b0706,0x7faa7f9b0760,-24,8
0x7faa7f9b0fbb,0x7faa7f9032d4,48,8
0x7faa7f8e6d34,0x7faa7f9303b4,8,8
0x7faa7f92ad60,0x7faa7f94f2f0,1,8
0x7faa7f9b06d0,0x7faa7f9b05b4,2,8
0x7faa7f9b06f1,0x7faa7f9b06f1,0,8
0x7faa7f903301,0x7faa7f9b05a7,16,8
0x7faa81fc2994,0x7faa81fd257e,3,8
0x7faa7f8e9b1f,0x7faa7f8e9b2a,-4,8
0x7faa7f92ad60,0x7faa81fd257e,6,8
0x7faa7f9205ef,0x7faa7f8e997a,33,8
0x7faa81fd2593,0x7faa7f9462d1,-18,8
0x7faa7f92ad60,0x7faa81fd259c,2,8
0x7faa7f9b1099,0x7faa7f9b1017,-8,8
0x7faa7f8ef6d5,0x7faa7f8ef4d0,-40,8
0x7faa7f9b0912,0x7faa7f8d979c,16,8
0x7faa820a7d82,0x7faa7f96d86a,-48,8
0x7faa7f8ef6d5,0x7faa7f8ef7bd,-24,8
0x7faa7f902c66,0x7faa7f9205ef,8,8
0x7faa7f906541,0x7faa7f957388,0,8
0x7faa7f8f4d9f,0x7faa7f8f4dc3,-8,8
0x7faa7f94bea8,0x7faa7f94bd81,0,8
0x7faa7f9b0789,0x7faa7f9b0fd9,4,8
0x7faa7f9da133,0x7faa81fd257e,-7,8
0x7faa7f932d5a,0x7faa7f932d5a,0,8
0x7faa7f8d7ec6,0x7faa7f9b0958,16,8
0x7faa7f8ef4d0,0x7faa7f8d96c7,0,8
0x7faa7f8f0e71,0x7faa7f8f0ffd,-8,8
0x7faa7f8fb50c,0x7faa7f8fb52a,8,8
0x7faa7f90b479,0x7faa7f9b077f,-32,8
0x7faa81fd257e,0x7faa81fd2583,-5,8
0x7faa82311fa0,0x7faa82311fbe,0,8
0x7faa7f8d9794,0x7faa7f8d97ae,0,8
0x7faa7f8d9798,0x7faa7f8d979c,40,8
0x7faa81fd267f,0x7faa81fd2682,16,8
0x7faa81fd2686,0x7faa81fd268a,16,8
0x7faa7f8fb4ea,0x7faa7f8fb50c,8,8
0x7faa7f92e17a,0x7faa7f92e19a,5,8
0x7faa7f9302a0,0x7faa7f8ea2ce,0,8
0x7faa7f94be43,0x7faa81fc7f23,16,8
0x7faa7f8dee35,0x7faa7f8d7e50,48,8
0x7faa7f957330,0x7faa7f957607,16,8
0x7faa7f8dcbe8,0x7faa7f8dcbec,8,8
0x7faa7f8dcc0e,0x7faa7f8dcc1c,-16,8
0x7faa7f8dcc41,0x7faa7f8dcc42,8,8
0x7faa7f8e9ae5,0x7faa7f8e9cd0,8,8
0x7faa7f903589,0x7faa7f90358a,8,8
0x7faa7f90c867,0x7faa7f90c868,8,8
0x7faa7f90c8f7,0x7faa7f90c8f8,8,8
0x7faa7f90c8f9,0x7faa7f90c8fb,8,8
0x7faa7f90c8fd,0x7faa7f90c8ff,8,8
0x7faa7f916475,0x7faa7f94c7c2,0,8
0x7faa7f94c01d,0x7faa7f95005a,0,8
0x7faa7f94c78a,0x7faa7f916434,0,8
0x7faa7f94d2e1,0x7faa7f94ffed,0,8
0x7faa7f94ff71,0x7faa7f94d0b1,0,8
0x7faa7f9500cd,0x7faa7f9b0e30,0,8
0x7faa7f9b52df,0x7faa7f8dcbe1,-16,8
0x7faa7f9b5301,0x7faa7f9b5311,-4,8
0x7faa81fc2994,0x7faa81fd257e,2,8
0x7faa7f905e73,0x7faa7f905e74,8,8
0x7faa7f9b076c,0x7faa7f9b076c,-8,8
0x7faa7f9b0792,0x7faa7f9b0fb3,0,8
0x7faa7f9b079f,0x7faa7f9b079f,2,8
0x7faa7f90c8b4,0x7faa7f90c8d9,8,8
0x7faa7f9138c0,0x7faa7f9138c2,8,8
0x7faa7f92e278,0x7faa7f941977,0,8
0x7faa7f9b13b1,0x7faa7f9b05d2,0,8
0x7faa7f9d38e7,0x7faa7f9138be,8,8
0x7faa7f9e3558,0x7faa81fd25a1,0,8
0x7faa7f8ef523,0x7faa7f8e6d20,0,8
0x7faa7f9205e0,0x7faa7f8e997a,17,8
0x7faa7f935a37,0x7faa81fd259c,16,8
0x7faa81fd2477,0x7faa81fd247a,5,8
0x7faa7f8df400,0x7faa7f8df45f,0,8
0x7faa7f8df48b,0x7faa7f950d40,16,8
0x7faa7f8dfc72,0x7faa7f94bf90,24,8
0x7faa7f8e6d34,0x7faa7f90c611,16,8
0x7faa7f8e6d34,0x7faa7f90c866,16,8
0x7faa7f8e6fd5,0x7faa7f9a6f5b,0,8
0x7faa7f8ef523,0x7faa7f98d7e1,0,8
0x7faa7f8ef5f8,0x7faa7f8d74d5,16,8
0x7faa7f903ff9,0x7faa7f902cba,0,8
0x7faa7f90a5f0,0x7faa7f90c62b,-24,8
0x7faa7f90c82d,0x7faa7f90c82d,0,8
0x7faa7f90c866,0x7faa7f90c867,8,8
0x7faa7f910ddd,0x7faa7f90356b,0,8
0x7faa7f910e56,0x7faa7f903e86,0,8
0x7faa7f9138be,0x7faa7f9138bf,8,8
0x7faa7f9138bf,0x7faa7f9138c0,8,8
0x7faa7f94782e,0x7faa7f950d04,8,8
0x7faa7f94784e,0x7faa7f9a6f5b,0,8
0x7faa7f94bf91,0x7faa7f94bf92,8,8
0x7faa7f94d1e8,0x7faa7f9599fc,-24,8
0x7faa7f950bee,0x7faa7f90c8a4,24,8
0x7faa7f950d3b,0x7faa7f950c4e,8,8
0x7faa7f950d52,0x7faa7f950d67,0,8
0x7faa7f950d81,0x7faa7f9b1033,-24,8
0x7faa7f9a6ff2,0x7faa7f8e6fa8,0,8
0x7faa7f9b07bf,0x7faa7f9b05d2,-24,8
0x7faa7f9b0958,0x7faa7f9b1bcd,0,8
0x7faa7f9b0965,0x7faa7f9b1bba,2,8
0x7faa7f9b0a23,0x7faa7f9b0ece,8,8
0x7faa7f9b0c38,0x7faa7f9b0a09,-46,8
0x7faa7f9b0c38,0x7faa7f9b545e,2,8
0x7faa7f9b1078,0x7faa7f9b0652,2,8
0x7faa7f9b1078,0x7faa7f9b0a09,2,8
0x7faa7f9b1099,0x7faa7f9b0a23,8,8
0x7faa7f9b1391,0x7faa7f9b05b4,2,8
0x7faa7f9b15fe,0x7faa7f9b160a,8,8
0x7faa7f9b174b,0x7faa7f9b17b2,-16,8
0x7faa7f9b177a,0x7faa7f9b1788,-4,8
0x7faa7f9b1a9d,0x7faa7f9b0760,8,8
0x7faa7f9b1aaa,0x7faa7f9b079f,2,8
0x7faa7f9b1ac4,0x7faa7f9b1017,-8,8
0x7faa7f9b531a,0x7faa7f9b15ce,0,8
0x7faa7f9b5327,0x7faa7f9b15db,2,8
0x7faa7f9b5451,0x7faa7f9b1384,0,8
0x7faa7f9d38d0,0x7faa7f9d392c,-8,8
0x7faa7f9d3955,0x7faa7f9d3956,8,8
0x7faa7f9d3957,0x7faa7f9d3959,8,8
0x7faa7f9e340a,0x7faa7f9e340a,0,8
0x7faa7f9e340a,0x7faa7f9e3427,0,8
0x7faa7f9e340f,0x7faa7f9e340f,0,8
0x7faa7f9e35d4,0x7faa7f9e36f8,0,8
0x7faa81fd25a1,0x7faa7f9462d1,-19,8
0x7faa820a7c54,0x7faa7f8efae1,-32,8
0x7faa7f92289d,0x7faa820a7d82,16,8
0x7faa7f923038,0x7faa820a7d82,16,8
0x7faa7f923052,0x7faa7f96d86a,-16,8
0x7faa7f8efa97,0x7faa7f98d7e1,0,8
0x7faa7f903e31,0x7faa7f903e63,-8,8
0x7faa7f950d8d,0x7faa7f8f5a41,-16,8
0x7faa7f906653,0x7faa7f906658,8,8
0x7faa7f90665d,0x7faa7f906662,8,8
0x7faa7f923f45,0x7faa7f8de0e2,24,8
0x7faa7f97539c,0x7faa81fd259c,16,8
0x7faa7f9b541e,0x7faa7f8d9790,-16,8
0x7faa81fd259b,0x7faa7f92b805,16,8
0x7faa81fd25a1,0x7faa7f9e3558,2,8
0x7faa7f95983b,0x7faa7f9b0aeb,0,8
0x7faa7f9b0a76,0x7faa7f9b0b06,0,8
0x7faa7f8fb5d3,0x7faa7f8fb5f6,1,8
0x7faa7f8fdc92,0x7faa7f8d8752,-16,8
0x7faa7f906667,0x7faa7f9065e5,24,8
0x7faa7f92ad60,0x7faa81fd258f,4,8
0x7faa7f92e17a,0x7faa7f92e19a,8,8
0x7faa7f92e19a,0x7faa7f92d242,-40,8
0x7faa7f92d27b,0x7faa81fd257e,17,8
0x7faa7f94b586,0x7faa7f9056de,0,8
0x7faa7f946a05,0x7faa7f906541,-8,8
0x7faa7f9b0706,0x7faa7f9b0580,-24,8
0x7faa7f9b30ef,0x7faa7f9b30f9,8,8
0x7faa81fd2593,0x7faa7f9e3558,5,8
0x7faa7f9206a1,0x7faa7f957307,8,8
0x7faa7f94b58a,0x7faa7f9056e2,0,8
0x7faa7f932d50,0x7faa7f9b0af3,-40,8
0x7faa7f94b0ce,0x7faa7f8dd889,8,8
0x7faa7f9831ce,0x7faa7f9831d2,8,8
0x7faa7f9d9fd8,0x7faa81fd260c,16,8
0x7faa81fd260c,0x7faa7f9b0af3,-32,8
0x7faa7f847e18,0x7faa7f847e1c,32,8
0x7faa7f8fa441,0x7faa7f847e0a,0,8
0x7faa7f8fb270,0x7faa7f9ff8cd,24,8
0x7faa7f95983b,0x7faa7f91c6bf,8,8
0x7faa81fd2477,0x7faa81fd247a,6,8
0x7faa7f90653d,0x7faa7f9b1033,-32,8
0x7faa7f9107b4,0x7faa7f8d74a3,8,8
0x7faa7f94782e,0x7faa7f9469f3,24,8
0x7faa7f94b5c2,0x7faa7f94b5c3,8,8
0x7faa7f957360,0x7faa7f9573d5,0,8
0x7faa81fc2994,0x7faa81fd2477,0,8
0x7faa7f8eae64,0x7faa7f94be0f,-49,8
0x7faa7f925eb8,0x7faa7f925eba,8,8
0x7faa81fd2593,0x7faa7f9e3558,6,8
0x7faa7f8e983f,0x7faa7f8e983f,0,8
0x7faa7f8e9ad0,0x7faa7f8e9826,0,8
0x7faa7f8fb4a6,0x7faa7f9b0b0e,-40,8
0x7faa7f8fb4ea,0x7faa7f9b0b0e,-56,8
0x7faa7f92d27b,0x7faa81fd258f,16,8
0x7faa7f8e9826,0x7faa7f8e9ad0,0,8
0x7faa7f92e17a,0x7faa7f92e19a,4,8
0x7faa7f92e17a,0x7faa7f92e19a,16,8
0x7faa7f9b0706,0x7faa7f9b0706,0,8
0x7faa7f9b1577,0x7faa7f9b0fb3,0,8
0x7faa82316338,0x7faa8231633a,8,8
0x7faa81fd25a1,0x7faa7f9462d1,-18,8
0x7faa81fd25a1,0x7faa7f9b0b29,-51,8
0x7faa7f8fdc92,0x7faa7f8fdc58,-48,8
0x7faa7f92e17a,0x7faa7f92e19a,3,8
0x7faa7f94b0ca,0x7faa7f94b0cc,8,8
0x7faa7f9b0585,0x7faa7f9b0585,24,8
0x7faa7f9b0789,0x7faa7f9b136d,4,8
0x7faa7f9b1564,0x7faa7f9b05b4,2,8
0x7faa81fc2994,0x7faa81fc2a20,11,8
0x7faa7f906588,0x7faa7f906692,8,8
0x7faa7f90b479,0x7faa7f9b077f,16,8
0x7faa7f9107a4,0x7faa7f959a7f,-8,8
0x7faa7f92e17a,0x7faa7f92e19a,14,8
0x7faa7f950d9e,0x7faa7f950db2,8,8
0x7faa7f9b0846,0x7faa7f9b0580,-48,8
0x7faa7f9b0958,0x7faa7f9b05a7,0,8
0x7faa7f9b0965,0x7faa7f9b05b4,2,8
0x7faa7f9b0982,0x7faa7f9b05d2,0,8
0x7faa7f9205d6,0x7faa7f9205ef,-8,8
0x7faa7f92ad60,0x7faa81fd257e,8,8
0x7faa7f92d27b,0x7faa81fd2477,17,8
0x7faa7f94b0bf,0x7faa7f94b0c9,8,8
0x7faa7f9b0585,0x7faa7f9b07ec,40,8
0x7faa7f9b0684,0x7faa7f9b0585,-40,8
0x7faa7f9b1577,0x7faa7f9b05a7,0,8
0x7faa7f8db630,0x7faa7f8db630,-48,8
0x7faa7f8d7374,0x7faa7f917e14,16,8
0x7faa7f8d7e13,0x7faa7f8d7e1a,32,8
0x7faa7f8e9cd0,0x7faa7f8e9cd1,8,8
0x7faa7f8ef74e,0x7faa7f8ef781,-48,8
0x7faa7f8fb655,0x7faa7f8fb663,-8,8
0x7faa7f910e00,0x7faa7f9e32d6,16,8
0x7faa7f91c73d,0x7faa7f91c740,-8,8
0x7faa7f932cdb,0x7faa7f9e340a,16,8
0x7faa7f93dc9f,0x7faa7f93dca1,8,8
0x7faa7f93dca3,0x7faa7f93dca5,8,8
0x7faa7f947832,0x7faa7f90d3b1,-8,8
0x7faa7f94d1e3,0x7faa7f94d573,-32,8
0x7faa7f959503,0x7faa7f9b0861,0,8
0x7faa7f9b0585,0x7faa7f9b07ec,24,8
0x7faa7f9b0585,0x7faa7f9b101f,32,8
0x7faa7f9b05d2,0x7faa7f9b05d2,56,8
0x7faa7f9b05d2,0x7faa7f9b4da1,-56,8
0x7faa7f9b0684,0x7faa7f9b0585,-48,8
0x7faa7f9b06b5,0x7faa7f9b05a7,0,8
0x7faa7f9b0712,0x7faa7f9b0712,-16,8
0x7faa7f9b0749,0x7faa7f9b05d2,0,8
0x7faa7f9b0be5,0x7faa7f9b06d0,4,8
0x7faa7f9b0cce,0x7faa7f9b4d80,2,8
0x7faa7f9b137b,0x7faa7f9b0fd9,4,8
0x7faa7f9b1391,0x7faa7f9b1564,38,8
0x7faa7f9b13b1,0x7faa7f9b0cef,32,8
0x7faa7f9b1602,0x7faa7f9b160a,-8,8
0x7faa7f9e32be,0x7faa7f8f4d9f,-24,8
0x7faa81fd2583,0x7faa7f9b0af3,-32,8
0x7faa820a7e63,0x7faa7f8efae1,-32,8
0x7faa7f8d7420,0x7faa7f8db630,-16,8
0x7faa7f8d7dfc,0x7faa7f8d7e03,8,8
0x7faa7f9227b7,0x7faa7f9227ec,39,8
0x7faa7f9227ec,0x7faa7f957388,-35,8
0x7faa7f9227ec,0x7faa7f957388,-34,8
0x7faa7f9227ec,0x7faa7f957388,-33,8
0x7faa81fae219,0x7faa81fae21a,8,8
0x7faa81fc2994,0x7faa81fc2a20,1,8
0x7faa81fc2994,0x7faa81fc2a20,13,8
0x7faa81fc2994,0x7faa81fc2a20,15,8
0x7faa81fd25a1,0x7faa7f9b0b9c,-43,8
0x7faa7f8de1ef,0x7faa7f8de1ef,24,8
0x7faa7f8e6bd4,0x7faa7f8e6bd6,8,8
0x7faa7f8f5a41,0x7faa7f8f5a5e,0,8
0x7faa7f902cc4,0x7faa7f8e6b8d,0,8
0x7faa7f9033bb,0x7faa7f9033bc,8,8
0x7faa7f904049,0x7faa7f90404b,8,8
0x7faa7f91c7fd,0x7faa7f91c815,16,8
0x7faa7f91c816,0x7faa7f91c817,8,8
0x7faa7f91c819,0x7faa7f91c81b,8,8
0x7faa7f91c81d,0x7faa7f91c81f,8,8
0x7faa7f9227ec,0x7faa7f94699c,-27,8
0x7faa7f9227ec,0x7faa7f957388,-39,8
0x7faa7f92ad60,0x7faa81fd257e,9,8
0x7faa7f93db5a,0x7faa7f93db77,0,8
0x7faa7f94f34d,0x7faa81fd258f,-4,8
0x7faa7f951d51,0x7faa7f951d5d,8,8
0x7faa7f98d69f,0x7faa7f98ddd2,0,8
0x7faa7f98dd28,0x7faa7f98dd2f,-16,8
0x7faa7f98de41,0x7faa7f98de4d,8,8
0x7faa7f9b0592,0x7faa7f9b0caa,4,8
0x7faa7f9b06d0,0x7faa7f9b0eb0,2,8
0x7faa7f9b0912,0x7faa7f98d658,0,8
0x7faa81fae961,0x7faa81faeaa5,0,8
0x7faa81fd2593,0x7faa7f94f2f0,4,8
0x7faa82316334,0x7faa82316336,8,8
0x7faa7f8d7420,0x7faa7f8fdc92,16,8
0x7faa7f8d87a2,0x7faa7f8fdbf4,32,8
0x7faa7f8db630,0x7faa7f8fdbe0,0,8
0x7faa7f8fdbf4,0x7faa7f8d8752,-16,8
0x7faa7f903b67,0x7faa7f8dda50,24,8
0x7faa7f92e17a,0x7faa7f92e19a,17,8
0x7faa7f97539c,0x7faa81fd258f,16,8
0x7faa81fd25a1,0x7faa7f9462ec,-10,8
0x7faa7f8db590,0x7faa7f8db590,-48,8
0x7faa7f9205ef,0x7faa7f8e9983,32,8
0x7faa7f9227a5,0x7faa7f9058a3,-32,8
0x7faa7f92d27b,0x7faa81fd258f,20,8
0x7faa7f92e17a,0x7faa7f92e19a,7,8
0x7faa7f92e19a,0x7faa7f92d242,-39,8
0x7faa7f92fcaf,0x7faa7f9b0912,-8,8
0x7faa7f9b05b4,0x7faa7f9b1671,2,8
0x7faa7f9b0cb8,0x7faa7f9b06ba,0,8
0x7faa7f9b0cef,0x7faa7f9b4dfd,-32,8
0x7faa7f9b1078,0x7faa7f9b4ddd,2,8
0x7faa7f9b15fe,0x7faa7f9b0585,-32,8
0x7faa7f9b4dc7,0x7faa7f9b0fd9,4,8
0x7faa7f9b4dd0,0x7faa7f9b1577,0,8
0x7faa81fc2994,0x7faa81fc2a20,8,8
0x7faa81fd2593,0x7faa7f9b0b0e,-32,8
0x7faa820a7ba0,0x7faa7f9a6f57,-24,8
0x7faa7f8d8752,0x7faa7f8fdbe0,48,8
0x7faa7f90b479,0x7faa7f9b0598,-8,8
0x7faa7f92ad60,0x7faa81fd259c,3,8
0x7faa7f9d9fd8,0x7faa7f9da133,39,8
0x7faa7f9da133,0x7faa81fd2477,-22,8
0x7faa7f9e357a,0x7faa81fd258f,-3,8
0x7faa81fd2583,0x7faa7f9e3558,10,8
0x7faa7f8e9cbe,0x7faa7f8e98bf,16,8
0x7faa7f8f084b,0x7faa7f8f0858,8,8
0x7faa7f8fdbf4,0x7faa7f8fdbe0,-48,8
0x7faa7f92ad60,0x7faa81fd257e,7,8
0x7faa7f9b158d,0x7faa7f9b0ece,8,8
0x7faa81fc2994,0x7faa81fc2a20,4,8
0x7faa81fc2994,0x7faa81fc2a20,9,8
0x7faa81fc2994,0x7faa81fc2a20,12,8
0x7faa81fc2994,0x7faa81fc2a20,16,8
0x7faa82316330,0x7faa82316331,8,8
0x7faa7f8eae64,0x7faa7f94be0f,-48,8
0x7faa7f8fb5d3,0x7faa7f9b0b0e,-44,8
0x7faa7f929c0f,0x7faa7f947564,-24,8
0x7faa7f9d9fdc,0x7faa7f9da0c6,0,8
0x7faa81fc2994,0x7faa81fc2a20,3,8
0x7faa81fd2583,0x7faa81fd258f,10,8
0x7faa7f8db590,0x7faa7f8db5fb,56,8
0x7faa7f8e8f19,0x7faa7f83b3ee,16,8
0x7faa7f8e9acb,0x7faa7f8e9ae3,16,8
0x7faa7f90653d,0x7faa7f957340,-40,8
0x7faa7f90ed92,0x7faa7f90edaa,8,8
0x7faa7f925eb0,0x7faa7f925eb1,8,8
0x7faa7f92ad60,0x7faa81fd257e,3,8
0x7faa7f92d27b,0x7faa81fd257e,20,8
0x7faa7f92e17a,0x7faa7f92e19a,11,8
0x7faa7f92e19a,0x7faa7f92d242,-43,8
0x7faa7f9a749c,0x7faa7f9a749d,8,8
0x7faa7f9a80ec,0x7faa7f9a7402,0,8
0x7faa7f9a8147,0x7faa7f9a8156,8,8
0x7faa7f9d9fd8,0x7faa7f9da133,27,8
0x7faa81fc2994,0x7faa81fc2a20,2,8
0x7faa81fc2994,0x7faa81fc2a20,5,8
0x7faa81fd260f,0x7faa81fd2613,13,8
0x7faa81fd260f,0x7faa81fd2613,24,8
0x7faa7f8f0cb1,0x7faa7f8f0ccc,-16,8
0x7faa7f8fdc92,0x7faa7f8fdc68,-48,8
0x7faa7f9a6ff2,0x7faa7f9da1bd,0,8
0x7faa81fc2994,0x7faa81fc2a20,7,8
0x7faa81fc2994,0x7faa81fc2a20,14,8
0x7faa7f8d790a,0x7faa7f8d790c,8,8
0x7faa7f8de71d,0x7faa7f8de71e,8,8
0x7faa7f8de71f,0x7faa7f8de721,8,8
0x7faa7f8de725,0x7faa7f8de727,8,8
0x7faa7f902d0b,0x7faa7f902d0c,8,8
0x7faa7f903ff9,0x7faa7f957307,0,8
0x7faa7f907865,0x7faa7f9057e1,-16,8
0x7faa7f90edab,0x7faa7f90edac,8,8
0x7faa7f92d27b,0x7faa81fd259c,18,8
0x7faa7f92e19a,0x7faa7f92d242,-35,8
0x7faa7f93db96,0x7faa7f93dbc2,24,8
0x7faa7f93f2cc,0x7faa7f9a73fe,0,8
0x7faa7f96ef94,0x7faa7f96efa6,-8,8
0x7faa7f9a80e8,0x7faa7f9a810d,-8,8
0x7faa7f9b0e69,0x7faa7f9b0e69,0,8
0x7faa7f9e357a,0x7faa7f9e3558,0,8
0x7faa81fab581,0x7faa81fab5a7,16,8
0x7faa81faeaa0,0x7faa81faeab8,16,8
0x7faa81faeab9,0x7faa81faeaba,8,8
0x7faa81faeabc,0x7faa81faeabe,8,8
0x7faa81faeac0,0x7faa81faeac2,8,8
0x7faa81fc2994,0x7faa81fc2a20,10,8
0x7faa7f8f7930,0x7faa7f91cac4,8,8
0x7faa7f8f98f2,0x7faa7f8fb25e,0,8
0x7faa7f8fb209,0x7faa7f8f96c1,0,8
0x7faa7f907804,0x7faa7f8f4da6,0,8
0x7faa7f907810,0x7faa7f8f4db2,8,8
0x7faa7f9227a5,0x7faa7f94782e,-24,8
0x7faa81fab4f8,0x7faa81fae302,-8,8
0x7faa81fab54a,0x7faa81fab559,8,8
0x7faa81fae0af,0x7faa81fae298,-8,8
0x7faa81fae0c1,0x7faa81fab513,0,8
0x7faa81fd2583,0x7faa7f9e3558,9,8
0x7faa81fd25a1,0x7faa7f9b0b29,-48,8
0x7faa81fd260f,0x7faa81fd2613,11,8
0x7faa7f8de4b0,0x7faa7f958ef4,8,8
0x7faa7f8e9970,0x7faa7f8e997a,-1,8
0x7faa7f9078fd,0x7faa7f907911,16,8
0x7faa7f907912,0x7faa7f907913,8,8
0x7faa7f9205e0,0x7faa7f8e9af0,20,8
0x7faa7f925eb2,0x7faa7f925eb4,8,8
0x7faa7f92e19a,0x7faa7f92d27b,-32,8
0x7faa7f92fcaf,0x7faa7f8f0e71,0,8
0x7faa7f957514,0x7faa7f957416,8,8
0x7faa7f958f64,0x7faa7f958f66,8,8
0x7faa7f96efdf,0x7faa7f96efe0,8,8
0x7faa81fd2477,0x7faa7f9b0af3,-32,8
0x7faa81fd2583,0x7faa7f9462ec,-10,8
0x7faa81fd260f,0x7faa81fd2613,10,8
0x7faa82311fc7,0x7faa82311fc7,0,8
0x7faa82312036,0x7faa82312036,0,8
0x7faa7f90653d,0x7faa7f957360,8,8
0x7faa7f9205ef,0x7faa7f8e9b1a,37,8
0x7faa7f92e19a,0x7faa7f92d27b,-30,8
0x7faa7f93dbae,0x7faa7f93dc25,0,8
0x7faa81faec4f,0x7faa81faed77,16,8
0x7faa81faec6b,0x7faa81faed20,0,8
0x7faa81fc2994,0x7faa81fc2a20,6,8
0x7faa81fc808f,0x7faa81fc80a8,16,8
0x7faa81fc80c1,0x7faa81fc80df,16,8
0x7faa7f8d87a2,0x7faa7f8fdc58,48,8
0x7faa7f8de0e2,0x7faa7f8de0e2,0,8
0x7faa7f8efad3,0x7faa7f8ef76e,56,8
0x7faa7f902ce9,0x7faa7f925e4f,-8,8
0x7faa7f9205ef,0x7faa7f8e9af0,36,8
0x7faa7f925eb4,0x7faa7f925eb6,8,8
0x7faa7f973f80,0x7faa7f9741ff,0,8
0x7faa7f973fa3,0x7faa7f974222,0,8
0x7faa7f9b11d1,0x7faa7f9b11d5,-8,8
0x7faa7f9b30ca,0x7faa7f9b30ca,8,8
0x7faa7f9b30d2,0x7faa7f9b30d2,8,8
0x7faa81fd260f,0x7faa81fd2613,14,8
0x7faa823137ea,0x7faa7f973fb0,8,8
0x7faa8231624f,0x7faa823137a0,28,8
0x7faa7f8e8f19,0x7faa7f83b3ee,-16,8
0x7faa7f935a3d,0x7faa81fd258f,33,8
0x7faa7f93dc9c,0x7faa7f93dc9d,8,8
0x7faa7f957440,0x7faa7f9b163b,-8,8
0x7faa7f9855b0,0x7faa7f985632,32,8
0x7faa81fd2593,0x7faa81fd257e,6,8
0x7faa81fd260f,0x7faa81fd2613,12,8
0x7faa820a7c50,0x7faa7f9b0b0e,-32,8
0x7faa7f8db630,0x7faa7f8db630,48,8
0x7faa7f8de4b6,0x7faa7f8de4b6,0,8
0x7faa7f9078c9,0x7faa7f907902,0,8
0x7faa7f90ed28,0x7faa7f91c744,0,8
0x7faa7f90ed41,0x7faa7f90ed4d,16,8
0x7faa7f922839,0x7faa7f95777f,0,8
0x7faa7f92e17a,0x7faa7f92e19a,15,8
0x7faa7f92e19a,0x7faa7f92d27b,-33,8
0x7faa7f958f00,0x7faa7f958f3c,0,8
0x7faa7f973f61,0x7faa7f9741ad,0,8
0x7faa7f973f95,0x7faa7f974214,0,8
0x7faa7f974274,0x7faa7f97428c,16,8
0x7faa7f97428d,0x7faa7f97428e,8,8
0x7faa7f974290,0x7faa7f974292,8,8
0x7faa7f974294,0x7faa7f974296,8,8
0x7faa7f9b0e30,0x7faa7f9572cc,0,8
0x7faa81fd2477,0x7faa81fd247a,7,8
0x7faa81fd2477,0x7faa81fd247a,8,8
0x7faa7f8d7480,0x7faa7f8d7480,0,8
0x7faa7f8dc010,0x7faa7f8dc01b,-36,8
0x7faa7f8dc045,0x7faa7f8dc046,8,8
0x7faa7f8e9cb0,0x7faa7f8e9cbe,-8,8
0x7faa7f9205e0,0x7faa7f8e9b1a,21,8
0x7faa7f922bc2,0x7faa7f8fec56,0,8
0x7faa7f9302a0,0x7faa7f9302c3,3,8
0x7faa7f93db92,0x7faa7f93dbed,0,8
0x7faa7f93dc21,0x7faa7f93dc89,0,8
0x7faa7f95736e,0x7faa7f9575af,-16,8
0x7faa7f95741b,0x7faa7f9a6f5b,0,8
0x7faa7f9575c8,0x7faa7f9573c5,0,8
0x7faa7f96ef74,0x7faa7f96ef87,8,8
0x7faa7f9b0a09,0x7faa7f9b05b4,2,8
0x7faa81fab8d8,0x7faa81fab8fe,0,8
0x7faa81fd258f,0x7faa81fd2593,-3,8
0x7faa81fd25a1,0x7faa7f9b0af3,-49,8
0x7faa820a7e60,0x7faa7f9b0b0e,-32,8
0x7faa7f83b3ee,0x7faa7f83b3f2,8,8
0x7faa7f8d8752,0x7faa7f8fdc58,32,8
0x7faa7f8de4b0,0x7faa7f8de6e6,8,8
0x7faa7f8dec00,0x7faa7f8d979c,16,8
0x7faa7f8e98bf,0x7faa7f8e9983,8,8
0x7faa7f90400f,0x7faa7f90400f,0,8
0x7faa7f9058b3,0x7faa7f9078e1,0,8
0x7faa7f9078e5,0x7faa7f905820,-16,8
0x7faa7f91c802,0x7faa7f90ed97,0,8
0x7faa7f925eb1,0x7faa7f925eb2,8,8
0x7faa7f92e19a,0x7faa7f92d242,-48,8
0x7faa7f9b0670,0x7faa7f9b0670,0,8
0x7faa7f9b120f,0x7faa7f9b121f,-4,8
0x7faa7f9b4d73,0x7faa7f9b0580,8,8
0x7faa7f9da201,0x7faa7f9a6f5b,0,8
0x7faa81fd25a1,0x7faa7f9b0af3,-44,8
0x7faa81fd260f,0x7faa81fd2613,7,8
0x7faa7f8e9cbe,0x7faa7f8e9b1a,21,8
0x7faa7f8ef80e,0x7faa7f8ef80f,8,8
0x7faa7f8fb5f6,0x7faa7f9b0b0e,-37,8
0x7faa7f92ad60,0x7faa7f9462d1,-18,8
0x7faa7f92d27b,0x7faa81fd257e,22,8
0x7faa7f92e17a,0x7faa7f92e19a,13,8
0x7faa7f92e19a,0x7faa7f92d242,-45,8
0x7faa7f93dc89,0x7faa7f9575c8,0,8
0x7faa7f96ef42,0x7faa7f96ef46,-16,8
0x7faa7f9a6ff2,0x7faa7f9ff827,0,8
0x7faa7f9b4dfd,0x7faa7f9b0a23,0,8
0x7faa7f9ff96f,0x7faa7f9a6f5b,0,8
0x7faa81fc2994,0x7faa81fd257e,7,8
0x7faa81fd25c8,0x7faa81fd25cc,16,8
0x7faa7f8d7905,0x7faa7f8d7906,8,8
0x7faa7f8e6bd1,0x7faa7f8e6bd2,8,8
0x7faa7f8f0f60,0x7faa7f8d979c,16,8
0x7faa7f90c52a,0x7faa7f90c537,-8,8
0x7faa7f91c756,0x7faa7f8e9e00,0,8
0x7faa7f91c90b,0x7faa7f8e6d20,0,8
0x7faa7f92072c,0x7faa7f92072d,8,8
0x7faa7f920732,0x7faa7f920734,8,8
0x7faa7f922a4c,0x7faa7f922a4c,0,8
0x7faa7f925eca,0x7faa7f925ec5,0,8
0x7faa7f92d27b,0x7faa81fd257e,23,8
0x7faa7f92e19a,0x7faa7f92d242,-46,8
0x7faa7f93f2c4,0x7faa7f9a812f,0,8
0x7faa7f93f2eb,0x7faa7f93f2ec,8,8
0x7faa7f93f2ed,0x7faa7f93f2ef,8,8
0x7faa7f94adf6,0x7faa7f94ae10,8,8
0x7faa7f94b07d,0x7faa7f90664f,-16,8
0x7faa7f94f34d,0x7faa7f92ad60,-1,8
0x7faa7f957451,0x7faa7f9b1627,-8,8
0x7faa7f958f5d,0x7faa7f958f5e,8,8
0x7faa7f958f60,0x7faa7f958f62,8,8
0x7faa7f974f19,0x7faa7f974f30,0,8
0x7faa7f9831ca,0x7faa7f9831d2,-8,8
0x7faa7f9831ce,0x7faa7f9831e5,0,8
0x7faa7f9a749e,0x7faa7f9a74a0,8,8
0x7faa7f9a74a2,0x7faa7f9a74a4,8,8
0x7faa7f9a8157,0x7faa7f9a8158,8,8
0x7faa7f9b0645,0x7faa7f9b0958,0,8
0x7faa81fab434,0x7faa81fab435,8,8
0x7faa81fab436,0x7faa81fab438,8,8
0x7faa81fd2583,0x7faa7f9e3558,13,8
0x7faa7f8f0fe6,0x7faa7f8f0ffd,-16,8
0x7faa7f903ff9,0x7faa7f9057ec,-24,8
0x7faa7f9057c4,0x7faa7f907861,0,8
0x7faa7f92ad60,0x7faa81fd257e,2,8
0x7faa7f92ad60,0x7faa81fd257e,4,8
0x7faa7f92ad60,0x7faa81fd257e,5,8
0x7faa7f92d27b,0x7faa81fd257e,19,8
0x7faa7f92e17a,0x7faa7f92e19a,10,8
0x7faa7f92e17a,0x7faa7f92e19a,12,8
0x7faa7f92e19a,0x7faa7f92d242,-44,8
0x7faa7f92e19a,0x7faa7f92d242,-42,8
0x7faa7f93dc9b,0x7faa7f93dc9c,8,8
0x7faa7f9e3558,0x7faa7f9b0af3,-48,8
0x7faa81fab699,0x7faa81fac01f,-8,8
0x7faa81fae21b,0x7faa7f8e8f46,24,8
0x7faa7f8e98bf,0x7faa7f8e997a,9,8
0x7faa7f8ea0dd,0x7faa7f8ea0e6,16,8
0x7faa7f8ef810,0x7faa7f8ef812,8,8
0x7faa7f8ef814,0x7faa7f8ef816,8,8
0x7faa7f902cd7,0x7faa7f925e4b,0,8
0x7faa7f90502f,0x7faa7f905020,1,8
0x7faa7f9206bf,0x7faa820a7bb1,16,8
0x7faa7f92ad60,0x7faa7f92ad60,2,8
0x7faa7f92ad60,0x7faa81fd258f,3,8
0x7faa7f92d27b,0x7faa81fd257e,21,8
0x7faa7f92e19a,0x7faa7f92d27b,-19,8
0x7faa7f952e2b,0x7faa7f952e43,16,8
0x7faa7f952e44,0x7faa7f952e45,8,8
0x7faa7f952e47,0x7faa7f952e49,8,8
0x7faa7f952e4b,0x7faa7f952e4d,8,8
0x7faa7f957330,0x7faa7f925e4f,-8,8
0x7faa7f957340,0x7faa7f957340,0,8
0x7faa7f957440,0x7faa7f95753f,-8,8
0x7faa7f9575cd,0x7faa7f9573b2,24,8
0x7faa7f958f48,0x7faa7f958f21,0,8
0x7faa7f9a815a,0x7faa7f9b1228,16,8
0x7faa7f9b3238,0x7faa7f9b3238,-8,8
0x7faa81faed3b,0x7faa81faed3f,8,8
0x7faa81fd2583,0x7faa81fd2477,12,8
0x7faa81fd25de,0x7faa81fd25e3,-16,8
0x7faa81fd26d3,0x7faa81fd2703,-8,8
0x7faa820a7b99,0x7faa7f94b0bf,8,8
0x7faa82316331,0x7faa82316332,8,8
0x7faa82318840,0x7faa8231884b,0,8
0x7faa82318a80,0x7faa82318a83,-8,8
0x7faa82318abe,0x7faa7f8ea1a6,16,8
0x7faa82319000,0x7faa82319014,0,8
0x7faa82319068,0x7faa82319077,0,8
0x7faa7f8e98bf,0x7faa7f8e9970,10,8
0x7faa7f9057aa,0x7faa7f9057aa,0,8
0x7faa7f91b010,0x7faa7f91b01c,8,8
0x7faa7f92ad60,0x7faa7f9b0b9c,-42,8
0x7faa7f92e17a,0x7faa7f92d242,-33,8
0x7faa7f92e19a,0x7faa7f92d242,-49,8
0x7faa7f9b0912,0x7faa7f8f0e71,8,8
0x7faa7f9ffaa7,0x7faa820a7e60,16,8
0x7faa81fab43a,0x7faa81fab43c,8,8
0x7faa81fabef2,0x7faa81fabf19,8,8
0x7faa81fd2487,0x7faa7f92ad4b,16,8
0x7faa81fd260f,0x7faa81fd2613,9,8
0x7faa7f8d7424,0x7faa7f8d7424,-32,8
0x7faa7f8eae64,0x7faa7f94be0f,-51,8
0x7faa7f8ef4d0,0x7faa7f8ef7bd,16,8
0x7faa7f8ef4e4,0x7faa7f8ef4f6,-8,8
0x7faa7f8fb486,0x7faa7f8fb559,8,8
0x7faa7f8fb52a,0x7faa7f8fb559,8,8
0x7faa7f902c66,0x7faa7f905bd7,0,8
0x7faa7f907911,0x7faa7f907912,8,8
0x7faa7f907913,0x7faa7f905795,32,8
0x7faa7f90ed97,0x7faa7f96efc6,0,8
0x7faa7f9227a5,0x7faa7f9583cc,-32,8
0x7faa7f922a72,0x7faa7f922aa8,46,8
0x7faa7f922abe,0x7faa7f922aa8,-16,8
0x7faa7f925e4b,0x7faa7f925e9e,8,8
0x7faa7f932d5a,0x7faa7f932d5a,32,8
0x7faa7f93cd0b,0x7faa7f93cd0c,8,8
0x7faa7f93cd0e,0x7faa7f93cd10,8,8
0x7faa7f93cd12,0x7faa7f93cd14,8,8
0x7faa7f93f2c4,0x7faa7f93f2eb,-40,8
0x7faa7f93f2ec,0x7faa7f93f2ed,8,8
0x7faa7f93f2ef,0x7faa7f9a812f,16,8
0x7faa7f9575cd,0x7faa7f95740b,16,8
0x7faa7f958925,0x7faa7f8d6ee0,0,8
0x7faa7f95b6cb,0x7faa7f95b6cc,8,8
0x7faa7f95b6cd,0x7faa7f95b6cf,8,8
0x7faa7f95b6d1,0x7faa7f95b6d3,8,8
0x7faa7f9a74a0,0x7faa7f9a74a2,8,8
0x7faa7f9a74a4,0x7faa7f9a74a6,8,8
0x7faa7f9a8158,0x7faa7f9a815a,8,8
0x7faa7f9b0592,0x7faa7f9b4bdc,4,8
0x7faa7f9b05f3,0x7faa7f9b05f3,0,8
0x7faa7f9b0be5,0x7faa7f9b4d80,2,8
0x7faa7f9b1235,0x7faa7f9b05b4,2,8
0x7faa7f9b4dc0,0x7faa7f94630c,0,8
0x7faa81fab43c,0x7faa81fab43e,8,8
0x7faa81fabf1d,0x7faa81fabf46,8,8
0x7faa81fc2994,0x7faa81fd257e,5,8
0x7faa81fc2a20,0x7faa81fd257e,1,8
0x7faa81fd2618,0x7faa7f9b0af3,-42,8
0x7faa81fd26c4,0x7faa81fd26c7,16,8
0x7faa81fd26c7,0x7faa81fd26cb,16,8
0x7faa820a7c50,0x7faa7f9a6f57,-24,8
0x7faa8231c0e0,0x7faa8231c0e0,0,8
0x7faa8231c0e7,0x7faa7f974279,40,8
0x7faa7f8d7480,0x7faa7f9b077f,8,8
0x7faa7f8d87a2,0x7faa7f8db650,48,8
0x7faa7f8db590,0x7faa7f8fdc58,-56,8
0x7faa7f8e8f26,0x7faa7f8e8f2a,-8,8
0x7faa7f8fb5f6,0x7faa7f8fb618,1,8
0x7faa7f903ff9,0x7faa7f94b586,-16,8
0x7faa7f9056de,0x7faa7f9056f7,-8,8
0x7faa7f906588,0x7faa7f906588,-24,8
0x7faa7f907872,0x7faa7f90787f,24,8
0x7faa7f9205ef,0x7faa7f8e9afa,32,8
0x7faa7f922839,0x7faa7f957832,0,8
0x7faa7f92d27b,0x7faa81fd257e,24,8
0x7faa7f94b081,0x7faa7f9b103d,-16,8
0x7faa7f957451,0x7faa7f9b11f3,-8,8
0x7faa7f959844,0x7faa7f8e8f1d,-40,8
0x7faa7f96ef2a,0x7faa7f96ef42,-16,8
0x7faa7f9b4dc0,0x7faa7f8ef6d5,24,8
0x7faa81fc29d7,0x7faa81fd2477,6,8
0x7faa81fc29d7,0x7faa81fd257e,5,8
0x7faa81fc29d7,0x7faa81fd257e,8,8
0x7faa81fc29d7,0x7faa81fd2583,8,8
0x7faa81fc2a20,0x7faa81fd257e,0,8
0x7faa81fc2a34,0x7faa81fd260c,-29,8
0x7faa81fc2a49,0x7faa81fc2a5e,16,8
0x7faa7f844da1,0x7faa7f9c9a26,8,8
0x7faa7f87b644,0x7faa7f87b656,16,8
0x7faa7f8d7895,0x7faa7f8d78a9,24,8
0x7faa7f8d7904,0x7faa7f8d7905,8,8
0x7faa7f8d7906,0x7faa7f8d7908,8,8
0x7faa7f8d96c7,0x7faa7f8ef4e0,48,8
0x7faa7f8db590,0x7faa7f8fdc68,0,8
0x7faa7f8e8f19,0x7faa7f8e8f1d,0,8
0x7faa7f8e8fb5,0x7faa7f8e8fb8,8,8
0x7faa7f8f4960,0x7faa7f98fc08,-40,8
0x7faa7f8f4d96,0x7faa7f97808c,-40,8
0x7faa7f8f4d9f,0x7faa7f8d7ac0,40,8
0x7faa7f8f9706,0x7faa7f94cb3d,-2,8
0x7faa7f8f98b4,0x7faa7f8f98b8,-12,8
0x7faa7f902cfc,0x7faa7f9078c9,0,8
0x7faa7f902cfc,0x7faa7f9a6ff2,0,8
0x7faa7f904e22,0x7faa7f904e2d,-8,8
0x7faa7f906588,0x7faa7f906588,0,8
0x7faa7f907800,0x7faa7f90ab34,32,8
0x7faa7f9078e1,0x7faa7f903361,-8,8
0x7faa7f9078e5,0x7faa7f9078ee,24,8
0x7faa7f907902,0x7faa7f90ed28,0,8
0x7faa7f90ab40,0x7faa7f90ac44,-24,8
0x7faa7f90ab50,0x7faa7f90ab58,16,8
0x7faa7f90ab61,0x7faa7f90ab6a,16,8
0x7faa7f90d3e0,0x7faa7f9253c1,0,8
0x7faa7f90edac,0x7faa7f90edae,8,8
0x7faa7f90ede0,0x7faa7f90edfe,16,8
0x7faa7f910ddd,0x7faa7f97496c,0,8
0x7faa7f91c7c2,0x7faa7f91c7f2,0,8
0x7faa7f91c8d5,0x7faa7f91c90b,0,8
0x7faa7f922981,0x7faa7f922983,8,8
0x7faa7f925514,0x7faa7f925515,8,8
0x7faa7f925517,0x7faa7f925519,8,8
0x7faa7f92551b,0x7faa7f92551d,8,8
0x7faa7f933b33,0x7faa7f933b54,16,8
0x7faa7f933b55,0x7faa7f933b56,8,8
0x7faa7f933b58,0x7faa7f933b5a,8,8
0x7faa7f933b5c,0x7faa7f933b5e,8,8
0x7faa7f935a37,0x7faa81fd258f,18,8
0x7faa7f93dcc6,0x7faa7f93dc8d,16,8
0x7faa7f941993,0x7faa7f941995,8,8
0x7faa7f9475ab,0x7faa81fc808f,-24,8
0x7faa7f94bf90,0x7faa7f94bf91,8,8
0x7faa7f94cb90,0x7faa7f94cba0,16,8
0x7faa7f94cbb6,0x7faa7f94cbb8,8,8
0x7faa7f94cbba,0x7faa7f94cbbc,8,8
0x7faa7f94d27d,0x7faa7f94e76c,40,8
0x7faa7f952d9e,0x7faa7f952e30,0,8
0x7faa7f9574d3,0x7faa7f95736e,-8,8
0x7faa7f958803,0x7faa7f958851,-40,8
0x7faa7f958925,0x7faa7f8ef4d0,-16,8
0x7faa7f959844,0x7faa7f9855b0,8,8
0x7faa7f97417e,0x7faa8231c0e7,-40,8
0x7faa7f974a53,0x7faa7f974a57,-8,8
0x7faa7f974a5f,0x7faa7f974a63,8,8
0x7faa7f974a6b,0x7faa7f90339d,0,8
0x7faa7f974a72,0x7faa7f974a89,-8,8
0x7faa7f974aac,0x7faa7f974ab0,-36,8
0x7faa7f974ad9,0x7faa7f974ae9,8,8
0x7faa7f974afd,0x7faa7f974b01,40,8
0x7faa7f974b2c,0x7faa7f974b3a,8,8
0x7faa7f974b4c,0x7faa7f974b5b,24,8
0x7faa7f977f89,0x7faa7f977fa1,-16,8
0x7faa7f977fa5,0x7faa7f977fa9,-8,8
0x7faa7f977fb8,0x7faa7f977fdc,8,8
0x7faa7f977ff0,0x7faa7f97807b,0,8
0x7faa7f977ffb,0x7faa7f978040,-24,8
0x7faa7f978044,0x7faa7f978065,0,8
0x7faa7f978096,0x7faa7f844d60,8,8
0x7faa7f97813a,0x7faa7f978152,16,8
0x7faa7f978153,0x7faa7f978154,8,8
0x7faa7f978156,0x7faa7f978158,8,8
0x7faa7f97825f,0x7faa7f978260,8,8
0x7faa7f985595,0x7faa7f985632,16,8
0x7faa7f98fab9,0x7faa7f97419a,0,8
0x7faa7f98fad7,0x7faa7f9741aa,0,8
0x7faa7f98fc47,0x7faa7f98fc62,16,8
0x7faa7f98fc63,0x7faa7f98fc64,8,8
0x7faa7f9a6f5b,0x7faa7f902c86,0,8
0x7faa7f9b0585,0x7faa7f9b0c6c,48,8
0x7faa7f9b05a7,0x7faa7f9b0d04,16,8
0x7faa7f9b05a7,0x7faa7f9b11dd,16,8
0x7faa7f9b0736,0x7faa7f9b05a7,0,8
0x7faa7f9b079f,0x7faa7f9b0652,2,8
0x7faa7f9b0a79,0x7faa7f9b0aad,-8,8
0x7faa7f9b0e30,0x7faa7f9a6f5b,0,8
0x7faa7f9b1255,0x7faa7f9b05d2,0,8
0x7faa7f9b4bec,0x7faa7f9b06ba,0,8
0x7faa7f9faba7,0x7faa7f8ef4d0,-16,8
0x7faa81faeab8,0x7faa81faeab9,8,8
0x7faa81faeaba,0x7faa81faeabc,8,8
0x7faa81faeabe,0x7faa81faeac0,8,8
0x7faa81fc29d7,0x7faa81fd257e,6,8
0x7faa81fc29d7,0x7faa81fd2583,7,8
0x7faa81fc80a8,0x7faa81fc80c1,16,8
0x7faa81fc80df,0x7faa7f9302a0,-8,8
0x7faa81fd2593,0x7faa7f9b0af3,-49,8
0x7faa81fd2593,0x7faa81fd2477,6,8
0x7faa81fd2593,0x7faa81fd257e,7,8
0x7faa81fd25a1,0x7faa7f9b0af3,-48,8
0x7faa81fd25d4,0x7faa81fd25d9,-16,8
0x7faa81fd260f,0x7faa81fd2613,6,8
0x7faa81fd260f,0x7faa81fd2613,8,8
0x7faa81fd2618,0x7faa7f9b0af3,-43,8
0x7faa81fd26cb,0x7faa81fd26cf,16,8
0x7faa82316332,0x7faa82316334,8,8
0x7faa7f8ef506,0x7faa7f8ef80e,16,8
0x7faa7f8ef781,0x7faa81fae98d,-16,8
0x7faa7f8fb4ea,0x7faa7f8fb559,8,8
0x7faa7f8fb595,0x7faa7f9b077f,6,8
0x7faa7f8fdbe0,0x7faa7f8d7891,24,8
0x7faa7f91b010,0x7faa7f91b010,16,8
0x7faa7f91cac4,0x7faa7f91cad7,8,8
0x7faa7f92317c,0x7faa7f92317d,8,8
0x7faa7f92317f,0x7faa7f923181,8,8
0x7faa7f925e9e,0x7faa7f957360,0,8
0x7faa7f92ad60,0x7faa81fd258f,5,8
0x7faa7f92d27b,0x7faa81fd257e,18,8
0x7faa7f92e17a,0x7faa7f92e19a,9,8
0x7faa7f92e19a,0x7faa7f92d242,-41,8
0x7faa7f94b062,0x7faa7f9b103d,-8,8
0x7faa7f95741b,0x7faa7f9572cc,0,8
0x7faa7f96ef2a,0x7faa7f96ef74,16,8
0x7faa7f9b0444,0x7faa7f902c86,0,8
0x7faa7f9b0462,0x7faa7f902cc4,0,8
0x7faa7f9d9fd8,0x7faa7f9da133,31,8
0x7faa7f9e3558,0x7faa7f932d50,0,8
0x7faa81fab435,0x7faa81fab436,8,8
0x7faa81fab438,0x7faa81fab43a,8,8
0x7faa81fc29d7,0x7faa81fd257e,7,8
0x7faa81fc2a34,0x7faa81fd2477,-18,8
0x7faa81fc2a34,0x7faa81fd260c,-25,8
0x7faa81fd2583,0x7faa7f9e3558,8,8
0x7faa81fd2618,0x7faa7f9b0af3,-46,8
0x7faa81fd26d3,0x7faa81fd2703,0,8
0x7faa820a7e63,0x7faa820a7e71,3,8
0x7faa7f8db59f,0x7faa7f8d7904,8,8
0x7faa7f8db63f,0x7faa7f8d7904,8,8
0x7faa7f8dd889,0x7faa7f907888,16,8
0x7faa7f8de51e,0x7faa7f8de4b0,0,8
0x7faa7f8e6d30,0x7faa7f8e6b9d,0,8
0x7faa7f8e98bf,0x7faa7f8e9afa,8,8
0x7faa7f8e9cb0,0x7faa7f902c66,32,8
0x7faa7f8e9cb0,0x7faa7f957706,-24,8
0x7faa7f8f4da6,0x7faa7f8f4da6,0,8
0x7faa7f8f4db2,0x7faa7f8f4db2,0,8
0x7faa7f8f98f2,0x7faa7f90e846,0,8
0x7faa7f8fb559,0x7faa7f9b077f,8,8
0x7faa7f8fb5d3,0x7faa7f9b077f,4,8
0x7faa7f8fc9f0,0x7faa7f8fca16,0,8
0x7faa7f8fdbf4,0x7faa7f8db630,-48,8
0x7faa7f902c96,0x7faa7f905770,-8,8
0x7faa7f902c96,0x7faa7f9a7031,-8,8
0x7faa7f902d0d,0x7faa7f905876,16,8
0x7faa7f905742,0x7faa7f9b0d1a,-16,8
0x7faa7f905c0f,0x7faa7f9b0dd3,0,8
0x7faa7f90656d,0x7faa7f9576b1,0,8
0x7faa7f907861,0x7faa7f94bc64,16,8
0x7faa7f90e7f6,0x7faa7f8f96c1,0,8
0x7faa7f90ed41,0x7faa7f90ede0,0,8
0x7faa7f90ed4d,0x7faa7f90edfe,0,8
0x7faa7f90edaa,0x7faa7f90edab,8,8
0x7faa7f916453,0x7faa7f916470,8,8
0x7faa7f917ea9,0x7faa7f917eaa,8,8
0x7faa7f917eab,0x7faa7f917ead,8,8
0x7faa7f91c744,0x7faa7f98fbb7,0,8
0x7faa7f91cad7,0x7faa7f96ef2a,-16,8
0x7faa7f9206a1,0x7faa7f9206bb,16,8
0x7faa7f92297d,0x7faa7f92297e,8,8
0x7faa7f922aa8,0x7faa7f922aa8,22,8
0x7faa7f9234d3,0x7faa7f923122,24,8
0x7faa7f923524,0x7faa7f923525,8,8
0x7faa7f925e7f,0x7faa7f925e95,11,8
0x7faa7f925eca,0x7faa7f925eb0,56,8
0x7faa7f926d41,0x7faa7f926cd7,1,8
0x7faa7f932d5a,0x7faa7f932d5a,-8,8
0x7faa7f933ac2,0x7faa7f933b3b,0,8
0x7faa7f93f3e9,0x7faa7f93fb2c,8,8
0x7faa7f94be5d,0x7faa7f8f4d96,16,8
0x7faa7f94cb20,0x7faa7f94cba5,0,8
0x7faa7f9500c8,0x7faa7f9500e3,16,8
0x7faa7f9500e4,0x7faa7f9500e5,8,8
0x7faa7f9500e7,0x7faa7f9500e9,8,8
0x7faa7f957340,0x7faa7f957490,0,8
0x7faa7f958f5c,0x7faa7f958f5d,8,8
0x7faa7f958f5e,0x7faa7f958f60,8,8
0x7faa7f9594b1,0x7faa7f9595c1,0,8
0x7faa7f96eeb8,0x7faa7f902c86,0,8
0x7faa7f96efc6,0x7faa7f97813f,0,8
0x7faa7f97539c,0x7faa7f92b7e0,16,8
0x7faa7f9a8117,0x7faa7f9a8117,0,8
0x7faa7f9b05b4,0x7faa7f9b4c02,2,8
0x7faa7f9b06d0,0x7faa7f9b0727,2,8
0x7faa7f9b0736,0x7faa7f9b0792,0,8
0x7faa7f9b0965,0x7faa7f9b1b78,2,8
0x7faa7f9b0be5,0x7faa7f9b0727,2,8
0x7faa7f9b0c02,0x7faa7f9b4da1,-8,8
0x7faa7f9b11e8,0x7faa7f9b11e8,8,8
0x7faa7f9b1228,0x7faa7f9b0580,8,8
0x7faa7f9b1b28,0x7faa7f9b1b32,-16,8
0x7faa7f9b4d6a,0x7faa7f9b0ee8,4,8
0x7faa7f9b4d73,0x7faa7f9b0ee0,0,8
0x7faa7f9d9fd8,0x7faa7f9da133,43,8
0x7faa7f9da133,0x7faa81fd2477,-26,8
0x7faa7f9e3558,0x7faa81fd259c,0,8
0x7faa7f9ff945,0x7faa7f9fa9eb,-16,8
0x7faa81fc2994,0x7faa81fd260c,0,8
0x7faa81fc29d7,0x7faa81fd260c,1,8
0x7faa81fc29d7,0x7faa81fd260c,3,8
0x7faa81fc2a34,0x7faa81fd2477,-19,8
0x7faa81fc2a34,0x7faa81fd260c,-32,8
0x7faa81fc2a34,0x7faa81fd260c,-17,8
0x7faa81fd2583,0x7faa7f9b0af3,-38,8
0x7faa81fd25cc,0x7faa81fd25d0,16,8
0x7faa81fd260b,0x7faa7f93dc9b,32,8
0x7faa81fd2618,0x7faa7f9b0af3,-41,8
0x7faa8231c0e7,0x7faa7f97417e,40,8
0x7faa8231c0e7,0x7faa7f98fc4c,40,8
0x7faa7f83b2d1,0x7faa7f83b2d5,-16,8
0x7faa7f8d8752,0x7faa7f8db630,48,8
0x7faa7f8db630,0x7faa7f8db630,56,8
0x7faa7f8db630,0x7faa7f8fdbe0,-40,8
0x7faa7f8dd890,0x7faa7f8f2010,0,8
0x7faa7f8dee35,0x7faa7f8d7e50,-48,8
0x7faa7f8e6d20,0x7faa7f902cc4,0,8
0x7faa7f8e7175,0x7faa7f8e71c4,0,8
0x7faa7f8e9cb0,0x7faa7f94b07d,-8,8
0x7faa7f8f5a41,0x7faa7f94769b,0,8
0x7faa7f8fb6df,0x7faa7f974f7a,0,8
0x7faa7f902cfc,0x7faa7f947809,0,8
0x7faa7f9056e2,0x7faa7f9058b3,0,8
0x7faa7f90656d,0x7faa7f957388,-32,8
0x7faa7f9065c0,0x7faa7f9065c0,8,8
0x7faa7f9205e0,0x7faa7f8e9afa,16,8
0x7faa7f9205ef,0x7faa7f8e9b2a,32,8
0x7faa7f9206bb,0x7faa820a7bb4,16,8
0x7faa7f923126,0x7faa7f923145,-24,8
0x7faa7f92ad60,0x7faa81fd258f,2,8
0x7faa7f92d27b,0x7faa81fd258f,17,8
0x7faa7f92e19a,0x7faa7f92d242,-47,8
0x7faa7f92e19a,0x7faa7f92d242,-36,8
0x7faa7f932d5a,0x7faa7f932d5a,16,8
0x7faa7f94784e,0x7faa7f9b0e30,0,8
0x7faa7f95731d,0x7faa7f925e4b,0,8
0x7faa7f957360,0x7faa7f957529,-24,8
0x7faa7f9573b2,0x7faa7f9573cd,0,8
0x7faa7f95741b,0x7faa7f922a28,0,8
0x7faa7f9586fa,0x7faa7f902cc4,0,8
0x7faa7f96ef46,0x7faa7f96ef4a,8,8
0x7faa7f974ec5,0x7faa7f8fb298,0,8
0x7faa7f985659,0x7faa7f922a28,0,8
0x7faa7f9a6ff2,0x7faa7f9854e0,0,8
0x7faa7f9b07ec,0x7faa7f907bc1,8,8
0x7faa7f9b0be5,0x7faa7f9b0c38,2,8
0x7faa7f9b0ea3,0x7faa7f9b0792,0,8
0x7faa7f9b0eb0,0x7faa7f9b4ddd,2,8
0x7faa7f9b0fd9,0x7faa7f9b0fe9,-4,8
0x7faa7f9d9fd8,0x7faa7f9da133,32,8
0x7faa7f9d9fd8,0x7faa7f9da133,40,8
0x7faa7f9da133,0x7faa81fd2477,-23,8
0x7faa7f9da133,0x7faa81fd2477,-15,8
0x7faa7f9da201,0x7faa7f9b0444,0,8
0x7faa7f9e1574,0x7faa7f94bc73,0,8
0x7faa7f9e3256,0x7faa81fd2477,16,8
0x7faa7f9e3256,0x7faa81fd257e,23,8
0x7faa81faed67,0x7faa81faf453,8,8
0x7faa81fc29d7,0x7faa81fd2477,3,8
0x7faa81fc29d7,0x7faa81fd2477,4,8
0x7faa81fc29d7,0x7faa81fd2477,5,8
0x7faa81fc29d7,0x7faa81fd2583,6,8
0x7faa81fc2a20,0x7faa81fd247a,0,8
0x7faa81fc2a34,0x7faa81fd260c,-31,8
0x7faa81fc2a34,0x7faa81fd260c,-30,8
0x7faa81fc2a34,0x7faa81fd260c,-23,8
0x7faa81fc2a34,0x7faa81fd260c,-18,8
0x7faa81fd257e,0x7faa7f9e3558,8,8
0x7faa81fd2593,0x7faa7f9b0af3,-40,8
0x7faa81fd25c5,0x7faa81fd25c8,16,8
0x7faa81fd25d9,0x7faa81fd25de,-16,8
0x7faa820a7d82,0x7faa7f9469b9,8,8
0x7faa7f87b6c5,0x7faa7f87b6d8,-8,8
0x7faa7f8d7ac5,0x7faa7f8f4dcd,16,8
0x7faa7f8d7e46,0x7faa7f8e8da4,0,8
0x7faa7f8d8800,0x7faa7f8d8803,8,8
0x7faa7f8d8804,0x7faa7f8d8806,8,8
0x7faa7f8db590,0x7faa7f8db590,-40,8
0x7faa7f8db590,0x7faa7f8db590,48,8
0x7faa7f8de6e6,0x7faa7f8fdc92,-40,8
0x7faa7f8dfd24,0x7faa7f941977,-16,8
0x7faa7f8dfd73,0x7faa7f8dfd74,8,8
0x7faa7f8e6b8d,0x7faa7f91c756,0,8
0x7faa7f8e6c97,0x7faa7f903a4f,8,8
0x7faa7f8e6d20,0x7faa7f91c8d5,0,8
0x7faa7f8e6d34,0x7faa7f9476db,8,8
0x7faa7f8e6d40,0x7faa7f8e6b8d,0,8
0x7faa7f8e6d4e,0x7faa7f8e6d55,8,8
0x7faa7f8e6fd0,0x7faa7f8e6fe4,8,8
0x7faa7f8e6fd5,0x7faa7f977f21,0,8
0x7faa7f8e71d3,0x7faa7f8e71d4,8,8
0x7faa7f8e8cfa,0x7faa7f8e8d5d,0,8
0x7faa7f8e8d13,0x7faa7f8e8d27,-24,8
0x7faa7f8e8d8a,0x7faa7f8e8dc7,4,8
0x7faa7f8e8dab,0x7faa7f8d7e50,0,8
0x7faa7f8e8fc5,0x7faa7f8e8fda,20,8
0x7faa7f8e9c95,0x7faa7f8e9c95,0,8
0x7faa7f8ea4ad,0x7faa7f8ea523,0,8
0x7faa7f8ef5f3,0x7faa7f8ef5f4,8,8
0x7faa7f8ef5f8,0x7faa7f9faa1e,8,8
0x7faa7f8efad3,0x7faa7f8ef579,56,8
0x7faa7f8f0878,0x7faa7f8f0891,8,8
0x7faa7f8f08da,0x7faa7f8f0960,-16,8
0x7faa7f8f496e,0x7faa7f87b6b3,16,8
0x7faa7f8f5a5e,0x7faa7f9b159e,-8,8
0x7faa7f8f64de,0x7faa7f9b049e,-8,8
0x7faa7f8f7a31,0x7faa7f8f7a32,8,8
0x7faa7f8f7a33,0x7faa7f8f7a35,8,8
0x7faa7f8fcaf1,0x7faa7f90f04b,0,8
0x7faa7f8fdbe0,0x7faa7f8fdbf4,-32,8
0x7faa7f8fecb9,0x7faa7f90ed97,0,8
0x7faa7f8fecce,0x7faa7f904e5b,16,8
0x7faa7f902c66,0x7faa7f8e9cbe,8,8
0x7faa7f902ed0,0x7faa7f902ee4,8,8
0x7faa7f903a22,0x7faa7f8f7930,0,8
0x7faa7f903ae0,0x7faa7f903b05,0,8
0x7faa7f903cbd,0x7faa7f903cc0,8,8
0x7faa7f903cc1,0x7faa7f903cc3,8,8
0x7faa7f904e5c,0x7faa7f904e5d,8,8
0x7faa7f9053bc,0x7faa7f90a72f,28,8
0x7faa7f9056e2,0x7faa7f905742,8,8
0x7faa7f905be4,0x7faa7f905be4,0,8
0x7faa7f90656d,0x7faa7f90656d,2,8
0x7faa7f90656d,0x7faa7f9573b2,-20,8
0x7faa7f906588,0x7faa7f906588,24,8
0x7faa7f9065c0,0x7faa7f9065c0,-4,8
0x7faa7f9065c0,0x7faa7f9065c0,14,8
0x7faa7f9065c0,0x7faa7f9065c0,26,8
0x7faa7f9065e7,0x7faa7f9065e9,8,8
0x7faa7f9065eb,0x7faa7f9065ed,8,8
0x7faa7f90788d,0x7faa7f9e15c1,0,8
0x7faa7f90a4f4,0x7faa7f90d151,16,8
0x7faa7f90ad0c,0x7faa7f87b689,16,8
0x7faa7f90d152,0x7faa7f90d153,8,8
0x7faa7f90d155,0x7faa7f90d157,8,8
0x7faa7f90ed28,0x7faa7f8fec56,0,8
0x7faa7f90f08e,0x7faa7f903d6c,0,8
0x7faa7f91b34e,0x7faa7f981f42,0,8
0x7faa7f91b378,0x7faa7f981f9b,0,8
0x7faa7f91c756,0x7faa7f91c8d5,0,8
0x7faa7f9227a5,0x7faa7f905770,-32,8
0x7faa7f9227ec,0x7faa7f9227ec,0,8
0x7faa7f9227ec,0x7faa7f922802,15,8
0x7faa7f92539e,0x7faa7f9b4bc4,-8,8
0x7faa7f9253af,0x7faa7f925404,-16,8
0x7faa7f925800,0x7faa7f925835,1,8
0x7faa7f925862,0x7faa7f92588b,1,8
0x7faa7f925e95,0x7faa7f925e95,24,8
0x7faa7f92ad60,0x7faa7f9b0b29,-50,8
0x7faa7f92ad60,0x7faa81fd2477,2,8
0x7faa7f92d27b,0x7faa81fd258f,18,8
0x7faa7f92e19a,0x7faa7f92d242,-37,8
0x7faa7f92e207,0x7faa7f92e222,-8,8
0x7faa7f92eadc,0x7faa7f92eadd,8,8
0x7faa7f932d2a,0x7faa7f933f1e,0,8
0x7faa7f932d5a,0x7faa7f932d5a,24,8
0x7faa7f933ae4,0x7faa7f933b80,-8,8
0x7faa7f933bbf,0x7faa7f933d5d,-16,8
0x7faa7f933bc4,0x7faa7f933d01,8,8
0x7faa7f933cfc,0x7faa7f93404e,-24,8
0x7faa7f933f2f,0x7faa7f933f33,-16,8
0x7faa7f93c731,0x7faa7f93c890,0,8
0x7faa7f93c88b,0x7faa7f93c8a6,16,8
0x7faa7f93c8a7,0x7faa7f93c8a8,8,8
0x7faa7f93c8aa,0x7faa7f93c8ac,8,8
0x7faa7f93c8ae,0x7faa7f93c8b0,8,8
0x7faa7f93f86c,0x7faa7f93f887,8,8
0x7faa7f93fd6f,0x7faa7f93fd70,8,8
0x7faa7f93fd71,0x7faa7f93fd73,8,8
0x7faa7f9419a0,0x7faa7f9419a4,8,8
0x7faa7f94b07d,0x7faa820a7b75,16,8
0x7faa7f94bc6f,0x7faa7f9e15f1,-16,8
0x7faa7f94cb30,0x7faa7f8f98ca,-8,8
0x7faa7f94cbb4,0x7faa7f94cbb5,8,8
0x7faa7f94d1c6,0x7faa7f94d1fd,0,8
0x7faa7f94d24b,0x7faa7f94d1aa,0,8
0x7faa7f957340,0x7faa7f9575af,24,8
0x7faa7f9586ed,0x7faa7f9583b4,16,8
0x7faa7f959844,0x7faa7f94f249,24,8
0x7faa7f95b531,0x7faa7f95b6b5,0,8
0x7faa7f95b574,0x7faa7f95b58f,16,8
0x7faa7f95bcf0,0x7faa7f95bcdf,0,8
0x7faa7f974279,0x7faa7f91c802,0,8
0x7faa7f974960,0x7faa7f97498a,16,8
0x7faa7f974993,0x7faa7f97499c,16,8
0x7faa7f974b6c,0x7faa7f974b6d,8,8
0x7faa7f974b6e,0x7faa7f974b70,8,8
0x7faa7f974b72,0x7faa7f974b74,8,8
0x7faa7f98fb02,0x7faa7f98fb03,8,8
0x7faa7f98fb04,0x7faa7f98fb06,8,8
0x7faa7f98fb08,0x7faa7f98fb0a,8,8
0x7faa7f9a6f57,0x7faa7f94b58a,0,8
0x7faa7f9b0529,0x7faa7f9b05a7,0,8
0x7faa7f9b0585,0x7faa7f9b0585,16,8
0x7faa7f9b0592,0x7faa7f9b120f,4,8
0x7faa7f9b05d2,0x7faa7f9b06f1,-56,8
0x7faa7f9b05d2,0x7faa7f9b0d77,-48,8
0x7faa7f9b0670,0x7faa7f9b05d2,8,8
0x7faa7f9b09be,0x7faa7f9b50b2,0,8
0x7faa7f9b09f3,0x7faa7f9b0592,0,8
0x7faa7f9b0bd8,0x7faa7f9b0c2b,0,8
0x7faa7f9b0c02,0x7faa7f9b0749,56,8
0x7faa7f9b0c02,0x7faa7f9b0a23,8,8
0x7faa7f9b0d31,0x7faa7f9b0d41,-4,8
0x7faa7f9b0d4a,0x7faa7f9b0706,32,8
0x7faa7f9b0d84,0x7faa7f9b55e2,-8,8
0x7faa7f9b1062,0x7faa7f9b0bc1,4,8
0x7faa7f9b137b,0x7faa7f9b0592,0,8
0x7faa7f9b1ff4,0x7faa7f9b0760,-48,8
0x7faa7f9b201e,0x7faa7f9b0792,0,8
0x7faa7f9b202b,0x7faa7f9b079f,2,8
0x7faa7f9b4bf5,0x7faa7f9b06b5,0,8
0x7faa7f9b4ef8,0x7faa7f9b4f13,-8,8
0x7faa7f9b51b6,0x7faa7f9b5433,4,8
0x7faa7f9b51cc,0x7faa7f9b545e,28,8
0x7faa7f9d9fd8,0x7faa7f9da133,36,8
0x7faa7f9d9fd8,0x7faa7f9da133,42,8
0x7faa7f9d9fd8,0x7faa7f9da133,44,8
0x7faa7f9da133,0x7faa81fd2477,-27,8
0x7faa7f9da133,0x7faa81fd2477,-25,8
0x7faa7f9e157b,0x7faa7f907849,0,8
0x7faa7f9fa9c5,0x7faa7f9facce,8,8
0x7faa81fc2994,0x7faa81fd257e,6,8
0x7faa81fc29d7,0x7faa7f932d50,8,8
0x7faa81fc29d7,0x7faa81fd2583,5,8
0x7faa81fc29d7,0x7faa81fd260c,7,8
0x7faa81fc2a20,0x7faa81fd257e,2,8
0x7faa81fc2a20,0x7faa81fd257e,3,8
0x7faa81fc2a34,0x7faa81fd260c,-27,8
0x7faa81fc2a34,0x7faa81fd260c,-22,8
0x7faa81fc2a34,0x7faa81fd260c,-19,8
0x7faa81fc2a49,0x7faa81fd260f,-23,8
0x7faa81fc2a49,0x7faa81fd260f,-22,8
0x7faa81fc8663,0x7faa81fc8668,16,8
0x7faa81fd2477,0x7faa81fd247a,9,8
0x7faa81fd2583,0x7faa81fd257e,19,8
0x7faa81fd260b,0x7faa7f932cd7,8,8
0x7faa81fd260f,0x7faa81fd2613,15,8
0x7faa81fd260f,0x7faa81fd2613,23,8
0x7faa81fd262e,0x7faa7f92eadb,8,8
0x7faa820a5f19,0x7faa7f981ff3,16,8
0x7faa820a7b8a,0x7faa7f9b103d,-32,8
0x7faa820a7c4d,0x7faa7f94b0bf,8,8
0x7faa820a7c74,0x7faa7f94b0bf,8,8
0x7faa820a7d30,0x7faa7f94b0bf,8,8
0x7faa820a7d9b,0x7faa7f94b0bf,8,8
0x7faa82310d90,0x7faa7f8e6fa8,24,8
0x7faa82319399,0x7faa823193a2,8,8
0x7faa823193a3,0x7faa823193a4,8,8
0x7faa7f8d7480,0x7faa7f8d74a3,8,8
0x7faa7f8db590,0x7faa7f8db590,40,8
0x7faa7f8db630,0x7faa7f8db630,40,8
0x7faa7f8de932,0x7faa7f9e15a5,24,8
0x7faa7f8df564,0x7faa7f8df5e4,0,8
0x7faa7f8e98bf,0x7faa7f8e9b1a,13,8
0x7faa7f8e9b10,0x7faa7f8e9b1a,-1,8
0x7faa7f8e9cb0,0x7faa7f8e9b1a,13,8
0x7faa7f8e9cb0,0x7faa7f94b081,-8,8
0x7faa7f8ef5f8,0x7faa7f958933,16,8
0x7faa7f8f0950,0x7faa7f9462d1,24,8
0x7faa7f8f5a7b,0x7faa7f9b15ce,16,8
0x7faa7f902cfc,0x7faa7f93f871,0,8
0x7faa7f905857,0x7faa7f9058b3,-32,8
0x7faa7f905c0f,0x7faa7f905c0f,0,8
0x7faa7f905c35,0x7faa7f905bb4,0,8
0x7faa7f90656d,0x7faa7f906588,15,8
0x7faa7f90656d,0x7faa7f906588,38,8
0x7faa7f90656d,0x7faa7f9573b2,-21,8
0x7faa7f906588,0x7faa7f906588,48,8
0x7faa7f9065c0,0x7faa7f9065c0,-10,8
0x7faa7f9065c0,0x7faa7f9065c0,4,8
0x7faa7f9065c0,0x7faa7f9065c0,10,8
0x7faa7f90a4de,0x7faa7f90a4ed,8,8
0x7faa7f91b01c,0x7faa7f91b010,8,8
0x7faa7f9227ec,0x7faa7f9576b1,0,8
0x7faa7f922802,0x7faa7f922802,0,8
0x7faa7f922aa8,0x7faa7f922aa8,-8,8
0x7faa7f9253d2,0x7faa7f925400,-16,8
0x7faa7f925400,0x7faa7f9b4bce,-16,8
0x7faa7f925e4b,0x7faa7f957340,-40,8
0x7faa7f92ad70,0x7faa7f92ad70,0,8
0x7faa7f93f84e,0x7faa7f902c86,0,8
0x7faa7f941a38,0x7faa7f941a75,-24,8
0x7faa7f9469f3,0x7faa7f90653d,0,8
0x7faa7f94b07d,0x7faa820a7c50,16,8
0x7faa7f94b0ab,0x7faa7f9fa9eb,-16,8
0x7faa7f951e4f,0x7faa7f907b4a,0,8
0x7faa7f951e93,0x7faa7f9fad5b,0,8
0x7faa7f9575af,0x7faa7f93de08,16,8
0x7faa7f9575cd,0x7faa7f957607,24,8
0x7faa7f95892d,0x7faa7f95892d,0,8
0x7faa7f978224,0x7faa7f978239,-24,8
0x7faa7f9b0789,0x7faa7f9b2001,4,8
0x7faa7f9b0965,0x7faa7f9b11ac,2,8
0x7faa7f9b0d93,0x7faa7f9b54dc,8,8
0x7faa7f9b15db,0x7faa7f9b0eb0,2,8
0x7faa7f9b2015,0x7faa7f9b0789,0,8
0x7faa7f9b5369,0x7faa7f8efa8d,8,8
0x7faa7f9b54dc,0x7faa7f9b5511,8,8
0x7faa7f9b54fe,0x7faa7f9b5570,0,8
0x7faa7f9b5511,0x7faa7f9b5532,-8,8
0x7faa7f9d9fd8,0x7faa7f9da133,41,8
0x7faa7f9d9fd8,0x7faa7f9da133,45,8
0x7faa7f9d9fd8,0x7faa7f9da133,56,8
0x7faa7f9da133,0x7faa81fd2477,-28,8
0x7faa7f9da133,0x7faa81fd2477,-16,8
0x7faa7f9e15d4,0x7faa7f9e15f8,8,8
0x7faa7f9e15f9,0x7faa7f8f5a7a,8,8
0x7faa81fc29d7,0x7faa81fd2477,1,8
0x7faa81fc29d7,0x7faa81fd260c,6,8
0x7faa81fc2a34,0x7faa81fd2477,-21,8
0x7faa81fc2a34,0x7faa81fd2477,-17,8
0x7faa81fc2a34,0x7faa81fd260c,-28,8
0x7faa81fc2a34,0x7faa81fd260c,-26,8
0x7faa81fc2a49,0x7faa81fd260f,-26,8
0x7faa81fc2a49,0x7faa81fd260f,-20,8
0x7faa81fd247a,0x7faa81fd257e,20,8
0x7faa81fd2583,0x7faa7f9b0b0e,-48,8
0x7faa81fd2583,0x7faa7f9e3558,11,8
0x7faa81fd2593,0x7faa7f9462ec,-10,8
0x7faa81fd2593,0x7faa7f9e3558,4,8
0x7faa81fd260c,0x7faa81fd2618,7,8
0x7faa81fd260f,0x7faa81fd2613,17,8
0x7faa81fd260f,0x7faa81fd2618,1,8
0x7faa81fd260f,0x7faa81fd2618,8,8
0x7faa81fd2618,0x7faa7f9b0af3,-45,8
0x7faa81fd26cf,0x7faa81fd2703,40,8
0x7faa820a7c54,0x7faa820a7c65,5,8
0x7faa820a7e30,0x7faa820a7e41,7,8
0x7faa820a7e54,0x7faa7f94b0bf,8,8
0x7faa7f87b689,0x7faa7f87b68e,8,8
0x7faa7f87b6b3,0x7faa7f87b6b8,8,8
0x7faa7f8d7424,0x7faa7f8d7424,56,8
0x7faa7f8d78a9,0x7faa7f8d79b0,56,8
0x7faa7f8d7950,0x7faa7f8d7950,0,8
0x7faa7f8d7954,0x7faa7f8d7954,8,8
0x7faa7f8d7e50,0x7faa7f8d7e50,48,8
0x7faa7f8d87a2,0x7faa7f8db5b4,48,8
0x7faa7f8db590,0x7faa7f8db590,56,8
0x7faa7f8dda59,0x7faa7f903abb,24,8
0x7faa7f8de4c8,0x7faa7f9a6fed,32,8
0x7faa7f8dfc10,0x7faa7f90400f,40,8
0x7faa7f8dfcff,0x7faa81fd257e,16,8
0x7faa7f8e6d20,0x7faa7f9595c1,0,8
0x7faa7f8e6d30,0x7faa7f8e6d47,0,8
0x7faa7f8e6d47,0x7faa7f8e6d4e,8,8
0x7faa7f8e71bb,0x7faa7f8e71bf,8,8
0x7faa7f8e71bf,0x7faa7f8e71d3,8,8
0x7faa7f8e8d73,0x7faa7f8e8d74,8,8
0x7faa7f8e8d75,0x7faa7f8e8d77,8,8
0x7faa7f8e8fc5,0x7faa7f8e90db,20,8
0x7faa7f8e98bf,0x7faa7f8e9af0,12,8
0x7faa7f8e9959,0x7faa7f8e9959,0,8
0x7faa7f8e9ad0,0x7faa7f902ed5,0,8
0x7faa7f8e9cbe,0x7faa7f8e9b2a,16,8
0x7faa7f8ef5f8,0x7faa7f9b531a,16,8
0x7faa7f8ef6df,0x7faa7f8ef6df,0,8
0x7faa7f8efa97,0x7faa7f8e6d20,0,8
0x7faa7f8efb54,0x7faa7f8ef9e4,0,8
0x7faa7f8f6338,0x7faa7f8f6338,8,8
0x7faa7f8f6521,0x7faa7f8f6539,-16,8
0x7faa7f8f6564,0x7faa7f8f65e7,-8,8
0x7faa7f8f65b4,0x7faa7f8f65cb,16,8
0x7faa7f8f65d9,0x7faa7f8f6601,-16,8
0x7faa7f8f6652,0x7faa7f8f6654,8,8
0x7faa7f8f7be7,0x7faa7f8f7bfa,8,8
0x7faa7f8f7c84,0x7faa7f8f7c85,8,8
0x7faa7f8f7c86,0x7faa7f8f7c88,8,8
0x7faa7f8fa5ae,0x7faa7f8fa5bf,16,8
0x7faa7f8fa5eb,0x7faa7f8fa5f0,24,8
0x7faa7f8fa615,0x7faa7f8fa627,24,8
0x7faa7f8fa622,0x7faa7f8fa63e,-8,8
0x7faa7f8fb31a,0x7faa7f8fb31f,-40,8
0x7faa7f8fb6fb,0x7faa7f8fb6fd,8,8
0x7faa7f8fc9cd,0x7faa7f8fc9df,16,8
0x7faa7f8fca25,0x7faa7f8fc9f0,0,8
0x7faa7f8fca60,0x7faa7f8fcb20,1,8
0x7faa7f8fcae9,0x7faa7f8fcb07,16,8
0x7faa7f8fcb08,0x7faa7f8fcb09,8,8
0x7faa7f8fcb0b,0x7faa7f8fcb0d,8,8
0x7faa7f8fcb0f,0x7faa7f8fcb11,8,8
0x7faa7f8fcb37,0x7faa7f8fcb8e,1,8
0x7faa7f8fcbde,0x7faa7f8fcaa0,1,8
0x7faa7f8fdc92,0x7faa7f8db590,-48,8
0x7faa7f8fecce,0x7faa7f8fee0e,8,8
0x7faa7f902cfc,0x7faa7f94ad1f,0,8
0x7faa7f902d0d,0x7faa7f9058ec,12,8
0x7faa7f902e68,0x7faa7f8e9826,0,8
0x7faa7f902eb1,0x7faa7f906541,-8,8
0x7faa7f902ee5,0x7faa7f9b4bf5,16,8
0x7faa7f903301,0x7faa7f9b05e0,32,8
0x7faa7f90339d,0x7faa7f90339d,0,8
0x7faa7f903f84,0x7faa7f903f95,24,8
0x7faa7f903f9c,0x7faa7f9227b7,-8,8
0x7faa7f903fc0,0x7faa7f903fa6,8,8
0x7faa7f90400f,0x7faa7f90424e,0,8
0x7faa7f904038,0x7faa7f904038,0,8
0x7faa7f90406a,0x7faa7f90406d,16,8
0x7faa7f904085,0x7faa7f90429b,-24,8
0x7faa7f904e5b,0x7faa7f904e5c,8,8
0x7faa7f904e5d,0x7faa7f974b6c,8,8
0x7faa7f9053a4,0x7faa7f9053b5,8,8
0x7faa7f905845,0x7faa7f8dfc10,56,8
0x7faa7f905c35,0x7faa7f9b0dcc,0,8
0x7faa7f90656d,0x7faa7f90656d,1,8
0x7faa7f90656d,0x7faa7f957388,-36,8
0x7faa7f90656d,0x7faa7f9573b2,-16,8
0x7faa7f90656d,0x7faa7f9573b2,-14,8
0x7faa7f90656d,0x7faa7f9573b2,-12,8
0x7faa7f9065c0,0x7faa7f9065c0,16,8
0x7faa7f9065c0,0x7faa7f9065c0,34,8
0x7faa7f9067fa,0x7faa7f9067fb,8,8
0x7faa7f9067fc,0x7faa7f9067fe,8,8
0x7faa7f906ef2,0x7faa7f906ef3,8,8
0x7faa7f90788d,0x7faa7f9acf3b,0,8
0x7faa7f907902,0x7faa7f91c744,0,8
0x7faa7f90a737,0x7faa7f90a74b,16,8
0x7faa7f90c617,0x7faa7f90c866,16,8
0x7faa7f90d3e0,0x7faa7f90672b,16,8
0x7faa7f90d3e4,0x7faa7f90d3e4,0,8
0x7faa7f90d3ed,0x7faa7f90d3ed,0,8
0x7faa7f90e858,0x7faa7f98fc0d,8,8
0x7faa7f90ec48,0x7faa7f9510de,0,8
0x7faa7f90ee04,0x7faa7f90f089,-16,8
0x7faa7f91b34e,0x7faa7f981bf0,0,8
0x7faa7f91b378,0x7faa7f981c4f,0,8
0x7faa7f91c6e3,0x7faa7f91c6fa,8,8
0x7faa7f91c744,0x7faa7f96eeb8,0,8
0x7faa7f91c8dc,0x7faa7f8f79d6,0,8
0x7faa7f91c8dc,0x7faa7f91c8dc,0,8
0x7faa7f920754,0x7faa7f920758,8,8
0x7faa7f92075a,0x7faa7f8dd889,8,8
0x7faa7f9227b7,0x7faa7f922a65,8,8
0x7faa7f9227ec,0x7faa7f9227ec,-5,8
0x7faa7f922aa8,0x7faa7f922aa8,15,8
0x7faa7f9258c0,0x7faa7f9258c0,1,8
0x7faa7f9258e8,0x7faa7f925513,24,8
0x7faa7f925e4b,0x7faa7f905770,-32,8
0x7faa7f925e4b,0x7faa7f9a7031,-32,8
0x7faa7f925e4f,0x7faa7f925e7f,37,8
0x7faa7f925e7f,0x7faa7f925e95,22,8
0x7faa7f925e95,0x7faa7f925e95,0,8
0x7faa7f92d3ba,0x7faa7f90c8a4,24,8
0x7faa7f92d45d,0x7faa7f94784e,0,8
0x7faa7f92d471,0x7faa7f92d472,8,8
0x7faa7f92d474,0x7faa7f92d476,8,8
0x7faa7f92d4bd,0x7faa7f8df400,16,8
0x7faa7f92d4dc,0x7faa7f92d458,24,8
0x7faa7f92e17a,0x7faa7f92e19a,18,8
0x7faa7f92e19a,0x7faa7f92d27b,-31,8
0x7faa7f92e707,0x7faa7f92e716,-16,8
0x7faa7f92e734,0x7faa7f92e738,-8,8
0x7faa7f92e750,0x7faa7f92e759,32,8
0x7faa7f92e761,0x7faa7f92e763,8,8
0x7faa7f92eb93,0x7faa7f92ebb5,16,8
0x7faa7f92ebbc,0x7faa7f92ebc9,24,8
0x7faa7f932d5a,0x7faa7f932d5a,-40,8
0x7faa7f932d5a,0x7faa7f932d5a,-24,8
0x7faa7f932d5a,0x7faa7f932d5a,-16,8
0x7faa7f932d5a,0x7faa7f932d5a,8,8
0x7faa7f932d5a,0x7faa7f932d5a,40,8
0x7faa7f932d5a,0x7faa7f932d5a,48,8
0x7faa7f933f08,0x7faa7f933f0c,-16,8
0x7faa7f93aa2a,0x7faa7f93aa2b,8,8
0x7faa7f93dbc2,0x7faa7f93dc21,-8,8
0x7faa7f93dbe7,0x7faa7f932d2a,0,8
0x7faa7f93dbed,0x7faa81fae98d,-16,8
0x7faa7f93f3e9,0x7faa7f9a81ab,16,8
0x7faa7f93f888,0x7faa7f93f889,8,8
0x7faa7f93f889,0x7faa7f93f88b,8,8
0x7faa7f93fd04,0x7faa7f93fd27,0,8
0x7faa7f93fd13,0x7faa7f9078e5,8,8
0x7faa7f93fd54,0x7faa7f93fd65,-8,8
0x7faa7f941977,0x7faa7f8fd2fb,0,8
0x7faa7f946bbf,0x7faa7f946bc0,8,8
0x7faa7f9475ab,0x7faa81fc8646,16,8
0x7faa7f947809,0x7faa7f92d3a0,0,8
0x7faa7f94782e,0x7faa7f92d4b9,8,8
0x7faa7f94acdc,0x7faa7f902c86,0,8
0x7faa7f94acf7,0x7faa7f94ad1a,8,8
0x7faa7f94ad2e,0x7faa7f94ad2f,8,8
0x7faa7f94b07d,0x7faa820a7c32,16,8
0x7faa7f94b07d,0x7faa820a7d02,16,8
0x7faa7f94b07d,0x7faa820a7e60,16,8
0x7faa7f94b0ab,0x7faa7f94b0ab,0,8
0x7faa7f94cb1d,0x7faa7f87b6c5,32,8
0x7faa7f94cb30,0x7faa7f94cbb5,-56,8
0x7faa7f94cbbe,0x7faa7f8f98ca,8,8
0x7faa7f94d3eb,0x7faa7f94d1aa,0,8
0x7faa7f94f249,0x7faa7f94f2f0,16,8
0x7faa7f9503f0,0x7faa7f95040b,8,8
0x7faa7f950426,0x7faa7f950427,8,8
0x7faa7f9510d9,0x7faa7f9510ed,16,8
0x7faa7f9510ee,0x7faa7f9510ef,8,8
0x7faa7f9510f1,0x7faa7f9510f3,8,8
0x7faa7f952e30,0x7faa82310d90,-24,8
0x7faa7f957307,0x7faa7f957440,-16,8
0x7faa7f957440,0x7faa7f9a748b,-8,8
0x7faa7f9575cd,0x7faa7f9579b5,16,8
0x7faa7f9583de,0x7faa7f9b04a2,4,8
0x7faa7f9586d2,0x7faa7f9583b4,0,8
0x7faa7f9587ec,0x7faa7f8efa97,0,8
0x7faa7f958884,0x7faa7f95889e,-24,8
0x7faa7f958f00,0x7faa7f95908f,0,8
0x7faa7f958ff5,0x7faa7f959009,-8,8
0x7faa7f9590a2,0x7faa7f958f21,0,8
0x7faa7f959570,0x7faa7f9b0dd3,0,8
0x7faa7f95983b,0x7faa7f907bc1,8,8
0x7faa7f959844,0x7faa7f93c741,24,8
0x7faa7f959844,0x7faa7f94f27c,8,8
0x7faa7f95993d,0x7faa7f981ba3,-8,8
0x7faa7f959acf,0x7faa7f959acf,-8,8
0x7faa7f95b85a,0x7faa7f95b86b,16,8
0x7faa7f95bc37,0x7faa7f95b52e,0,8
0x7faa7f95bd1f,0x7faa7f95bd35,16,8
0x7faa7f95bf03,0x7faa7f95bf04,8,8
0x7faa7f95bf05,0x7faa7f95bf07,8,8
0x7faa7f95bf09,0x7faa7f95bf0b,8,8
0x7faa7f96d5f1,0x7faa7f96d5f8,-16,8
0x7faa7f96d63d,0x7faa7f96d64b,-8,8
0x7faa7f96d666,0x7faa7f96d667,8,8
0x7faa7f96ef35,0x7faa7f96ef35,0,8
0x7faa7f96ef46,0x7faa7f96ef62,0,8
0x7faa7f96efe0,0x7faa7f96efe1,8,8
0x7faa7f974960,0x7faa7f974b6e,-48,8
0x7faa7f97498a,0x7faa7f974993,16,8
0x7faa7f97499c,0x7faa7f9749a9,16,8
0x7faa7f974b70,0x7faa7f974b72,8,8
0x7faa7f981b90,0x7faa7f981bf6,0,8
0x7faa7f981bba,0x7faa7f981bbe,8,8
0x7faa7f981c71,0x7faa7f981c72,8,8
0x7faa7f981c74,0x7faa7f981c76,8,8
0x7faa7f98d658,0x7faa7f94769b,0,8
0x7faa7f98fae8,0x7faa7f98fb02,16,8
0x7faa7f98fb03,0x7faa7f98fb04,8,8
0x7faa7f98fb06,0x7faa7f98fb08,8,8
0x7faa7f98fb0a,0x7faa7f98fb0c,8,8
0x7faa7f99052c,0x7faa7f99052d,8,8
0x7faa7f99052e,0x7faa7f914b74,8,8
0x7faa7f9a6ff2,0x7faa7f8fec56,0,8
0x7faa7f9a6ff2,0x7faa7f9a6f5b,0,8
0x7faa7f9aceb8,0x7faa7f907849,0,8
0x7faa7f9acefa,0x7faa7f9acf05,0,8
0x7faa7f9b0580,0x7faa7f9b11dd,8,8
0x7faa7f9b0585,0x7faa7f9b0a76,32,8
0x7faa7f9b0592,0x7faa7f9b0d31,4,8
0x7faa7f9b0592,0x7faa7f9b177a,4,8
0x7faa7f9b05b4,0x7faa7f9b0652,2,8
0x7faa7f9b05b4,0x7faa7f9b1235,2,8
0x7faa7f9b0645,0x7faa7f9b0994,16,8
0x7faa7f9b0727,0x7faa7f902c66,18,8
0x7faa7f9b0727,0x7faa7f9b572b,2,8
0x7faa7f9b09b0,0x7faa7f9b09b0,8,8
0x7faa7f9b09f3,0x7faa7f9b0510,4,8
0x7faa7f9b0ad0,0x7faa7f9b0994,-40,8
0x7faa7f9b0bcf,0x7faa7f9b09e3,4,8
0x7faa7f9b0c02,0x7faa7f9b05d2,56,8
0x7faa7f9b0cef,0x7faa7f9b07bf,-32,8
0x7faa7f9b0d41,0x7faa7f9b1054,4,8
0x7faa7f9b0d4a,0x7faa7f9b0994,16,8
0x7faa7f9b0d57,0x7faa7f9b0717,12,8
0x7faa7f9b0d84,0x7faa7f8f6580,-8,8
0x7faa7f9b0d84,0x7faa7f958820,-40,8
0x7faa7f9b0d84,0x7faa7f958820,-24,8
0x7faa7f9b0dd3,0x7faa7f9599c7,0,8
0x7faa7f9b0f34,0x7faa7f9b0585,-24,8
0x7faa7f9b0fe9,0x7faa7f9b062e,4,8
0x7faa7f9b1062,0x7faa7f9b0592,0,8
0x7faa7f9b106b,0x7faa7f9b05a7,0,8
0x7faa7f9b11dd,0x7faa7f9b0580,-8,8
0x7faa7f9b121f,0x7faa7f9b0592,0,8
0x7faa7f9b1255,0x7faa7f9b1255,0,8
0x7faa7f9b1726,0x7faa7f9b172a,8,8
0x7faa7f9b1788,0x7faa7f9b5301,4,8
0x7faa7f9b204b,0x7faa7f9b1017,-8,8
0x7faa7f9b2056,0x7faa7f9b208e,-8,8
0x7faa7f9b30ca,0x7faa7f9b3108,8,8
0x7faa7f9b30f4,0x7faa7f9b0760,-48,8
0x7faa7f9b3127,0x7faa7f9b3145,-8,8
0x7faa7f9b4ba7,0x7faa7f9b4ba7,0,8
0x7faa7f9b4bec,0x7faa7f9b564f,0,8
0x7faa7f9b4bf5,0x7faa7f9b5658,0,8
0x7faa7f9b4c23,0x7faa7f9b4c23,-8,8
0x7faa7f9b4c53,0x7faa7f9b4c61,-4,8
0x7faa7f9b4c77,0x7faa7f9b4d80,2,8
0x7faa7f9b50d0,0x7faa7f9b0592,0,8
0x7faa7f9b50d9,0x7faa7f9b0580,8,8
0x7faa7f9b50e2,0x7faa7f9b05b4,2,8
0x7faa7f9b52c4,0x7faa7f8ef4d0,-16,8
0x7faa7f9b52d8,0x7faa7f9b0760,-48,8
0x7faa7f9b5311,0x7faa7f9b0789,0,8
0x7faa7f9b5392,0x7faa7f9b0580,-48,8
0x7faa7f9b5665,0x7faa7f9b0727,2,8
0x7faa7f9b6613,0x7faa7f9b6627,-4,8
0x7faa7f9b6630,0x7faa7f9b0792,0,8
0x7faa7f9d9fd8,0x7faa7f9da133,55,8
0x7faa7f9da133,0x7faa81fd2477,-24,8
0x7faa7f9da133,0x7faa81fd2477,-19,8
0x7faa7f9da133,0x7faa81fd260c,-38,8
0x7faa7f9de14b,0x7faa7f9de162,-8,8
0x7faa7f9de166,0x7faa7f9de167,8,8
0x7faa7f9de168,0x7faa7f9de169,8,8
0x7faa7f9e3256,0x7faa81fd257e,16,8
0x7faa7f9e3256,0x7faa81fd257e,20,8
0x7faa7f9fa999,0x7faa7f978219,16,8
0x7faa81fabf46,0x7faa81fac214,8,8
0x7faa81fac131,0x7faa81fac15a,8,8
0x7faa81fc29d7,0x7faa7f932d50,2,8
0x7faa81fc29d7,0x7faa81fd2477,2,8
0x7faa81fc29d7,0x7faa81fd2477,7,8
0x7faa81fc29d7,0x7faa81fd2477,8,8
0x7faa81fc29d7,0x7faa81fd260c,4,8
0x7faa81fc29d7,0x7faa81fd260c,5,8
0x7faa81fc29d7,0x7faa81fd260c,8,8
0x7faa81fc2a34,0x7faa81fd2477,-20,8
0x7faa81fc2a34,0x7faa81fd2613,0,8
0x7faa81fc2a49,0x7faa81fd260f,-29,8
0x7faa81fc2a49,0x7faa81fd260f,-27,8
0x7faa81fc2a49,0x7faa81fd260f,-25,8
0x7faa81fc2a49,0x7faa81fd260f,-24,8
0x7faa81fc2a49,0x7faa81fd260f,-19,8
0x7faa81fc2a49,0x7faa81fd260f,-18,8
0x7faa81fc2a49,0x7faa81fd260f,-17,8
0x7faa81fc8646,0x7faa81fc865e,8,8
0x7faa81fd247a,0x7faa7f9b0af3,-33,8
0x7faa81fd247a,0x7faa81fd2477,17,8
0x7faa81fd257e,0x7faa81fd2477,9,8
0x7faa81fd2583,0x7faa7f9b0af3,-49,8
0x7faa81fd2583,0x7faa81fd2477,9,8
0x7faa81fd260b,0x7faa7f92ad4b,16,8
0x7faa81fd260c,0x7faa81fd2618,6,8
0x7faa81fd260f,0x7faa81fd2618,-5,8
0x7faa81fd260f,0x7faa81fd2618,-1,8
0x7faa81fd2641,0x7faa81fd2646,-16,8
0x7faa820a5f19,0x7faa7f91b399,16,8
0x7faa820a5f19,0x7faa7f981c70,16,8
0x7faa820a7b79,0x7faa820a7b8a,8,8
0x7faa820a7c43,0x7faa7f90664f,-40,8
0x7faa820a7d73,0x7faa820a7d7e,4,8
0x7faa820a7e23,0x7faa7f94b0bf,8,8
0x7faa820a7e60,0x7faa820a7e6e,3,8
0x7faa820a7e6e,0x7faa7f90664f,-35,8
0x7faa820a7e7e,0x7faa7f94b0bf,8,8
0x7faa8231908f,0x7faa82319399,16,8
0x7faa823193a2,0x7faa823193a3,8,8
0x7faa823193a4,0x7faa823193a6,8,8
0x7faa7f83ee96,0x7faa7f83ee9a,-16,8
0x7faa7f840ce2,0x7faa7f8e71bb,8,8
0x7faa7f8d8741,0x7faa7f8d8752,8,8
0x7faa7f8db630,0x7faa7f8d7424,48,8
0x7faa7f8db630,0x7faa7f8db630,-40,8
0x7faa7f8de6b7,0x7faa7f8fdbed,0,8
0x7faa7f8dedf0,0x7faa7f8dedf0,0,8
0x7faa7f8dee35,0x7faa7f8dbfd7,0,8
0x7faa7f8dfd75,0x7faa7f8e8e19,0,8
0x7faa7f8e6b8d,0x7faa7f9586fa,0,8
0x7faa7f8e6d20,0x7faa7f8f654d,0,8
0x7faa7f8e98bf,0x7faa7f8e98bf,8,8
0x7faa7f8efa97,0x7faa7f9b0dcc,0,8
0x7faa7f8f0c01,0x7faa7f8f0c08,-16,8
0x7faa7f8f0c08,0x7faa7f8f0c1e,0,8
0x7faa7f8f0c33,0x7faa7f8d96c7,-16,8
0x7faa7f8f5229,0x7faa7f8f5245,1,8
0x7faa7f8f5245,0x7faa7f8f525d,1,8
0x7faa7f8f525d,0x7faa7f8f5274,1,8
0x7faa7f8f5274,0x7faa7f8f528c,1,8
0x7faa7f8fb4a6,0x7faa7f8fb559,8,8
0x7faa7f8fdbf4,0x7faa7f8db650,16,8
0x7faa7f8fdc92,0x7faa7f8df53b,16,8
0x7faa7f903f74,0x7faa7f903fab,0,8
0x7faa7f905c35,0x7faa7f8ef6df,0,8
0x7faa7f90656d,0x7faa7f90656d,-6,8
0x7faa7f90656d,0x7faa7f90656d,-1,8
0x7faa7f90656d,0x7faa7f90656d,4,8
0x7faa7f90656d,0x7faa7f90656d,5,8
0x7faa7f90656d,0x7faa7f90656d,24,8
0x7faa7f90656d,0x7faa7f957388,-34,8
0x7faa7f90656d,0x7faa7f9573b2,-27,8
0x7faa7f90656d,0x7faa7f9573b2,-23,8
0x7faa7f90656d,0x7faa7f9573b2,-19,8
0x7faa7f90656d,0x7faa7f9573b2,-9,8
0x7faa7f9065c0,0x7faa7f9065c0,-28,8
0x7faa7f9065c0,0x7faa7f9065c0,-16,8
0x7faa7f9065c0,0x7faa7f9065c0,-14,8
0x7faa7f9065c0,0x7faa7f9065c0,-2,8
0x7faa7f9065c0,0x7faa7f9065c0,2,8
0x7faa7f9065c0,0x7faa7f9065c0,20,8
0x7faa7f9065c0,0x7faa7f9065c0,40,8
0x7faa7f9065c0,0x7faa7f957388,-46,8
0x7faa7f9065c0,0x7faa7f957388,-38,8
0x7faa7f907bde,0x7faa7f951ed5,0,8
0x7faa7f90a4cd,0x7faa7f90c600,-8,8
0x7faa7f90d3e0,0x7faa7f9b4bce,-8,8
0x7faa7f9205ef,0x7faa7f8e9970,34,8
0x7faa7f9227a5,0x7faa7f90653d,0,8
0x7faa7f9227ec,0x7faa7f9227ec,-18,8
0x7faa7f9227ec,0x7faa7f9227ec,1,8
0x7faa7f9227ec,0x7faa7f9227ec,7,8
0x7faa7f9227ec,0x7faa7f9227ec,21,8
0x7faa7f9227ec,0x7faa7f922802,31,8
0x7faa7f9227ec,0x7faa7f957388,-44,8
0x7faa7f9227ec,0x7faa7f957388,-43,8
0x7faa7f9227ec,0x7faa7f957388,-36,8
0x7faa7f922802,0x7faa7f922802,24,8
0x7faa7f922839,0x7faa7f922839,-4,8
0x7faa7f922bc2,0x7faa7f9572cc,0,8
0x7faa7f923126,0x7faa7f9231d1,-16,8
0x7faa7f925916,0x7faa7f925916,1,8
0x7faa7f92ad60,0x7faa7f8e8f2e,8,8
0x7faa7f92ad60,0x7faa7f8e8f2e,16,8
0x7faa7f92d27b,0x7faa7f8e8f2e,40,8
0x7faa7f92e19a,0x7faa7f92d27b,-34,8
0x7faa7f93cc74,0x7faa7f93cc74,-8,8
0x7faa7f93ccd8,0x7faa7f93ccb1,24,8
0x7faa7f93db92,0x7faa81fd25c5,40,8
0x7faa7f93db92,0x7faa81fd26c4,48,8
0x7faa7f93dc25,0x7faa7f93dc40,48,8
0x7faa7f9462ec,0x7faa7f9b0598,16,8
0x7faa7f94b07d,0x7faa820a7b86,16,8
0x7faa7f94b07d,0x7faa820a7d70,16,8
0x7faa7f94b07d,0x7faa820a7e02,16,8
0x7faa7f950c46,0x7faa7f8ef570,0,8
0x7faa7f951e88,0x7faa7f951e89,8,8
0x7faa7f951ee4,0x7faa7f95954c,48,8
0x7faa7f9575f9,0x7faa7f957607,-14,8
0x7faa7f9575f9,0x7faa7f957832,4,8
0x7faa7f9576b1,0x7faa7f957815,-18,8
0x7faa7f9576bf,0x7faa7f9573cd,0,8
0x7faa7f95777f,0x7faa7f957832,-4,8
0x7faa7f95777f,0x7faa7f957832,8,8
0x7faa7f957789,0x7faa7f8ef6d1,32,8
0x7faa7f958891,0x7faa7f95889e,-48,8
0x7faa7f958925,0x7faa7f8ef6d1,32,8
0x7faa7f959503,0x7faa7f9b0aeb,0,8
0x7faa7f978219,0x7faa7f978224,48,8
0x7faa7f98d905,0x7faa7f8efa08,32,8
0x7faa7f98da47,0x7faa7f98d905,-32,8
0x7faa7f9b0585,0x7faa7f9b15fe,16,8
0x7faa7f9b0592,0x7faa7f9b0941,4,8
0x7faa7f9b0592,0x7faa7f9b15b5,4,8
0x7faa7f9b094f,0x7faa7f9b0789,0,8
0x7faa7f9b0bd8,0x7faa7f9b4d73,0,8
0x7faa7f9b10cb,0x7faa7f9b10fd,24,8
0x7faa7f9b1114,0x7faa7f9b117c,-24,8
0x7faa7f9b1186,0x7faa7f9b1196,-4,8
0x7faa7f9b119f,0x7faa7f9b0760,8,8
0x7faa7f9b11cd,0x7faa7f9b07bf,0,8
0x7faa7f9b14ee,0x7faa7f9b151d,0,8
0x7faa7f9b152e,0x7faa7f95879b,-24,8
0x7faa7f9b152e,0x7faa7f958803,40,8
0x7faa7f9b15c5,0x7faa7f9b0e8c,4,8
0x7faa7f9b1671,0x7faa7f9b0f0c,-54,8
0x7faa7f9b2001,0x7faa7f9b2015,-4,8
0x7faa7f9b4d73,0x7faa7f9b05a7,0,8
0x7faa7f9b4da1,0x7faa7f9b05d2,0,8
0x7faa7f9b5327,0x7faa7f9b079f,2,8
0x7faa7f9b5327,0x7faa7f9b4ddd,2,8
0x7faa7f9b5347,0x7faa7f9b07bf,-8,8
0x7faa7f9b5347,0x7faa7f9b4dfd,-8,8
0x7faa7f9b541e,0x7faa7f8d979c,16,8
0x7faa7f9b54fe,0x7faa7f9b5564,48,8
0x7faa7f9b5577,0x7faa7f9b5595,-32,8
0x7faa7f9b663d,0x7faa7f9b079f,2,8
0x7faa7f9d9fd8,0x7faa7f9da133,35,8
0x7faa7f9d9fd8,0x7faa7f9da133,37,8
0x7faa7f9d9fd8,0x7faa7f9da133,38,8
0x7faa7f9d9fd8,0x7faa81fd25c5,16,8
0x7faa7f9da133,0x7faa81fd2477,-21,8
0x7faa7f9da133,0x7faa81fd2477,-20,8
0x7faa7f9da133,0x7faa81fd2477,-18,8
0x7faa7f9da133,0x7faa81fd260c,-39,8
0x7faa7f9e3256,0x7faa81fd258f,18,8
0x7faa7f9e3558,0x7faa7f9b0af3,-47,8
0x7faa81fab699,0x7faa81fabdd3,-24,8
0x7faa81fabf19,0x7faa81fabf1d,8,8
0x7faa81fac0e6,0x7faa81fac12d,-24,8
0x7faa81fac0f0,0x7faa81fac112,0,8
0x7faa81faed20,0x7faa81faed3b,8,8
0x7faa81fc29d7,0x7faa7f932d50,5,8
0x7faa81fc29d7,0x7faa7f932d50,6,8
0x7faa81fc29d7,0x7faa81fd257e,3,8
0x7faa81fc29d7,0x7faa81fd257e,4,8
0x7faa81fc29d7,0x7faa81fd260c,2,8
0x7faa81fc2a34,0x7faa81fd260c,-24,8
0x7faa81fc2a49,0x7faa81fd260f,-32,8
0x7faa81fc2a49,0x7faa81fd260f,-28,8
0x7faa81fc8646,0x7faa81fc865e,16,8
0x7faa81fd2477,0x7faa81fd247a,10,8
0x7faa81fd247a,0x7faa7f9b0af3,-51,8
0x7faa81fd2583,0x7faa81fd257e,16,8
0x7faa81fd25a1,0x7faa81fd258f,3,8
0x7faa81fd25d0,0x7faa81fd25d4,22,8
0x7faa81fd260c,0x7faa81fd2618,8,8
0x7faa81fd260c,0x7faa81fd2618,10,8
0x7faa81fd260f,0x7faa81fd2613,5,8
0x7faa81fd260f,0x7faa81fd2613,19,8
0x7faa81fd260f,0x7faa81fd2618,-2,8
0x7faa81fd260f,0x7faa81fd2618,6,8
0x7faa81fd2618,0x7faa7f9b0af3,-48,8
0x7faa81fd2618,0x7faa7f9b4dc0,-43,8
0x7faa81fd263e,0x7faa81fd267f,8,8
0x7faa81fd264b,0x7faa81fd2650,-16,8
0x7faa81fd26cf,0x7faa81fd2706,40,8
0x7faa81fd26cf,0x7faa81fd270a,8,8
0x7faa81fd2706,0x7faa81faec6b,40,8
0x7faa820a7ba4,0x7faa820a7bb1,8,8
0x7faa820a7c36,0x7faa820a7c47,8,8
0x7faa820a7d06,0x7faa820a7d17,8,8
0x7faa820a7d13,0x7faa7f90664f,-40,8
0x7faa820a7d70,0x7faa820a7d82,4,8
0x7faa820a7e13,0x7faa7f90664f,-39,8
0x7faa820a7e34,0x7faa820a7e45,7,8
0x7faa7f840ce2,0x7faa7f8e8dfb,8,8
0x7faa7f847e0a,0x7faa7f8f9f97,0,8
0x7faa7f847e18,0x7faa7f8f9f9b,-16,8
0x7faa7f847e1c,0x7faa7f8f9fb6,8,8
0x7faa7f86aa16,0x7faa7f8e8f2e,16,8
0x7faa7f8d7424,0x7faa7f8db630,40,8
0x7faa7f8d76f3,0x7faa7f9b103d,-24,8
0x7faa7f8d7891,0x7faa7f8d78be,8,8
0x7faa7f8d7891,0x7faa7f8d7931,8,8
0x7faa7f8d7895,0x7faa7f8d7920,24,8
0x7faa7f8d7b0f,0x7faa7f8d7b10,8,8
0x7faa7f8d7b11,0x7faa7f8d7b13,8,8
0x7faa7f8d7e46,0x7faa7f83b354,-8,8
0x7faa7f8d7e46,0x7faa7f903318,32,8
0x7faa7f8d7e50,0x7faa7f83b2ec,24,8
0x7faa7f8d7fe8,0x7faa7f8d7fe8,0,8
0x7faa7f8d87a2,0x7faa7f8fdc92,32,8
0x7faa7f8d96c7,0x7faa7f8efae1,48,8
0x7faa7f8d96d4,0x7faa7f8dc81b,0,8
0x7faa7f8daa03,0x7faa7f8daa04,8,8
0x7faa7f8daa05,0x7faa7f8daa07,8,8
0x7faa7f8db590,0x7faa7f8db5b4,56,8
0x7faa7f8db590,0x7faa7f8df671,0,8
0x7faa7f8db630,0x7faa7f8d7424,-40,8
0x7faa7f8db630,0x7faa7f8d7424,56,8
0x7faa7f8db630,0x7faa7f8db650,56,8
0x7faa7f8db630,0x7faa7f8fdbf4,48,8
0x7faa7f8dbfc5,0x7faa7f8d7e46,0,8
0x7faa7f8dd890,0x7faa7f94b58a,-8,8
0x7faa7f8ddbc9,0x7faa7f916a06,16,8
0x7faa7f8de4b0,0x7faa7f8efae1,-8,8
0x7faa7f8de6c7,0x7faa7f8db641,40,8
0x7faa7f8de965,0x7faa7f9acf21,32,8
0x7faa7f8dea99,0x7faa7f8f7930,0,8
0x7faa7f8deb94,0x7faa7f8debae,-24,8
0x7faa7f8dee2b,0x7faa7f83ef19,-8,8
0x7faa7f8dee2b,0x7faa7f96ef94,40,8
0x7faa7f8df415,0x7faa7f92d4d7,8,8
0x7faa7f8df42e,0x7faa7f92d4d7,0,8
0x7faa7f8df6d0,0x7faa7f8df6d5,-16,8
0x7faa7f8dfc10,0x7faa7f90572c,-56,8
0x7faa7f8dfc6f,0x7faa7f9b4c6a,16,8
0x7faa7f8dfc72,0x7faa7f9167fd,16,8
0x7faa7f8dfd74,0x7faa81fd258e,8,8
0x7faa7f8dfd75,0x7faa7f92eacf,0,8
0x7faa7f8e0455,0x7faa7f8e04a3,1,8
0x7faa7f8e04cc,0x7faa7f8e04cc,1,8
0x7faa7f8e6aeb,0x7faa7f8e6aeb,0,8
0x7faa7f8e6b8d,0x7faa7f8f089f,0,8
0x7faa7f8e6c20,0x7faa7f90e88e,-8,8
0x7faa7f8e6c30,0x7faa7f8e6c34,8,8
0x7faa7f8e6c67,0x7faa7f8f084b,8,8
0x7faa7f8e6c67,0x7faa7f8f0c01,-16,8
0x7faa7f8e6d20,0x7faa7f8f7472,0,8
0x7faa7f8e6d20,0x7faa7f959d2e,0,8
0x7faa7f8e6d40,0x7faa7f91c8d5,0,8
0x7faa7f8e6fd5,0x7faa7f933ac2,0,8
0x7faa7f8e71c4,0x7faa7f96eeb8,0,8
0x7faa7f8e8d58,0x7faa7f8e8d73,16,8
0x7faa7f8e8d74,0x7faa7f8e8d75,8,8
0x7faa7f8e8d77,0x7faa7f8e8d79,8,8
0x7faa7f8e8dfb,0x7faa7f8e8d58,8,8
0x7faa7f8e8f19,0x7faa7f840cb2,-32,8
0x7faa7f8e8f19,0x7faa7f840cb2,-16,8
0x7faa7f8e8f19,0x7faa7f840cb2,16,8
0x7faa7f8e9003,0x7faa7f8e9007,40,8
0x7faa7f8e98bf,0x7faa820a7b8a,0,8
0x7faa7f8e9ad0,0x7faa7f922a28,0,8
0x7faa7f8e9ae5,0x7faa7f920625,16,8
0x7faa7f8e9c95,0x7faa7f8e9c95,-4,8
0x7faa7f8e9cb0,0x7faa7f905bd7,-16,8
0x7faa7f8e9cbe,0x7faa7f8e9af0,20,8
0x7faa7f8ea125,0x7faa7f8ea126,8,8
0x7faa7f8ea334,0x7faa7f8ea35a,1,8
0x7faa7f8ea334,0x7faa7f8eae64,-4,8
0x7faa7f8ea37a,0x7faa7f8eae64,-3,8
0x7faa7f8ead37,0x7faa7f903d26,0,8
0x7faa7f8eae64,0x7faa7f959a7f,-32,8
0x7faa7f8ef506,0x7faa7f8ef5f2,16,8
0x7faa7f8ef523,0x7faa7f9586fa,0,8
0x7faa7f8ef523,0x7faa7f959569,0,8
0x7faa7f8ef53a,0x7faa7f8ef657,-16,8
0x7faa7f8ef59e,0x7faa7f8ef4e0,32,8
0x7faa7f8ef6df,0x7faa7f8efa97,0,8
0x7faa7f8ef6df,0x7faa7f98d7e1,0,8
0x7faa7f8ef71b,0x7faa7f8ef9ad,24,8
0x7faa7f8ef735,0x7faa7f8ef74e,48,8
0x7faa7f8ef7b6,0x7faa7f8ef914,0,8
0x7faa7f8ef91b,0x7faa7f8d96c7,-16,8
0x7faa7f8ef92c,0x7faa7f8ef92c,0,8
0x7faa7f8ef960,0x7faa7f8ef6d1,32,8
0x7faa7f8efa00,0x7faa7f8d6ee0,0,8
0x7faa7f8efa00,0x7faa7f96d271,-16,8
0x7faa7f8efa20,0x7faa7f8ef6d1,32,8
0x7faa7f8efa50,0x7faa7f8ef6d1,32,8
0x7faa7f8efa97,0x7faa7f8ef6df,0,8
0x7faa7f8efa97,0x7faa7f91c8d5,0,8
0x7faa7f8efad3,0x7faa7f8ef76e,40,8
0x7faa7f8efb18,0x7faa7f8efb32,-8,8
0x7faa7f8efb18,0x7faa7f8efb60,-16,8
0x7faa7f8efb32,0x7faa7f8efb32,-8,8
0x7faa7f8efb75,0x7faa7f8efb75,-4,8
0x7faa7f8f0091,0x7faa7f8f00a3,8,8
0x7faa7f8f00d8,0x7faa7f8f00d9,8,8
0x7faa7f8f00da,0x7faa7f9b2dc4,16,8
0x7faa7f8f089f,0x7faa7f8f007f,0,8
0x7faa7f8f089f,0x7faa7f946bf0,0,8
0x7faa7f8f09d8,0x7faa7f8f0aa0,16,8
0x7faa7f8f09d8,0x7faa7f8f0abf,8,8
0x7faa7f8f2010,0x7faa7f94b58a,-8,8
0x7faa7f8f4960,0x7faa7f933366,-56,8
0x7faa7f8f4960,0x7faa7f933437,32,8
0x7faa7f8f4f09,0x7faa7f93fd54,0,8
0x7faa7f8f5233,0x7faa7f8f524a,-5,8
0x7faa7f8f524a,0x7faa7f8f5262,-5,8
0x7faa7f8f524a,0x7faa7f8f5262,-3,8
0x7faa7f8f524a,0x7faa7f8f5262,4,8
0x7faa7f8f5262,0x7faa7f8f5279,7,8
0x7faa7f8f5279,0x7faa7f8f5291,-7,8
0x7faa7f8f5279,0x7faa7f8f5291,14,8
0x7faa7f8f534e,0x7faa7f8f534e,1,8
0x7faa7f8f5365,0x7faa7f9da4d2,8,8
0x7faa7f8f6236,0x7faa7f8e6ae0,0,8
0x7faa7f8f6278,0x7faa7f8f635a,16,8
0x7faa7f8f6290,0x7faa7f8f62b8,8,8
0x7faa7f8f6290,0x7faa7f9b0861,0,8
0x7faa7f8f62b8,0x7faa7f8f68d4,8,8
0x7faa7f8f62e1,0x7faa7f8f630a,8,8
0x7faa7f8f64b0,0x7faa7f8f64ce,52,8
0x7faa7f8f6564,0x7faa7f8f65b4,-40,8
0x7faa7f8f6656,0x7faa7f8f6658,8,8
0x7faa7f8f6680,0x7faa7f8d6ee0,0,8
0x7faa7f8f6680,0x7faa7f8efa8d,8,8
0x7faa7f8f6870,0x7faa7f8f639a,-16,8
0x7faa7f8f68ae,0x7faa7f8f68bd,-8,8
0x7faa7f8f6efc,0x7faa7f8f6f23,-16,8
0x7faa7f8f741a,0x7faa7f8f741e,8,8
0x7faa7f8f7422,0x7faa7f9b0444,0,8
0x7faa7f8f7432,0x7faa7f8f7622,8,8
0x7faa7f8f7626,0x7faa7f8f762f,16,8
0x7faa7f8f7930,0x7faa7f951b22,8,8
0x7faa7f8f79ab,0x7faa7f91c756,0,8
0x7faa7f8f79d6,0x7faa7f959d35,0,8
0x7faa7f8f7a1a,0x7faa7f8ef4d0,-16,8
0x7faa7f8f7ab2,0x7faa7f8f7ab3,8,8
0x7faa7f8f7b42,0x7faa7f95bc76,0,8
0x7faa7f8f7c0e,0x7faa7f8f7c22,8,8
0x7faa7f8f7d07,0x7faa7f8dbf70,0,8
0x7faa7f8f7d14,0x7faa7f8f7d19,-16,8
0x7faa7f8f948c,0x7faa7f8f949a,1,8
0x7faa7f8f94be,0x7faa7f8f94d9,16,8
0x7faa7f8f94c3,0x7faa8231c0e7,-40,8
0x7faa7f8f94da,0x7faa7f8f94db,8,8
0x7faa7f8f94dd,0x7faa7f8f94df,8,8
0x7faa7f8f96c1,0x7faa7f90a714,0,8
0x7faa7f8f96c1,0x7faa7f94cb20,0,8
0x7faa7f8f9706,0x7faa7f8f9819,-6,8
0x7faa7f8f9801,0x7faa7f8fa5aa,-16,8
0x7faa7f8f9819,0x7faa7f8f9b50,2,8
0x7faa7f8f9819,0x7faa7f8fa445,1,8
0x7faa7f8f9fc5,0x7faa7f905393,0,8
0x7faa7f8fa5ca,0x7faa7f8fa5ca,8,8
0x7faa7f8fb185,0x7faa7f96eeb8,0,8
0x7faa7f8fb270,0x7faa7f9845ea,16,8
0x7faa7f8fb576,0x7faa7f9b077f,7,8
0x7faa7f8fb595,0x7faa7f9b0b0e,-42,8
0x7faa7f8fb5b4,0x7faa7f9b077f,5,8
0x7faa7f8fb5f6,0x7faa7f9b077f,3,8
0x7faa7f8fb68c,0x7faa7f8fb691,40,8
0x7faa7f8fb6b5,0x7faa7f8fb6c3,-8,8
0x7faa7f8fb6df,0x7faa7f95b6b5,0,8
0x7faa7f8fb703,0x7faa7f8fb70d,-40,8
0x7faa7f8fca25,0x7faa81fd2578,-1,8
0x7faa7f8fca25,0x7faa81fd260c,-35,8
0x7faa7f8fca60,0x7faa7f8fcaa0,1,8
0x7faa7f8fcb07,0x7faa7f8fcb08,8,8
0x7faa7f8fcb09,0x7faa7f8fcb0b,8,8
0x7faa7f8fcb0d,0x7faa7f8fcb0f,8,8
0x7faa7f8fd1dd,0x7faa7f8fd1f3,16,8
0x7faa7f8fd322,0x7faa7f8fd33a,24,8
0x7faa7f8fd84c,0x7faa7f8fd85e,16,8
0x7faa7f8fd8a8,0x7faa7f94630c,0,8
0x7faa7f8fdc68,0x7faa7f8d7891,24,8
0x7faa7f8fecb9,0x7faa7f92384f,0,8
0x7faa7f8fecb9,0x7faa7f95106a,0,8
0x7faa7f8fecb9,0x7faa7f96eeb8,0,8
0x7faa7f8fecb9,0x7faa7f9acfe1,0,8
0x7faa7f8feece,0x7faa7f8feed0,8,8
0x7faa7f902c66,0x7faa7f902c66,0,8
0x7faa7f902c66,0x7faa7f9b4bc4,-8,8
0x7faa7f902c6a,0x7faa7f90d3e4,-16,8
0x7faa7f902cba,0x7faa7f90582b,-24,8
0x7faa7f902cc4,0x7faa7f905bb4,0,8
0x7faa7f902cc4,0x7faa7f959911,0,8
0x7faa7f902cfc,0x7faa7f96eeb8,0,8
0x7faa7f902cfc,0x7faa7f9b0444,0,8
0x7faa7f902d0d,0x7faa7f905795,32,8
0x7faa7f902d0d,0x7faa7f9a6fed,32,8
0x7faa7f902e9d,0x7faa7f90653d,0,8
0x7faa7f902e9d,0x7faa7f9227a5,0,8
0x7faa7f902eb1,0x7faa7f9227b7,-8,8
0x7faa7f902ed5,0x7faa7f947809,0,8
0x7faa7f902ee5,0x7faa7f9b4c6a,16,8
0x7faa7f902f00,0x7faa7f902c66,-16,8
0x7faa7f903301,0x7faa7f9b0580,24,8
0x7faa7f903301,0x7faa7f9b0760,24,8
0x7faa7f90375b,0x7faa7f94a977,0,8
0x7faa7f90377a,0x7faa7f90e88a,24,8
0x7faa7f9037d2,0x7faa7f9037d3,8,8
0x7faa7f9037d5,0x7faa7f9037d7,8,8
0x7faa7f9037d9,0x7faa7f9037db,8,8
0x7faa7f903869,0x7faa7f9037d1,16,8
0x7faa7f9038d8,0x7faa7f9b4fd7,16,8
0x7faa7f903abc,0x7faa7f903abd,8,8
0x7faa7f903d7e,0x7faa7f90534d,16,8
0x7faa7f903d7e,0x7faa7f930308,32,8
0x7faa7f903ff9,0x7faa7f904255,0,8
0x7faa7f90400f,0x7faa7f98d677,8,8
0x7faa7f90405a,0x7faa7f8de4b6,-56,8
0x7faa7f90405a,0x7faa7f905845,-56,8
0x7faa7f904255,0x7faa7f90427d,-24,8
0x7faa7f904660,0x7faa7f9b4c3b,-8,8
0x7faa7f904fb4,0x7faa7f904fc5,8,8
0x7faa7f904fd9,0x7faa7f904fe3,0,8
0x7faa7f90500c,0x7faa7f905020,1,8
0x7faa7f90503a,0x7faa7f90503b,8,8
0x7faa7f90503c,0x7faa7f90503e,8,8
0x7faa7f905047,0x7faa7f953e4f,0,8
0x7faa7f90504a,0x7faa7f953e8c,-32,8
0x7faa7f905393,0x7faa7f9053a4,8,8
0x7faa7f905393,0x7faa7f9ac5f5,-8,8
0x7faa7f9053bc,0x7faa7f90a67f,12,8
0x7faa7f9056e2,0x7faa7f94b58a,0,8
0x7faa7f90572c,0x7faa7f90572c,0,8
0x7faa7f905742,0x7faa7f905857,0,8
0x7faa7f9057a0,0x7faa7f9078e5,8,8
0x7faa7f9057c4,0x7faa7f9a6ee1,0,8
0x7faa7f905857,0x7faa7f905742,0,8
0x7faa7f905876,0x7faa7f905795,16,8
0x7faa7f9058ec,0x7faa7f905795,20,8
0x7faa7f905ac8,0x7faa7f905acc,-8,8
0x7faa7f905bd3,0x7faa7f905d0a,0,8
0x7faa7f905bd7,0x7faa7f916767,0,8
0x7faa7f905c0f,0x7faa7f959570,0,8
0x7faa7f905c0f,0x7faa7f9b14f5,0,8
0x7faa7f905c35,0x7faa7f8f6236,0,8
0x7faa7f905c35,0x7faa7f902cc4,0,8
0x7faa7f905c35,0x7faa7f959569,0,8
0x7faa7f905c35,0x7faa7f9b14ee,0,8
0x7faa7f905c35,0x7faa7f9b4b60,0,8
0x7faa7f905cba,0x7faa7f905cea,0,8
0x7faa7f90653d,0x7faa7f9574d3,8,8
0x7faa7f90653d,0x7faa7f9b0b0e,-32,8
0x7faa7f90656d,0x7faa7f90656d,-18,8
0x7faa7f90656d,0x7faa7f90656d,-12,8
0x7faa7f90656d,0x7faa7f90656d,-4,8
0x7faa7f90656d,0x7faa7f90656d,-3,8
0x7faa7f90656d,0x7faa7f90656d,-2,8
0x7faa7f90656d,0x7faa7f90656d,0,8
0x7faa7f90656d,0x7faa7f90656d,14,8
0x7faa7f90656d,0x7faa7f90656d,20,8
0x7faa7f90656d,0x7faa7f90656d,25,8
0x7faa7f90656d,0x7faa7f90656d,30,8
0x7faa7f90656d,0x7faa7f90656d,39,8
0x7faa7f90656d,0x7faa7f90656d,51,8
0x7faa7f90656d,0x7faa7f906588,14,8
0x7faa7f90656d,0x7faa7f906588,40,8
0x7faa7f90656d,0x7faa7f957388,-44,8
0x7faa7f90656d,0x7faa7f957388,-40,8
0x7faa7f90656d,0x7faa7f957388,-39,8
0x7faa7f90656d,0x7faa7f957388,-38,8
0x7faa7f90656d,0x7faa7f957388,-35,8
0x7faa7f90656d,0x7faa7f957388,-33,8
0x7faa7f90656d,0x7faa7f9573b2,-35,8
0x7faa7f90656d,0x7faa7f9573b2,-28,8
0x7faa7f90656d,0x7faa7f9573b2,-26,8
0x7faa7f90656d,0x7faa7f9573b2,-25,8
0x7faa7f90656d,0x7faa7f9573b2,-24,8
0x7faa7f90656d,0x7faa7f9573b2,-22,8
0x7faa7f90656d,0x7faa7f9573b2,-18,8
0x7faa7f90656d,0x7faa7f9573b2,-17,8
0x7faa7f90656d,0x7faa7f9573b2,-15,8
0x7faa7f90656d,0x7faa7f9573b2,-13,8
0x7faa7f90656d,0x7faa7f9573b2,-8,8
0x7faa7f90656d,0x7faa7f957815,0,8
0x7faa7f90656d,0x7faa81fd26c4,1,8
0x7faa7f90656d,0x7faa81fd26c4,6,8
0x7faa7f9065c0,0x7faa7f9065c0,-46,8
0x7faa7f9065c0,0x7faa7f9065c0,-22,8
0x7faa7f9065c0,0x7faa7f9065c0,-12,8
0x7faa7f9065c0,0x7faa7f9065c0,-8,8
0x7faa7f9065c0,0x7faa7f9065c0,-6,8
0x7faa7f9065c0,0x7faa7f9065c0,0,8
0x7faa7f9065c0,0x7faa7f9065c0,6,8
0x7faa7f9065c0,0x7faa7f9065c0,18,8
0x7faa7f9065c0,0x7faa7f9065c0,30,8
0x7faa7f9065c0,0x7faa7f9065c0,32,8
0x7faa7f9065c0,0x7faa7f9065c0,38,8
0x7faa7f9065c0,0x7faa7f957388,-40,8
0x7faa7f9065c0,0x7faa7f9576bf,-50,8
0x7faa7f906667,0x7faa7f906696,-40,8
0x7faa7f906692,0x7faa7f906588,16,8
0x7faa7f906752,0x7faa7f905bd7,16,8
0x7faa7f906ef3,0x7faa7f906ef4,8,8
0x7faa7f906ef4,0x7faa7f951ac2,16,8
0x7faa7f9075c2,0x7faa7f915e10,0,8
0x7faa7f9075c6,0x7faa7f915e21,0,8
0x7faa7f9075cb,0x7faa7f90c82d,0,8
0x7faa7f907605,0x7faa7f907606,8,8
0x7faa7f907607,0x7faa7f907609,8,8
0x7faa7f90760b,0x7faa7f90760d,8,8
0x7faa7f907804,0x7faa7f907804,0,8
0x7faa7f907810,0x7faa7f907810,0,8
0x7faa7f907861,0x7faa7f8dd890,8,8
0x7faa7f90786e,0x7faa7f90786e,0,8
0x7faa7f907872,0x7faa7f907872,0,8
0x7faa7f90787f,0x7faa7f90787f,0,8
0x7faa7f90788d,0x7faa7f94b54f,0,8
0x7faa7f9078e1,0x7faa7f9904d4,8,8
0x7faa7f907902,0x7faa7f9078c9,0,8
0x7faa7f907bc1,0x7faa7f9b0861,0,8
0x7faa7f907bde,0x7faa7f92ded6,0,8
0x7faa7f907bde,0x7faa7f952d9e,0,8
0x7faa7f907bf0,0x7faa7f907cd2,8,8
0x7faa7f907bf0,0x7faa7f92de9d,8,8
0x7faa7f907bf0,0x7faa7f951e88,8,8
0x7faa7f907bf0,0x7faa7f9da2eb,8,8
0x7faa7f907cd3,0x7faa7f907cdc,16,8
0x7faa7f907d20,0x7faa7f906541,-8,8
0x7faa7f907d34,0x7faa7f907d42,8,8
0x7faa7f907d47,0x7faa7f9b0e30,0,8
0x7faa7f907d56,0x7faa7f907d57,8,8
0x7faa7f907d58,0x7faa7f907d5a,8,8
0x7faa7f90a4cd,0x7faa7f94d5d3,-8,8
0x7faa7f90a664,0x7faa7f903d26,0,8
0x7faa7f90a6a1,0x7faa7f90a6b5,16,8
0x7faa7f90a6a6,0x7faa7f8f941a,0,8
0x7faa7f90a714,0x7faa7f90a73c,0,8
0x7faa7f90a72f,0x7faa7f90a737,4,8
0x7faa7f90a73c,0x7faa7f8f7b42,0,8
0x7faa7f90a73c,0x7faa7f8f98f2,0,8
0x7faa7f90a73c,0x7faa7f9a6ec9,0,8
0x7faa7f90a74b,0x7faa7f8fa00e,24,8
0x7faa7f90c8b4,0x7faa7f90c990,8,8
0x7faa7f90cca0,0x7faa7f961cb6,0,8
0x7faa7f90cca4,0x7faa7f90cd65,0,8
0x7faa7f90ccf0,0x7faa7f90cd6d,8,8
0x7faa7f90cd60,0x7faa7f927b37,24,8
0x7faa7f90cd87,0x7faa7f90c52a,0,8
0x7faa7f90cdcd,0x7faa7f90cdce,8,8
0x7faa7f90cdcf,0x7faa7f90cdd1,8,8
0x7faa7f90d3b1,0x7faa7f90cca8,-8,8
0x7faa7f90d3ba,0x7faa7f90cd7a,16,8
0x7faa7f90d3e0,0x7faa7f902e9d,24,8
0x7faa7f90d3e0,0x7faa7f9235ae,24,8
0x7faa7f90e846,0x7faa8231c0e7,-40,8
0x7faa7f90e89f,0x7faa7f9b5a7c,16,8
0x7faa7f90ebf7,0x7faa81fd257e,8,8
0x7faa7f90ebf7,0x7faa81fd260c,8,8
0x7faa7f90ed41,0x7faa7f90ed92,-40,8
0x7faa7f90ed4d,0x7faa7f96efc1,8,8
0x7faa7f914b74,0x7faa7f95b6b0,32,8
0x7faa7f915e35,0x7faa7f915e5c,8,8
0x7faa7f915e39,0x7faa7f915e66,8,8
0x7faa7f916761,0x7faa7f9b0c89,-16,8
0x7faa7f916772,0x7faa7f916991,0,8
0x7faa7f91681a,0x7faa7f8ddbb0,8,8
0x7faa7f9169a7,0x7faa7f9169a8,8,8
0x7faa7f9169a9,0x7faa7f9169ab,8,8
0x7faa7f9169ad,0x7faa7f8dd889,8,8
0x7faa7f91af48,0x7faa7f91af4c,8,8
0x7faa7f91b055,0x7faa7f91b073,16,8
0x7faa7f91b074,0x7faa7f91b075,8,8
0x7faa7f91b077,0x7faa7f91b079,8,8
0x7faa7f91b07b,0x7faa7f91b07d,8,8
0x7faa7f91b34e,0x7faa7f93db5a,0,8
0x7faa7f91b34e,0x7faa7f981827,0,8
0x7faa7f91b34e,0x7faa7f982c87,0,8
0x7faa7f91b378,0x7faa7f90339d,0,8
0x7faa7f91b378,0x7faa7f982ce7,0,8
0x7faa7f91b46e,0x7faa7f90c52a,0,8
0x7faa7f91b472,0x7faa7f91b4cc,0,8
0x7faa7f91b4be,0x7faa7f9b1033,-32,8
0x7faa7f91b4c7,0x7faa7f91b4df,8,8
0x7faa7f91b4e1,0x7faa7f91b4e3,8,8
0x7faa7f91c6bf,0x7faa7f90ed92,40,8
0x7faa7f91c6fa,0x7faa7f91c6fa,8,8
0x7faa7f91c717,0x7faa7f91c96e,8,8
0x7faa7f91c756,0x7faa7f902cc4,0,8
0x7faa7f91c756,0x7faa7f91c756,0,8
0x7faa7f91c802,0x7faa7f922a28,0,8
0x7faa7f91c802,0x7faa7f98d65c,0,8
0x7faa7f91c815,0x7faa7f91c816,8,8
0x7faa7f91c817,0x7faa7f91c819,8,8
0x7faa7f91c81b,0x7faa7f91c81d,8,8
0x7faa7f91c8dc,0x7faa7f959570,0,8
0x7faa7f91c8dc,0x7faa7f9595c8,0,8
0x7faa7f91c991,0x7faa7f8efa8d,8,8
0x7faa7f91cad7,0x7faa7f9b25e4,-16,8
0x7faa7f9205d6,0x7faa7f9205d6,0,8
0x7faa7f9205ef,0x7faa7f8e9b10,38,8
0x7faa7f920626,0x7faa7f920627,8,8
0x7faa7f920650,0x7faa7f920661,0,8
0x7faa7f920650,0x7faa7f9206a1,8,8
0x7faa7f920661,0x7faa7f9b5781,-48,8
0x7faa7f9206a1,0x7faa7f905bd3,-8,8
0x7faa7f9207a7,0x7faa7f9207a8,8,8
0x7faa7f9207aa,0x7faa7f9207ac,8,8
0x7faa7f9215e8,0x7faa7f9b0af3,-16,8
0x7faa7f921713,0x7faa7f921714,8,8
0x7faa7f9227a5,0x7faa7f922a5a,0,8
0x7faa7f9227ec,0x7faa7f902ce9,-32,8
0x7faa7f9227ec,0x7faa7f9227ec,-24,8
0x7faa7f9227ec,0x7faa7f9227ec,-12,8
0x7faa7f9227ec,0x7faa7f9227ec,-11,8
0x7faa7f9227ec,0x7faa7f9227ec,-4,8
0x7faa7f9227ec,0x7faa7f9227ec,-3,8
0x7faa7f9227ec,0x7faa7f9227ec,11,8
0x7faa7f9227ec,0x7faa7f9227ec,14,8
0x7faa7f9227ec,0x7faa7f9227ec,33,8
0x7faa7f9227ec,0x7faa7f922802,12,8
0x7faa7f9227ec,0x7faa7f922802,36,8
0x7faa7f9227ec,0x7faa7f922aa8,-11,8
0x7faa7f9227ec,0x7faa7f957388,-47,8
0x7faa7f9227ec,0x7faa7f957388,-46,8
0x7faa7f9227ec,0x7faa7f9573b2,-44,8
0x7faa7f9227ec,0x7faa7f9573b2,-37,8
0x7faa7f9227ec,0x7faa7f9573b2,-32,8
0x7faa7f9227ec,0x7faa7f9573b2,-31,8
0x7faa7f9227ec,0x7faa7f9573b2,-28,8
0x7faa7f9227ec,0x7faa7f9573b2,-26,8
0x7faa7f922802,0x7faa7f9227ec,-42,8
0x7faa7f922802,0x7faa7f922802,-24,8
0x7faa7f922802,0x7faa7f922802,48,8
0x7faa7f922802,0x7faa81fd2706,48,8
0x7faa7f922839,0x7faa7f922839,-30,8
0x7faa7f922839,0x7faa7f922839,-8,8
0x7faa7f922839,0x7faa7f922839,34,8
0x7faa7f922839,0x7faa7f922839,38,8
0x7faa7f9228a2,0x7faa820a7bb1,16,8
0x7faa7f92297e,0x7faa7f92297f,8,8
0x7faa7f922a72,0x7faa7f902ce9,8,8
0x7faa7f922aa8,0x7faa7f9227ec,15,8
0x7faa7f922aa8,0x7faa7f922a65,-40,8
0x7faa7f922aa8,0x7faa7f922a65,-33,8
0x7faa7f922aa8,0x7faa7f922a65,-32,8
0x7faa7f922aa8,0x7faa7f922aa8,-32,8
0x7faa7f922aa8,0x7faa7f922aa8,-12,8
0x7faa7f922aa8,0x7faa7f922aa8,-5,8
0x7faa7f922aa8,0x7faa7f922aa8,-4,8
0x7faa7f922aa8,0x7faa7f922aa8,-3,8
0x7faa7f922aa8,0x7faa7f922aa8,0,8
0x7faa7f922aa8,0x7faa7f922aa8,21,8
0x7faa7f922abe,0x7faa7f922aa8,-43,8
0x7faa7f922abe,0x7faa7f922aa8,-31,8
0x7faa7f922abe,0x7faa7f922aa8,-11,8
0x7faa7f922abe,0x7faa7f922abe,-48,8
0x7faa7f922bc2,0x7faa7f9ac131,0,8
0x7faa7f923486,0x7faa7f923487,8,8
0x7faa7f923510,0x7faa7f92311e,-24,8
0x7faa7f9235b5,0x7faa7f9b4bce,-40,8
0x7faa7f9235d7,0x7faa7f9235d8,8,8
0x7faa7f923636,0x7faa7f96d850,-32,8
0x7faa7f924179,0x7faa7f9205d6,0,8
0x7faa7f9241a5,0x7faa7f9241a6,8,8
0x7faa7f9241a7,0x7faa7f9b4bf5,16,8
0x7faa7f9246fb,0x7faa7f9246fc,8,8
0x7faa7f92539e,0x7faa7f9253af,24,8
0x7faa7f92539e,0x7faa7f925404,8,8
0x7faa7f9253af,0x7faa7f9257c6,16,8
0x7faa7f9253d2,0x7faa7f925916,20,8
0x7faa7f925404,0x7faa7f9257c6,32,8
0x7faa7f9257c6,0x7faa7f9257ca,5,8
0x7faa7f9257c6,0x7faa7f9257ca,7,8
0x7faa7f9257c6,0x7faa7f9257ca,8,8
0x7faa7f9257ca,0x7faa7f925800,-2,8
0x7faa7f925916,0x7faa7f925916,5,8
0x7faa7f925e4f,0x7faa7f925e7f,36,8
0x7faa7f925e4f,0x7faa7f925e7f,43,8
0x7faa7f925e4f,0x7faa7f925e7f,44,8
0x7faa7f925e7f,0x7faa7f925e7f,-11,8
0x7faa7f925e7f,0x7faa7f925e7f,0,8
0x7faa7f925e7f,0x7faa7f925e7f,1,8
0x7faa7f925e7f,0x7faa7f925e7f,7,8
0x7faa7f925e7f,0x7faa7f925e7f,8,8
0x7faa7f925e7f,0x7faa7f957330,-37,8
0x7faa7f925e7f,0x7faa7f957330,-32,8
0x7faa7f925e7f,0x7faa7f957330,-26,8
0x7faa7f925e95,0x7faa7f925e7f,-45,8
0x7faa7f925e95,0x7faa7f925e7f,-36,8
0x7faa7f925e95,0x7faa7f925e7f,-16,8
0x7faa7f925e95,0x7faa7f925e7f,-11,8
0x7faa7f925e95,0x7faa7f925e7f,-9,8
0x7faa7f925e95,0x7faa7f957330,-40,8
0x7faa7f925e9e,0x7faa7f9574d3,0,8
0x7faa7f925eb6,0x7faa7f925eb8,8,8
0x7faa7f926af1,0x7faa7f926afd,-16,8
0x7faa7f926c22,0x7faa7f926c26,8,8
0x7faa7f926c87,0x7faa7f926c88,8,8
0x7faa7f926c89,0x7faa7f926c8b,8,8
0x7faa7f926c8d,0x7faa7f926c8f,8,8
0x7faa7f927b4d,0x7faa7f927b86,16,8
0x7faa7f927b90,0x7faa7f9b1c0b,-16,8
0x7faa7f927c03,0x7faa7f927c04,8,8
0x7faa7f927c06,0x7faa7f927c08,8,8
0x7faa7f927c0a,0x7faa7f927c0c,8,8
0x7faa7f92ad70,0x7faa7f92ad70,-40,8
0x7faa7f92d27b,0x7faa7f8e8f2e,32,8
0x7faa7f92d7b6,0x7faa7f9215dc,16,8
0x7faa7f92d88e,0x7faa7f92db87,-1,8
0x7faa7f92d8ae,0x7faa7f92d8af,8,8
0x7faa7f92d8b2,0x7faa7f92d8b4,8,8
0x7faa7f92d95a,0x7faa7f92d95f,8,8
0x7faa7f92de74,0x7faa7f907b4a,0,8
0x7faa7f92deb2,0x7faa7f92d783,24,8
0x7faa7f92ded1,0x7faa7f92dee9,8,8
0x7faa7f92deeb,0x7faa7f92deed,8,8
0x7faa7f92deef,0x7faa7f92def1,8,8
0x7faa7f92e207,0x7faa7f8fd1dd,48,8
0x7faa7f92e222,0x7faa7f92ebb5,-8,8
0x7faa7f92e716,0x7faa7f8dfcff,16,8
0x7faa7f92e734,0x7faa7f92e759,0,8
0x7faa7f92e738,0x7faa7f92e750,-24,8
0x7faa7f92e75f,0x7faa7f92e760,8,8
0x7faa7f92e760,0x7faa7f92e761,8,8
0x7faa7f92e8ef,0x7faa7f92e707,16,8
0x7faa7f92e915,0x7faa7f92e916,8,8
0x7faa7f92e917,0x7faa7f92e919,8,8
0x7faa7f92ea93,0x7faa7f92ea97,-8,8
0x7faa7f92eaa7,0x7faa7f92eac5,-8,8
0x7faa7f92eadd,0x7faa7f92eadf,8,8
0x7faa7f92eb93,0x7faa7f92ebbc,-8,8
0x7faa7f92ebc3,0x7faa7f8fb686,0,8
0x7faa7f930156,0x7faa7f903d26,0,8
0x7faa7f93020a,0x7faa7f930151,8,8
0x7faa7f9302c3,0x7faa7f8ea2ce,-7,8
0x7faa7f932cdb,0x7faa7f9e35d4,16,8
0x7faa7f932d5a,0x7faa7f932d5a,-48,8
0x7faa7f93335e,0x7faa7f933370,16,8
0x7faa7f93337d,0x7faa7f8f4d96,-8,8
0x7faa7f93343f,0x7faa7f8fec56,0,8
0x7faa7f933459,0x7faa7f93345a,8,8
0x7faa7f93345c,0x7faa7f93345e,8,8
0x7faa7f933460,0x7faa7f933462,8,8
0x7faa7f9334a9,0x7faa7f9334c3,16,8
0x7faa7f933abe,0x7faa7f932d0c,-16,8
0x7faa7f933ae4,0x7faa7f933afa,-8,8
0x7faa7f933ae4,0x7faa7f9341cf,-16,8
0x7faa7f933afe,0x7faa7f933b29,-24,8
0x7faa7f933b0f,0x7faa7f8ef570,0,8
0x7faa7f933b3b,0x7faa7f951ed5,0,8
0x7faa7f933d17,0x7faa81fd2477,16,8
0x7faa7f933d17,0x7faa81fd258f,19,8
0x7faa7f933dec,0x7faa7f933f0c,48,8
0x7faa7f933f4b,0x7faa7f934059,-8,8
0x7faa7f93c741,0x7faa7f8f5229,16,8
0x7faa7f93c74f,0x7faa7f8f5229,32,8
0x7faa7f93c74f,0x7faa7f9b0af3,-16,8
0x7faa7f93cd0a,0x7faa7f93cd0b,8,8
0x7faa7f93cd0c,0x7faa7f93cd0e,8,8
0x7faa7f93cd10,0x7faa7f93cd12,8,8
0x7faa7f93db96,0x7faa7f9573f5,0,8
0x7faa7f93f3e0,0x7faa7f93f3e0,0,8
0x7faa7f93f871,0x7faa7f9a6ff2,0,8
0x7faa7f93f887,0x7faa7f93f888,8,8
0x7faa7f93fd17,0x7faa7f93fd17,0,8
0x7faa7f941315,0x7faa7f94132d,-8,8
0x7faa7f9462ec,0x7faa7f9b0869,40,8
0x7faa7f946314,0x7faa7f8de4b6,-32,8
0x7faa7f946c52,0x7faa7f8f942a,0,8
0x7faa7f946c9c,0x7faa7f946c9d,8,8
0x7faa7f946c9f,0x7faa7f9ad0e0,16,8
0x7faa7f947455,0x7faa7f947466,24,8
0x7faa7f94747f,0x7faa7f946c68,-16,8
0x7faa7f9476ac,0x7faa7f94b59b,0,8
0x7faa7f9476ac,0x7faa7f9a8117,8,8
0x7faa7f9476dc,0x7faa7f9476dd,8,8
0x7faa7f94782e,0x7faa7f91b4b0,8,8
0x7faa7f94784e,0x7faa7f8e9826,0,8
0x7faa7f94784e,0x7faa7f902e68,0,8
0x7faa7f94785d,0x7faa7f94785e,8,8
0x7faa7f94a98f,0x7faa7f94a990,8,8
0x7faa7f94a992,0x7faa7f94a994,8,8
0x7faa7f94b062,0x7faa7f94b081,8,8
0x7faa7f94b062,0x7faa7f9b0af3,-8,8
0x7faa7f94b07d,0x7faa820a7ba0,16,8
0x7faa7f94b07d,0x7faa820a7c21,16,8
0x7faa7f94b07d,0x7faa820a7cf1,16,8
0x7faa7f94b07d,0x7faa820a7d40,16,8
0x7faa7f94b081,0x7faa7f95753f,-16,8
0x7faa7f94b095,0x7faa820a7b79,0,8
0x7faa7f94b095,0x7faa820a7b8a,0,8
0x7faa7f94b095,0x7faa820a7c54,0,8
0x7faa7f94b095,0x7faa820a7d06,0,8
0x7faa7f94b095,0x7faa820a7d73,0,8
0x7faa7f94b095,0x7faa820a7e06,0,8
0x7faa7f94b095,0x7faa820a7e34,0,8
0x7faa7f94b4f8,0x7faa7f94bc73,0,8
0x7faa7f94b4ff,0x7faa7f907849,0,8
0x7faa7f94b522,0x7faa7f94b52d,0,8
0x7faa7f94b54a,0x7faa7f94b562,8,8
0x7faa7f94b59b,0x7faa7f9476ac,0,8
0x7faa7f94b59b,0x7faa7f94b59b,0,8
0x7faa7f94bc64,0x7faa7f94bc6f,-8,8
0x7faa7f94c01d,0x7faa7f953e1f,0,8
0x7faa7f94cba5,0x7faa7f8f98f2,0,8
0x7faa7f94d17d,0x7faa7f94d2a8,-4,8
0x7faa7f94d1e3,0x7faa7f94d313,-32,8
0x7faa7f94d1e3,0x7faa7f94d3e6,-32,8
0x7faa7f94d1fd,0x7faa7f94d1aa,1,8
0x7faa7f94d229,0x7faa7f94d229,0,8
0x7faa7f94d250,0x7faa7f94e760,8,8
0x7faa7f94d27d,0x7faa7f94e76c,48,8
0x7faa7f94d2e1,0x7faa7f95042d,0,8
0x7faa7f94d335,0x7faa7f905393,0,8
0x7faa7f94d420,0x7faa7f94d318,-16,8
0x7faa7f94d420,0x7faa7f94d424,56,8
0x7faa7f94d424,0x7faa7f94d340,8,8
0x7faa7f94d461,0x7faa7f8fc9c2,0,8
0x7faa7f94d461,0x7faa7f9ac25b,0,8
0x7faa7f94d589,0x7faa7f94d59b,48,8
0x7faa7f94e76c,0x7faa7f94d3f0,-56,8
0x7faa7f94e76c,0x7faa7f95043f,-8,8
0x7faa7f94f083,0x7faa7f94fc75,8,8
0x7faa7f94f27c,0x7faa7f94f2f0,32,8
0x7faa7f94f420,0x7faa7f92ad60,0,8
0x7faa7f94fc7f,0x7faa7f94fc93,16,8
0x7faa7f9503b1,0x7faa7f94d0b1,0,8
0x7faa7f95042d,0x7faa7f96eeb8,0,8
0x7faa7f95043f,0x7faa7f96f9bb,24,8
0x7faa7f95106a,0x7faa7f90ebfb,0,8
0x7faa7f951a4d,0x7faa7f9817e0,-8,8
0x7faa7f951a4d,0x7faa7f982c40,-8,8
0x7faa7f951ac3,0x7faa7f951ac4,8,8
0x7faa7f951ac8,0x7faa7f8f7ab1,16,8
0x7faa7f951b1b,0x7faa7f951b2f,8,8
0x7faa7f951b36,0x7faa7f94769b,0,8
0x7faa7f951b61,0x7faa7f951b65,8,8
0x7faa7f951b68,0x7faa7f951b6d,8,8
0x7faa7f951ed0,0x7faa7f951ee4,16,8
0x7faa7f9527cc,0x7faa7f9527e4,8,8
0x7faa7f9527d1,0x7faa7f9acde3,0,8
0x7faa7f9527e6,0x7faa7f9527e8,8,8
0x7faa7f953395,0x7faa7f953ea2,24,8
0x7faa7f953eb5,0x7faa7f953ec4,24,8
0x7faa7f953ec9,0x7faa7f922a28,0,8
0x7faa7f953edc,0x7faa7f953edd,8,8
0x7faa7f953ede,0x7faa7f953ee0,8,8
0x7faa7f953ee2,0x7faa7f953ee4,8,8
0x7faa7f95741b,0x7faa7f9527a8,0,8
0x7faa7f95741b,0x7faa7f9b0e30,0,8
0x7faa7f957440,0x7faa7f957451,56,8
0x7faa7f957451,0x7faa7f8efb3c,-8,8
0x7faa7f957451,0x7faa7f9b314d,-8,8
0x7faa7f9575af,0x7faa7f93dae0,16,8
0x7faa7f9575af,0x7faa7f93de89,16,8
0x7faa7f9575af,0x7faa7f93dea3,16,8
0x7faa7f9575f9,0x7faa7f957607,-22,8
0x7faa7f9575f9,0x7faa7f95777f,-14,8
0x7faa7f9575f9,0x7faa7f95777f,-4,8
0x7faa7f9575f9,0x7faa7f95777f,2,8
0x7faa7f9575f9,0x7faa7f95777f,4,8
0x7faa7f9575f9,0x7faa7f95777f,14,8
0x7faa7f9575f9,0x7faa7f95777f,26,8
0x7faa7f9575f9,0x7faa7f957832,18,8
0x7faa7f9576b1,0x7faa7f9576bf,-14,8
0x7faa7f9576b1,0x7faa7f957815,6,8
0x7faa7f95777f,0x7faa7f957832,-46,8
0x7faa7f957815,0x7faa7f957815,1,8
0x7faa7f957832,0x7faa7f957832,-24,8
0x7faa7f957832,0x7faa7f957832,-2,8
0x7faa7f957832,0x7faa7f957832,6,8
0x7faa7f957832,0x7faa7f957832,8,8
0x7faa7f957832,0x7faa7f957832,16,8
0x7faa7f957832,0x7faa7f957832,32,8
0x7faa7f957ae5,0x7faa7f957b03,32,8
0x7faa7f9583b4,0x7faa7f9583de,4,8
0x7faa7f9587bf,0x7faa7f958851,16,8
0x7faa7f9587ca,0x7faa7f8f652c,0,8
0x7faa7f9587ec,0x7faa7f8ef6df,0,8
0x7faa7f9587ec,0x7faa7f905bb4,0,8
0x7faa7f958803,0x7faa7f958891,16,8
0x7faa7f958851,0x7faa7f95889e,8,8
0x7faa7f95892d,0x7faa7f8ef60f,0,8
0x7faa7f958f21,0x7faa7f9572dc,-24,8
0x7faa7f958f8f,0x7faa7f958f90,8,8
0x7faa7f958f91,0x7faa7f958f93,8,8
0x7faa7f958fa0,0x7faa7f957330,8,8
0x7faa7f958fa0,0x7faa7f958fa5,-8,8
0x7faa7f95901e,0x7faa7f958f5c,24,8
0x7faa7f9592b6,0x7faa7f9592d0,24,8
0x7faa7f9592d1,0x7faa7f9592d2,8,8
0x7faa7f9592d4,0x7faa7f9592d6,8,8
0x7faa7f959570,0x7faa7f9b14f5,0,8
0x7faa7f9595c8,0x7faa7f905c0f,0,8
0x7faa7f9595c8,0x7faa7f959570,0,8
0x7faa7f9597f7,0x7faa7f9b4f17,-24,8
0x7faa7f959844,0x7faa7f907d0e,24,8
0x7faa7f959844,0x7faa7f923122,24,8
0x7faa7f959844,0x7faa7f93c74f,8,8
0x7faa7f959844,0x7faa7f96fd34,16,8
0x7faa7f959844,0x7faa7f978b5a,16,8
0x7faa7f959844,0x7faa7f9da4a9,8,8
0x7faa7f959911,0x7faa7f8e6b8d,0,8
0x7faa7f959d5f,0x7faa7f959d99,0,8
0x7faa7f959d74,0x7faa7f8ef4d0,-16,8
0x7faa7f959d8c,0x7faa7f959a71,8,8
0x7faa7f95b531,0x7faa7f8fb298,0,8
0x7faa7f95b548,0x7faa7f95b548,1,8
0x7faa7f95b55a,0x7faa7f95b55a,-40,8
0x7faa7f95b55a,0x7faa7f95b55a,0,8
0x7faa7f95b6b5,0x7faa7f95b531,0,8
0x7faa7f95b6b5,0x7faa7f95beed,0,8
0x7faa7f95b874,0x7faa7f95bc2b,8,8
0x7faa7f95b8a5,0x7faa7f95b8b7,16,8
0x7faa7f95b8c0,0x7faa7f95b52e,0,8
0x7faa7f95bc2b,0x7faa7f95b874,8,8
0x7faa7f95bc2b,0x7faa7f95b8c3,8,8
0x7faa7f95bc37,0x7faa7f95bed6,0,8
0x7faa7f95bc76,0x7faa7f95b531,0,8
0x7faa7f95bc86,0x7faa7f95bcdf,0,8
0x7faa7f95bce3,0x7faa7f95bce3,0,8
0x7faa7f95bcf0,0x7faa7f95b548,-4,8
0x7faa7f95bed6,0x7faa7f95bee8,32,8
0x7faa7f95beed,0x7faa7f8fec56,0,8
0x7faa7f961ca6,0x7faa7f961d2b,0,8
0x7faa7f961d26,0x7faa7f961d3e,16,8
0x7faa7f961d3f,0x7faa7f961d40,8,8
0x7faa7f966177,0x7faa7f966b58,0,8
0x7faa7f96662b,0x7faa7f96662c,8,8
0x7faa7f96662d,0x7faa7f96662f,8,8
0x7faa7f966633,0x7faa7f966635,8,8
0x7faa7f966b99,0x7faa7f8fd89e,-8,8
0x7faa7f96cd5f,0x7faa7f96cd60,8,8
0x7faa7f96cd61,0x7faa7f96cd63,8,8
0x7faa7f96cd65,0x7faa7f96cd67,8,8
0x7faa7f96ceae,0x7faa7f96cef7,0,8
0x7faa7f96cec7,0x7faa7f96cedb,-8,8
0x7faa7f96ceea,0x7faa7f8de4b0,-16,8
0x7faa7f96cf0a,0x7faa7f96cf0b,8,8
0x7faa7f96cf0c,0x7faa7f96cf0e,8,8
0x7faa7f96cf10,0x7faa7f96cf12,8,8
0x7faa7f96d278,0x7faa7f96d27c,8,8
0x7faa7f96d2c5,0x7faa7f96d335,8,8
0x7faa7f96d2dc,0x7faa7f96d2ea,-32,8
0x7faa7f96d2f7,0x7faa7f96d304,16,8
0x7faa7f96d625,0x7faa7f96d634,8,8
0x7faa7f96eeb8,0x7faa7f9078c9,0,8
0x7faa7f96efc6,0x7faa7f8e7175,0,8
0x7faa7f96efc6,0x7faa7f91c802,0,8
0x7faa7f96efc6,0x7faa7f9572cc,0,8
0x7faa7f96efc6,0x7faa7f978e84,0,8
0x7faa7f96efe1,0x7faa7f96f111,24,8
0x7faa7f96f161,0x7faa7f96f162,8,8
0x7faa7f96f172,0x7faa7f97474a,-8,8
0x7faa7f96f98a,0x7faa7f9503b1,0,8
0x7faa7f96fbb5,0x7faa7f96fbcd,16,8
0x7faa7f96fbba,0x7faa7f8f7c6e,0,8
0x7faa7f96fbce,0x7faa7f96fbcf,8,8
0x7faa7f96fbd1,0x7faa7f96fbd3,8,8
0x7faa7f96fd82,0x7faa7f9b0af3,-32,8
0x7faa7f96fdbe,0x7faa7f96fdc2,8,8
0x7faa7f96fdc3,0x7faa7f917e14,8,8
0x7faa7f96fe4b,0x7faa7f902c86,0,8
0x7faa7f96ffbb,0x7faa7f96ffbf,-16,8
0x7faa7f970011,0x7faa7f970025,-8,8
0x7faa7f970047,0x7faa7f90a714,0,8
0x7faa7f970060,0x7faa7f970061,8,8
0x7faa7f970062,0x7faa7f970064,8,8
0x7faa7f970066,0x7faa7f970068,8,8
0x7faa7f9700fc,0x7faa7f96ffed,16,8
0x7faa7f970956,0x7faa7f97417e,0,8
0x7faa7f97096f,0x7faa7f970970,8,8
0x7faa7f973fb1,0x7faa7f9ad165,16,8
0x7faa7f9741ad,0x7faa7f9741d0,0,8
0x7faa7f9741d0,0x7faa7f973f61,0,8
0x7faa7f9741e8,0x7faa7f973f45,8,8
0x7faa7f974214,0x7faa7f974247,0,8
0x7faa7f974247,0x7faa7f973f95,0,8
0x7faa7f974279,0x7faa7f97417e,0,8
0x7faa7f974279,0x7faa8231c0e7,-40,8
0x7faa7f97428c,0x7faa7f97428d,8,8
0x7faa7f97428e,0x7faa7f974290,8,8
0x7faa7f974292,0x7faa7f974294,8,8
0x7faa7f9746e8,0x7faa7f9746e9,8,8
0x7faa7f9746f9,0x7faa7f974737,0,8
0x7faa7f9746fc,0x7faa7f952d9e,0,8
0x7faa7f974746,0x7faa7f94b58a,-8,8
0x7faa7f9747a3,0x7faa7f96f2f3,0,8
0x7faa7f974819,0x7faa7f974839,8,8
0x7faa7f97483e,0x7faa7f91c802,0,8
0x7faa7f974854,0x7faa7f974855,8,8
0x7faa7f977f21,0x7faa7f8fec56,0,8
0x7faa7f97813f,0x7faa7f8e6fa8,0,8
0x7faa7f978224,0x7faa7f978235,40,8
0x7faa7f978b2a,0x7faa7f8fb131,0,8
0x7faa7f978b5d,0x7faa7f978b62,4,8
0x7faa7f978b87,0x7faa7f978f83,0,8
0x7faa7f978c05,0x7faa7f9b0b29,-32,8
0x7faa7f978c0c,0x7faa7f978c1a,32,8
0x7faa7f978e7f,0x7faa7f978e9a,16,8
0x7faa7f978e9b,0x7faa7f978e9c,8,8
0x7faa7f978e9e,0x7faa7f978ea0,8,8
0x7faa7f978fd2,0x7faa7f978fe7,8,8
0x7faa7f9817f0,0x7faa7f9817f4,-8,8
0x7faa7f982c50,0x7faa7f982c54,-8,8
0x7faa7f982d2a,0x7faa7f982d2b,8,8
0x7faa7f9845c3,0x7faa7f9845cd,8,8
0x7faa7f9845db,0x7faa7f9845e0,8,8
0x7faa7f9845fa,0x7faa7f98460e,16,8
0x7faa7f98460f,0x7faa7f984610,8,8
0x7faa7f984612,0x7faa7f984614,8,8
0x7faa7f984616,0x7faa7f984618,8,8
0x7faa7f984c40,0x7faa7f984c64,0,8
0x7faa7f984c56,0x7faa7f984c9a,-16,8
0x7faa7f984c6c,0x7faa7f984c75,8,8
0x7faa7f984c9e,0x7faa7f8efae1,-16,8
0x7faa7f984f59,0x7faa7f984f71,16,8
0x7faa7f984f72,0x7faa7f984f73,8,8
0x7faa7f984f75,0x7faa7f984f77,8,8
0x7faa7f984f79,0x7faa7f984f7b,8,8
0x7faa7f98d677,0x7faa7f90400f,-8,8
0x7faa7f98d6b2,0x7faa7f98d65c,0,8
0x7faa7f98d6b2,0x7faa7f9a6f5b,0,8
0x7faa7f98d6b2,0x7faa81fae961,0,8
0x7faa7f98d6c9,0x7faa7f98d7c1,8,8
0x7faa7f98d858,0x7faa7f96cecb,-48,8
0x7faa7f98d969,0x7faa7f8ef4d0,-16,8
0x7faa7f98d96d,0x7faa7f8ef964,0,8
0x7faa7f98d978,0x7faa7f8dc7f0,0,8
0x7faa7f98d9f9,0x7faa7f98d9fb,8,8
0x7faa7f98e036,0x7faa7f98e03a,-16,8
0x7faa7f98e082,0x7faa7f8ef6d1,32,8
0x7faa7f98e08a,0x7faa7f98e0a5,-16,8
0x7faa7f98e116,0x7faa7f98e11a,-16,8
0x7faa7f98fbb7,0x7faa7f90e7f6,0,8
0x7faa7f98fc4c,0x7faa7f91c802,0,8
0x7faa7f990111,0x7faa7f99011c,4,8
0x7faa7f990134,0x7faa7f8dd889,8,8
0x7faa7f990440,0x7faa7f970848,0,8
0x7faa7f9904aa,0x7faa7f91c802,0,8
0x7faa7f9904c0,0x7faa7f9904c1,8,8
0x7faa7f9904c2,0x7faa7f9904c4,8,8
0x7faa7f9904d4,0x7faa7f990506,4,8
0x7faa7f990574,0x7faa7f990575,8,8
0x7faa7f9a6da4,0x7faa7f9a6db2,-8,8
0x7faa7f9a6ee5,0x7faa7f9a6eee,24,8
0x7faa7f9a6efb,0x7faa7f9a6f0f,16,8
0x7faa7f9a6f00,0x7faa7f90a714,0,8
0x7faa7f9a6f10,0x7faa7f9a6f11,8,8
0x7faa7f9a6f5b,0x7faa7f93f84e,0,8
0x7faa7f9a6ff2,0x7faa7f902c86,0,8
0x7faa7f9a6ff2,0x7faa7f907c9c,0,8
0x7faa7f9a6ff2,0x7faa7f9332d5,0,8
0x7faa7f9a6ff2,0x7faa7f96eeb8,0,8
0x7faa7f9a6ff2,0x7faa7f9da2bd,0,8
0x7faa7f9a7010,0x7faa7f95872e,-16,8
0x7faa7f9a73fe,0x7faa7f903ff9,16,8
0x7faa7f9a80e8,0x7faa7f93f2cc,0,8
0x7faa7f9ac1d9,0x7faa7f9ac1de,16,8
0x7faa7f9ac1e3,0x7faa7f9ac1e8,-8,8
0x7faa7f9ac1ec,0x7faa7f9ac1f1,-20,8
0x7faa7f9ac240,0x7faa7f95bc46,-8,8
0x7faa7f9ac2d9,0x7faa7f9ac32b,0,8
0x7faa7f9ac43a,0x7faa7f9ac446,4,8
0x7faa7f9ac454,0x7faa7f9ac465,-36,8
0x7faa7f9ac484,0x7faa7f9ac4ca,48,8
0x7faa7f9ac626,0x7faa7f9ac641,-28,8
0x7faa7f9ac64d,0x7faa7f9ac651,8,8
0x7faa7f9ac6ae,0x7faa7f9462d1,24,8
0x7faa7f9ac6bc,0x7faa7f9ac6da,16,8
0x7faa7f9ac6c4,0x7faa7f9078c9,0,8
0x7faa7f9ac6db,0x7faa7f9ac6dc,8,8
0x7faa7f9ac6de,0x7faa7f9ac6e0,8,8
0x7faa7f9ac6e2,0x7faa7f9ac6e4,8,8
0x7faa7f9acd22,0x7faa7f902c86,0,8
0x7faa7f9acd9d,0x7faa7f9acda2,-8,8
0x7faa7f9acdf6,0x7faa7f9acdf7,8,8
0x7faa7f9acdf8,0x7faa7f9acdfa,8,8
0x7faa7f9acee2,0x7faa7f94bc73,0,8
0x7faa7f9acf21,0x7faa7f9acf26,8,8
0x7faa7f9acf26,0x7faa7f9acf2b,8,8
0x7faa7f9acf2b,0x7faa7f9acf36,16,8
0x7faa7f9acf36,0x7faa7f9acf4a,8,8
0x7faa7f9acf4a,0x7faa7f9acf4b,8,8
0x7faa7f9ad035,0x7faa7f9ad036,8,8
0x7faa7f9ad03f,0x7faa7f9ad044,8,8
0x7faa7f9ad071,0x7faa7f905393,0,8
0x7faa7f9ad0ed,0x7faa7f9ad0ed,1,8
0x7faa7f9ad140,0x7faa7f97419a,0,8
0x7faa7f9ad1da,0x7faa7f9ad1f0,32,8
0x7faa7f9ad270,0x7faa7f9ad291,16,8
0x7faa7f9ad278,0x7faa7f8f7c6e,0,8
0x7faa7f9ad292,0x7faa7f9ad293,8,8
0x7faa7f9ad295,0x7faa7f9ad297,8,8
0x7faa7f9ad299,0x7faa7f9ad29b,8,8
0x7faa7f9b0444,0x7faa7f9b0e30,0,8
0x7faa7f9b0462,0x7faa7f9b0dcc,0,8
0x7faa7f9b048e,0x7faa7f958294,16,8
0x7faa7f9b048e,0x7faa7f9b0d9f,32,8
0x7faa7f9b0520,0x7faa7f9b0fd9,4,8
0x7faa7f9b0529,0x7faa7f9b0736,0,8
0x7faa7f9b0529,0x7faa7f9b0fb3,0,8
0x7faa7f9b0529,0x7faa7f9b1b01,0,8
0x7faa7f9b0574,0x7faa7f9b0574,0,8
0x7faa7f9b0580,0x7faa7f9b05e0,8,8
0x7faa7f9b0580,0x7faa7f9b0760,0,8
0x7faa7f9b0585,0x7faa7f958820,-40,8
0x7faa7f9b0585,0x7faa7f958820,-16,8
0x7faa7f9b0585,0x7faa7f9b0585,-8,8
0x7faa7f9b0585,0x7faa7f9b07ec,16,8
0x7faa7f9b0585,0x7faa7f9b101f,24,8
0x7faa7f9b0585,0x7faa7f9b129a,8,8
0x7faa7f9b0585,0x7faa7f9b2d5d,16,8
0x7faa7f9b0592,0x7faa7f9b4fc0,4,8
0x7faa7f9b05b4,0x7faa7f9b0d57,2,8
0x7faa7f9b05b4,0x7faa7f9b1078,2,8
0x7faa7f9b05b4,0x7faa7f9b15db,2,8
0x7faa7f9b05b4,0x7faa7f9b179e,2,8
0x7faa7f9b05d2,0x7faa7f9b05d2,-56,8
0x7faa7f9b05d2,0x7faa7f9b0670,0,8
0x7faa7f9b05d2,0x7faa7f9b0670,8,8
0x7faa7f9b05d2,0x7faa7f9b06f1,0,8
0x7faa7f9b05d2,0x7faa7f9b0a23,-48,8
0x7faa7f9b05d2,0x7faa7f9b5005,-16,8
0x7faa7f9b05e0,0x7faa7f9b0994,0,8
0x7faa7f9b05f3,0x7faa7f9b05f3,-8,8
0x7faa7f9b05f3,0x7faa7f9b05f3,24,8
0x7faa7f9b05f3,0x7faa7f9b05f3,32,8
0x7faa7f9b05f3,0x7faa7f9b0d0c,8,8
0x7faa7f9b05f3,0x7faa7f9b11e8,-8,8
0x7faa7f9b0602,0x7faa7f9b1c8b,8,8
0x7faa7f9b063c,0x7faa7f9b0510,4,8
0x7faa7f9b063c,0x7faa7f9b0d31,4,8
0x7faa7f9b063c,0x7faa7f9b4bdc,4,8
0x7faa7f9b063c,0x7faa7f9b4c53,4,8
0x7faa7f9b063c,0x7faa7f9b50c2,4,8
0x7faa7f9b0645,0x7faa7f9b0d04,16,8
0x7faa7f9b0652,0x7faa7f9b0a09,2,8
0x7faa7f9b0652,0x7faa7f9b0d57,2,8
0x7faa7f9b0652,0x7faa7f9b4c77,2,8
0x7faa7f9b0670,0x7faa7f9b06f1,-56,8
0x7faa7f9b0670,0x7faa7f9b0749,56,8
0x7faa7f9b0670,0x7faa7f9b1d37,0,8
0x7faa7f9b0684,0x7faa7f9b0585,-56,8
0x7faa7f9b0684,0x7faa7f9b0c14,-8,8
0x7faa7f9b06b5,0x7faa7f9b0580,8,8
0x7faa7f9b06b5,0x7faa7f9b0736,0,8
0x7faa7f9b06ba,0x7faa7f9b0941,4,8
0x7faa7f9b06ba,0x7faa7f9b0e8c,4,8
0x7faa7f9b0712,0x7faa7f9b0712,-8,8
0x7faa7f9b0727,0x7faa7f9b05b4,2,8
0x7faa7f9b0727,0x7faa7f9b079f,2,8
0x7faa7f9b0736,0x7faa7f9b0736,0,8
0x7faa7f9b0736,0x7faa7f9b4c6a,0,8
0x7faa7f9b0736,0x7faa7f9b571e,0,8
0x7faa7f9b0749,0x7faa7f9b0670,-8,8
0x7faa7f9b0749,0x7faa7f9b0749,8,8
0x7faa7f9b0749,0x7faa7f9b0749,32,8
0x7faa7f9b0749,0x7faa7f9b07bf,-8,8
0x7faa7f9b0749,0x7faa7f9b158d,-8,8
0x7faa7f9b0749,0x7faa7f9b17be,16,8
0x7faa7f9b0760,0x7faa7f9b0706,24,8
0x7faa7f9b076c,0x7faa7f9b0774,-56,8
0x7faa7f9b0789,0x7faa7f9b1cee,4,8
0x7faa7f9b0792,0x7faa7f9b0706,32,8
0x7faa7f9b0792,0x7faa7f9b0792,0,8
0x7faa7f9b079f,0x7faa7f9b0727,2,8
0x7faa7f9b07bf,0x7faa7f9b05d2,0,8
0x7faa7f9b07bf,0x7faa7f9b0749,0,8
0x7faa7f9b07bf,0x7faa7f9b07bf,0,8
0x7faa7f9b07bf,0x7faa7f9b1017,-48,8
0x7faa7f9b07bf,0x7faa7f9b51ed,0,8
0x7faa7f9b07ec,0x7faa7f94d1e8,8,8
0x7faa7f9b087c,0x7faa7f9b0897,-8,8
0x7faa7f9b08cd,0x7faa7f9b08e8,-8,8
0x7faa7f9b094f,0x7faa7f9b0592,0,8
0x7faa7f9b094f,0x7faa7f9b0c22,0,8
0x7faa7f9b094f,0x7faa7f9b1186,4,8
0x7faa7f9b094f,0x7faa7f9b1c2c,4,8
0x7faa7f9b0958,0x7faa7f9b0c2b,0,8
0x7faa7f9b0958,0x7faa7f9b5dd5,0,8
0x7faa7f9b0965,0x7faa7f9b06d0,6,8
0x7faa7f9b0965,0x7faa7f9b0c38,2,8
0x7faa7f9b0965,0x7faa7f9b1c52,2,8
0x7faa7f9b0965,0x7faa7f9b5de2,2,8
0x7faa7f9b0982,0x7faa7f9b05d2,24,8
0x7faa7f9b0982,0x7faa7f9b0749,-8,8
0x7faa7f9b0982,0x7faa7f9b158d,-8,8
0x7faa7f9b0994,0x7faa7f9b0580,-8,8
0x7faa7f9b09b0,0x7faa7f9b05f3,8,8
0x7faa7f9b09f3,0x7faa7f9b062e,4,8
0x7faa7f9b09fc,0x7faa7f9b05e0,16,8
0x7faa7f9b0a09,0x7faa7f9b0652,2,8
0x7faa7f9b0a23,0x7faa7f9b0c59,0,8
0x7faa7f9b0a76,0x7faa7f8f6290,8,8
0x7faa7f9b0a76,0x7faa7f95872a,8,8
0x7faa7f9b0a79,0x7faa7f9b0b0e,-8,8
0x7faa7f9b0ad0,0x7faa7f9b0706,-24,8
0x7faa7f9b0ad0,0x7faa7f9b0760,-48,8
0x7faa7f9b0bcf,0x7faa7f9b06ba,0,8
0x7faa7f9b0bcf,0x7faa7f9b5707,4,8
0x7faa7f9b0bd8,0x7faa7f9b0706,32,8
0x7faa7f9b0bd8,0x7faa7f9b0736,0,8
0x7faa7f9b0bd8,0x7faa7f9b0792,0,8
0x7faa7f9b0be5,0x7faa7f9b06d0,20,8
0x7faa7f9b0be5,0x7faa7f9b0f7d,10,8
0x7faa7f9b0c02,0x7faa7f9b05d2,0,8
0x7faa7f9b0c02,0x7faa7f9b1d37,-8,8
0x7faa7f9b0c14,0x7faa7f9b0c14,-8,8
0x7faa7f9b0c14,0x7faa7f9b2052,-8,8
0x7faa7f9b0c22,0x7faa7f9b0592,0,8
0x7faa7f9b0c22,0x7faa7f9b062e,4,8
0x7faa7f9b0c22,0x7faa7f9b0c22,0,8
0x7faa7f9b0c22,0x7faa7f9b20a6,4,8
0x7faa7f9b0c2b,0x7faa7f9b0c2b,0,8
0x7faa7f9b0c2b,0x7faa7f9b20bf,0,8
0x7faa7f9b0c38,0x7faa7f9b0c38,2,8
0x7faa7f9b0c59,0x7faa7f9b05d2,0,8
0x7faa7f9b0c59,0x7faa7f9b0670,0,8
0x7faa7f9b0cb8,0x7faa7f9b4d6a,0,8
0x7faa7f9b0cc1,0x7faa7f9b0f62,0,8
0x7faa7f9b0cce,0x7faa7f9b0f7d,14,8
0x7faa7f9b0cef,0x7faa7f9b07bf,-40,8
0x7faa7f9b0d0c,0x7faa7f9b09b0,8,8
0x7faa7f9b0d41,0x7faa7f9b50c2,4,8
0x7faa7f9b0d4a,0x7faa7f9b0580,8,8
0x7faa7f9b0d57,0x7faa7f9b0727,2,8
0x7faa7f9b0d57,0x7faa7f9b0a09,2,8
0x7faa7f9b0d77,0x7faa7f9b05d2,8,8
0x7faa7f9b0d77,0x7faa7f9b0749,8,8
0x7faa7f9b0d84,0x7faa7f8f6580,-48,8
0x7faa7f9b0d84,0x7faa7f958820,-56,8
0x7faa7f9b0e1a,0x7faa7f8f6521,-16,8
0x7faa7f9b0e30,0x7faa7f947809,0,8
0x7faa7f9b0e60,0x7faa7f9b0d84,-8,8
0x7faa7f9b0e76,0x7faa7f9b0706,-24,8
0x7faa7f9b0f0c,0x7faa7f9b109d,2,8
0x7faa7f9b0f0c,0x7faa7f9b545e,14,8
0x7faa7f9b0f62,0x7faa7f9b0736,0,8
0x7faa7f9b0f67,0x7faa7f9b0789,0,8
0x7faa7f9b0f67,0x7faa7f9b0941,4,8
0x7faa7f9b0fbb,0x7faa7f9b05e5,-16,8
0x7faa7f9b0ff7,0x7faa7f9b0652,2,8
0x7faa7f9b1017,0x7faa7f9b0d77,0,8
0x7faa7f9b1078,0x7faa7f9b05b4,2,8
0x7faa7f9b1078,0x7faa7f9b132b,2,8
0x7faa7f9b1099,0x7faa7f9b05d2,56,8
0x7faa7f9b1099,0x7faa7f9b0749,0,8
0x7faa7f9b10cb,0x7faa7f9b1114,40,8
0x7faa7f9b10fd,0x7faa7f8efad3,0,8
0x7faa7f9b112c,0x7faa7f9b1147,-8,8
0x7faa7f9b1163,0x7faa7f9b117c,-24,8
0x7faa7f9b1196,0x7faa7f9b0592,0,8
0x7faa7f9b119f,0x7faa7f9b0580,8,8
0x7faa7f9b11d5,0x7faa7f9b0585,-32,8
0x7faa7f9b11dd,0x7faa7f9b05e0,0,8
0x7faa7f9b121f,0x7faa7f9b2dab,4,8
0x7faa7f9b1228,0x7faa7f9b0706,32,8
0x7faa7f9b1235,0x7faa7f9b2dd1,2,8
0x7faa7f9b1255,0x7faa7f9b1017,-40,8
0x7faa7f9b12b3,0x7faa7f9b12d1,-8,8
0x7faa7f9b1315,0x7faa7f9b0941,4,8
0x7faa7f9b1315,0x7faa7f9b4fc0,4,8
0x7faa7f9b135b,0x7faa7f9b0fbb,0,8
0x7faa7f9b1391,0x7faa7f9b0727,2,8
0x7faa7f9b13b1,0x7faa7f9b1099,0,8
0x7faa7f9b13b1,0x7faa7f9b158d,0,8
0x7faa7f9b1472,0x7faa7f9b1482,-4,8
0x7faa7f9b1490,0x7faa7f9b079f,2,8
0x7faa7f9b14a3,0x7faa7f9b0792,0,8
0x7faa7f9b14b8,0x7faa7f9b07bf,-8,8
0x7faa7f9b14f5,0x7faa7f9b0dd3,0,8
0x7faa7f9b152e,0x7faa7f9587bf,-16,8
0x7faa7f9b1564,0x7faa7f9b0727,2,8
0x7faa7f9b1564,0x7faa7f9b0ff7,2,8
0x7faa7f9b1577,0x7faa7f9b0736,0,8
0x7faa7f9b1577,0x7faa7f9b1577,0,8
0x7faa7f9b158d,0x7faa7f9b0670,-40,8
0x7faa7f9b158d,0x7faa7f9b1017,-40,8
0x7faa7f9b158d,0x7faa7f9b4da1,0,8
0x7faa7f9b165b,0x7faa7f9b136d,4,8
0x7faa7f9b179e,0x7faa7f9b5327,2,8
0x7faa7f9b1ad4,0x7faa7f9b062e,4,8
0x7faa7f9b1bea,0x7faa7f9b1bee,8,8
0x7faa7f9b1c3c,0x7faa7f9b5707,4,8
0x7faa7f9b1d00,0x7faa7f9b062e,4,8
0x7faa7f9b1d16,0x7faa7f9b0652,2,8
0x7faa7f9b1ff4,0x7faa7f9b1ff9,16,8
0x7faa7f9b20a6,0x7faa7f9b20b6,-4,8
0x7faa7f9b20b6,0x7faa7f9b0592,0,8
0x7faa7f9b20cc,0x7faa7f9b05b4,2,8
0x7faa7f9b20cc,0x7faa7f9b1391,2,8
0x7faa7f9b2301,0x7faa7f9b2319,-8,8
0x7faa7f9b236d,0x7faa7f96d625,16,8
0x7faa7f9b2396,0x7faa7f9b23a4,-4,8
0x7faa7f9b23ad,0x7faa7f9b2543,0,8
0x7faa7f9b23ba,0x7faa7f9b2550,2,8
0x7faa7f9b24e0,0x7faa7f9b24e4,8,8
0x7faa7f9b252a,0x7faa7f9b253a,-4,8
0x7faa7f9b2571,0x7faa7f9b20ec,-8,8
0x7faa7f9b25da,0x7faa7f9b25ef,0,8
0x7faa7f9b2632,0x7faa7f9b2642,-4,8
0x7faa7f9b2d44,0x7faa7f8f08a6,40,8
0x7faa7f9b2d4f,0x7faa7f9b2d52,8,8
0x7faa7f9b2da1,0x7faa7f8ef4d0,-16,8
0x7faa7f9b3068,0x7faa7f9b30ca,-16,8
0x7faa7f9b307d,0x7faa7f9b30d2,8,8
0x7faa7f9b30d2,0x7faa7f9b3110,-32,8
0x7faa7f9b3163,0x7faa7f9b3181,-8,8
0x7faa7f9b31be,0x7faa7f9b31dc,-8,8
0x7faa7f9b31f6,0x7faa7f9b3215,-8,8
0x7faa7f9b3e10,0x7faa7f9b3e51,8,8
0x7faa7f9b3e26,0x7faa7f9b3e2b,8,8
0x7faa7f9b3e70,0x7faa7f9b3e77,-8,8
0x7faa7f9b3eb9,0x7faa7f9b3f19,8,8
0x7faa7f9b3ed8,0x7faa7f9b3edd,-8,8
0x7faa7f9b3f38,0x7faa7f9b3f3d,-8,8
0x7faa7f9b3fe1,0x7faa7f9b0760,-48,8
0x7faa7f9b3fe9,0x7faa7f9b3ffd,-4,8
0x7faa7f9b4006,0x7faa7f9b0792,0,8
0x7faa7f9b4013,0x7faa7f9b079f,2,8
0x7faa7f9b4033,0x7faa7f9b204b,0,8
0x7faa7f9b4b30,0x7faa7f9b0727,2,8
0x7faa7f9b4b30,0x7faa7f9b0ff7,2,8
0x7faa7f9b4b30,0x7faa7f9b1af2,2,8
0x7faa7f9b4ba7,0x7faa7f9b4ba7,-4,8
0x7faa7f9b4bdc,0x7faa7f9b4bec,-4,8
0x7faa7f9b4c02,0x7faa7f9b06d0,-36,8
0x7faa7f9b4c02,0x7faa7f9b06d0,4,8
0x7faa7f9b4c02,0x7faa7f9b06d0,6,8
0x7faa7f9b4c23,0x7faa7f9b0cef,0,8
0x7faa7f9b4c23,0x7faa7f9b4c23,0,8
0x7faa7f9b4c61,0x7faa7f9b4d6a,0,8
0x7faa7f9b4cda,0x7faa7f90464b,0,8
0x7faa7f9b4cde,0x7faa7f904652,0,8
0x7faa7f9b4d6a,0x7faa7f9b062e,4,8
0x7faa7f9b4d6a,0x7faa7f9b0941,4,8
0x7faa7f9b4d6a,0x7faa7f9b0fd9,4,8
0x7faa7f9b4d73,0x7faa7f9b0706,32,8
0x7faa7f9b4d73,0x7faa7f9b0c2b,0,8
0x7faa7f9b4d80,0x7faa7f9b0727,2,8
0x7faa7f9b4d80,0x7faa7f9b0c38,2,8
0x7faa7f9b4da1,0x7faa7f9b0a23,0,8
0x7faa7f9b4da1,0x7faa7f9b0c02,8,8
0x7faa7f9b4da1,0x7faa7f9b0c59,0,8
0x7faa7f9b4da1,0x7faa7f9b1017,-40,8
0x7faa7f9b4dc0,0x7faa7f98d7e8,0,8
0x7faa7f9b4dc4,0x7faa7f98d8f5,0,8
0x7faa7f9b4dc7,0x7faa7f9b136d,4,8
0x7faa7f9b4ddd,0x7faa7f9b1391,2,8
0x7faa7f9b4e7c,0x7faa7f91c6bf,8,8
0x7faa7f9b4e7c,0x7faa7f94d1e8,8,8
0x7faa7f9b4e7c,0x7faa7f95872a,8,8
0x7faa7f9b4e7f,0x7faa7f9597e4,8,8
0x7faa7f9b4e7f,0x7faa7f959890,0,8
0x7faa7f9b4e7f,0x7faa7f9b4eac,-8,8
0x7faa7f9b4ed9,0x7faa7f9b0706,-24,8
0x7faa7f9b4fc0,0x7faa7f9b4fce,-4,8
0x7faa7f9b4fce,0x7faa7f9b0789,0,8
0x7faa7f9b4fce,0x7faa7f9b5301,4,8
0x7faa7f9b4fd7,0x7faa7f9b0736,0,8
0x7faa7f9b4fd7,0x7faa7f9b0760,8,8
0x7faa7f9b4fe4,0x7faa7f9b0727,2,8
0x7faa7f9b4fe4,0x7faa7f9b079f,2,8
0x7faa7f9b50c2,0x7faa7f9b50d0,-4,8
0x7faa7f9b50d9,0x7faa7f9b05a7,0,8
0x7faa7f9b5100,0x7faa7f9b5005,8,8
0x7faa7f9b5195,0x7faa7f9b0580,-48,8
0x7faa7f9b51a8,0x7faa7f9b51b6,-4,8
0x7faa7f9b529f,0x7faa7f9594b8,-16,8
0x7faa7f9b52c4,0x7faa7f8efa8d,8,8
0x7faa7f9b52ef,0x7faa7f9b0580,-48,8
0x7faa7f9b52ef,0x7faa7f9b0760,-48,8
0x7faa7f9b5311,0x7faa7f9b0592,0,8
0x7faa7f9b531a,0x7faa7f9b05a7,0,8
0x7faa7f9b531a,0x7faa7f9b0760,8,8
0x7faa7f9b531a,0x7faa7f9b1bcd,0,8
0x7faa7f9b5327,0x7faa7f9b05b4,2,8
0x7faa7f9b5347,0x7faa7f9b05d2,0,8
0x7faa7f9b5406,0x7faa7f9b0580,-48,8
0x7faa7f9b54fe,0x7faa7f9032d4,48,8
0x7faa7f9b5532,0x7faa7f9b5994,4,8
0x7faa7f9b55e2,0x7faa7f9b55e2,-8,8
0x7faa7f9b56f5,0x7faa7f9b0580,-48,8
0x7faa7f9b5707,0x7faa7f9b5715,-4,8
0x7faa7f9b5715,0x7faa7f9b06ba,0,8
0x7faa7f9b5715,0x7faa7f9b4d6a,0,8
0x7faa7f9b571e,0x7faa7f9b06b5,0,8
0x7faa7f9b571e,0x7faa7f9b4d73,0,8
0x7faa7f9b572b,0x7faa7f9b4d80,2,8
0x7faa7f9b5771,0x7faa7f8d6ee0,0,8
0x7faa7f9b5771,0x7faa7f9462d1,24,8
0x7faa7f9b5785,0x7faa7f9b0706,-24,8
0x7faa7f9b59ad,0x7faa7f9b59b6,-8,8
0x7faa7f9b59bf,0x7faa7f8e6d47,-24,8
0x7faa7f9b59ff,0x7faa7f903745,56,8
0x7faa7f9b5a0d,0x7faa7f9b5a1e,-8,8
0x7faa7f9b5a3c,0x7faa7f9b5a4d,8,8
0x7faa7f9b5a63,0x7faa7f9b05e0,-40,8
0x7faa7f9b5dc4,0x7faa7f8d6ee0,0,8
0x7faa7f9b5dc8,0x7faa7f95892d,0,8
0x7faa7f9b5dcc,0x7faa7f9b0592,0,8
0x7faa7f9b665e,0x7faa7f9b204b,0,8
0x7faa7f9c7f08,0x7faa7f9c7f35,0,8
0x7faa7f9c7f3a,0x7faa7f9c7f57,0,8
0x7faa7f9c7f70,0x7faa7f9c7f71,8,8
0x7faa7f9d5ad4,0x7faa7f984c7a,24,8
0x7faa7f9d5af1,0x7faa7f9d5af2,8,8
0x7faa7f9d9fd8,0x7faa7f9da133,28,8
0x7faa7f9d9fd8,0x7faa7f9da133,30,8
0x7faa7f9d9fd8,0x7faa7f9da133,46,8
0x7faa7f9da106,0x7faa7f9da133,4,8
0x7faa7f9da133,0x7faa7f8e8f2e,5,8
0x7faa7f9da133,0x7faa7f8e8f2e,8,8
0x7faa7f9da133,0x7faa81fd2477,-29,8
0x7faa7f9da14a,0x7faa7f9da0cf,0,8
0x7faa7f9da2fc,0x7faa7f9da314,8,8
0x7faa7f9da4d3,0x7faa7f9da4d4,8,8
0x7faa7f9de13c,0x7faa7f8f629a,-8,8
0x7faa7f9de13c,0x7faa7f8f749e,-8,8
0x7faa7f9e159a,0x7faa7f9e15a5,0,8
0x7faa7f9e15bc,0x7faa7f9e15d4,16,8
0x7faa7f9e15f8,0x7faa7f9e15f9,8,8
0x7faa7f9e3482,0x7faa7f8fec56,0,8
0x7faa7f9e3558,0x7faa7f9b0af3,-46,8
0x7faa7f9fa999,0x7faa7f9b0869,-16,8
0x7faa7f9fa9b5,0x7faa7f9faa49,24,8
0x7faa81f54ec9,0x7faa7f91681e,16,8
0x7faa81fab504,0x7faa81fae0af,0,8
0x7faa81fae076,0x7faa81fae076,0,8
0x7faa81fae07d,0x7faa81fae07d,0,8
0x7faa81fae21b,0x7faa7f8e71bf,16,8
0x7faa81faeaa5,0x7faa7f922a28,0,8
0x7faa81faecb6,0x7faa81faeccc,8,8
0x7faa81faeccc,0x7faa81faecd0,8,8
0x7faa81faecd0,0x7faa81faecf9,8,8
0x7faa81fc2994,0x7faa81fc2be3,9,8
0x7faa81fc29d7,0x7faa7f932d50,1,8
0x7faa81fc29d7,0x7faa7f932d50,7,8
0x7faa81fc2a34,0x7faa81fd2477,-26,8
0x7faa81fc2a34,0x7faa81fd2477,-23,8
0x7faa81fc2a34,0x7faa81fd2477,-22,8
0x7faa81fc2a34,0x7faa81fd25c5,-27,8
0x7faa81fc2a34,0x7faa81fd260c,-21,8
0x7faa81fc2a34,0x7faa81fd260c,-20,8
0x7faa81fc2a49,0x7faa81fd260f,-31,8
0x7faa81fc2a5e,0x7faa81fd2613,-15,8
0x7faa81fc2a8a,0x7faa81fc2a9e,16,8
0x7faa81fc2afa,0x7faa81fc2afe,16,8
0x7faa81fc2b03,0x7faa81fc2b08,16,8
0x7faa81fc2b85,0x7faa81fc2b99,16,8
0x7faa81fc7f23,0x7faa7f9ac2f2,0,8
0x7faa81fc8646,0x7faa7f8fb559,0,8
0x7faa81fc8646,0x7faa7f8fb770,0,8
0x7faa81fc8646,0x7faa7f9ac26d,0,8
0x7faa81fc8659,0x7faa7f8fc8f4,8,8
0x7faa81fc8725,0x7faa81fc872a,16,8
0x7faa81fc87bb,0x7faa7f946c9b,8,8
0x7faa81fd2477,0x7faa7f9b0b29,-47,8
0x7faa81fd2477,0x7faa7f9b0b29,-32,8
0x7faa81fd2477,0x7faa81fd247a,11,8
0x7faa81fd2477,0x7faa81fd247a,13,8
0x7faa81fd247a,0x7faa7f9462d1,-18,8
0x7faa81fd247a,0x7faa7f9462ec,-10,8
0x7faa81fd247a,0x7faa7f9b0af3,-49,8
0x7faa81fd257d,0x7faa7f92eadb,8,8
0x7faa81fd2583,0x7faa7f8f4d9f,-24,8
0x7faa81fd2583,0x7faa7f8fd33a,-16,8
0x7faa81fd2583,0x7faa81fd257e,10,8
0x7faa81fd258e,0x7faa7f92e75f,8,8
0x7faa81fd258e,0x7faa7f933f24,16,8
0x7faa81fd2593,0x7faa7f8f4d9f,-24,8
0x7faa81fd2593,0x7faa7f9462d1,-19,8
0x7faa81fd2593,0x7faa7f9b0af3,-45,8
0x7faa81fd25a1,0x7faa7f9b0af3,-52,8
0x7faa81fd25a1,0x7faa7f9b0af3,-51,8
0x7faa81fd25a1,0x7faa7f9b0af3,-46,8
0x7faa81fd25a1,0x7faa7f9b0af3,-32,8
0x7faa81fd25ac,0x7faa7f92e75f,8,8
0x7faa81fd25d0,0x7faa81fd25d4,30,8
0x7faa81fd25d0,0x7faa81fd25d4,31,8
0x7faa81fd25d0,0x7faa81fd25d9,12,8
0x7faa81fd25d0,0x7faa81fd25d9,14,8
0x7faa81fd260c,0x7faa81fd2618,12,8
0x7faa81fd260f,0x7faa81fd2613,1,8
0x7faa81fd260f,0x7faa81fd2613,3,8
0x7faa81fd260f,0x7faa81fd2613,18,8
0x7faa81fd260f,0x7faa81fd2613,20,8
0x7faa81fd260f,0x7faa81fd2618,3,8
0x7faa81fd260f,0x7faa81fd2618,7,8
0x7faa81fd2618,0x7faa7f8fc9f0,32,8
0x7faa81fd2618,0x7faa7f9b0af3,-44,8
0x7faa81fd2618,0x7faa7f9b0af3,-37,8
0x7faa81fd2618,0x7faa7f9b0af3,-36,8
0x7faa81fd2646,0x7faa81fd264b,-16,8
0x7faa81fd26cf,0x7faa81fd2706,24,8
0x7faa82028be7,0x7faa8202cc8c,0,8
0x7faa82028c01,0x7faa82028c18,16,8
0x7faa8202cd10,0x7faa8202cd24,16,8
0x7faa8202cd15,0x7faa82028c06,0,8
0x7faa820a5fa4,0x7faa7f927c02,16,8
0x7faa820a5fa4,0x7faa7f95901e,8,8
0x7faa820a6009,0x7faa7f93cd0a,16,8
0x7faa820a7b79,0x7faa7f9b103d,-32,8
0x7faa820a7b86,0x7faa7f90664f,-40,8
0x7faa820a7ba0,0x7faa820a7bb4,8,8
0x7faa820a7bb4,0x7faa7f9b0c89,-48,8
0x7faa820a7bc1,0x7faa7f922905,16,8
0x7faa820a7bc1,0x7faa7f94b0bf,8,8
0x7faa820a7c25,0x7faa820a7c36,8,8
0x7faa820a7c32,0x7faa820a7c43,8,8
0x7faa820a7c50,0x7faa820a7c61,5,8
0x7faa820a7c61,0x7faa7f906645,11,8
0x7faa820a7c83,0x7faa820a7c92,4,8
0x7faa820a7d02,0x7faa820a7d13,8,8
0x7faa820a7d40,0x7faa820a7d51,6,8
0x7faa820a7d44,0x7faa820a7d55,6,8
0x7faa820a7d51,0x7faa7f90664f,-38,8
0x7faa820a7d64,0x7faa7f94b0bf,8,8
0x7faa820a7e06,0x7faa820a7e16,7,8
0x7faa820a7e63,0x7faa7f9b103d,-32,8
0x7faa820a7f20,0x7faa820a85ac,0,8
0x7faa82310d90,0x7faa7f96eeb8,24,8
0x7faa82310d90,0x7faa7f977f21,24,8
0x7faa8231624f,0x7faa8231624f,0,8
0x7faa82316336,0x7faa82316338,8,8
0x7faa8231945a,0x7faa82319462,4,8
0x7faa82319ce7,0x7faa82319d3c,0,8
0x7faa82319d8d,0x7faa82319d91,-12,8
0x7faa82319dc2,0x7faa82319d37,32,8
0x7faa7f83b30b,0x7faa7f83b2ec,-8,8
0x7faa7f83b30b,0x7faa7f8d7e50,16,8
0x7faa7f83efb6,0x7faa7f83efba,8,8
0x7faa7f840cb2,0x7faa7f840cb7,0,8
0x7faa7f840cc8,0x7faa7f935977,32,8
0x7faa7f840d23,0x7faa7f840d27,8,8
0x7faa7f8d6ef0,0x7faa7f9e3256,0,8
0x7faa7f8d7424,0x7faa7f8db590,32,8
0x7faa7f8d7424,0x7faa7f8db630,32,8
0x7faa7f8d7424,0x7faa7f8db630,56,8
0x7faa7f8d7891,0x7faa7f8fdc92,-56,8
0x7faa7f8d7e50,0x7faa7f83eed2,-16,8
0x7faa7f8d8752,0x7faa7f8db590,48,8
0x7faa7f8d87a2,0x7faa7f8df54b,-8,8
0x7faa7f8d96c7,0x7faa7f8ef75b,48,8
0x7faa7f8db590,0x7faa7f8db590,-56,8
0x7faa7f8db590,0x7faa7f8fdc92,48,8
0x7faa7f8db5a8,0x7faa7f8df571,0,8
0x7faa7f8db630,0x7faa7f8db630,-56,8
0x7faa7f8db650,0x7faa7f8db630,16,8
0x7faa7f8db680,0x7faa7f8db680,0,8
0x7faa7f8dd890,0x7faa7f98e166,-16,8
0x7faa7f8de4b0,0x7faa7f958ef4,32,8
0x7faa7f8de6b7,0x7faa7f8fdc81,0,8
0x7faa7f8deaf1,0x7faa7f8e6d20,0,8
0x7faa7f8dee35,0x7faa7f83eeb1,24,8
0x7faa7f8df53b,0x7faa7f8df54b,24,8
0x7faa7f8df55b,0x7faa7f8df5da,8,8
0x7faa7f8df55b,0x7faa7f8df6d0,-32,8
0x7faa7f8df564,0x7faa7f8db590,0,8
0x7faa7f8df564,0x7faa7f8df5c0,-16,8
0x7faa7f8df5da,0x7faa7f8df656,8,8
0x7faa7f8dfc72,0x7faa7f9ff986,-56,8
0x7faa7f8dfcff,0x7faa81fd259c,17,8
0x7faa7f8dfcff,0x7faa81fd25a1,16,8
0x7faa7f8dfd75,0x7faa7f8dfd75,0,8
0x7faa7f8e6b8d,0x7faa7f8f6236,0,8
0x7faa7f8e6d20,0x7faa7f91e933,0,8
0x7faa7f8e6d20,0x7faa7f9b4b60,0,8
0x7faa7f8e6d34,0x7faa7f8fe631,48,8
0x7faa7f8e8f19,0x7faa7f83b3ee,-48,8
0x7faa7f8e90c3,0x7faa7f8d7e50,16,8
0x7faa7f8e98bf,0x7faa7f8e9b10,14,8
0x7faa7f8e9959,0x7faa7f8e9959,-12,8
0x7faa7f8e9959,0x7faa7f8e9959,12,8
0x7faa7f8e9983,0x7faa7f94b095,-8,8
0x7faa7f8e9983,0x7faa7f95770a,8,8
0x7faa7f8e9983,0x7faa820a7c47,0,8
0x7faa7f8e9b2a,0x7faa7f94b095,-8,8
0x7faa7f8e9cb0,0x7faa7f8e98bf,8,8
0x7faa7f8e9cb0,0x7faa820a7b75,8,8
0x7faa7f8e9cbe,0x7faa7f8e9b10,22,8
0x7faa7f8eae64,0x7faa7f959a7f,-35,8
0x7faa7f8eae64,0x7faa7f959a7f,-34,8
0x7faa7f8ef4d0,0x7faa7f91e96e,32,8
0x7faa7f8ef523,0x7faa7f8ef523,0,8
0x7faa7f8ef523,0x7faa7f9b5050,0,8
0x7faa7f8ef570,0x7faa7f8ef579,24,8
0x7faa7f8ef570,0x7faa7f8ef75b,48,8
0x7faa7f8ef570,0x7faa7f8efae1,32,8
0x7faa7f8ef60f,0x7faa7f9b4dc4,0,8
0x7faa7f8ef6df,0x7faa7f8ef523,0,8
0x7faa7f8ef6df,0x7faa7f902cc4,0,8
0x7faa7f8ef840,0x7faa7f8ef9f5,16,8
0x7faa7f8ef980,0x7faa7f8ef4d0,-16,8
0x7faa7f8ef980,0x7faa7f8ef6d1,32,8
0x7faa7f8ef9d0,0x7faa7f8ef6d1,32,8
0x7faa7f8ef9d0,0x7faa7f8ef6d5,24,8
0x7faa7f8ef9e4,0x7faa7f8efa08,0,8
0x7faa7f8efa97,0x7faa7f9586fa,0,8
0x7faa7f8efad3,0x7faa7f8ef579,40,8
0x7faa7f8efaf6,0x7faa7f8ef76e,56,8
0x7faa7f8f0950,0x7faa7f94630c,0,8
0x7faa7f8f09f7,0x7faa7f8f0a04,-8,8
0x7faa7f8f5233,0x7faa7f8f52a8,-39,8
0x7faa7f8f5233,0x7faa7f8f52c0,-40,8
0x7faa7f8f528c,0x7faa7f8f52a4,1,8
0x7faa7f8f52a4,0x7faa7f8f52bb,1,8
0x7faa7f8f52a8,0x7faa7f8f52eb,14,8
0x7faa7f8f52bb,0x7faa7f8f52d3,1,8
0x7faa7f8f52c0,0x7faa7f8f5312,7,8
0x7faa7f8f52d3,0x7faa7f8f52e6,1,8
0x7faa7f8f52d8,0x7faa7f8f52eb,-3,8
0x7faa7f8f52d8,0x7faa7f8f5326,7,8
0x7faa7f8f52e6,0x7faa7f8f52fa,1,8
0x7faa7f8f52fa,0x7faa7f8f530e,1,8
0x7faa7f8f52ff,0x7faa7f8f5312,-8,8
0x7faa7f8f52ff,0x7faa7f8f5326,16,8
0x7faa7f8f530e,0x7faa7f8f5321,1,8
0x7faa7f8f5321,0x7faa7f8f5335,1,8
0x7faa7f8f5335,0x7faa7f8f534e,1,8
0x7faa7f8f533a,0x7faa7f8f5353,-19,8
0x7faa7f8f533a,0x7faa7f8f5353,11,8
0x7faa7f8f5353,0x7faa7f8f5353,-6,8
0x7faa7f8f5353,0x7faa7f8f5353,-3,8
0x7faa7f8f5a5e,0x7faa7f8e8f2e,24,8
0x7faa7f8f6236,0x7faa7f902cc4,0,8
0x7faa7f8f654d,0x7faa7f8efa97,0,8
0x7faa7f8f6680,0x7faa7f8ef6d1,32,8
0x7faa7f8f6680,0x7faa7f8ef6d5,24,8
0x7faa7f8f754b,0x7faa7f90ec48,0,8
0x7faa7f8fb25e,0x7faa7f9845ff,0,8
0x7faa7f8fb543,0x7faa7f8fb559,8,8
0x7faa7f8fdbe0,0x7faa7f8d7add,16,8
0x7faa7f8fdbe0,0x7faa7f8da9dd,8,8
0x7faa7f8fdc58,0x7faa7f8fde93,-8,8
0x7faa7f8fdc68,0x7faa7f8d7add,16,8
0x7faa7f8fdc68,0x7faa7f8d8741,8,8
0x7faa7f8fdc68,0x7faa7f8da9dd,8,8
0x7faa7f8fdc92,0x7faa7f8db5b4,16,8
0x7faa7f8fdc92,0x7faa7f8fdc68,-40,8
0x7faa7f8fdcbf,0x7faa7f8fdce0,-16,8
0x7faa7f8fdcd6,0x7faa7f8fdce5,40,8
0x7faa7f8fdfe5,0x7faa7f98287e,16,8
0x7faa7f8fe5ea,0x7faa7f8fe612,16,8
0x7faa7f8fe61c,0x7faa7f8fe624,48,8
0x7faa7f8fe680,0x7faa7f8fe69e,16,8
0x7faa7f8fe688,0x7faa7f8fecb9,0,8
0x7faa7f8fe69f,0x7faa7f8fe6a0,8,8
0x7faa7f8fe6a2,0x7faa7f8fe6a4,8,8
0x7faa7f8fe6a6,0x7faa7f8fe6a8,8,8
0x7faa7f8febe1,0x7faa7f8fe5ab,0,8
0x7faa7f8feccf,0x7faa7f8fed43,36,8
0x7faa7f8fece3,0x7faa7f8fecf8,24,8
0x7faa7f8fed2f,0x7faa7f8fda98,4,8
0x7faa7f8fed76,0x7faa7f8fed7d,-8,8
0x7faa7f8fee56,0x7faa7f91afdb,0,8
0x7faa7f902cc4,0x7faa7f902cc4,0,8
0x7faa7f902cc4,0x7faa7f9586fa,0,8
0x7faa7f902cc4,0x7faa7f9b14ee,0,8
0x7faa7f902cc4,0x7faa7f9b5298,0,8
0x7faa7f903fab,0x7faa7f9a6ff2,0,8
0x7faa7f9056e2,0x7faa7f905857,32,8
0x7faa7f905857,0x7faa7f97471f,-32,8
0x7faa7f90653d,0x7faa7f9b4bce,-32,8
0x7faa7f90653d,0x7faa7f9b4c45,-32,8
0x7faa7f906541,0x7faa7f90656d,32,8
0x7faa7f906541,0x7faa7f90656d,33,8
0x7faa7f906541,0x7faa7f90656d,35,8
0x7faa7f906541,0x7faa7f90656d,38,8
0x7faa7f90656d,0x7faa7f90656d,-38,8
0x7faa7f90656d,0x7faa7f90656d,-34,8
0x7faa7f90656d,0x7faa7f90656d,-33,8
0x7faa7f90656d,0x7faa7f90656d,-32,8
0x7faa7f90656d,0x7faa7f90656d,-30,8
0x7faa7f90656d,0x7faa7f90656d,-15,8
0x7faa7f90656d,0x7faa7f90656d,-13,8
0x7faa7f90656d,0x7faa7f90656d,-10,8
0x7faa7f90656d,0x7faa7f90656d,-9,8
0x7faa7f90656d,0x7faa7f90656d,-8,8
0x7faa7f90656d,0x7faa7f90656d,-7,8
0x7faa7f90656d,0x7faa7f90656d,-5,8
0x7faa7f90656d,0x7faa7f90656d,3,8
0x7faa7f90656d,0x7faa7f90656d,6,8
0x7faa7f90656d,0x7faa7f90656d,7,8
0x7faa7f90656d,0x7faa7f90656d,10,8
0x7faa7f90656d,0x7faa7f90656d,11,8
0x7faa7f90656d,0x7faa7f90656d,13,8
0x7faa7f90656d,0x7faa7f90656d,15,8
0x7faa7f90656d,0x7faa7f90656d,16,8
0x7faa7f90656d,0x7faa7f90656d,18,8
0x7faa7f90656d,0x7faa7f90656d,19,8
0x7faa7f90656d,0x7faa7f90656d,21,8
0x7faa7f90656d,0x7faa7f90656d,23,8
0x7faa7f90656d,0x7faa7f90656d,31,8
0x7faa7f90656d,0x7faa7f90656d,33,8
0x7faa7f90656d,0x7faa7f90656d,34,8
0x7faa7f90656d,0x7faa7f90656d,36,8
0x7faa7f90656d,0x7faa7f90656d,46,8
0x7faa7f90656d,0x7faa7f90656d,49,8
0x7faa7f90656d,0x7faa7f90656d,53,8
0x7faa7f90656d,0x7faa7f906588,30,8
0x7faa7f90656d,0x7faa7f93db92,-37,8
0x7faa7f90656d,0x7faa7f957388,-47,8
0x7faa7f90656d,0x7faa7f957388,-46,8
0x7faa7f90656d,0x7faa7f957388,-45,8
0x7faa7f90656d,0x7faa7f957388,-43,8
0x7faa7f90656d,0x7faa7f957388,-42,8
0x7faa7f90656d,0x7faa7f957388,-37,8
0x7faa7f90656d,0x7faa7f9573b2,-36,8
0x7faa7f90656d,0x7faa7f9573b2,-33,8
0x7faa7f90656d,0x7faa7f9573b2,-11,8
0x7faa7f90656d,0x7faa7f9573b2,-10,8
0x7faa7f90656d,0x7faa7f957550,-32,8
0x7faa7f90656d,0x7faa7f9576b1,-13,8
0x7faa7f90656d,0x7faa7f9576b1,-6,8
0x7faa7f90656d,0x7faa7f9576b1,2,8
0x7faa7f90656d,0x7faa7f9576b1,14,8
0x7faa7f90656d,0x7faa7f9576b1,19,8
0x7faa7f90656d,0x7faa81fd25c5,1,8
0x7faa7f90656d,0x7faa81fd25c5,3,8
0x7faa7f90656d,0x7faa81fd25c5,4,8
0x7faa7f90656d,0x7faa81fd26c4,11,8
0x7faa7f906588,0x7faa7f90656d,-37,8
0x7faa7f906588,0x7faa7f90656d,-9,8
0x7faa7f906588,0x7faa7f906588,-48,8
0x7faa7f906588,0x7faa81fd25c8,-40,8
0x7faa7f906588,0x7faa81fd25cc,-48,8
0x7faa7f906588,0x7faa81fd26c7,-40,8
0x7faa7f9065c0,0x7faa7f9065c0,-54,8
0x7faa7f9065c0,0x7faa7f9065c0,-40,8
0x7faa7f9065c0,0x7faa7f9065c0,-36,8
0x7faa7f9065c0,0x7faa7f9065c0,-34,8
0x7faa7f9065c0,0x7faa7f9065c0,-32,8
0x7faa7f9065c0,0x7faa7f9065c0,-30,8
0x7faa7f9065c0,0x7faa7f9065c0,-26,8
0x7faa7f9065c0,0x7faa7f9065c0,-24,8
0x7faa7f9065c0,0x7faa7f9065c0,-20,8
0x7faa7f9065c0,0x7faa7f9065c0,12,8
0x7faa7f9065c0,0x7faa7f9065c0,22,8
0x7faa7f9065c0,0x7faa7f9065c0,36,8
0x7faa7f9065c0,0x7faa7f9065c0,44,8
0x7faa7f9065c0,0x7faa7f9065c0,48,8
0x7faa7f9065c0,0x7faa7f9065c0,50,8
0x7faa7f9065c0,0x7faa7f957388,-44,8
0x7faa7f9065c0,0x7faa7f957388,-42,8
0x7faa7f9065c0,0x7faa7f957388,-36,8
0x7faa7f9065c0,0x7faa7f957388,-32,8
0x7faa7f9065c0,0x7faa7f9575f9,-16,8
0x7faa7f9065c0,0x7faa7f9575f9,18,8
0x7faa7f9065c0,0x7faa7f957607,-54,8
0x7faa7f9065c0,0x7faa7f957607,-50,8
0x7faa7f9065c0,0x7faa7f957607,-42,8
0x7faa7f9065c0,0x7faa7f957607,-36,8
0x7faa7f9065c0,0x7faa7f957607,-28,8
0x7faa7f9065c0,0x7faa7f957607,-24,8
0x7faa7f9065c0,0x7faa7f957607,-22,8
0x7faa7f9065c0,0x7faa7f957607,-8,8
0x7faa7f9065c0,0x7faa7f9576bf,-36,8
0x7faa7f9065c0,0x7faa7f9576bf,-22,8
0x7faa7f9065c0,0x7faa7f957832,-2,8
0x7faa7f906692,0x7faa7f90656d,-48,8
0x7faa7f906692,0x7faa7f90656d,-23,8
0x7faa7f907849,0x7faa7f907849,0,8
0x7faa7f907861,0x7faa7f94bc6f,8,8
0x7faa7f90788d,0x7faa7f90788d,0,8
0x7faa7f9078e1,0x7faa7f90c364,8,8
0x7faa7f9078e1,0x7faa7f96f2e4,16,8
0x7faa7f9078e1,0x7faa7f9746b6,8,8
0x7faa7f90b479,0x7faa7f9b077f,-56,8
0x7faa7f90b479,0x7faa7f9b077f,40,8
0x7faa7f90c364,0x7faa7f90c36f,4,8
0x7faa7f90d3ad,0x7faa7f91f5cb,8,8
0x7faa7f90d3ad,0x7faa7f9b0869,-8,8
0x7faa7f91b05d,0x7faa7f922a28,0,8
0x7faa7f91b378,0x7faa7f8fecff,-8,8
0x7faa7f91b378,0x7faa7f9574b7,0,8
0x7faa7f91f5cb,0x7faa7f91f5cb,0,8
0x7faa7f9205e0,0x7faa7f8e9b10,22,8
0x7faa7f920661,0x7faa7f9206a5,8,8
0x7faa7f9206a5,0x7faa7f9206bf,16,8
0x7faa7f9206bb,0x7faa820a7f25,16,8
0x7faa7f9206bf,0x7faa7f9b0c93,-32,8
0x7faa7f9227b7,0x7faa7f9227ec,32,8
0x7faa7f9227ec,0x7faa7f902ce9,-31,8
0x7faa7f9227ec,0x7faa7f902ce9,-24,8
0x7faa7f9227ec,0x7faa7f9227ec,-44,8
0x7faa7f9227ec,0x7faa7f9227ec,-37,8
0x7faa7f9227ec,0x7faa7f9227ec,-28,8
0x7faa7f9227ec,0x7faa7f9227ec,-23,8
0x7faa7f9227ec,0x7faa7f9227ec,-22,8
0x7faa7f9227ec,0x7faa7f9227ec,-10,8
0x7faa7f9227ec,0x7faa7f9227ec,-8,8
0x7faa7f9227ec,0x7faa7f9227ec,-7,8
0x7faa7f9227ec,0x7faa7f9227ec,2,8
0x7faa7f9227ec,0x7faa7f9227ec,12,8
0x7faa7f9227ec,0x7faa7f9227ec,13,8
0x7faa7f9227ec,0x7faa7f9227ec,22,8
0x7faa7f9227ec,0x7faa7f9227ec,23,8
0x7faa7f9227ec,0x7faa7f9227ec,35,8
0x7faa7f9227ec,0x7faa7f9227ec,36,8
0x7faa7f9227ec,0x7faa7f9227ec,37,8
0x7faa7f9227ec,0x7faa7f9227ec,39,8
0x7faa7f9227ec,0x7faa7f957388,-38,8
0x7faa7f9227ec,0x7faa7f957388,-32,8
0x7faa7f9227ec,0x7faa7f9573b2,-55,8
0x7faa7f9227ec,0x7faa7f9573b2,-47,8
0x7faa7f9227ec,0x7faa7f9573b2,-40,8
0x7faa7f9227ec,0x7faa7f9573b2,-29,8
0x7faa7f9227ec,0x7faa7f9576b1,-2,8
0x7faa7f9227ec,0x7faa7f957815,-6,8
0x7faa7f9227ec,0x7faa7f957815,18,8
0x7faa7f9227ec,0x7faa81fd25c5,3,8
0x7faa7f922802,0x7faa7f9227ec,-29,8
0x7faa7f922802,0x7faa7f9227ec,-13,8
0x7faa7f922802,0x7faa81fd25c8,-16,8
0x7faa7f922839,0x7faa7f922839,-46,8
0x7faa7f922839,0x7faa7f922839,-38,8
0x7faa7f922839,0x7faa7f922839,-34,8
0x7faa7f922839,0x7faa7f922839,-24,8
0x7faa7f922839,0x7faa7f922839,-10,8
0x7faa7f922839,0x7faa7f922839,4,8
0x7faa7f922839,0x7faa7f922839,26,8
0x7faa7f922839,0x7faa7f922839,30,8
0x7faa7f922839,0x7faa7f922839,32,8
0x7faa7f922839,0x7faa7f922839,48,8
0x7faa7f922839,0x7faa7f957388,-32,8
0x7faa7f922839,0x7faa7f9575f9,2,8
0x7faa7f922839,0x7faa7f957607,-30,8
0x7faa7f922839,0x7faa7f95777f,6,8
0x7faa7f922aa8,0x7faa7f922aa8,-6,8
0x7faa7f922abe,0x7faa7f922abe,-24,8
0x7faa7f922bc2,0x7faa7f93f84e,0,8
0x7faa7f922bc2,0x7faa7f9ff96f,0,8
0x7faa7f92328a,0x7faa7f92328b,8,8
0x7faa7f92328d,0x7faa7f92328f,8,8
0x7faa7f9235b5,0x7faa7f923606,0,8
0x7faa7f92384f,0x7faa7f91af50,0,8
0x7faa7f923f53,0x7faa7f923f65,-8,8
0x7faa7f9253d2,0x7faa7f925916,22,8
0x7faa7f9253d2,0x7faa7f925916,25,8
0x7faa7f925916,0x7faa7f9253d2,-33,8
0x7faa7f925916,0x7faa7f925916,-8,8
0x7faa7f925916,0x7faa7f925916,-7,8
0x7faa7f925916,0x7faa7f925916,-4,8
0x7faa7f925916,0x7faa7f925916,9,8
0x7faa7f925916,0x7faa7f925951,1,8
0x7faa7f925944,0x7faa7f9b4bce,-48,8
0x7faa7f925951,0x7faa7f925916,5,8
0x7faa7f925e9e,0x7faa7f957340,-48,8
0x7faa7f927b8b,0x7faa7f905bd7,-24,8
0x7faa7f92ad20,0x7faa7f9b0598,-32,8
0x7faa7f92ad20,0x7faa81fd259c,-40,8
0x7faa7f92ad20,0x7faa81fd259c,-38,8
0x7faa7f92ad20,0x7faa81fd259c,-37,8
0x7faa7f92ad60,0x7faa7f8e8f2e,24,8
0x7faa7f92ad70,0x7faa7f92ad70,-48,8
0x7faa7f92ad70,0x7faa7f92ad70,-32,8
0x7faa7f92ad70,0x7faa7f92ad70,-24,8
0x7faa7f92ad70,0x7faa7f92ad70,-16,8
0x7faa7f92ad70,0x7faa7f92ad70,-8,8
0x7faa7f92ad70,0x7faa7f92ad70,8,8
0x7faa7f92d242,0x7faa7f9b0b0e,-16,8
0x7faa7f92d777,0x7faa7f92d27b,0,8
0x7faa7f92d777,0x7faa7f92d7b2,-16,8
0x7faa7f92e19a,0x7faa7f92d242,-50,8
0x7faa7f92e19a,0x7faa7f92d27b,-21,8
0x7faa7f92ebc3,0x7faa7f8dfd75,0,8
0x7faa7f932d50,0x7faa7f9b0af3,-45,8
0x7faa7f932d5a,0x7faa7f932d5a,56,8
0x7faa7f933399,0x7faa7f9334de,-16,8
0x7faa7f933399,0x7faa81fc2994,16,8
0x7faa7f933bda,0x7faa81fd2477,16,8
0x7faa7f933bda,0x7faa81fd257e,17,8
0x7faa7f933bda,0x7faa81fd257e,19,8
0x7faa7f933bda,0x7faa81fd258f,16,8
0x7faa7f933bda,0x7faa81fd259c,16,8
0x7faa7f933bda,0x7faa81fd260c,16,8
0x7faa7f933d17,0x7faa7f8f4d9f,-8,8
0x7faa7f933d17,0x7faa81fd257e,16,8
0x7faa7f935a37,0x7faa7f8e8f2e,24,8
0x7faa7f93ccd8,0x7faa7f93ccb1,16,8
0x7faa7f93dbae,0x7faa81fd26d3,-32,8
0x7faa7f93dd30,0x7faa7f93dc8d,-24,8
0x7faa7f93dd30,0x7faa7f93dd30,-52,8
0x7faa7f93dd30,0x7faa7f93dd30,-40,8
0x7faa7f93dd30,0x7faa7f93dd30,-30,8
0x7faa7f93dd30,0x7faa7f93dd30,-26,8
0x7faa7f93dd30,0x7faa7f93dd30,-20,8
0x7faa7f93dd30,0x7faa7f93dd30,-18,8
0x7faa7f93dd30,0x7faa7f93dd30,0,8
0x7faa7f93dd30,0x7faa7f93dd30,4,8
0x7faa7f93dd30,0x7faa7f93dd30,8,8
0x7faa7f93dd30,0x7faa7f93dd30,10,8
0x7faa7f93dd30,0x7faa7f93dded,-34,8
0x7faa7f93dd30,0x7faa7f93dded,-30,8
0x7faa7f93dd30,0x7faa7f93dded,10,8
0x7faa7f93dd30,0x7faa7f93dded,24,8
0x7faa7f93dd30,0x7faa7f93dded,50,8
0x7faa7f93dd30,0x7faa7f9575f9,-26,8
0x7faa7f93dded,0x7faa7f93dd30,-32,8
0x7faa7f93dded,0x7faa7f93dd30,-2,8
0x7faa7f93dded,0x7faa7f93dded,-42,8
0x7faa7f93dded,0x7faa7f93dded,-20,8
0x7faa7f93dded,0x7faa7f93dded,-10,8
0x7faa7f93f871,0x7faa7f9a6f5b,0,8
0x7faa7f941a26,0x7faa7f941a38,8,8
0x7faa7f941a75,0x7faa7f903a45,-16,8
0x7faa7f9462ec,0x7faa7f8efae1,16,8
0x7faa7f9462ec,0x7faa7f8efb04,16,8
0x7faa7f9462ec,0x7faa7f957aff,16,8
0x7faa7f9462ec,0x7faa7f9b077f,16,8
0x7faa7f946989,0x7faa7f9469b9,32,8
0x7faa7f946989,0x7faa7f9b077f,32,8
0x7faa7f94b062,0x7faa7f9b4c3b,-8,8
0x7faa7f94b07d,0x7faa7f9b4c3b,-16,8
0x7faa7f94b07d,0x7faa820a7c80,16,8
0x7faa7f94b081,0x7faa7f9b4c3b,-16,8
0x7faa7f94b095,0x7faa820a7ba4,0,8
0x7faa7f94b095,0x7faa820a7c36,0,8
0x7faa7f94b095,0x7faa820a7cf5,0,8
0x7faa7f94b095,0x7faa820a7d44,0,8
0x7faa7f94b095,0x7faa820a7e63,0,8
0x7faa7f94b26f,0x7faa7f9b0e30,0,8
0x7faa7f94bc6f,0x7faa7f8f5a5e,-8,8
0x7faa7f94f071,0x7faa7f94fc84,0,8
0x7faa7f94fc4d,0x7faa7f94f01c,0,8
0x7faa7f94fc84,0x7faa7f922a28,0,8
0x7faa7f950c46,0x7faa7f8ef570,8,8
0x7faa7f957307,0x7faa7f957319,32,8
0x7faa7f957388,0x7faa7f9576b1,36,8
0x7faa7f957388,0x7faa7f9576b1,45,8
0x7faa7f957388,0x7faa7f9576b1,47,8
0x7faa7f957388,0x7faa7f957815,46,8
0x7faa7f9573d5,0x7faa7f95731d,-8,8
0x7faa7f95741b,0x7faa7f9e157b,0,8
0x7faa7f957440,0x7faa7f957451,-56,8
0x7faa7f957440,0x7faa7f957451,0,8
0x7faa7f957440,0x7faa7f957859,-16,8
0x7faa7f957451,0x7faa7f957360,-16,8
0x7faa7f957569,0x7faa7f957416,8,8
0x7faa7f9575f9,0x7faa7f957607,-42,8
0x7faa7f9575f9,0x7faa7f957607,-34,8
0x7faa7f9575f9,0x7faa7f957607,-20,8
0x7faa7f9575f9,0x7faa7f957607,-16,8
0x7faa7f9575f9,0x7faa7f957607,-12,8
0x7faa7f9575f9,0x7faa7f957607,-8,8
0x7faa7f9575f9,0x7faa7f9576bf,-22,8
0x7faa7f9575f9,0x7faa7f9576bf,-18,8
0x7faa7f9575f9,0x7faa7f95777f,-34,8
0x7faa7f9575f9,0x7faa7f95777f,-32,8
0x7faa7f9575f9,0x7faa7f95777f,-28,8
0x7faa7f9575f9,0x7faa7f95777f,-16,8
0x7faa7f9575f9,0x7faa7f95777f,-10,8
0x7faa7f9575f9,0x7faa7f95777f,30,8
0x7faa7f9575f9,0x7faa7f95777f,32,8
0x7faa7f9575f9,0x7faa7f95777f,34,8
0x7faa7f9575f9,0x7faa7f957832,-54,8
0x7faa7f9575f9,0x7faa7f957832,-10,8
0x7faa7f9575f9,0x7faa7f957832,-4,8
0x7faa7f9575f9,0x7faa7f957832,14,8
0x7faa7f9575f9,0x7faa7f957832,16,8
0x7faa7f9575f9,0x7faa7f957832,34,8
0x7faa7f9575f9,0x7faa7f957832,38,8
0x7faa7f9575f9,0x7faa7f957832,48,8
0x7faa7f957607,0x7faa7f9579b5,-8,8
0x7faa7f9576b1,0x7faa7f9576bf,-19,8
0x7faa7f9576b1,0x7faa7f957815,-47,8
0x7faa7f9576b1,0x7faa7f957815,-22,8
0x7faa7f9576b1,0x7faa7f957815,-3,8
0x7faa7f9576b1,0x7faa7f957815,-2,8
0x7faa7f9576b1,0x7faa7f957815,10,8
0x7faa7f9576b1,0x7faa7f957815,22,8
0x7faa7f9576b1,0x7faa7f957815,24,8
0x7faa7f95777f,0x7faa7f9576bf,-16,8
0x7faa7f95777f,0x7faa7f9576bf,-14,8
0x7faa7f95777f,0x7faa7f9576bf,-8,8
0x7faa7f95777f,0x7faa7f957832,-22,8
0x7faa7f95777f,0x7faa7f957832,-10,8
0x7faa7f95777f,0x7faa7f957832,-2,8
0x7faa7f95777f,0x7faa7f957832,12,8
0x7faa7f95777f,0x7faa7f957832,40,8
0x7faa7f95777f,0x7faa7f957832,44,8
0x7faa7f957789,0x7faa7f94630c,0,8
0x7faa7f957815,0x7faa7f9576bf,-21,8
0x7faa7f957815,0x7faa7f9576bf,-14,8
0x7faa7f957815,0x7faa7f9576bf,-12,8
0x7faa7f957815,0x7faa7f957815,-33,8
0x7faa7f957815,0x7faa7f957815,-25,8
0x7faa7f957815,0x7faa7f957815,-12,8
0x7faa7f957815,0x7faa7f957815,-11,8
0x7faa7f957815,0x7faa7f957815,-6,8
0x7faa7f957815,0x7faa7f957815,-4,8
0x7faa7f957815,0x7faa7f957815,-3,8
0x7faa7f957815,0x7faa7f957815,3,8
0x7faa7f957815,0x7faa7f957815,11,8
0x7faa7f957832,0x7faa7f957832,-36,8
0x7faa7f957832,0x7faa7f957832,-28,8
0x7faa7f957832,0x7faa7f957832,-20,8
0x7faa7f957832,0x7faa7f957832,-16,8
0x7faa7f957832,0x7faa7f957832,-14,8
0x7faa7f957832,0x7faa7f957832,-12,8
0x7faa7f957832,0x7faa7f957832,-10,8
0x7faa7f957832,0x7faa7f957832,-6,8
0x7faa7f957832,0x7faa7f957832,-4,8
0x7faa7f957832,0x7faa7f957832,2,8
0x7faa7f957832,0x7faa7f957832,10,8
0x7faa7f957832,0x7faa7f957832,14,8
0x7faa7f957832,0x7faa7f957832,34,8
0x7faa7f957832,0x7faa7f957832,38,8
0x7faa7f957832,0x7faa7f957832,40,8
0x7faa7f9587ec,0x7faa7f9b0dcc,0,8
0x7faa7f958925,0x7faa7f8ef6d5,24,8
0x7faa7f958925,0x7faa7f96d7fb,16,8
0x7faa7f95892d,0x7faa7f8efa08,0,8
0x7faa7f9595c8,0x7faa7f959513,0,8
0x7faa7f959844,0x7faa7f87ea3d,-8,8
0x7faa7f959844,0x7faa7f92d7b2,8,8
0x7faa7f96d7fb,0x7faa7f96d832,16,8
0x7faa7f96d805,0x7faa7f8ef6df,0,8
0x7faa7f96d832,0x7faa7f96d87d,0,8
0x7faa7f9746b6,0x7faa7f9746ca,0,8
0x7faa7f978219,0x7faa7f977f64,-16,8
0x7faa7f978219,0x7faa7f978239,24,8
0x7faa7f978239,0x7faa7f977f64,-40,8
0x7faa7f9826ef,0x7faa7f9b0e30,0,8
0x7faa7f98289a,0x7faa7f9828b1,8,8
0x7faa7f9828c7,0x7faa7f8efa8d,-24,8
0x7faa7f982cbf,0x7faa7f982cda,28,8
0x7faa7f984539,0x7faa7f8fb209,0,8
0x7faa7f9845ff,0x7faa7f984f5e,0,8
0x7faa7f984bfc,0x7faa7f984539,0,8
0x7faa7f985595,0x7faa7f9855b0,-16,8
0x7faa7f985632,0x7faa7f98577f,13,8
0x7faa7f985794,0x7faa820a7d44,-13,8
0x7faa7f98d953,0x7faa7f8ef75b,16,8
0x7faa7f98e174,0x7faa7f98e1a8,-48,8
0x7faa7f98e1a8,0x7faa7f98e1c3,-16,8
0x7faa7f9a6e1e,0x7faa7f95bc46,-24,8
0x7faa7f9a6f5b,0x7faa7f903f74,0,8
0x7faa7f9a6ff2,0x7faa7f91af50,0,8
0x7faa7f9a6ff2,0x7faa7f922a28,0,8
0x7faa7f9a6ff2,0x7faa7f94fc4d,0,8
0x7faa7f9a6ff2,0x7faa7f984bfc,0,8
0x7faa7f9b0529,0x7faa7f9b201e,0,8
0x7faa7f9b0585,0x7faa7f958820,-8,8
0x7faa7f9b0585,0x7faa7f9b0774,-8,8
0x7faa7f9b05a7,0x7faa7f9b15ce,0,8
0x7faa7f9b05a7,0x7faa7f9b53ad,0,8
0x7faa7f9b05a7,0x7faa7f9b53c9,0,8
0x7faa7f9b05b4,0x7faa7f9b0965,2,8
0x7faa7f9b0652,0x7faa7f9b0727,2,8
0x7faa7f9b0670,0x7faa7f9b4da1,-56,8
0x7faa7f9b079f,0x7faa7f9b0ff7,2,8
0x7faa7f9b07bf,0x7faa7f9b1099,0,8
0x7faa7f9b07bf,0x7faa7f9b204b,0,8
0x7faa7f9b07ec,0x7faa7f9b0897,0,8
0x7faa7f9b0ba0,0x7faa7f95778d,0,8
0x7faa7f9b0bd8,0x7faa7f9b0f62,0,8
0x7faa7f9b0e69,0x7faa7f9b5418,-8,8
0x7faa7f9b0ece,0x7faa7f9b0749,-8,8
0x7faa7f9b0ee0,0x7faa7f9b0ea3,0,8
0x7faa7f9b0f67,0x7faa7f9b2001,4,8
0x7faa7f9b0fb3,0x7faa7f9b0580,8,8
0x7faa7f9b15ce,0x7faa7f9b0ea3,0,8
0x7faa7f9b1ff4,0x7faa7f9b0706,-24,8
0x7faa7f9b2015,0x7faa7f9b2001,4,8
0x7faa7f9b201e,0x7faa7f9b0736,0,8
0x7faa7f9b201e,0x7faa7f9b0760,8,8
0x7faa7f9b202b,0x7faa7f9b202b,2,8
0x7faa7f9b2d8b,0x7faa7f8f084b,8,8
0x7faa7f9b2d8b,0x7faa7f8f0c01,-16,8
0x7faa7f9b4b30,0x7faa7f9b202b,2,8
0x7faa7f9b5298,0x7faa7f9594b1,0,8
0x7faa7f9b53c9,0x7faa7f9b0580,8,8
0x7faa7f9b56e5,0x7faa7f9462d1,24,8
0x7faa7f9b56e5,0x7faa7f94630c,0,8
0x7faa7f9b665e,0x7faa7f9b1017,-8,8
0x7faa7f9d9fd8,0x7faa7f9da133,33,8
0x7faa7f9d9fd8,0x7faa7f9da133,34,8
0x7faa7f9d9fd8,0x7faa7f9da133,47,8
0x7faa7f9d9fd8,0x7faa81fd263e,16,8
0x7faa7f9da133,0x7faa81fd2477,-30,8
0x7faa7f9da133,0x7faa81fd2477,-17,8
0x7faa7f9da4bd,0x7faa7f8f5229,16,8
0x7faa7f9da4bd,0x7faa7f9b0af3,-16,8
0x7faa7f9e15c1,0x7faa7f9a6f5b,0,8
0x7faa7f9e3256,0x7faa81fd257e,19,8
0x7faa7f9e3558,0x7faa7f8ef579,6,8
0x7faa7f9e3558,0x7faa7f9b0af3,-42,8
0x7faa7f9e357a,0x7faa81fd257e,-5,8
0x7faa7f9fa9c5,0x7faa7f978219,-24,8
0x7faa7f9ff90b,0x7faa820a7ba4,16,8
0x7faa7f9ff987,0x7faa7f9ff989,8,8
0x7faa7f9ff98b,0x7faa7f9ff98d,8,8
0x7faa81fab574,0x7faa81fac01f,-8,8
0x7faa81fab581,0x7faa81fabef2,0,8
0x7faa81fab581,0x7faa81fae32f,0,8
0x7faa81fab5f4,0x7faa81fab609,8,8
0x7faa81fab60d,0x7faa81fabbf5,0,8
0x7faa81fab699,0x7faa81fac188,-8,8
0x7faa81fab8e8,0x7faa81fabe6c,56,8
0x7faa81fab913,0x7faa81fabd95,4,8
0x7faa81fabbf0,0x7faa81fabc03,0,8
0x7faa81fabe6c,0x7faa81fabe6c,16,8
0x7faa81fac0e6,0x7faa81fac0f0,-32,8
0x7faa81fac0e6,0x7faa81fac106,-24,8
0x7faa81fac112,0x7faa81fac12d,8,8
0x7faa81fac112,0x7faa81fae32f,0,8
0x7faa81fac12d,0x7faa81fac131,8,8
0x7faa81faecf9,0x7faa81faf396,8,8
0x7faa81fc2994,0x7faa81fc2b85,2,8
0x7faa81fc2994,0x7faa81fc2b85,7,8
0x7faa81fc2994,0x7faa81fc2b85,9,8
0x7faa81fc2994,0x7faa81fc2b85,15,8
0x7faa81fc2994,0x7faa81fc2be3,1,8
0x7faa81fc2994,0x7faa81fc2be3,14,8
0x7faa81fc2994,0x7faa81fc2be3,16,8
0x7faa81fc29d7,0x7faa7f932d50,3,8
0x7faa81fc29d7,0x7faa7f932d50,4,8
0x7faa81fc29d7,0x7faa81fd263e,2,8
0x7faa81fc2a34,0x7faa81fd2477,-28,8
0x7faa81fc2a34,0x7faa81fd2477,-27,8
0x7faa81fc2a34,0x7faa81fd2477,-25,8
0x7faa81fc2a34,0x7faa81fd2477,-24,8
0x7faa81fc2a34,0x7faa81fd25c5,-30,8
0x7faa81fc2a49,0x7faa81fd260f,-21,8
0x7faa81fc2a5e,0x7faa81fd2613,-13,8
0x7faa81fc2a5e,0x7faa81fd2613,-8,8
0x7faa81fc2a8a,0x7faa81fd25d0,-30,8
0x7faa81fc2b85,0x7faa81fd257e,1,8
0x7faa81fc2b99,0x7faa81fc2bae,16,8
0x7faa81fc2b99,0x7faa81fd2477,-18,8
0x7faa81fc2bae,0x7faa81fd260f,-28,8
0x7faa81fc2bfc,0x7faa81fd260c,-17,8
0x7faa81fc865e,0x7faa81fc8663,16,8
0x7faa81fc8668,0x7faa81fc8720,-32,8
0x7faa81fc8668,0x7faa81fc8720,0,8
0x7faa81fc872f,0x7faa81fc8778,-48,8
0x7faa81fc8744,0x7faa81fc8748,16,8
0x7faa81fc874d,0x7faa81fc8752,16,8
0x7faa81fc8778,0x7faa81fc877c,16,8
0x7faa81fc877c,0x7faa81fc8781,16,8
0x7faa81fc8781,0x7faa81fc8786,16,8
0x7faa81fd2477,0x7faa7f9b0b29,-43,8
0x7faa81fd2477,0x7faa81fd247a,12,8
0x7faa81fd2477,0x7faa81fd247a,14,8
0x7faa81fd247a,0x7faa7f8f4d9f,-30,8
0x7faa81fd247a,0x7faa7f9b0af3,-50,8
0x7faa81fd247a,0x7faa81fd257e,17,8
0x7faa81fd247a,0x7faa81fd259c,18,8
0x7faa81fd2487,0x7faa7f933f4b,16,8
0x7faa81fd2583,0x7faa7f9b0af3,-42,8
0x7faa81fd2583,0x7faa7f9e3558,12,8
0x7faa81fd2583,0x7faa81fd2477,13,8
0x7faa81fd2583,0x7faa81fd2477,16,8
0x7faa81fd2583,0x7faa81fd259c,13,8
0x7faa81fd258e,0x7faa7f933f4b,16,8
0x7faa81fd2593,0x7faa7f9b0b29,-51,8
0x7faa81fd2593,0x7faa7f9b0b29,-40,8
0x7faa81fd2593,0x7faa81fd258f,7,8
0x7faa81fd2593,0x7faa81fd25c5,7,8
0x7faa81fd2593,0x7faa81fd26c4,7,8
0x7faa81fd259b,0x7faa7f933f24,16,8
0x7faa81fd259b,0x7faa7f933f4b,16,8
0x7faa81fd25a1,0x7faa7f8e8f2e,8,8
0x7faa81fd25a1,0x7faa7f8fd314,-48,8
0x7faa81fd25a1,0x7faa7f9b0af3,-45,8
0x7faa81fd25a1,0x7faa7f9b0b29,-40,8
0x7faa81fd25ac,0x7faa7f933f24,16,8
0x7faa81fd25c8,0x7faa7f93dbed,-56,8
0x7faa81fd25cc,0x7faa81fd25d9,4,8
0x7faa81fd25d0,0x7faa81fd25d4,4,8
0x7faa81fd25d0,0x7faa81fd25d4,29,8
0x7faa81fd25d0,0x7faa81fd25d9,40,8
0x7faa81fd25d0,0x7faa81fd25de,24,8
0x7faa81fd25d9,0x7faa7f9b0598,34,8
0x7faa81fd260c,0x7faa81fd2618,9,8
0x7faa81fd260c,0x7faa81fd2618,11,8
0x7faa81fd260c,0x7faa81fd2618,14,8
0x7faa81fd260c,0x7faa81fd2618,15,8
0x7faa81fd260f,0x7faa81fd2613,16,8
0x7faa81fd260f,0x7faa81fd2613,21,8
0x7faa81fd260f,0x7faa81fd2613,25,8
0x7faa81fd260f,0x7faa81fd2613,28,8
0x7faa81fd260f,0x7faa81fd2618,-4,8
0x7faa81fd260f,0x7faa81fd2618,2,8
0x7faa81fd260f,0x7faa81fd2618,4,8
0x7faa81fd2618,0x7faa7f9b0af3,-47,8
0x7faa81fd2618,0x7faa7f9b0af3,-33,8
0x7faa81fd2618,0x7faa7f9b4dc0,-45,8
0x7faa81fd2618,0x7faa7f9b4dc0,-44,8
0x7faa81fd2618,0x7faa7f9b4dc0,-42,8
0x7faa81fd262e,0x7faa7f933f4b,16,8
0x7faa81fd2650,0x7faa81fd267f,-14,8
0x7faa81fd2650,0x7faa81fd2686,-45,8
0x7faa81fd26c3,0x7faa7f932cd7,8,8
0x7faa81fd26cf,0x7faa81fd270a,40,8
0x7faa81fd26d3,0x7faa81fd2703,-14,8
0x7faa81fd274a,0x7faa7f932cd7,8,8
0x7faa820a6fdd,0x7faa820a6fdd,0,8
0x7faa820a7b75,0x7faa7f9b0b0e,-32,8
0x7faa820a7b75,0x7faa820a7b86,8,8
0x7faa820a7c61,0x7faa7f94b07d,-21,8
0x7faa820a7c80,0x7faa820a7c8e,4,8
0x7faa820a7c8e,0x7faa7f9b4c3b,-36,8
0x7faa820a7cf5,0x7faa820a7d06,8,8
0x7faa820a7e02,0x7faa820a7e13,7,8
0x7faa820a7e6e,0x7faa7f8e8f2e,29,8
0x7faa820a7f25,0x7faa820a85b0,0,8
