/* -*- Mode: c -*- */
####################################################################################################
Core 0
####################################################################################################
Cumulative:        Cycles: 11865344              Instructions: 30000000              IPC: 2.52837

Periodic:          Cycles: 3862068               Instructions: 10000000              IPC: 2.58929

L0_ALL_PREDICTIONS                             2185173       50.000%          6541303       50.000%
MAIN_ALL_PREDICTIONS                           2185173       50.000%          6541303       50.000%
                                               4370346      100.000%         13082606      100.000%
                                                  0.50         0.50              0.50         0.50

L0_ALL_RECOVER_AT_EXEC                          484095       96.855%          1456155       97.100%
MAIN_ALL_RECOVER_AT_EXEC                         15721        3.145%            43486        2.900%
                                                499816      100.000%          1499641      100.000%
                                                  0.03         0.17              0.03         0.17

L0_ALL_RECOVER_AT_DECODE                             0        0.000%                0        0.000%
MAIN_ALL_RECOVER_AT_DECODE                          45      100.000%              971      100.000%
                                                    45      100.000%              971      100.000%
                                                  1.00         1.01              1.00         1.00

L0_ALL_PREDICTIONS_OFFPATH                     2268967       50.000%          6250808       50.000%
MAIN_ALL_PREDICTIONS_OFFPATH                   2268967       50.000%          6250808       50.000%
                                               4537934      100.000%         12501616      100.000%
                                                  0.50         0.50              0.50         0.50

L0_ALL_RECOVER_AT_EXEC_OFFPATH                  569785       65.296%          1539187       66.715%
MAIN_ALL_RECOVER_AT_EXEC_OFFPATH                302836       34.704%           767930       33.285%
                                                872621      100.000%          2307117      100.000%
                                                  0.35         0.44              0.33         0.43

L0_ALL_RECOVER_AT_DECODE_OFFPATH                     0        0.000%                0        0.000%
MAIN_ALL_RECOVER_AT_DECODE_OFFPATH                  39      100.000%              805      100.000%
                                                    39      100.000%              805      100.000%
                                                  1.00         1.01              1.00         1.00

MAIN_CBR_CORRECT                                584606       36.458%          1595188       33.295%
MAIN_CBR_CORRECT_BTB_MISS_NT_NT                1014484       63.266%          3180779       66.390%
MAIN_CBR_RECOVER_AT_EXEC                          4341        0.271%            13984        0.292%
MAIN_CBR_RECOVER_AT_DECODE                           0        0.000%                0        0.000%
MAIN_CBR_RECOVER_BTB_MISS_T_T                       11        0.001%               28        0.001%
MAIN_CBR_RECOVER_BTB_MISS_T_NT                      47        0.003%              305        0.006%
MAIN_CBR_RECOVER_BTB_MISS_NT_T                      31        0.002%              791        0.017%
                                               1603520      100.000%          4791075      100.000%
                                                  0.64         0.30              0.67         0.29

MAIN_BR_CORRECT                                 103151       99.985%           328813       99.880%
MAIN_BR_RECOVER                                     15        0.015%              395        0.120%
                                                103166      100.000%           329208      100.000%
                                                  0.00         0.01              0.00         0.03

MAIN_ICALL_CORRECT_IBTB                          49505       95.211%           138879       95.804%
MAIN_ICALL_CORRECT_BTB                             801        1.541%             2091        1.442%
MAIN_ICALL_RECOVER_AT_EXEC_IBTB                   1479        2.845%             3294        2.272%
MAIN_ICALL_RECOVER_AT_EXEC_BTB                     209        0.402%              526        0.363%
MAIN_ICALL_RECOVER_AT_EXEC_XBTB_MISS                 1        0.002%              172        0.119%
                                                 51995      100.000%           144962      100.000%
                                                  0.08         0.39              0.08         0.38

MAIN_IBR_CORRECT_IBTB                            60668       86.218%           204612       89.579%
MAIN_IBR_CORRECT_BTB                              2393        3.401%             5749        2.517%
MAIN_IBR_RECOVER_AT_EXEC_IBTB                     3713        5.277%             9752        4.269%
MAIN_IBR_RECOVER_AT_EXEC_BTB                      3592        5.105%             8214        3.596%
MAIN_IBR_RECOVER_AT_EXEC_XBTB_MISS                   0        0.000%               88        0.039%
                                                 70366      100.000%           228415      100.000%
                                                  0.29         0.74              0.22         0.66

MAIN_ICO_CORRECT                                     0         -nan%                0         -nan%
MAIN_ICO_RECOVER                                     0         -nan%                0         -nan%
                                                     0         -nan%                0         -nan%
                                                  -nan         -nan              -nan         -nan

MAIN_RET_CORRECT                                201755       98.869%           589944       98.933%
MAIN_RET_RECOVER                                  2308        1.131%             6358        1.066%
MAIN_RET_RECOVER_UFLOW                               0        0.000%                2        0.000%
                                                204063      100.000%           596304      100.000%
                                                  0.01         0.11              0.01         0.10

MAIN_CALL_CORRECT                               152044       99.988%           450791       99.879%
MAIN_CALL_RECOVER                                   19        0.012%              548        0.121%
                                                152063      100.000%           451339      100.000%
                                                  0.00         0.01              0.00         0.03

L0_CBR_CORRECT                                  107888        6.728%           315312        6.581%
L0_CBR_CORRECT_BTB_MISS_NT_NT                  1290860       80.502%          3866560       80.703%
L0_CBR_RECOVER_AT_EXEC                           33139        2.067%            92578        1.932%
L0_CBR_RECOVER_AT_DECODE                             0        0.000%                0        0.000%
L0_CBR_RECOVER_BTB_MISS_T_T                      94373        5.885%           285817        5.966%
L0_CBR_RECOVER_BTB_MISS_T_NT                     28923        1.804%            90981        1.899%
L0_CBR_RECOVER_BTB_MISS_NT_T                     48337        3.014%           139827        2.918%
                                               1603520      100.000%          4791075      100.000%
                                                  1.35         1.21              1.35         1.21

L0_BR_CORRECT                                    34820       33.751%           104285       31.678%
L0_BR_RECOVER                                    68346       66.249%           224923       68.322%
                                                103166      100.000%           329208      100.000%
                                                  0.66         0.61              0.68         0.62

L0_ICALL_CORRECT_IBTB                                0        0.000%                0        0.000%
L0_ICALL_CORRECT_BTB                               510        0.981%             1190        0.821%
L0_ICALL_RECOVER_AT_EXEC_IBTB                    50984       98.056%           142173       98.076%
L0_ICALL_RECOVER_AT_EXEC_BTB                       102        0.196%              230        0.159%
L0_ICALL_RECOVER_AT_EXEC_XBTB_MISS                 399        0.767%             1369        0.944%
                                                 51995      100.000%           144962      100.000%
                                                  2.01         0.27              2.01         0.29

L0_IBR_CORRECT_IBTB                                  8        0.011%               14        0.006%
L0_IBR_CORRECT_BTB                                1633        2.321%             3844        1.683%
L0_IBR_RECOVER_AT_EXEC_IBTB                      64373       91.483%           214350       93.842%
L0_IBR_RECOVER_AT_EXEC_BTB                        2812        3.996%             6317        2.766%
L0_IBR_RECOVER_AT_EXEC_XBTB_MISS                  1540        2.189%             3890        1.703%
                                                 70366      100.000%           228415      100.000%
                                                  2.06         0.49              2.04         0.43

L0_ICO_CORRECT                                       0         -nan%                0         -nan%
L0_ICO_RECOVER                                       0         -nan%                0         -nan%
                                                     0         -nan%                0         -nan%
                                                  -nan         -nan              -nan         -nan

L0_RET_CORRECT                                  201755       98.869%           589944       98.933%
L0_RET_RECOVER                                    2308        1.131%             6358        1.066%
L0_RET_RECOVER_UFLOW                                 0        0.000%                2        0.000%
                                                204063      100.000%           596304      100.000%
                                                  0.01         0.11              0.01         0.10

L0_CALL_CORRECT                                  63604       41.827%           203999       45.199%
L0_CALL_RECOVER                                  88459       58.173%           247340       54.801%
                                                152063      100.000%           451339      100.000%
                                                  0.58         0.55              0.55         0.53

MAIN_CBR_CORRECT_OFFPATH                        487749       28.823%          1249368       26.885%
MAIN_CBR_CORRECT_BTB_MISS_NT_NT_OFFPATH        1009652       59.665%          2918418       62.800%
MAIN_CBR_RECOVER_AT_EXEC_OFFPATH                189414       11.193%           464768       10.001%
MAIN_CBR_RECOVER_AT_DECODE_OFFPATH                   0        0.000%                0        0.000%
MAIN_CBR_RECOVER_BTB_MISS_T_T_OFFPATH               12        0.001%              117        0.003%
MAIN_CBR_RECOVER_BTB_MISS_T_NT_OFFPATH            5359        0.317%            13944        0.300%
MAIN_CBR_RECOVER_BTB_MISS_NT_T_OFFPATH              26        0.002%              513        0.011%
                                               1692212      100.000%          4647128      100.000%
                                                  0.84         0.47              0.84         0.45

MAIN_BR_CORRECT_OFFPATH                         104213       99.988%           293068       99.906%
MAIN_BR_RECOVER_OFFPATH                             13        0.012%              276        0.094%
                                                104226      100.000%           293344      100.000%
                                                  0.00         0.01              0.00         0.03

MAIN_ICALL_CORRECT_IBTB_OFFPATH                  15380       31.923%            42937       33.833%
MAIN_ICALL_CORRECT_BTB_OFFPATH                   30445       63.193%            76798       60.514%
MAIN_ICALL_RECOVER_AT_EXEC_IBTB_OFFPATH           1788        3.711%             5530        4.357%
MAIN_ICALL_RECOVER_AT_EXEC_BTB_OFFPATH             561        1.164%             1408        1.109%
MAIN_ICALL_RECOVER_AT_EXEC_XBTB_MISS_OFFPATH             4        0.008%              237        0.187%
                                                 48178      100.000%           126910      100.000%
                                                  0.74         0.40              0.73         0.44

MAIN_IBR_CORRECT_IBTB_OFFPATH                    15933       23.164%            45535       23.541%
MAIN_IBR_CORRECT_BTB_OFFPATH                     37288       54.211%           106589       55.105%
MAIN_IBR_RECOVER_AT_EXEC_IBTB_OFFPATH             8988       13.067%            25334       13.097%
MAIN_IBR_RECOVER_AT_EXEC_BTB_OFFPATH              6574        9.558%            15775        8.155%
MAIN_IBR_RECOVER_AT_EXEC_XBTB_MISS_OFFPATH             0        0.000%              197        0.102%
                                                 68783      100.000%           193430      100.000%
                                                  1.09         0.68              1.06         0.66

MAIN_ICO_CORRECT_OFFPATH                             0         -nan%                0         -nan%
MAIN_ICO_RECOVER_OFFPATH                             0         -nan%                0         -nan%
                                                     0         -nan%                0         -nan%
                                                  -nan         -nan              -nan         -nan

MAIN_RET_CORRECT_OFFPATH                        114058       55.861%           322109       57.281%
MAIN_RET_RECOVER_OFFPATH                         86043       42.141%           229029       40.728%
MAIN_RET_RECOVER_UFLOW_OFFPATH                    4079        1.998%            11195        1.991%
                                                204180      100.000%           562333      100.000%
                                                  0.46         0.42              0.45         0.42

MAIN_CALL_CORRECT_OFFPATH                       151374       99.991%           427251       99.904%
MAIN_CALL_RECOVER_OFFPATH                           14        0.009%              412        0.096%
                                                151388      100.000%           427663      100.000%
                                                  0.00         0.01              0.00         0.03

L0_CBR_CORRECT_OFFPATH                          133982        7.918%           366539        7.887%
L0_CBR_CORRECT_BTB_MISS_NT_NT_OFFPATH          1306632       77.214%          3601773       77.505%
L0_CBR_RECOVER_AT_EXEC_OFFPATH                   42128        2.490%           117615        2.531%
L0_CBR_RECOVER_AT_DECODE_OFFPATH                     0        0.000%                0        0.000%
L0_CBR_RECOVER_BTB_MISS_T_T_OFFPATH             115799        6.843%           317992        6.843%
L0_CBR_RECOVER_BTB_MISS_T_NT_OFFPATH             38749        2.290%           109894        2.365%
L0_CBR_RECOVER_BTB_MISS_NT_T_OFFPATH             54922        3.246%           133315        2.869%
                                               1692212      100.000%          4647128      100.000%
                                                  1.40         1.28              1.39         1.25

L0_BR_CORRECT_OFFPATH                            39837       38.222%           121964       41.577%
L0_BR_RECOVER_OFFPATH                            64389       61.778%           171380       58.423%
                                                104226      100.000%           293344      100.000%
                                                  0.62         0.57              0.58         0.55

L0_ICALL_CORRECT_IBTB_OFFPATH                        0        0.000%                0        0.000%
L0_ICALL_CORRECT_BTB_OFFPATH                     11708       24.302%            29728       23.424%
L0_ICALL_RECOVER_AT_EXEC_IBTB_OFFPATH            17168       35.635%            48467       38.190%
L0_ICALL_RECOVER_AT_EXEC_BTB_OFFPATH               191        0.396%              525        0.414%
L0_ICALL_RECOVER_AT_EXEC_XBTB_MISS_OFFPATH         19111       39.667%            48190       37.972%
                                                 48178      100.000%           126910      100.000%
                                                  2.55         2.03              2.53         1.98

L0_IBR_CORRECT_IBTB_OFFPATH                         10        0.015%               16        0.008%
L0_IBR_CORRECT_BTB_OFFPATH                       19304       28.065%            51738       26.748%
L0_IBR_RECOVER_AT_EXEC_IBTB_OFFPATH              24911       36.217%            70853       36.630%
L0_IBR_RECOVER_AT_EXEC_BTB_OFFPATH                4861        7.067%            10024        5.182%
L0_IBR_RECOVER_AT_EXEC_XBTB_MISS_OFFPATH         19697       28.636%            60799       31.432%
                                                 68783      100.000%           193430      100.000%
                                                  2.36         1.72              2.41         1.80

L0_ICO_CORRECT_OFFPATH                               0         -nan%                0         -nan%
L0_ICO_RECOVER_OFFPATH                               0         -nan%                0         -nan%
                                                     0         -nan%                0         -nan%
                                                  -nan         -nan              -nan         -nan

L0_RET_CORRECT_OFFPATH                          114058       55.861%           322109       57.281%
L0_RET_RECOVER_OFFPATH                           86043       42.141%           229029       40.728%
L0_RET_RECOVER_UFLOW_OFFPATH                      4079        1.998%            11195        1.991%
                                                204180      100.000%           562333      100.000%
                                                  0.46         0.42              0.45         0.42

L0_CALL_CORRECT_OFFPATH                          73651       48.650%           217754       50.917%
L0_CALL_RECOVER_OFFPATH                          77737       51.350%           209909       49.083%
                                                151388      100.000%           427663      100.000%
                                                  0.51         0.51              0.49         0.50

ALL_BTB_CORRECT                                 868659       43.847%          2437070       40.994%
ALL_BTB_INCORRECT_BUT_TARGET_CORRECT                10        0.001%               22        0.000%
ALL_BTB_INCORRECT                              1112441       56.152%          3507907       59.006%
                                               1981110      100.000%          5944999      100.000%
                                                  1.12         1.07              1.18         1.10

ALL_IBTB_CORRECT                                110173       90.039%           343491       91.996%
ALL_IBTB_INCORRECT                               12188        9.961%            29886        8.004%
                                                122361      100.000%           373377      100.000%
                                                  0.10         0.29              0.08         0.26

ALL_BTB_CORRECT_OFFPATH                         990939       47.992%          2553207       44.884%
ALL_BTB_INCORRECT_BUT_TARGET_CORRECT_OFFPATH            49        0.002%               68        0.001%
ALL_BTB_INCORRECT_OFFPATH                      1073799       52.005%          3135200       55.115%
                                               2064787      100.000%          5688475      100.000%
                                                  1.04         1.02              1.10         1.06

ALL_IBTB_CORRECT_OFFPATH                         31313       26.772%            88472       27.618%
ALL_IBTB_INCORRECT_OFFPATH                       85648       73.228%           231868       72.382%
                                                116961      100.000%           320340      100.000%
                                                  0.73         0.67              0.72         0.66

CRS_MISS                                          4616        1.131%            12720        1.067%
CRS_HIT                                         403510       98.869%          1179888       98.933%
                                                408126      100.000%          1192608      100.000%
                                                  0.99         0.98              0.99         0.98

CRS_MISS_OFFPATH                                180244       44.139%           480448       42.719%
CRS_HIT_OFFPATH                                 228116       55.861%           644218       57.281%
                                                408360      100.000%          1124666      100.000%
                                                  0.56         0.53              0.57         0.54

CRS_CLOBBER                                         42                            768              

IBTB_TARG_CACHE_MISS                             12188        9.961%            29886        8.004%
IBTB_TARG_CACHE_HIT                             110173       90.039%           343491       91.996%
                                                122361      100.000%           373377      100.000%
                                                  0.90         0.86              0.92         0.89

IBTB_TARG_CACHE_MISS_OFFPATH                     85648       73.228%           231868       72.382%
IBTB_TARG_CACHE_HIT_OFFPATH                      31313       26.772%            88472       27.618%
                                                116961      100.000%           320340      100.000%
                                                  0.27         0.40              0.28         0.41

IBTB_TARG_CACHE_WRITE                           122364       96.901%           373377       97.002%
IBTB_TARG_CACHE_WRITE_OFFPATH                     3913        3.099%            11541        2.998%
                                                126277      100.000%           384918      100.000%
                                                  0.03         0.17              0.03         0.17

BTB_WRITE                                       105175       99.952%           311612       99.898%
BTB_WRITE_OFFPATH                                   50        0.048%              318        0.102%
                                                105225      100.000%           311930      100.000%
                                                  0.00         0.02              0.00         0.03

BTB_L0_CORRECT                                  273585       13.810%           815516       13.718%
BTB_L0_INCORRECT_BUT_TARGET_CORRECT                 10        0.001%               22        0.000%
BTB_L0_INCORRECT                               1707515       86.190%          5129461       86.282%
                                               1981110      100.000%          5944999      100.000%
                                                  1.72         1.62              1.73         1.62

BTB_L1_CORRECT                                  866698       43.748%          2433584       40.935%
BTB_L1_INCORRECT_BUT_TARGET_CORRECT                  1        0.000%                7        0.000%
BTB_L1_INCORRECT                               1114411       56.252%          3511408       59.065%
                                               1981110      100.000%          5944999      100.000%
                                                  1.13         1.07              1.18         1.10

BTB_MAIN_CORRECT                                868659       43.847%          2437070       40.994%
BTB_MAIN_INCORRECT_BUT_TARGET_CORRECT               10        0.001%               22        0.000%
BTB_MAIN_INCORRECT                             1112441       56.152%          3507907       59.006%
                                               1981110      100.000%          5944999      100.000%
                                                  1.12         1.07              1.18         1.10

BTB_L0_CORRECT_OFFPATH                          340015       16.467%           962682       16.923%
BTB_L0_INCORRECT_BUT_TARGET_CORRECT_OFFPATH            48        0.002%               61        0.001%
BTB_L0_INCORRECT_OFFPATH                       1724724       83.530%          4725732       83.076%
                                               2064787      100.000%          5688475      100.000%
                                                  1.67         1.56              1.66         1.55

BTB_L1_CORRECT_OFFPATH                          988562       47.877%          2549107       44.812%
BTB_L1_INCORRECT_BUT_TARGET_CORRECT_OFFPATH             0        0.000%                1        0.000%
BTB_L1_INCORRECT_OFFPATH                       1076225       52.123%          3139367       55.188%
                                               2064787      100.000%          5688475      100.000%
                                                  1.04         1.02              1.10         1.06

BTB_MAIN_CORRECT_OFFPATH                        990939       47.992%          2553207       44.884%
BTB_MAIN_INCORRECT_BUT_TARGET_CORRECT_OFFPATH            49        0.002%               68        0.001%
BTB_MAIN_INCORRECT_OFFPATH                     1073799       52.005%          3135200       55.115%
                                               2064787      100.000%          5688475      100.000%
                                                  1.04         1.02              1.10         1.06

TARG_HYBRID_CORRECT_TAGLESS                          0         -nan%                0         -nan%
TARG_HYBRID_CORRECT_TAGGED                           0         -nan%                0         -nan%
TARG_HYBRID_RECOVER_AT_EXEC_TAGLESS                  0         -nan%                0         -nan%
TARG_HYBRID_RECOVER_AT_EXEC_TAGGED                   0         -nan%                0         -nan%
TARG_HYBRID_NO_PRED                                  0         -nan%                0         -nan%
                                                     0         -nan%                0         -nan%
                                                  -nan         -nan              -nan         -nan

BP_L0_EARLY_RECOVERIES                          484095       96.846%          1456155       97.037%
BP_MAIN_EXEC_RECOVERIES                          15721        3.145%            43486        2.898%
BP_MAIN_DECODE_RECOVERIES                           45        0.009%              971        0.065%
                                                499861      100.000%          1500612      100.000%
                                                  0.03         0.17              0.03         0.17

SCHEDULED_L0_EARLY_RECOVERIES                   469723       96.736%          1415917       96.940%
SCHEDULED_MAIN_EXEC_RECOVERIES                   15802        3.254%            43725        2.994%
SCHEDULED_MAIN_DECODE_RECOVERIES                    45        0.009%              971        0.066%
                                                485570      100.000%          1460613      100.000%
                                                  0.03         0.18              0.03         0.18

PERFORMED_RECOVERIES                            485490                        1460374              

PERFORMED_RECOVERY_LAT                         2568077                        7667186              

SCHEDULED_MAIN_DECODE_LAT                         2192                          52612              

SCHEDULED_MAIN_EXEC_LAT                      765476197                     1267890991              

SCHEDULED_L0_EARLY_LAT                               0                              0              

MAIN_BRANCH_RESOLVE_AT_DECODE_LAT_1                  0        0.000%                0        0.000%
MAIN_BRANCH_RESOLVE_AT_DECODE_LAT_2                  0        0.000%                0        0.000%
MAIN_BRANCH_RESOLVE_AT_DECODE_LAT_3                  0        0.000%                0        0.000%
MAIN_BRANCH_RESOLVE_AT_DECODE_LAT_4                  0        0.000%                0        0.000%
MAIN_BRANCH_RESOLVE_AT_DECODE_LAT_5                  0        0.000%                0        0.000%
MAIN_BRANCH_RESOLVE_AT_DECODE_LAT_6                  0        0.000%                0        0.000%
MAIN_BRANCH_RESOLVE_AT_DECODE_LAT_7                  0        0.000%                0        0.000%
MAIN_BRANCH_RESOLVE_AT_DECODE_LAT_8                 11       24.444%              308       31.720%
MAIN_BRANCH_RESOLVE_AT_DECODE_LAT_9                  5       11.111%              117       12.049%
MAIN_BRANCH_RESOLVE_AT_DECODE_LAT_10                 2        4.444%               34        3.502%
MAIN_BRANCH_RESOLVE_AT_DECODE_LAT_11                 0        0.000%               12        1.236%
MAIN_BRANCH_RESOLVE_AT_DECODE_LAT_12                 1        2.222%                7        0.721%
MAIN_BRANCH_RESOLVE_AT_DECODE_LAT_13                 0        0.000%                8        0.824%
MAIN_BRANCH_RESOLVE_AT_DECODE_LAT_14                 0        0.000%                3        0.309%
MAIN_BRANCH_RESOLVE_AT_DECODE_LAT_15                 0        0.000%                3        0.309%
MAIN_BRANCH_RESOLVE_AT_DECODE_LAT_16                 0        0.000%                3        0.309%
MAIN_BRANCH_RESOLVE_AT_DECODE_LAT_17                 0        0.000%                4        0.412%
MAIN_BRANCH_RESOLVE_AT_DECODE_LAT_18                 0        0.000%                5        0.515%
MAIN_BRANCH_RESOLVE_AT_DECODE_LAT_19                 1        2.222%                4        0.412%
MAIN_BRANCH_RESOLVE_AT_DECODE_LAT_20                 0        0.000%                8        0.824%
MAIN_BRANCH_RESOLVE_AT_DECODE_LAT_21                 0        0.000%               11        1.133%
MAIN_BRANCH_RESOLVE_AT_DECODE_LAT_22                 1        2.222%               25        2.575%
MAIN_BRANCH_RESOLVE_AT_DECODE_LAT_23                 2        4.444%               34        3.502%
MAIN_BRANCH_RESOLVE_AT_DECODE_LAT_24                 2        4.444%               21        2.163%
MAIN_BRANCH_RESOLVE_AT_DECODE_LAT_25                 6       13.333%               87        8.960%
MAIN_BRANCH_RESOLVE_AT_DECODE_LAT_26                 6       13.333%               46        4.737%
MAIN_BRANCH_RESOLVE_AT_DECODE_LAT_27                 0        0.000%               13        1.339%
MAIN_BRANCH_RESOLVE_AT_DECODE_LAT_28                 0        0.000%                9        0.927%
MAIN_BRANCH_RESOLVE_AT_DECODE_LAT_29                 0        0.000%                3        0.309%
MAIN_BRANCH_RESOLVE_AT_DECODE_LAT_30                 0        0.000%                1        0.103%
MAIN_BRANCH_RESOLVE_AT_DECODE_LAT_31                 1        2.222%                4        0.412%
MAIN_BRANCH_RESOLVE_AT_DECODE_LAT_32                 0        0.000%                0        0.000%
MAIN_BRANCH_RESOLVE_AT_DECODE_LAT_33                 0        0.000%                1        0.103%
MAIN_BRANCH_RESOLVE_AT_DECODE_LAT_34                 0        0.000%                0        0.000%
MAIN_BRANCH_RESOLVE_AT_DECODE_LAT_35                 1        2.222%                3        0.309%
MAIN_BRANCH_RESOLVE_AT_DECODE_LAT_36                 0        0.000%                1        0.103%
MAIN_BRANCH_RESOLVE_AT_DECODE_LAT_37                 0        0.000%                2        0.206%
MAIN_BRANCH_RESOLVE_AT_DECODE_LAT_38                 0        0.000%                3        0.309%
MAIN_BRANCH_RESOLVE_AT_DECODE_LAT_39                 0        0.000%                1        0.103%
MAIN_BRANCH_RESOLVE_AT_DECODE_LAT_40                 0        0.000%                0        0.000%
MAIN_BRANCH_RESOLVE_AT_DECODE_LAT_41                 0        0.000%                1        0.103%
MAIN_BRANCH_RESOLVE_AT_DECODE_LAT_42                 0        0.000%                0        0.000%
MAIN_BRANCH_RESOLVE_AT_DECODE_LAT_43                 0        0.000%                0        0.000%
MAIN_BRANCH_RESOLVE_AT_DECODE_LAT_44                 0        0.000%                1        0.103%
MAIN_BRANCH_RESOLVE_AT_DECODE_LAT_45                 0        0.000%                0        0.000%
MAIN_BRANCH_RESOLVE_AT_DECODE_LAT_46                 0        0.000%                1        0.103%
MAIN_BRANCH_RESOLVE_AT_DECODE_LAT_47                 0        0.000%                0        0.000%
MAIN_BRANCH_RESOLVE_AT_DECODE_LAT_48                 0        0.000%                0        0.000%
MAIN_BRANCH_RESOLVE_AT_DECODE_LAT_49                 0        0.000%                1        0.103%
MAIN_BRANCH_RESOLVE_AT_DECODE_LAT_50                 0        0.000%                1        0.103%
MAIN_BRANCH_RESOLVE_AT_DECODE_LAT_51                 0        0.000%                0        0.000%
MAIN_BRANCH_RESOLVE_AT_DECODE_LAT_52                 0        0.000%                0        0.000%
MAIN_BRANCH_RESOLVE_AT_DECODE_LAT_53                 0        0.000%                0        0.000%
MAIN_BRANCH_RESOLVE_AT_DECODE_LAT_54                 0        0.000%                0        0.000%
MAIN_BRANCH_RESOLVE_AT_DECODE_LAT_55                 0        0.000%                2        0.206%
MAIN_BRANCH_RESOLVE_AT_DECODE_LAT_56                 0        0.000%                0        0.000%
MAIN_BRANCH_RESOLVE_AT_DECODE_LAT_57                 0        0.000%                0        0.000%
MAIN_BRANCH_RESOLVE_AT_DECODE_LAT_58                 0        0.000%                2        0.206%
MAIN_BRANCH_RESOLVE_AT_DECODE_LAT_59                 1        2.222%                2        0.206%
MAIN_BRANCH_RESOLVE_AT_DECODE_LAT_60                 0        0.000%                0        0.000%
MAIN_BRANCH_RESOLVE_AT_DECODE_LAT_61                 0        0.000%                0        0.000%
MAIN_BRANCH_RESOLVE_AT_DECODE_LAT_62                 0        0.000%                1        0.103%
MAIN_BRANCH_RESOLVE_AT_DECODE_LAT_63                 0        0.000%                0        0.000%
MAIN_BRANCH_RESOLVE_AT_DECODE_LAT_64                 0        0.000%                4        0.412%
MAIN_BRANCH_RESOLVE_AT_DECODE_LAT_65                 3        6.667%                5        0.515%
MAIN_BRANCH_RESOLVE_AT_DECODE_LAT_66                 0        0.000%                1        0.103%
MAIN_BRANCH_RESOLVE_AT_DECODE_LAT_67                 0        0.000%                0        0.000%
MAIN_BRANCH_RESOLVE_AT_DECODE_LAT_68                 0        0.000%                0        0.000%
MAIN_BRANCH_RESOLVE_AT_DECODE_LAT_69                 0        0.000%                0        0.000%
MAIN_BRANCH_RESOLVE_AT_DECODE_LAT_70                 0        0.000%                0        0.000%
MAIN_BRANCH_RESOLVE_AT_DECODE_LAT_71                 0        0.000%                0        0.000%
MAIN_BRANCH_RESOLVE_AT_DECODE_LAT_72                 0        0.000%                0        0.000%
MAIN_BRANCH_RESOLVE_AT_DECODE_LAT_73                 0        0.000%                0        0.000%
MAIN_BRANCH_RESOLVE_AT_DECODE_LAT_74                 0        0.000%                1        0.103%
MAIN_BRANCH_RESOLVE_AT_DECODE_LAT_75                 0        0.000%                1        0.103%
MAIN_BRANCH_RESOLVE_AT_DECODE_LAT_76                 0        0.000%                0        0.000%
MAIN_BRANCH_RESOLVE_AT_DECODE_LAT_77                 0        0.000%                0        0.000%
MAIN_BRANCH_RESOLVE_AT_DECODE_LAT_78                 0        0.000%                0        0.000%
MAIN_BRANCH_RESOLVE_AT_DECODE_LAT_79                 0        0.000%                0        0.000%
MAIN_BRANCH_RESOLVE_AT_DECODE_LAT_80                 0        0.000%                1        0.103%
MAIN_BRANCH_RESOLVE_AT_DECODE_LAT_81                 0        0.000%                0        0.000%
MAIN_BRANCH_RESOLVE_AT_DECODE_LAT_82                 0        0.000%                0        0.000%
MAIN_BRANCH_RESOLVE_AT_DECODE_LAT_83                 0        0.000%                0        0.000%
MAIN_BRANCH_RESOLVE_AT_DECODE_LAT_84                 0        0.000%                0        0.000%
MAIN_BRANCH_RESOLVE_AT_DECODE_LAT_85                 0        0.000%                0        0.000%
MAIN_BRANCH_RESOLVE_AT_DECODE_LAT_86                 0        0.000%                0        0.000%
MAIN_BRANCH_RESOLVE_AT_DECODE_LAT_87                 0        0.000%                0        0.000%
MAIN_BRANCH_RESOLVE_AT_DECODE_LAT_88                 0        0.000%                0        0.000%
MAIN_BRANCH_RESOLVE_AT_DECODE_LAT_89                 0        0.000%                0        0.000%
MAIN_BRANCH_RESOLVE_AT_DECODE_LAT_90                 0        0.000%                0        0.000%
MAIN_BRANCH_RESOLVE_AT_DECODE_LAT_91                 0        0.000%                0        0.000%
MAIN_BRANCH_RESOLVE_AT_DECODE_LAT_92                 0        0.000%                0        0.000%
MAIN_BRANCH_RESOLVE_AT_DECODE_LAT_93                 0        0.000%                0        0.000%
MAIN_BRANCH_RESOLVE_AT_DECODE_LAT_94                 0        0.000%                0        0.000%
MAIN_BRANCH_RESOLVE_AT_DECODE_LAT_95                 0        0.000%                0        0.000%
MAIN_BRANCH_RESOLVE_AT_DECODE_LAT_96                 0        0.000%                0        0.000%
MAIN_BRANCH_RESOLVE_AT_DECODE_LAT_97                 0        0.000%                0        0.000%
MAIN_BRANCH_RESOLVE_AT_DECODE_LAT_98                 0        0.000%                0        0.000%
MAIN_BRANCH_RESOLVE_AT_DECODE_LAT_99                 0        0.000%                0        0.000%
MAIN_BRANCH_RESOLVE_AT_DECODE_LAT_100                0        0.000%                0        0.000%
MAIN_BRANCH_RESOLVE_AT_DECODE_LAT_GT100              2        4.444%              165       16.993%
                                                    45      100.000%              971      100.000%
                                                 24.07        23.33             29.45        35.70

MAIN_BRANCH_RESOLVE_AT_EXEC_LAT_1                    0        0.000%                0        0.000%
MAIN_BRANCH_RESOLVE_AT_EXEC_LAT_2                    0        0.000%                0        0.000%
MAIN_BRANCH_RESOLVE_AT_EXEC_LAT_3                    0        0.000%                0        0.000%
MAIN_BRANCH_RESOLVE_AT_EXEC_LAT_4                    0        0.000%                0        0.000%
MAIN_BRANCH_RESOLVE_AT_EXEC_LAT_5                    0        0.000%                0        0.000%
MAIN_BRANCH_RESOLVE_AT_EXEC_LAT_6                    0        0.000%                0        0.000%
MAIN_BRANCH_RESOLVE_AT_EXEC_LAT_7                    0        0.000%                0        0.000%
MAIN_BRANCH_RESOLVE_AT_EXEC_LAT_8                    0        0.000%                0        0.000%
MAIN_BRANCH_RESOLVE_AT_EXEC_LAT_9                    0        0.000%                0        0.000%
MAIN_BRANCH_RESOLVE_AT_EXEC_LAT_10                 171        1.088%              521        1.198%
MAIN_BRANCH_RESOLVE_AT_EXEC_LAT_11                 154        0.980%              510        1.173%
MAIN_BRANCH_RESOLVE_AT_EXEC_LAT_12                  60        0.382%              274        0.630%
MAIN_BRANCH_RESOLVE_AT_EXEC_LAT_13                  49        0.312%              148        0.340%
MAIN_BRANCH_RESOLVE_AT_EXEC_LAT_14                  61        0.388%              163        0.375%
MAIN_BRANCH_RESOLVE_AT_EXEC_LAT_15                  58        0.369%              145        0.333%
MAIN_BRANCH_RESOLVE_AT_EXEC_LAT_16                  62        0.394%              157        0.361%
MAIN_BRANCH_RESOLVE_AT_EXEC_LAT_17                 381        2.424%             1450        3.334%
MAIN_BRANCH_RESOLVE_AT_EXEC_LAT_18                 284        1.807%             1027        2.362%
MAIN_BRANCH_RESOLVE_AT_EXEC_LAT_19                 150        0.954%              634        1.458%
MAIN_BRANCH_RESOLVE_AT_EXEC_LAT_20                 138        0.878%              399        0.918%
MAIN_BRANCH_RESOLVE_AT_EXEC_LAT_21                  80        0.509%              224        0.515%
MAIN_BRANCH_RESOLVE_AT_EXEC_LAT_22                  75        0.477%              196        0.451%
MAIN_BRANCH_RESOLVE_AT_EXEC_LAT_23                 380        2.417%              816        1.876%
MAIN_BRANCH_RESOLVE_AT_EXEC_LAT_24                 186        1.183%             1197        2.753%
MAIN_BRANCH_RESOLVE_AT_EXEC_LAT_25                  56        0.356%              146        0.336%
MAIN_BRANCH_RESOLVE_AT_EXEC_LAT_26                 167        1.062%              418        0.961%
MAIN_BRANCH_RESOLVE_AT_EXEC_LAT_27                  34        0.216%              103        0.237%
MAIN_BRANCH_RESOLVE_AT_EXEC_LAT_28                  53        0.337%              127        0.292%
MAIN_BRANCH_RESOLVE_AT_EXEC_LAT_29                  73        0.464%              217        0.499%
MAIN_BRANCH_RESOLVE_AT_EXEC_LAT_30                 565        3.594%             1377        3.167%
MAIN_BRANCH_RESOLVE_AT_EXEC_LAT_31                 395        2.513%              756        1.738%
MAIN_BRANCH_RESOLVE_AT_EXEC_LAT_32                  85        0.541%              310        0.713%
MAIN_BRANCH_RESOLVE_AT_EXEC_LAT_33                 357        2.271%              961        2.210%
MAIN_BRANCH_RESOLVE_AT_EXEC_LAT_34                 194        1.234%              859        1.975%
MAIN_BRANCH_RESOLVE_AT_EXEC_LAT_35                 179        1.139%              518        1.191%
MAIN_BRANCH_RESOLVE_AT_EXEC_LAT_36                 142        0.903%              475        1.092%
MAIN_BRANCH_RESOLVE_AT_EXEC_LAT_37                 120        0.763%              357        0.821%
MAIN_BRANCH_RESOLVE_AT_EXEC_LAT_38                 225        1.431%              695        1.598%
MAIN_BRANCH_RESOLVE_AT_EXEC_LAT_39                 539        3.429%             1228        2.824%
MAIN_BRANCH_RESOLVE_AT_EXEC_LAT_40                 151        0.960%              400        0.920%
MAIN_BRANCH_RESOLVE_AT_EXEC_LAT_41                 104        0.662%              228        0.524%
MAIN_BRANCH_RESOLVE_AT_EXEC_LAT_42                 156        0.992%              462        1.062%
MAIN_BRANCH_RESOLVE_AT_EXEC_LAT_43                  60        0.382%              141        0.324%
MAIN_BRANCH_RESOLVE_AT_EXEC_LAT_44                 305        1.940%              587        1.350%
MAIN_BRANCH_RESOLVE_AT_EXEC_LAT_45                 202        1.285%              462        1.062%
MAIN_BRANCH_RESOLVE_AT_EXEC_LAT_46                 111        0.706%              225        0.517%
MAIN_BRANCH_RESOLVE_AT_EXEC_LAT_47                  61        0.388%              185        0.425%
MAIN_BRANCH_RESOLVE_AT_EXEC_LAT_48                  44        0.280%              146        0.336%
MAIN_BRANCH_RESOLVE_AT_EXEC_LAT_49                  67        0.426%              169        0.389%
MAIN_BRANCH_RESOLVE_AT_EXEC_LAT_50                  62        0.394%              160        0.368%
MAIN_BRANCH_RESOLVE_AT_EXEC_LAT_51                  47        0.299%              124        0.285%
MAIN_BRANCH_RESOLVE_AT_EXEC_LAT_52                  46        0.293%              110        0.253%
MAIN_BRANCH_RESOLVE_AT_EXEC_LAT_53                 188        1.196%              416        0.957%
MAIN_BRANCH_RESOLVE_AT_EXEC_LAT_54                 141        0.897%              205        0.471%
MAIN_BRANCH_RESOLVE_AT_EXEC_LAT_55                  34        0.216%               86        0.198%
MAIN_BRANCH_RESOLVE_AT_EXEC_LAT_56                  72        0.458%              400        0.920%
MAIN_BRANCH_RESOLVE_AT_EXEC_LAT_57                  43        0.274%              299        0.688%
MAIN_BRANCH_RESOLVE_AT_EXEC_LAT_58                 102        0.649%              160        0.368%
MAIN_BRANCH_RESOLVE_AT_EXEC_LAT_59                  64        0.407%              210        0.483%
MAIN_BRANCH_RESOLVE_AT_EXEC_LAT_60                 194        1.234%              314        0.722%
MAIN_BRANCH_RESOLVE_AT_EXEC_LAT_61                 189        1.202%              412        0.947%
MAIN_BRANCH_RESOLVE_AT_EXEC_LAT_62                  74        0.471%              169        0.389%
MAIN_BRANCH_RESOLVE_AT_EXEC_LAT_63                  49        0.312%              113        0.260%
MAIN_BRANCH_RESOLVE_AT_EXEC_LAT_64                 105        0.668%              469        1.079%
MAIN_BRANCH_RESOLVE_AT_EXEC_LAT_65                  72        0.458%              149        0.343%
MAIN_BRANCH_RESOLVE_AT_EXEC_LAT_66                  59        0.375%              147        0.338%
MAIN_BRANCH_RESOLVE_AT_EXEC_LAT_67                  24        0.153%              232        0.534%
MAIN_BRANCH_RESOLVE_AT_EXEC_LAT_68                  41        0.261%              101        0.232%
MAIN_BRANCH_RESOLVE_AT_EXEC_LAT_69                  58        0.369%              124        0.285%
MAIN_BRANCH_RESOLVE_AT_EXEC_LAT_70                 156        0.992%              403        0.927%
MAIN_BRANCH_RESOLVE_AT_EXEC_LAT_71                  27        0.172%              117        0.269%
MAIN_BRANCH_RESOLVE_AT_EXEC_LAT_72                 142        0.903%              266        0.612%
MAIN_BRANCH_RESOLVE_AT_EXEC_LAT_73                 146        0.929%              296        0.681%
MAIN_BRANCH_RESOLVE_AT_EXEC_LAT_74                 104        0.662%              191        0.439%
MAIN_BRANCH_RESOLVE_AT_EXEC_LAT_75                  95        0.604%              157        0.361%
MAIN_BRANCH_RESOLVE_AT_EXEC_LAT_76                  49        0.312%              152        0.350%
MAIN_BRANCH_RESOLVE_AT_EXEC_LAT_77                 118        0.751%              226        0.520%
MAIN_BRANCH_RESOLVE_AT_EXEC_LAT_78                 207        1.317%              540        1.242%
MAIN_BRANCH_RESOLVE_AT_EXEC_LAT_79                  82        0.522%              214        0.492%
MAIN_BRANCH_RESOLVE_AT_EXEC_LAT_80                  55        0.350%              162        0.373%
MAIN_BRANCH_RESOLVE_AT_EXEC_LAT_81                  19        0.121%               73        0.168%
MAIN_BRANCH_RESOLVE_AT_EXEC_LAT_82                  78        0.496%              301        0.692%
MAIN_BRANCH_RESOLVE_AT_EXEC_LAT_83                  96        0.611%              211        0.485%
MAIN_BRANCH_RESOLVE_AT_EXEC_LAT_84                  50        0.318%              131        0.301%
MAIN_BRANCH_RESOLVE_AT_EXEC_LAT_85                  45        0.286%              112        0.258%
MAIN_BRANCH_RESOLVE_AT_EXEC_LAT_86                  22        0.140%               67        0.154%
MAIN_BRANCH_RESOLVE_AT_EXEC_LAT_87                  25        0.159%              135        0.310%
MAIN_BRANCH_RESOLVE_AT_EXEC_LAT_88                  93        0.592%              165        0.379%
MAIN_BRANCH_RESOLVE_AT_EXEC_LAT_89                  56        0.356%              105        0.241%
MAIN_BRANCH_RESOLVE_AT_EXEC_LAT_90                 214        1.361%              484        1.113%
MAIN_BRANCH_RESOLVE_AT_EXEC_LAT_91                  30        0.191%              195        0.448%
MAIN_BRANCH_RESOLVE_AT_EXEC_LAT_92                  61        0.388%              117        0.269%
MAIN_BRANCH_RESOLVE_AT_EXEC_LAT_93                  97        0.617%              206        0.474%
MAIN_BRANCH_RESOLVE_AT_EXEC_LAT_94                  49        0.312%               86        0.198%
MAIN_BRANCH_RESOLVE_AT_EXEC_LAT_95                  65        0.413%              189        0.435%
MAIN_BRANCH_RESOLVE_AT_EXEC_LAT_96                  77        0.490%              202        0.465%
MAIN_BRANCH_RESOLVE_AT_EXEC_LAT_97                  69        0.439%              230        0.529%
MAIN_BRANCH_RESOLVE_AT_EXEC_LAT_98                  79        0.503%              193        0.444%
MAIN_BRANCH_RESOLVE_AT_EXEC_LAT_99                  44        0.280%              129        0.297%
MAIN_BRANCH_RESOLVE_AT_EXEC_LAT_100                117        0.744%              274        0.630%
MAIN_BRANCH_RESOLVE_AT_EXEC_LAT_GT100             4756       30.253%            13344       30.686%
                                                 15721      100.000%            43486      100.000%
                                                 62.34        47.02             61.11        47.30

PRED_TO_UPDATE_CYCLES_0                              0         -nan%                0         -nan%
PRED_TO_UPDATE_CYCLES_1                              0         -nan%                0         -nan%
PRED_TO_UPDATE_CYCLES_2                              0         -nan%                0         -nan%
PRED_TO_UPDATE_CYCLES_3                              0         -nan%                0         -nan%
PRED_TO_UPDATE_CYCLES_4                              0         -nan%                0         -nan%
PRED_TO_UPDATE_CYCLES_5                              0         -nan%                0         -nan%
PRED_TO_UPDATE_CYCLES_6                              0         -nan%                0         -nan%
PRED_TO_UPDATE_CYCLES_7                              0         -nan%                0         -nan%
PRED_TO_UPDATE_CYCLES_8                              0         -nan%                0         -nan%
PRED_TO_UPDATE_CYCLES_9                              0         -nan%                0         -nan%
PRED_TO_UPDATE_CYCLES_10                             0         -nan%                0         -nan%
PRED_TO_UPDATE_CYCLES_11                             0         -nan%                0         -nan%
PRED_TO_UPDATE_CYCLES_12                             0         -nan%                0         -nan%
PRED_TO_UPDATE_CYCLES_13                             0         -nan%                0         -nan%
PRED_TO_UPDATE_CYCLES_14                             0         -nan%                0         -nan%
PRED_TO_UPDATE_CYCLES_15                             0         -nan%                0         -nan%
PRED_TO_UPDATE_CYCLES_16                             0         -nan%                0         -nan%
PRED_TO_UPDATE_CYCLES_17                             0         -nan%                0         -nan%
PRED_TO_UPDATE_CYCLES_18                             0         -nan%                0         -nan%
PRED_TO_UPDATE_CYCLES_19                             0         -nan%                0         -nan%
PRED_TO_UPDATE_CYCLES_20                             0         -nan%                0         -nan%
PRED_TO_UPDATE_CYCLES_21                             0         -nan%                0         -nan%
PRED_TO_UPDATE_CYCLES_22                             0         -nan%                0         -nan%
PRED_TO_UPDATE_CYCLES_23                             0         -nan%                0         -nan%
PRED_TO_UPDATE_CYCLES_24                             0         -nan%                0         -nan%
PRED_TO_UPDATE_CYCLES_25                             0         -nan%                0         -nan%
PRED_TO_UPDATE_CYCLES_26                             0         -nan%                0         -nan%
PRED_TO_UPDATE_CYCLES_27                             0         -nan%                0         -nan%
PRED_TO_UPDATE_CYCLES_28                             0         -nan%                0         -nan%
PRED_TO_UPDATE_CYCLES_29                             0         -nan%                0         -nan%
PRED_TO_UPDATE_CYCLES_30                             0         -nan%                0         -nan%
                                                     0         -nan%                0         -nan%
                                                  -nan         -nan              -nan         -nan

BP_ON_PATH_CONF_RECOVER_AT_EXEC                      0         -nan%                0         -nan%
BP_ON_PATH_CONF_CORRECT                              0         -nan%                0         -nan%
                                                     0         -nan%                0         -nan%
                                                  -nan         -nan              -nan         -nan

BP_OFF_PATH_CONF_RECOVER_AT_EXEC                     0         -nan%                0         -nan%
BP_OFF_PATH_CONF_CORRECT                             0         -nan%                0         -nan%
                                                     0         -nan%                0         -nan%
                                                  -nan         -nan              -nan         -nan

BP_ON_PATH_PRED_MIS_CONF_RECOVER_AT_EXEC             0         -nan%                0         -nan%
BP_ON_PATH_PRED_MIS_CONF_CORRECT                     0         -nan%                0         -nan%
                                                     0         -nan%                0         -nan%
                                                  -nan         -nan              -nan         -nan

BP_ON_PATH_PRED_COR_CONF_RECOVER_AT_EXEC             0         -nan%                0         -nan%
BP_ON_PATH_PRED_COR_CONF_CORRECT                     0         -nan%                0         -nan%
                                                     0         -nan%                0         -nan%
                                                  -nan         -nan              -nan         -nan

BP_OFF_PATH_PRED_MIS_CONF_RECOVER_AT_EXEC             0         -nan%                0         -nan%
BP_OFF_PATH_PRED_MIS_CONF_CORRECT                    0         -nan%                0         -nan%
                                                     0         -nan%                0         -nan%
                                                  -nan         -nan              -nan         -nan

BP_OFF_PATH_PRED_COR_CONF_RECOVER_AT_EXEC             0         -nan%                0         -nan%
BP_OFF_PATH_PRED_COR_CONF_CORRECT                    0         -nan%                0         -nan%
                                                     0         -nan%                0         -nan%
                                                  -nan         -nan              -nan         -nan

ONPATH_CONF_RECOVER_AT_EXEC                          0         -nan%                0         -nan%
ONPATH_CONF_CORRECT                                  0         -nan%                0         -nan%
                                                     0         -nan%                0         -nan%
                                                  -nan         -nan              -nan         -nan

ONPATH_ON_PATH_CONF_RECOVER_AT_EXEC                  0         -nan%                0         -nan%
ONPATH_ON_PATH_CONF_CORRECT                          0         -nan%                0         -nan%
                                                     0         -nan%                0         -nan%
                                                  -nan         -nan              -nan         -nan

ONPATH_OFF_PATH_CONF_RECOVER_AT_EXEC                 0         -nan%                0         -nan%
ONPATH_OFF_PATH_CONF_CORRECT                         0         -nan%                0         -nan%
                                                     0         -nan%                0         -nan%
                                                  -nan         -nan              -nan         -nan

PRED_ONPATH_CONF_RECOVER_AT_EXEC                     0         -nan%                0         -nan%
PRED_ONPATH_CONF_CORRECT                             0         -nan%                0         -nan%
                                                     0         -nan%                0         -nan%
                                                  -nan         -nan              -nan         -nan

PRED_OFFPATH_CONF_RECOVER_AT_EXEC                    0         -nan%                0         -nan%
PRED_OFFPATH_CONF_CORRECT                            0         -nan%                0         -nan%
                                                     0         -nan%                0         -nan%
                                                  -nan         -nan              -nan         -nan

LONG_OVWT_MIS                                        0         -nan%                0         -nan%
LONG_OVWT_COR                                        0         -nan%                0         -nan%
                                                     0         -nan%                0         -nan%
                                                  -nan         -nan              -nan         -nan

OPC_LENGTH_0_7_MIS                                   0         -nan%                0         -nan%
OPC_LENGTH_0_7_COR                                   0         -nan%                0         -nan%
                                                     0         -nan%                0         -nan%
                                                  -nan         -nan              -nan         -nan

OPC_LENGTH_8_15_MIS                                  0         -nan%                0         -nan%
OPC_LENGTH_8_15_COR                                  0         -nan%                0         -nan%
                                                     0         -nan%                0         -nan%
                                                  -nan         -nan              -nan         -nan

OPC_LENGTH_16_23_MIS                                 0         -nan%                0         -nan%
OPC_LENGTH_16_23_COR                                 0         -nan%                0         -nan%
                                                     0         -nan%                0         -nan%
                                                  -nan         -nan              -nan         -nan

OPC_LENGTH_24_31_MIS                                 0         -nan%                0         -nan%
OPC_LENGTH_24_31_COR                                 0         -nan%                0         -nan%
                                                     0         -nan%                0         -nan%
                                                  -nan         -nan              -nan         -nan

OPC_LENGTH_32_39_MIS                                 0         -nan%                0         -nan%
OPC_LENGTH_32_39_COR                                 0         -nan%                0         -nan%
                                                     0         -nan%                0         -nan%
                                                  -nan         -nan              -nan         -nan

OPC_LENGTH_40_47_MIS                                 0         -nan%                0         -nan%
OPC_LENGTH_40_47_COR                                 0         -nan%                0         -nan%
                                                     0         -nan%                0         -nan%
                                                  -nan         -nan              -nan         -nan

OPC_LENGTH_48_55_MIS                                 0         -nan%                0         -nan%
OPC_LENGTH_48_55_COR                                 0         -nan%                0         -nan%
                                                     0         -nan%                0         -nan%
                                                  -nan         -nan              -nan         -nan

OPC_LENGTH_56_63_MIS                                 0         -nan%                0         -nan%
OPC_LENGTH_56_63_COR                                 0         -nan%                0         -nan%
                                                     0         -nan%                0         -nan%
                                                  -nan         -nan              -nan         -nan

OPC_LENGTH_64_71_MIS                                 0         -nan%                0         -nan%
OPC_LENGTH_64_71_COR                                 0         -nan%                0         -nan%
                                                     0         -nan%                0         -nan%
                                                  -nan         -nan              -nan         -nan

OPC_LENGTH_72_79_MIS                                 0         -nan%                0         -nan%
OPC_LENGTH_72_79_COR                                 0         -nan%                0         -nan%
                                                     0         -nan%                0         -nan%
                                                  -nan         -nan              -nan         -nan

OPC_LENGTH_80_MIS                                    0         -nan%                0         -nan%
OPC_LENGTH_80_COR                                    0         -nan%                0         -nan%
                                                     0         -nan%                0         -nan%
                                                  -nan         -nan              -nan         -nan

ALL_ONES_MIS                                         0         -nan%                0         -nan%
ALL_ONES_COR                                         0         -nan%                0         -nan%
                                                     0         -nan%                0         -nan%
                                                  -nan         -nan              -nan         -nan

FIRST_ONE_MIS                                        0         -nan%                0         -nan%
FIRST_ONE_COR                                        0         -nan%                0         -nan%
                                                     0         -nan%                0         -nan%
                                                  -nan         -nan              -nan         -nan

ZEROS_0_1_MIS                                        0         -nan%                0         -nan%
ZEROS_0_1_COR                                        0         -nan%                0         -nan%
                                                     0         -nan%                0         -nan%
                                                  -nan         -nan              -nan         -nan

ZEROS_2_3_MIS                                        0         -nan%                0         -nan%
ZEROS_2_3_COR                                        0         -nan%                0         -nan%
                                                     0         -nan%                0         -nan%
                                                  -nan         -nan              -nan         -nan

ZEROS_4_5_MIS                                        0         -nan%                0         -nan%
ZEROS_4_5_COR                                        0         -nan%                0         -nan%
                                                     0         -nan%                0         -nan%
                                                  -nan         -nan              -nan         -nan

ZEROS_6_7_MIS                                        0         -nan%                0         -nan%
ZEROS_6_7_COR                                        0         -nan%                0         -nan%
                                                     0         -nan%                0         -nan%
                                                  -nan         -nan              -nan         -nan

ZEROS_8_9_MIS                                        0         -nan%                0         -nan%
ZEROS_8_9_COR                                        0         -nan%                0         -nan%
                                                     0         -nan%                0         -nan%
                                                  -nan         -nan              -nan         -nan

ZEROS_10_11_MIS                                      0         -nan%                0         -nan%
ZEROS_10_11_COR                                      0         -nan%                0         -nan%
                                                     0         -nan%                0         -nan%
                                                  -nan         -nan              -nan         -nan

ZEROS_12_13_MIS                                      0         -nan%                0         -nan%
ZEROS_12_13_COR                                      0         -nan%                0         -nan%
                                                     0         -nan%                0         -nan%
                                                  -nan         -nan              -nan         -nan

ZEROS_14_15_MIS                                      0         -nan%                0         -nan%
ZEROS_14_15_COR                                      0         -nan%                0         -nan%
                                                     0         -nan%                0         -nan%
                                                  -nan         -nan              -nan         -nan

ZEROS_16_MIS                                         0         -nan%                0         -nan%
ZEROS_16_COR                                         0         -nan%                0         -nan%
                                                     0         -nan%                0         -nan%
                                                  -nan         -nan              -nan         -nan

GS2BC_GSHARE                                         0         -nan%                0         -nan%
GS2BC_2BC                                            0         -nan%                0         -nan%
                                                     0         -nan%                0         -nan%
                                                  -nan         -nan              -nan         -nan

GSKEW2BC_VOTE                                        0         -nan%                0         -nan%
GSKEW2BC_2BC                                         0         -nan%                0         -nan%
                                                     0         -nan%                0         -nan%
                                                  -nan         -nan              -nan         -nan

FUTGSHARE_INIT_ON_PATH_CORRECT                       0         -nan%                0         -nan%
FUTGSHARE_INIT_ON_PATH_RECOVER_AT_EXEC               0         -nan%                0         -nan%
                                                     0         -nan%                0         -nan%
                                                  -nan         -nan              -nan         -nan

FUTGSHARE_INIT_OFF_PATH_CORRECT                      0         -nan%                0         -nan%
FUTGSHARE_INIT_OFF_PATH_RECOVER_AT_EXEC              0         -nan%                0         -nan%
                                                     0         -nan%                0         -nan%
                                                  -nan         -nan              -nan         -nan

FUTGSHARE_CHANGED_CORRECTED_ON_PATH                  0         -nan%                0         -nan%
FUTGSHARE_CHANGED_SCREWED_ON_PATH                    0         -nan%                0         -nan%
                                                     0         -nan%                0         -nan%
                                                  -nan         -nan              -nan         -nan

FUTGSHARE_CHANGED_CORRECTED_OFF_PATH                 0         -nan%                0         -nan%
FUTGSHARE_CHANGED_SCREWED_OFF_PATH                   0         -nan%                0         -nan%
                                                     0         -nan%                0         -nan%
                                                  -nan         -nan              -nan         -nan

FUTGSHARE_ORIG_CORRECT_FUT_CORRECT_ON_PATH             0         -nan%                0         -nan%
FUTGSHARE_ORIG_RECOVER_AT_EXEC_FUT_CORRECT_ON_PATH             0         -nan%                0         -nan%
FUTGSHARE_ORIG_CORRECT_FUT_RECOVER_AT_EXEC_ON_PATH             0         -nan%                0         -nan%
FUTGSHARE_ORIG_RECOVER_AT_EXEC_FUT_RECOVER_AT_EXEC_ON_PATH             0         -nan%                0         -nan%
                                                     0         -nan%                0         -nan%
                                                  -nan         -nan              -nan         -nan

FUTGSHARE_ORIG_CORRECT_FUT_CORRECT_OFF_PATH             0         -nan%                0         -nan%
FUTGSHARE_ORIG_RECOVER_AT_EXEC_FUT_CORRECT_OFF_PATH             0         -nan%                0         -nan%
FUTGSHARE_ORIG_CORRECT_FUT_RECOVER_AT_EXEC_OFF_PATH             0         -nan%                0         -nan%
FUTGSHARE_ORIG_RECOVER_AT_EXEC_FUT_RECOVER_AT_EXEC_OFF_PATH             0         -nan%                0         -nan%
                                                     0         -nan%                0         -nan%
                                                  -nan         -nan              -nan         -nan

FUTGSHARE_ON_PATH_CORRECT_0                          0         -nan%                0         -nan%
FUTGSHARE_ON_PATH_RECOVER_AT_EXEC_0                  0         -nan%                0         -nan%
                                                     0         -nan%                0         -nan%
                                                  -nan         -nan              -nan         -nan

FUTGSHARE_OFF_PATH_CORRECT_0                         0         -nan%                0         -nan%
FUTGSHARE_OFF_PATH_RECOVER_AT_EXEC_0                 0         -nan%                0         -nan%
                                                     0         -nan%                0         -nan%
                                                  -nan         -nan              -nan         -nan

FUTGSHARE_ON_PATH_CORRECT_1                          0         -nan%                0         -nan%
FUTGSHARE_ON_PATH_RECOVER_AT_EXEC_1                  0         -nan%                0         -nan%
                                                     0         -nan%                0         -nan%
                                                  -nan         -nan              -nan         -nan

FUTGSHARE_OFF_PATH_CORRECT_1                         0         -nan%                0         -nan%
FUTGSHARE_OFF_PATH_RECOVER_AT_EXEC_1                 0         -nan%                0         -nan%
                                                     0         -nan%                0         -nan%
                                                  -nan         -nan              -nan         -nan

FUTGSHARE_ON_PATH_CORRECT_2                          0         -nan%                0         -nan%
FUTGSHARE_ON_PATH_RECOVER_AT_EXEC_2                  0         -nan%                0         -nan%
                                                     0         -nan%                0         -nan%
                                                  -nan         -nan              -nan         -nan

FUTGSHARE_OFF_PATH_CORRECT_2                         0         -nan%                0         -nan%
FUTGSHARE_OFF_PATH_RECOVER_AT_EXEC_2                 0         -nan%                0         -nan%
                                                     0         -nan%                0         -nan%
                                                  -nan         -nan              -nan         -nan

FUTGSHARE_ON_PATH_CORRECT_3                          0         -nan%                0         -nan%
FUTGSHARE_ON_PATH_RECOVER_AT_EXEC_3                  0         -nan%                0         -nan%
                                                     0         -nan%                0         -nan%
                                                  -nan         -nan              -nan         -nan

FUTGSHARE_OFF_PATH_CORRECT_3                         0         -nan%                0         -nan%
FUTGSHARE_OFF_PATH_RECOVER_AT_EXEC_3                 0         -nan%                0         -nan%
                                                     0         -nan%                0         -nan%
                                                  -nan         -nan              -nan         -nan

FUTGSHARE_ON_PATH_CORRECT_4                          0         -nan%                0         -nan%
FUTGSHARE_ON_PATH_RECOVER_AT_EXEC_4                  0         -nan%                0         -nan%
                                                     0         -nan%                0         -nan%
                                                  -nan         -nan              -nan         -nan

FUTGSHARE_OFF_PATH_CORRECT_4                         0         -nan%                0         -nan%
FUTGSHARE_OFF_PATH_RECOVER_AT_EXEC_4                 0         -nan%                0         -nan%
                                                     0         -nan%                0         -nan%
                                                  -nan         -nan              -nan         -nan

FUTGSHARE_ON_PATH_CORRECT_5                          0         -nan%                0         -nan%
FUTGSHARE_ON_PATH_RECOVER_AT_EXEC_5                  0         -nan%                0         -nan%
                                                     0         -nan%                0         -nan%
                                                  -nan         -nan              -nan         -nan

FUTGSHARE_OFF_PATH_CORRECT_5                         0         -nan%                0         -nan%
FUTGSHARE_OFF_PATH_RECOVER_AT_EXEC_5                 0         -nan%                0         -nan%
                                                     0         -nan%                0         -nan%
                                                  -nan         -nan              -nan         -nan

FUTGSHARE_ON_PATH_CORRECT_6                          0         -nan%                0         -nan%
FUTGSHARE_ON_PATH_RECOVER_AT_EXEC_6                  0         -nan%                0         -nan%
                                                     0         -nan%                0         -nan%
                                                  -nan         -nan              -nan         -nan

FUTGSHARE_OFF_PATH_CORRECT_6                         0         -nan%                0         -nan%
FUTGSHARE_OFF_PATH_RECOVER_AT_EXEC_6                 0         -nan%                0         -nan%
                                                     0         -nan%                0         -nan%
                                                  -nan         -nan              -nan         -nan

FUTGSHARE_ON_PATH_CORRECT_7                          0         -nan%                0         -nan%
FUTGSHARE_ON_PATH_RECOVER_AT_EXEC_7                  0         -nan%                0         -nan%
                                                     0         -nan%                0         -nan%
                                                  -nan         -nan              -nan         -nan

FUTGSHARE_OFF_PATH_CORRECT_7                         0         -nan%                0         -nan%
FUTGSHARE_OFF_PATH_RECOVER_AT_EXEC_7                 0         -nan%                0         -nan%
                                                     0         -nan%                0         -nan%
                                                  -nan         -nan              -nan         -nan

FUTGSHARE_ON_PATH_CORRECT_8                          0         -nan%                0         -nan%
FUTGSHARE_ON_PATH_RECOVER_AT_EXEC_8                  0         -nan%                0         -nan%
                                                     0         -nan%                0         -nan%
                                                  -nan         -nan              -nan         -nan

FUTGSHARE_OFF_PATH_CORRECT_8                         0         -nan%                0         -nan%
FUTGSHARE_OFF_PATH_RECOVER_AT_EXEC_8                 0         -nan%                0         -nan%
                                                     0         -nan%                0         -nan%
                                                  -nan         -nan              -nan         -nan

FUTGSHARE_ON_PATH_CORRECT_9                          0         -nan%                0         -nan%
FUTGSHARE_ON_PATH_RECOVER_AT_EXEC_9                  0         -nan%                0         -nan%
                                                     0         -nan%                0         -nan%
                                                  -nan         -nan              -nan         -nan

FUTGSHARE_OFF_PATH_CORRECT_9                         0         -nan%                0         -nan%
FUTGSHARE_OFF_PATH_RECOVER_AT_EXEC_9                 0         -nan%                0         -nan%
                                                     0         -nan%                0         -nan%
                                                  -nan         -nan              -nan         -nan

FUTGSHARE_ON_PATH_CORRECT_10                         0         -nan%                0         -nan%
FUTGSHARE_ON_PATH_RECOVER_AT_EXEC_10                 0         -nan%                0         -nan%
                                                     0         -nan%                0         -nan%
                                                  -nan         -nan              -nan         -nan

FUTGSHARE_OFF_PATH_CORRECT_10                        0         -nan%                0         -nan%
FUTGSHARE_OFF_PATH_RECOVER_AT_EXEC_10                0         -nan%                0         -nan%
                                                     0         -nan%                0         -nan%
                                                  -nan         -nan              -nan         -nan

FUTGSHARE_ON_PATH_CORRECT_11                         0         -nan%                0         -nan%
FUTGSHARE_ON_PATH_RECOVER_AT_EXEC_11                 0         -nan%                0         -nan%
                                                     0         -nan%                0         -nan%
                                                  -nan         -nan              -nan         -nan

FUTGSHARE_OFF_PATH_CORRECT_11                        0         -nan%                0         -nan%
FUTGSHARE_OFF_PATH_RECOVER_AT_EXEC_11                0         -nan%                0         -nan%
                                                     0         -nan%                0         -nan%
                                                  -nan         -nan              -nan         -nan

FUTGSHARE_ON_PATH_CORRECT_12                         0         -nan%                0         -nan%
FUTGSHARE_ON_PATH_RECOVER_AT_EXEC_12                 0         -nan%                0         -nan%
                                                     0         -nan%                0         -nan%
                                                  -nan         -nan              -nan         -nan

FUTGSHARE_OFF_PATH_CORRECT_12                        0         -nan%                0         -nan%
FUTGSHARE_OFF_PATH_RECOVER_AT_EXEC_12                0         -nan%                0         -nan%
                                                     0         -nan%                0         -nan%
                                                  -nan         -nan              -nan         -nan

FUTGSHARE_ON_PATH_CORRECT_13                         0         -nan%                0         -nan%
FUTGSHARE_ON_PATH_RECOVER_AT_EXEC_13                 0         -nan%                0         -nan%
                                                     0         -nan%                0         -nan%
                                                  -nan         -nan              -nan         -nan

FUTGSHARE_OFF_PATH_CORRECT_13                        0         -nan%                0         -nan%
FUTGSHARE_OFF_PATH_RECOVER_AT_EXEC_13                0         -nan%                0         -nan%
                                                     0         -nan%                0         -nan%
                                                  -nan         -nan              -nan         -nan

FUTGSHARE_ON_PATH_CORRECT_14                         0         -nan%                0         -nan%
FUTGSHARE_ON_PATH_RECOVER_AT_EXEC_14                 0         -nan%                0         -nan%
                                                     0         -nan%                0         -nan%
                                                  -nan         -nan              -nan         -nan

FUTGSHARE_OFF_PATH_CORRECT_14                        0         -nan%                0         -nan%
FUTGSHARE_OFF_PATH_RECOVER_AT_EXEC_14                0         -nan%                0         -nan%
                                                     0         -nan%                0         -nan%
                                                  -nan         -nan              -nan         -nan

FUTGSHARE_ON_PATH_CORRECT_15                         0         -nan%                0         -nan%
FUTGSHARE_ON_PATH_RECOVER_AT_EXEC_15                 0         -nan%                0         -nan%
                                                     0         -nan%                0         -nan%
                                                  -nan         -nan              -nan         -nan

FUTGSHARE_OFF_PATH_CORRECT_15                        0         -nan%                0         -nan%
FUTGSHARE_OFF_PATH_RECOVER_AT_EXEC_15                0         -nan%                0         -nan%
                                                     0         -nan%                0         -nan%
                                                  -nan         -nan              -nan         -nan

FUTGSHARE_CHANGED_CORRECTED_ON_PATH_0                0         -nan%                0         -nan%
FUTGSHARE_CHANGED_SCREWED_ON_PATH_0                  0         -nan%                0         -nan%
                                                     0         -nan%                0         -nan%
                                                  -nan         -nan              -nan         -nan

FUTGSHARE_CHANGED_CORRECTED_OFF_PATH_0               0         -nan%                0         -nan%
FUTGSHARE_CHANGED_SCREWED_OFF_PATH_0                 0         -nan%                0         -nan%
                                                     0         -nan%                0         -nan%
                                                  -nan         -nan              -nan         -nan

FUTGSHARE_CHANGED_CORRECTED_ON_PATH_1                0         -nan%                0         -nan%
FUTGSHARE_CHANGED_SCREWED_ON_PATH_1                  0         -nan%                0         -nan%
                                                     0         -nan%                0         -nan%
                                                  -nan         -nan              -nan         -nan

FUTGSHARE_CHANGED_CORRECTED_OFF_PATH_1               0         -nan%                0         -nan%
FUTGSHARE_CHANGED_SCREWED_OFF_PATH_1                 0         -nan%                0         -nan%
                                                     0         -nan%                0         -nan%
                                                  -nan         -nan              -nan         -nan

FUTGSHARE_CHANGED_CORRECTED_ON_PATH_2                0         -nan%                0         -nan%
FUTGSHARE_CHANGED_SCREWED_ON_PATH_2                  0         -nan%                0         -nan%
                                                     0         -nan%                0         -nan%
                                                  -nan         -nan              -nan         -nan

FUTGSHARE_CHANGED_CORRECTED_OFF_PATH_2               0         -nan%                0         -nan%
FUTGSHARE_CHANGED_SCREWED_OFF_PATH_2                 0         -nan%                0         -nan%
                                                     0         -nan%                0         -nan%
                                                  -nan         -nan              -nan         -nan

FUTGSHARE_CHANGED_CORRECTED_ON_PATH_3                0         -nan%                0         -nan%
FUTGSHARE_CHANGED_SCREWED_ON_PATH_3                  0         -nan%                0         -nan%
                                                     0         -nan%                0         -nan%
                                                  -nan         -nan              -nan         -nan

FUTGSHARE_CHANGED_CORRECTED_OFF_PATH_3               0         -nan%                0         -nan%
FUTGSHARE_CHANGED_SCREWED_OFF_PATH_3                 0         -nan%                0         -nan%
                                                     0         -nan%                0         -nan%
                                                  -nan         -nan              -nan         -nan

FUTGSHARE_CHANGED_CORRECTED_ON_PATH_4                0         -nan%                0         -nan%
FUTGSHARE_CHANGED_SCREWED_ON_PATH_4                  0         -nan%                0         -nan%
                                                     0         -nan%                0         -nan%
                                                  -nan         -nan              -nan         -nan

FUTGSHARE_CHANGED_CORRECTED_OFF_PATH_4               0         -nan%                0         -nan%
FUTGSHARE_CHANGED_SCREWED_OFF_PATH_4                 0         -nan%                0         -nan%
                                                     0         -nan%                0         -nan%
                                                  -nan         -nan              -nan         -nan

FUTGSHARE_CHANGED_CORRECTED_ON_PATH_5                0         -nan%                0         -nan%
FUTGSHARE_CHANGED_SCREWED_ON_PATH_5                  0         -nan%                0         -nan%
                                                     0         -nan%                0         -nan%
                                                  -nan         -nan              -nan         -nan

FUTGSHARE_CHANGED_CORRECTED_OFF_PATH_5               0         -nan%                0         -nan%
FUTGSHARE_CHANGED_SCREWED_OFF_PATH_5                 0         -nan%                0         -nan%
                                                     0         -nan%                0         -nan%
                                                  -nan         -nan              -nan         -nan

FUTGSHARE_CHANGED_CORRECTED_ON_PATH_6                0         -nan%                0         -nan%
FUTGSHARE_CHANGED_SCREWED_ON_PATH_6                  0         -nan%                0         -nan%
                                                     0         -nan%                0         -nan%
                                                  -nan         -nan              -nan         -nan

FUTGSHARE_CHANGED_CORRECTED_OFF_PATH_6               0         -nan%                0         -nan%
FUTGSHARE_CHANGED_SCREWED_OFF_PATH_6                 0         -nan%                0         -nan%
                                                     0         -nan%                0         -nan%
                                                  -nan         -nan              -nan         -nan

FUTGSHARE_CHANGED_CORRECTED_ON_PATH_7                0         -nan%                0         -nan%
FUTGSHARE_CHANGED_SCREWED_ON_PATH_7                  0         -nan%                0         -nan%
                                                     0         -nan%                0         -nan%
                                                  -nan         -nan              -nan         -nan

FUTGSHARE_CHANGED_CORRECTED_OFF_PATH_7               0         -nan%                0         -nan%
FUTGSHARE_CHANGED_SCREWED_OFF_PATH_7                 0         -nan%                0         -nan%
                                                     0         -nan%                0         -nan%
                                                  -nan         -nan              -nan         -nan

FUTGSHARE_CHANGED_CORRECTED_ON_PATH_8                0         -nan%                0         -nan%
FUTGSHARE_CHANGED_SCREWED_ON_PATH_8                  0         -nan%                0         -nan%
                                                     0         -nan%                0         -nan%
                                                  -nan         -nan              -nan         -nan

FUTGSHARE_CHANGED_CORRECTED_OFF_PATH_8               0         -nan%                0         -nan%
FUTGSHARE_CHANGED_SCREWED_OFF_PATH_8                 0         -nan%                0         -nan%
                                                     0         -nan%                0         -nan%
                                                  -nan         -nan              -nan         -nan

FUTGSHARE_CHANGED_CORRECTED_ON_PATH_9                0         -nan%                0         -nan%
FUTGSHARE_CHANGED_SCREWED_ON_PATH_9                  0         -nan%                0         -nan%
                                                     0         -nan%                0         -nan%
                                                  -nan         -nan              -nan         -nan

FUTGSHARE_CHANGED_CORRECTED_OFF_PATH_9               0         -nan%                0         -nan%
FUTGSHARE_CHANGED_SCREWED_OFF_PATH_9                 0         -nan%                0         -nan%
                                                     0         -nan%                0         -nan%
                                                  -nan         -nan              -nan         -nan

FUTGSHARE_CHANGED_CORRECTED_ON_PATH_10               0         -nan%                0         -nan%
FUTGSHARE_CHANGED_SCREWED_ON_PATH_10                 0         -nan%                0         -nan%
                                                     0         -nan%                0         -nan%
                                                  -nan         -nan              -nan         -nan

FUTGSHARE_CHANGED_CORRECTED_OFF_PATH_10              0         -nan%                0         -nan%
FUTGSHARE_CHANGED_SCREWED_OFF_PATH_10                0         -nan%                0         -nan%
                                                     0         -nan%                0         -nan%
                                                  -nan         -nan              -nan         -nan

FUTGSHARE_CHANGED_CORRECTED_ON_PATH_11               0         -nan%                0         -nan%
FUTGSHARE_CHANGED_SCREWED_ON_PATH_11                 0         -nan%                0         -nan%
                                                     0         -nan%                0         -nan%
                                                  -nan         -nan              -nan         -nan

FUTGSHARE_CHANGED_CORRECTED_OFF_PATH_11              0         -nan%                0         -nan%
FUTGSHARE_CHANGED_SCREWED_OFF_PATH_11                0         -nan%                0         -nan%
                                                     0         -nan%                0         -nan%
                                                  -nan         -nan              -nan         -nan

FUTGSHARE_CHANGED_CORRECTED_ON_PATH_12               0         -nan%                0         -nan%
FUTGSHARE_CHANGED_SCREWED_ON_PATH_12                 0         -nan%                0         -nan%
                                                     0         -nan%                0         -nan%
                                                  -nan         -nan              -nan         -nan

FUTGSHARE_CHANGED_CORRECTED_OFF_PATH_12              0         -nan%                0         -nan%
FUTGSHARE_CHANGED_SCREWED_OFF_PATH_12                0         -nan%                0         -nan%
                                                     0         -nan%                0         -nan%
                                                  -nan         -nan              -nan         -nan

FUTGSHARE_CHANGED_CORRECTED_ON_PATH_13               0         -nan%                0         -nan%
FUTGSHARE_CHANGED_SCREWED_ON_PATH_13                 0         -nan%                0         -nan%
                                                     0         -nan%                0         -nan%
                                                  -nan         -nan              -nan         -nan

FUTGSHARE_CHANGED_CORRECTED_OFF_PATH_13              0         -nan%                0         -nan%
FUTGSHARE_CHANGED_SCREWED_OFF_PATH_13                0         -nan%                0         -nan%
                                                     0         -nan%                0         -nan%
                                                  -nan         -nan              -nan         -nan

FUTGSHARE_CHANGED_CORRECTED_ON_PATH_14               0         -nan%                0         -nan%
FUTGSHARE_CHANGED_SCREWED_ON_PATH_14                 0         -nan%                0         -nan%
                                                     0         -nan%                0         -nan%
                                                  -nan         -nan              -nan         -nan

FUTGSHARE_CHANGED_CORRECTED_OFF_PATH_14              0         -nan%                0         -nan%
FUTGSHARE_CHANGED_SCREWED_OFF_PATH_14                0         -nan%                0         -nan%
                                                     0         -nan%                0         -nan%
                                                  -nan         -nan              -nan         -nan

FUTGSHARE_CHANGED_CORRECTED_ON_PATH_15               0         -nan%                0         -nan%
FUTGSHARE_CHANGED_SCREWED_ON_PATH_15                 0         -nan%                0         -nan%
                                                     0         -nan%                0         -nan%
                                                  -nan         -nan              -nan         -nan

FUTGSHARE_CHANGED_CORRECTED_OFF_PATH_15              0         -nan%                0         -nan%
FUTGSHARE_CHANGED_SCREWED_OFF_PATH_15                0         -nan%                0         -nan%
                                                     0         -nan%                0         -nan%
                                                  -nan         -nan              -nan         -nan

FRAGHIST_BIN_0                                       0         -nan%                0         -nan%
FRAGHIST_BIN_1                                       0         -nan%                0         -nan%
FRAGHIST_BIN_2                                       0         -nan%                0         -nan%
FRAGHIST_BIN_3                                       0         -nan%                0         -nan%
FRAGHIST_BIN_4                                       0         -nan%                0         -nan%
FRAGHIST_BIN_5                                       0         -nan%                0         -nan%
FRAGHIST_BIN_6                                       0         -nan%                0         -nan%
FRAGHIST_BIN_7                                       0         -nan%                0         -nan%
FRAGHIST_BIN_8                                       0         -nan%                0         -nan%
FRAGHIST_BIN_9                                       0         -nan%                0         -nan%
FRAGHIST_BIN_10                                      0         -nan%                0         -nan%
FRAGHIST_BIN_11                                      0         -nan%                0         -nan%
FRAGHIST_BIN_12                                      0         -nan%                0         -nan%
FRAGHIST_BIN_13                                      0         -nan%                0         -nan%
FRAGHIST_BIN_14                                      0         -nan%                0         -nan%
FRAGHIST_BIN_15                                      0         -nan%                0         -nan%
FRAGHIST_BIN_16                                      0         -nan%                0         -nan%
FRAGHIST_BIN_17                                      0         -nan%                0         -nan%
FRAGHIST_BIN_18                                      0         -nan%                0         -nan%
FRAGHIST_BIN_19                                      0         -nan%                0         -nan%
FRAGHIST_BIN_20                                      0         -nan%                0         -nan%
FRAGHIST_BIN_21                                      0         -nan%                0         -nan%
FRAGHIST_BIN_22                                      0         -nan%                0         -nan%
FRAGHIST_BIN_23                                      0         -nan%                0         -nan%
FRAGHIST_BIN_24                                      0         -nan%                0         -nan%
FRAGHIST_BIN_25                                      0         -nan%                0         -nan%
FRAGHIST_BIN_26                                      0         -nan%                0         -nan%
FRAGHIST_BIN_27                                      0         -nan%                0         -nan%
FRAGHIST_BIN_28                                      0         -nan%                0         -nan%
FRAGHIST_BIN_29                                      0         -nan%                0         -nan%
FRAGHIST_BIN_30                                      0         -nan%                0         -nan%
FRAGHIST_BIN_31                                      0         -nan%                0         -nan%
FRAGHIST_BIN_32                                      0         -nan%                0         -nan%
                                                     0         -nan%                0         -nan%
                                                  -nan         -nan              -nan         -nan

BTB_UPDATE_BTB_HIT_JITTED_NOT_CF                     0        0.000%                0        0.000%
BTB_UPDATE_BTB_HIT_JITTED_CF_BR                      0        0.000%                0        0.000%
BTB_UPDATE_BTB_HIT_JITTED_CF_CBR                     0        0.000%                0        0.000%
BTB_UPDATE_BTB_HIT_JITTED_CF_CALL                    0        0.000%                0        0.000%
BTB_UPDATE_BTB_HIT_JITTED_CF_IBR                     0        0.000%                0        0.000%
BTB_UPDATE_BTB_HIT_JITTED_CF_ICALL               32793       77.102%           111751       80.504%
BTB_UPDATE_BTB_HIT_JITTED_CF_ICO                  9739       22.898%            27063       19.496%
BTB_UPDATE_BTB_HIT_JITTED_CF_RET                     0        0.000%                0        0.000%
                                                 42532      100.000%           138814      100.000%
                                                  5.23         0.42              5.19         0.40

RESTEER_BTB_MISS_NOT_CF                          62590       79.797%           170449       79.225%
RESTEER_BTB_MISS_CF_BR                               0        0.000%                0        0.000%
RESTEER_BTB_MISS_CF_CBR                             15        0.019%              395        0.184%
RESTEER_BTB_MISS_CF_REP                             11        0.014%               28        0.013%
RESTEER_BTB_MISS_CF_CALL                             0        0.000%                0        0.000%
RESTEER_BTB_MISS_CF_IBR                             19        0.024%              548        0.255%
RESTEER_BTB_MISS_CF_ICALL                            0        0.000%                0        0.000%
RESTEER_BTB_MISS_CF_ICO                              0        0.000%                0        0.000%
RESTEER_BTB_MISS_CF_RET                              0        0.000%                0        0.000%
RESTEER_RECOVER_AT_EXEC_NOT_CF                      81        0.103%              239        0.111%
RESTEER_RECOVER_AT_EXEC_CF_BR                        0        0.000%                0        0.000%
RESTEER_RECOVER_AT_EXEC_CF_CBR                    4419        5.634%            15080        7.009%
RESTEER_RECOVER_AT_EXEC_CF_REP                       0        0.000%                0        0.000%
RESTEER_RECOVER_AT_EXEC_CF_CALL                      0        0.000%                0        0.000%
RESTEER_RECOVER_AT_EXEC_CF_IBR                    7305        9.313%            18054        8.392%
RESTEER_RECOVER_AT_EXEC_CF_ICALL                  1689        2.153%             3992        1.855%
RESTEER_RECOVER_AT_EXEC_CF_ICO                       0        0.000%                0        0.000%
RESTEER_RECOVER_AT_EXEC_CF_RET                    2308        2.942%             6360        2.956%
RESTEER_RECOVER_AT_DECODE_NOT_CF                     0        0.000%                0        0.000%
RESTEER_RECOVER_AT_DECODE_CF_BR                      0        0.000%                0        0.000%
RESTEER_RECOVER_AT_DECODE_CF_CBR                     0        0.000%                0        0.000%
RESTEER_RECOVER_AT_DECODE_CF_REP                     0        0.000%                0        0.000%
RESTEER_RECOVER_AT_DECODE_CF_CALL                    0        0.000%                0        0.000%
RESTEER_RECOVER_AT_DECODE_CF_IBR                     0        0.000%                0        0.000%
RESTEER_RECOVER_AT_DECODE_CF_ICALL                   0        0.000%                0        0.000%
RESTEER_RECOVER_AT_DECODE_CF_ICO                     0        0.000%                0        0.000%
RESTEER_RECOVER_AT_DECODE_CF_RET                     0        0.000%                0        0.000%
RESTEER_NO_TARGET_CF_IBR                             0        0.000%                0        0.000%
RESTEER_NO_TARGET_CF_ICALL                           0        0.000%                0        0.000%
RESTEER_NO_TARGET_CF_ICO                             0        0.000%                0        0.000%
RESTEER_NO_TARGET_CF_RET                             0        0.000%                0        0.000%
                                                 78437      100.000%           215145      100.000%
                                                  2.76         4.98              2.75         4.92

TAGESCL_COMP_TAGE_BASE_CORRECT                 1088772       67.899%          3370088       70.341%
TAGESCL_COMP_TAGE_BASE_RECOVER_AT_EXEC             196        0.012%             1857        0.039%
TAGESCL_COMP_TAGE_SHORT_CORRECT                 372665       23.240%          1024386       21.381%
TAGESCL_COMP_TAGE_SHORT_RECOVER_AT_EXEC            810        0.051%             2724        0.057%
TAGESCL_COMP_TAGE_LONG_CORRECT                  136067        8.486%           376124        7.851%
TAGESCL_COMP_TAGE_LONG_RECOVER_AT_EXEC            2695        0.168%             8544        0.178%
TAGESCL_COMP_LOOP_CORRECT                          468        0.029%             2205        0.046%
TAGESCL_COMP_LOOP_RECOVER_AT_EXEC                    4        0.000%               13        0.000%
TAGESCL_COMP_SC_CORRECT                           1129        0.070%             3192        0.067%
TAGESCL_COMP_SC_RECOVER_AT_EXEC                    714        0.045%             1942        0.041%
                                               1603520      100.000%          4791075      100.000%
                                                  0.83         1.13              0.76         1.12

TAGESCL_COMP_BTB_MISS_TAGE_BASE_CORRECT         961062       94.726%          3029737       95.218%
TAGESCL_COMP_BTB_MISS_TAGE_BASE_RECOVER_AT_EXEC            37        0.004%              886        0.028%
TAGESCL_COMP_BTB_MISS_TAGE_SHORT_CORRECT         42389        4.178%           117798        3.702%
TAGESCL_COMP_BTB_MISS_TAGE_SHORT_RECOVER_AT_EXEC            11        0.001%               98        0.003%
TAGESCL_COMP_BTB_MISS_TAGE_LONG_CORRECT          11029        1.087%            33111        1.041%
TAGESCL_COMP_BTB_MISS_TAGE_LONG_RECOVER_AT_EXEC            26        0.003%               92        0.003%
TAGESCL_COMP_BTB_MISS_LOOP_CORRECT                   0        0.000%               29        0.001%
TAGESCL_COMP_BTB_MISS_LOOP_RECOVER_AT_EXEC             0        0.000%                0        0.000%
TAGESCL_COMP_BTB_MISS_SC_CORRECT                    15        0.001%              132        0.004%
TAGESCL_COMP_BTB_MISS_SC_RECOVER_AT_EXEC             4        0.000%               20        0.001%
                                               1014573      100.000%          3181903      100.000%
                                                  0.13         0.56              0.12         0.54

TAGESCL_CONF_0_PER_BASE_RECOVER_AT_EXEC              0        0.000%                0        0.000%
TAGESCL_CONF_1_PER_BASE_RECOVER_AT_EXEC             80        1.810%              890        5.902%
TAGESCL_CONF_2_PER_BASE_RECOVER_AT_EXEC              0        0.000%                0        0.000%
TAGESCL_CONF_3_PER_BASE_RECOVER_AT_EXEC            116        2.625%              967        6.412%
TAGESCL_CONF_0_PER_SHORT_RECOVER_AT_EXEC            99        2.240%              380        2.520%
TAGESCL_CONF_1_PER_SHORT_RECOVER_AT_EXEC           293        6.630%             1057        7.009%
TAGESCL_CONF_2_PER_SHORT_RECOVER_AT_EXEC            87        1.969%              294        1.950%
TAGESCL_CONF_3_PER_SHORT_RECOVER_AT_EXEC           331        7.490%              993        6.585%
TAGESCL_CONF_0_PER_LONG_RECOVER_AT_EXEC            420        9.504%             1357        8.999%
TAGESCL_CONF_1_PER_LONG_RECOVER_AT_EXEC            764       17.289%             2633       17.460%
TAGESCL_CONF_2_PER_LONG_RECOVER_AT_EXEC            403        9.120%             1286        8.528%
TAGESCL_CONF_3_PER_LONG_RECOVER_AT_EXEC           1108       25.074%             3268       21.671%
TAGESCL_CONF_0_PER_LOOP_RECOVER_AT_EXEC              0        0.000%                1        0.007%
TAGESCL_CONF_1_PER_LOOP_RECOVER_AT_EXEC              0        0.000%                1        0.007%
TAGESCL_CONF_2_PER_LOOP_RECOVER_AT_EXEC              1        0.023%                2        0.013%
TAGESCL_CONF_3_PER_LOOP_RECOVER_AT_EXEC              3        0.068%                9        0.060%
TAGESCL_CONF_0_PER_SC_RECOVER_AT_EXEC              115        2.602%              348        2.308%
TAGESCL_CONF_1_PER_SC_RECOVER_AT_EXEC              485       10.975%             1296        8.594%
TAGESCL_CONF_2_PER_SC_RECOVER_AT_EXEC               85        1.924%              216        1.432%
TAGESCL_CONF_3_PER_SC_RECOVER_AT_EXEC               29        0.656%               82        0.544%
                                                  4419      100.000%            15080      100.000%
                                                  9.91         3.97              9.01         4.26

TAGESCL_SC_SMALLLSUM                              1546        0.096%             4293        0.090%
TAGESCL_SC_SMALLLFIRST                              56        0.003%              116        0.002%
TAGESCL_SC_SMALLLSECOND                             22        0.001%               86        0.002%
TAGESCL_SC_IDENTICAL                           1601627       99.899%          4785781       99.906%
                                               1603251      100.000%          4790276      100.000%
                                                  3.00         3.00              3.00         3.00

CRS_UNDERFLOW_ON_PATH                                0        0.000%                4        0.018%
CRS_UNDERFLOW_OFF_PATH                            8158      100.000%            22390       99.982%
                                                  8158      100.000%            22394      100.000%
                                                  1.00         1.00              1.00         1.00



