/* -*- Mode: c -*- */
####################################################################################################
Core 0
####################################################################################################
Cumulative:        Cycles: 14061514              Instructions: 30000000              IPC: 2.13348

Periodic:          Cycles: 4541366               Instructions: 10000000              IPC: 2.20198

L0_ALL_PREDICTIONS                             2185169       50.000%          6541303       50.000%
MAIN_ALL_PREDICTIONS                           2185169       50.000%          6541303       50.000%
                                               4370338      100.000%         13082606      100.000%
                                                  0.50         0.50              0.50         0.50

L0_ALL_RECOVER_AT_EXEC                          483046       96.886%          1451168       97.145%
MAIN_ALL_RECOVER_AT_EXEC                         15524        3.114%            42653        2.855%
                                                498570      100.000%          1493821      100.000%
                                                  0.03         0.17              0.03         0.16

L0_ALL_RECOVER_AT_DECODE                             0        0.000%                0        0.000%
MAIN_ALL_RECOVER_AT_DECODE                          37      100.000%              961      100.000%
                                                    37      100.000%              961      100.000%
                                                  1.00         1.01              1.00         1.00

L0_ALL_PREDICTIONS_OFFPATH                     2347620       50.000%          6351587       50.000%
MAIN_ALL_PREDICTIONS_OFFPATH                   2347620       50.000%          6351587       50.000%
                                               4695240      100.000%         12703174      100.000%
                                                  0.50         0.50              0.50         0.50

L0_ALL_RECOVER_AT_EXEC_OFFPATH                  582680       65.542%          1600109       66.453%
MAIN_ALL_RECOVER_AT_EXEC_OFFPATH                306342       34.458%           807760       33.547%
                                                889022      100.000%          2407869      100.000%
                                                  0.34         0.43              0.34         0.43

L0_ALL_RECOVER_AT_DECODE_OFFPATH                     0        0.000%                0        0.000%
MAIN_ALL_RECOVER_AT_DECODE_OFFPATH                  38      100.000%              774      100.000%
                                                    38      100.000%              774      100.000%
                                                  1.00         1.01              1.00         1.00

MAIN_CBR_CORRECT                                584768       36.468%          1595504       33.302%
MAIN_CBR_CORRECT_BTB_MISS_NT_NT                1014480       63.266%          3180780       66.390%
MAIN_CBR_RECOVER_AT_EXEC                          4184        0.261%            13670        0.285%
MAIN_CBR_RECOVER_AT_DECODE                           0        0.000%                0        0.000%
MAIN_CBR_RECOVER_BTB_MISS_T_T                        5        0.000%               18        0.000%
MAIN_CBR_RECOVER_BTB_MISS_T_NT                      50        0.003%              304        0.006%
MAIN_CBR_RECOVER_BTB_MISS_NT_T                      31        0.002%              799        0.017%
                                               1603518      100.000%          4791075      100.000%
                                                  0.64         0.30              0.67         0.29

MAIN_BR_CORRECT                                 103148       99.984%           328813       99.880%
MAIN_BR_RECOVER                                     16        0.016%              395        0.120%
                                                103164      100.000%           329208      100.000%
                                                  0.00         0.01              0.00         0.03

MAIN_ICALL_CORRECT_IBTB                          49593       95.380%           139055       95.925%
MAIN_ICALL_CORRECT_BTB                             735        1.414%             1955        1.349%
MAIN_ICALL_RECOVER_AT_EXEC_IBTB                   1473        2.833%             3289        2.269%
MAIN_ICALL_RECOVER_AT_EXEC_BTB                     193        0.371%              491        0.339%
MAIN_ICALL_RECOVER_AT_EXEC_XBTB_MISS                 1        0.002%              172        0.119%
                                                 51995      100.000%           144962      100.000%
                                                  0.08         0.38              0.07         0.38

MAIN_IBR_CORRECT_IBTB                            60595       86.114%           204585       89.567%
MAIN_IBR_CORRECT_BTB                              2357        3.350%             5884        2.576%
MAIN_IBR_RECOVER_AT_EXEC_IBTB                     3613        5.135%             9578        4.193%
MAIN_IBR_RECOVER_AT_EXEC_BTB                      3801        5.402%             8280        3.625%
MAIN_IBR_RECOVER_AT_EXEC_XBTB_MISS                   0        0.000%               88        0.039%
                                                 70366      100.000%           228415      100.000%
                                                  0.30         0.75              0.22         0.66

MAIN_ICO_CORRECT                                     0         -nan%                0         -nan%
MAIN_ICO_RECOVER                                     0         -nan%                0         -nan%
                                                     0         -nan%                0         -nan%
                                                  -nan         -nan              -nan         -nan

MAIN_RET_CORRECT                                201885       98.933%           590322       98.997%
MAIN_RET_RECOVER                                  2174        1.065%             5961        1.000%
MAIN_RET_RECOVER_UFLOW                               4        0.002%               21        0.004%
                                                204063      100.000%           596304      100.000%
                                                  0.01         0.10              0.01         0.10

MAIN_CALL_CORRECT                               152047       99.989%           450791       99.879%
MAIN_CALL_RECOVER                                   16        0.011%              548        0.121%
                                                152063      100.000%           451339      100.000%
                                                  0.00         0.01              0.00         0.03

L0_CBR_CORRECT                                  108914        6.792%           321731        6.715%
L0_CBR_CORRECT_BTB_MISS_NT_NT                  1289926       80.443%          3864475       80.660%
L0_CBR_RECOVER_AT_EXEC                           32868        2.050%            92280        1.926%
L0_CBR_RECOVER_AT_DECODE                             0        0.000%                0        0.000%
L0_CBR_RECOVER_BTB_MISS_T_T                      94187        5.874%           280684        5.858%
L0_CBR_RECOVER_BTB_MISS_T_NT                     29334        1.829%            92007        1.920%
L0_CBR_RECOVER_BTB_MISS_NT_T                     48289        3.011%           139898        2.920%
                                               1603518      100.000%          4791075      100.000%
                                                  1.35         1.21              1.35         1.21

L0_BR_CORRECT                                    35127       34.050%           102768       31.217%
L0_BR_RECOVER                                    68037       65.950%           226440       68.783%
                                                103164      100.000%           329208      100.000%
                                                  0.66         0.60              0.69         0.63

L0_ICALL_CORRECT_IBTB                                0        0.000%                0        0.000%
L0_ICALL_CORRECT_BTB                               493        0.948%             1137        0.784%
L0_ICALL_RECOVER_AT_EXEC_IBTB                    51066       98.213%           142344       98.194%
L0_ICALL_RECOVER_AT_EXEC_BTB                        96        0.185%              222        0.153%
L0_ICALL_RECOVER_AT_EXEC_XBTB_MISS                 340        0.654%             1259        0.869%
                                                 51995      100.000%           144962      100.000%
                                                  2.01         0.25              2.01         0.28

L0_IBR_CORRECT_IBTB                                  8        0.011%               14        0.006%
L0_IBR_CORRECT_BTB                                1655        2.352%             3908        1.711%
L0_IBR_RECOVER_AT_EXEC_IBTB                      64200       91.237%           214149       93.754%
L0_IBR_RECOVER_AT_EXEC_BTB                        2967        4.217%             6410        2.806%
L0_IBR_RECOVER_AT_EXEC_XBTB_MISS                  1536        2.183%             3934        1.722%
                                                 70366      100.000%           228415      100.000%
                                                  2.06         0.49              2.05         0.43

L0_ICO_CORRECT                                       0         -nan%                0         -nan%
L0_ICO_RECOVER                                       0         -nan%                0         -nan%
                                                     0         -nan%                0         -nan%
                                                  -nan         -nan              -nan         -nan

L0_RET_CORRECT                                  201885       98.933%           590322       98.997%
L0_RET_RECOVER                                    2174        1.065%             5961        1.000%
L0_RET_RECOVER_UFLOW                                 4        0.002%               21        0.004%
                                                204063      100.000%           596304      100.000%
                                                  0.01         0.10              0.01         0.10

L0_CALL_CORRECT                                  64115       42.163%           205780       45.593%
L0_CALL_RECOVER                                  87948       57.837%           245559       54.407%
                                                152063      100.000%           451339      100.000%
                                                  0.58         0.54              0.54         0.52

MAIN_CBR_CORRECT_OFFPATH                        492927       28.105%          1261469       26.744%
MAIN_CBR_CORRECT_BTB_MISS_NT_NT_OFFPATH        1064496       60.694%          2948661       62.513%
MAIN_CBR_RECOVER_AT_EXEC_OFFPATH                190734       10.875%           491901       10.429%
MAIN_CBR_RECOVER_AT_DECODE_OFFPATH                   0        0.000%                0        0.000%
MAIN_CBR_RECOVER_BTB_MISS_T_T_OFFPATH               16        0.001%               93        0.002%
MAIN_CBR_RECOVER_BTB_MISS_T_NT_OFFPATH            5669        0.323%            14193        0.301%
MAIN_CBR_RECOVER_BTB_MISS_NT_T_OFFPATH              24        0.001%              527        0.011%
                                               1753866      100.000%          4716844      100.000%
                                                  0.84         0.47              0.85         0.46

MAIN_BR_CORRECT_OFFPATH                         112788       99.991%           314978       99.913%
MAIN_BR_RECOVER_OFFPATH                             10        0.009%              273        0.087%
                                                112798      100.000%           315251      100.000%
                                                  0.00         0.01              0.00         0.03

MAIN_ICALL_CORRECT_IBTB_OFFPATH                  15608       32.465%            43951       34.420%
MAIN_ICALL_CORRECT_BTB_OFFPATH                   29989       62.378%            75109       58.820%
MAIN_ICALL_RECOVER_AT_EXEC_IBTB_OFFPATH           2064        4.293%             7130        5.584%
MAIN_ICALL_RECOVER_AT_EXEC_BTB_OFFPATH             411        0.855%             1280        1.002%
MAIN_ICALL_RECOVER_AT_EXEC_XBTB_MISS_OFFPATH             4        0.008%              222        0.174%
                                                 48076      100.000%           127692      100.000%
                                                  0.74         0.40              0.74         0.45

MAIN_IBR_CORRECT_IBTB_OFFPATH                    17426       23.670%            50137       24.277%
MAIN_IBR_CORRECT_BTB_OFFPATH                     40133       54.512%           111337       53.910%
MAIN_IBR_RECOVER_AT_EXEC_IBTB_OFFPATH             8259       11.218%            25890       12.536%
MAIN_IBR_RECOVER_AT_EXEC_BTB_OFFPATH              7804       10.600%            18972        9.186%
MAIN_IBR_RECOVER_AT_EXEC_XBTB_MISS_OFFPATH             0        0.000%              187        0.091%
                                                 73622      100.000%           206523      100.000%
                                                  1.09         0.70              1.07         0.68

MAIN_ICO_CORRECT_OFFPATH                             0         -nan%                0         -nan%
MAIN_ICO_RECOVER_OFFPATH                             0         -nan%                0         -nan%
                                                     0         -nan%                0         -nan%
                                                  -nan         -nan              -nan         -nan

MAIN_RET_CORRECT_OFFPATH                        115514       55.834%           316514       56.122%
MAIN_RET_RECOVER_OFFPATH                         81198       39.248%           213958       37.938%
MAIN_RET_RECOVER_UFLOW_OFFPATH                   10175        4.918%            33500        5.940%
                                                206887      100.000%           563972      100.000%
                                                  0.49         0.47              0.50         0.49

MAIN_CALL_CORRECT_OFFPATH                       152359       99.992%           420897       99.903%
MAIN_CALL_RECOVER_OFFPATH                           12        0.008%              408        0.097%
                                                152371      100.000%           421305      100.000%
                                                  0.00         0.01              0.00         0.03

L0_CBR_CORRECT_OFFPATH                          137751        7.854%           370192        7.848%
L0_CBR_CORRECT_BTB_MISS_NT_NT_OFFPATH          1361436       77.625%          3649063       77.362%
L0_CBR_RECOVER_AT_EXEC_OFFPATH                   45482        2.593%           124201        2.633%
L0_CBR_RECOVER_AT_DECODE_OFFPATH                     0        0.000%                0        0.000%
L0_CBR_RECOVER_BTB_MISS_T_T_OFFPATH             112188        6.397%           316352        6.707%
L0_CBR_RECOVER_BTB_MISS_T_NT_OFFPATH             38615        2.202%           109986        2.332%
L0_CBR_RECOVER_BTB_MISS_NT_T_OFFPATH             58394        3.329%           147050        3.118%
                                               1753866      100.000%          4716844      100.000%
                                                  1.39         1.27              1.40         1.27

L0_BR_CORRECT_OFFPATH                            43225       38.321%           125481       39.804%
L0_BR_RECOVER_OFFPATH                            69573       61.679%           189770       60.196%
                                                112798      100.000%           315251      100.000%
                                                  0.62         0.57              0.60         0.56

L0_ICALL_CORRECT_IBTB_OFFPATH                        0        0.000%                0        0.000%
L0_ICALL_CORRECT_BTB_OFFPATH                     11481       23.881%            27613       21.625%
L0_ICALL_RECOVER_AT_EXEC_IBTB_OFFPATH            17672       36.758%            51081       40.003%
L0_ICALL_RECOVER_AT_EXEC_BTB_OFFPATH               164        0.341%              472        0.370%
L0_ICALL_RECOVER_AT_EXEC_XBTB_MISS_OFFPATH         18759       39.019%            48526       38.002%
                                                 48076      100.000%           127692      100.000%
                                                  2.54         2.01              2.55         1.98

L0_IBR_CORRECT_IBTB_OFFPATH                         79        0.107%               91        0.044%
L0_IBR_CORRECT_BTB_OFFPATH                       20853       28.324%            53808       26.054%
L0_IBR_RECOVER_AT_EXEC_IBTB_OFFPATH              25606       34.780%            75936       36.769%
L0_IBR_RECOVER_AT_EXEC_BTB_OFFPATH                5319        7.225%            11011        5.332%
L0_IBR_RECOVER_AT_EXEC_XBTB_MISS_OFFPATH         21765       29.563%            65677       31.801%
                                                 73622      100.000%           206523      100.000%
                                                  2.38         1.75              2.43         1.81

L0_ICO_CORRECT_OFFPATH                               0         -nan%                0         -nan%
L0_ICO_RECOVER_OFFPATH                               0         -nan%                0         -nan%
                                                     0         -nan%                0         -nan%
                                                  -nan         -nan              -nan         -nan

L0_RET_CORRECT_OFFPATH                          115514       55.834%           316514       56.122%
L0_RET_RECOVER_OFFPATH                           81198       39.248%           213958       37.938%
L0_RET_RECOVER_UFLOW_OFFPATH                     10175        4.918%            33500        5.940%
                                                206887      100.000%           563972      100.000%
                                                  0.49         0.47              0.50         0.49

L0_CALL_CORRECT_OFFPATH                          74601       48.960%           208716       49.540%
L0_CALL_RECOVER_OFFPATH                          77770       51.040%           212589       50.460%
                                                152371      100.000%           421305      100.000%
                                                  0.51         0.51              0.50         0.50

ALL_BTB_CORRECT                                 868601       43.844%          2436863       40.990%
ALL_BTB_INCORRECT_BUT_TARGET_CORRECT                10        0.001%               22        0.000%
ALL_BTB_INCORRECT                              1112495       56.155%          3508114       59.009%
                                               1981106      100.000%          5944999      100.000%
                                                  1.12         1.07              1.18         1.10

ALL_IBTB_CORRECT                                110188       90.052%           343640       92.036%
ALL_IBTB_INCORRECT                               12173        9.948%            29737        7.964%
                                                122361      100.000%           373377      100.000%
                                                  0.10         0.29              0.08         0.26

ALL_BTB_CORRECT_OFFPATH                        1008735       47.121%          2616796       45.214%
ALL_BTB_INCORRECT_BUT_TARGET_CORRECT_OFFPATH           107        0.005%              139        0.002%
ALL_BTB_INCORRECT_OFFPATH                      1131891       52.874%          3170680       54.784%
                                               2140733      100.000%          5787615      100.000%
                                                  1.06         1.03              1.10         1.05

ALL_IBTB_CORRECT_OFFPATH                         33034       27.144%            94088       28.152%
ALL_IBTB_INCORRECT_OFFPATH                       88664       72.856%           240127       71.848%
                                                121698      100.000%           334215      100.000%
                                                  0.73         0.66              0.72         0.65

CRS_MISS                                          4356        1.067%            11964        1.003%
CRS_HIT                                         403770       98.933%          1180644       98.997%
                                                408126      100.000%          1192608      100.000%
                                                  0.99         0.98              0.99         0.99

CRS_MISS_OFFPATH                                182746       44.166%           494916       43.878%
CRS_HIT_OFFPATH                                 231028       55.834%           633028       56.122%
                                                413774      100.000%          1127944      100.000%
                                                  0.56         0.53              0.56         0.53

CRS_CLOBBER                                          0                              0              

IBTB_TARG_CACHE_MISS                             12173        9.948%            29737        7.964%
IBTB_TARG_CACHE_HIT                             110188       90.052%           343640       92.036%
                                                122361      100.000%           373377      100.000%
                                                  0.90         0.86              0.92         0.89

IBTB_TARG_CACHE_MISS_OFFPATH                     88664       72.856%           240127       71.848%
IBTB_TARG_CACHE_HIT_OFFPATH                      33034       27.144%            94088       28.152%
                                                121698      100.000%           334215      100.000%
                                                  0.27         0.41              0.28         0.41

IBTB_TARG_CACHE_WRITE                           122365       96.071%           373377       96.466%
IBTB_TARG_CACHE_WRITE_OFFPATH                     5004        3.929%            13679        3.534%
                                                127369      100.000%           387056      100.000%
                                                  0.04         0.19              0.04         0.18

BTB_WRITE                                       105124       99.915%           311517       99.886%
BTB_WRITE_OFFPATH                                   89        0.085%              355        0.114%
                                                105213      100.000%           311872      100.000%
                                                  0.00         0.03              0.00         0.03

BTB_L0_CORRECT                                  275034       13.883%           820457       13.801%
BTB_L0_INCORRECT_BUT_TARGET_CORRECT                 10        0.001%               22        0.000%
BTB_L0_INCORRECT                               1706062       86.117%          5124520       86.199%
                                               1981106      100.000%          5944999      100.000%
                                                  1.72         1.62              1.72         1.62

BTB_L1_CORRECT                                  866686       43.748%          2433348       40.931%
BTB_L1_INCORRECT_BUT_TARGET_CORRECT                  1        0.000%                7        0.000%
BTB_L1_INCORRECT                               1114419       56.252%          3511644       59.069%
                                               1981106      100.000%          5944999      100.000%
                                                  1.13         1.07              1.18         1.10

BTB_MAIN_CORRECT                                868601       43.844%          2436863       40.990%
BTB_MAIN_INCORRECT_BUT_TARGET_CORRECT               10        0.001%               22        0.000%
BTB_MAIN_INCORRECT                             1112495       56.155%          3508114       59.009%
                                               1981106      100.000%          5944999      100.000%
                                                  1.12         1.07              1.18         1.10

BTB_L0_CORRECT_OFFPATH                          355020       16.584%           970517       16.769%
BTB_L0_INCORRECT_BUT_TARGET_CORRECT_OFFPATH            91        0.004%              100        0.002%
BTB_L0_INCORRECT_OFFPATH                       1785622       83.412%          4816998       83.229%
                                               2140733      100.000%          5787615      100.000%
                                                  1.67         1.55              1.66         1.55

BTB_L1_CORRECT_OFFPATH                         1005947       46.991%          2611736       45.126%
BTB_L1_INCORRECT_BUT_TARGET_CORRECT_OFFPATH             0        0.000%                1        0.000%
BTB_L1_INCORRECT_OFFPATH                       1134786       53.009%          3175878       54.874%
                                               2140733      100.000%          5787615      100.000%
                                                  1.06         1.03              1.10         1.05

BTB_MAIN_CORRECT_OFFPATH                       1008735       47.121%          2616796       45.214%
BTB_MAIN_INCORRECT_BUT_TARGET_CORRECT_OFFPATH           107        0.005%              139        0.002%
BTB_MAIN_INCORRECT_OFFPATH                     1131891       52.874%          3170680       54.784%
                                               2140733      100.000%          5787615      100.000%
                                                  1.06         1.03              1.10         1.05

TARG_HYBRID_CORRECT_TAGLESS                          0         -nan%                0         -nan%
TARG_HYBRID_CORRECT_TAGGED                           0         -nan%                0         -nan%
TARG_HYBRID_RECOVER_AT_EXEC_TAGLESS                  0         -nan%                0         -nan%
TARG_HYBRID_RECOVER_AT_EXEC_TAGGED                   0         -nan%                0         -nan%
TARG_HYBRID_NO_PRED                                  0         -nan%                0         -nan%
                                                     0         -nan%                0         -nan%
                                                  -nan         -nan              -nan         -nan

BP_L0_EARLY_RECOVERIES                          483046       96.879%          1451168       97.082%
BP_MAIN_EXEC_RECOVERIES                          15524        3.113%            42653        2.853%
BP_MAIN_DECODE_RECOVERIES                           37        0.007%              961        0.064%
                                                498607      100.000%          1494782      100.000%
                                                  0.03         0.17              0.03         0.17

SCHEDULED_L0_EARLY_RECOVERIES                   468843       96.786%          1411751       97.002%
SCHEDULED_MAIN_EXEC_RECOVERIES                   15531        3.206%            42669        2.932%
SCHEDULED_MAIN_DECODE_RECOVERIES                    37        0.008%              961        0.066%
                                                484411      100.000%          1455381      100.000%
                                                  0.03         0.17              0.03         0.17

PERFORMED_RECOVERIES                            484405                        1455365              

PERFORMED_RECOVERY_LAT                         2909180                        8542001              

SCHEDULED_MAIN_DECODE_LAT                         1058                          54827              

SCHEDULED_MAIN_EXEC_LAT                       76736907                      114380199              

SCHEDULED_L0_EARLY_LAT                               0                              0              

MAIN_BRANCH_RESOLVE_AT_DECODE_LAT_1                  0        0.000%                0        0.000%
MAIN_BRANCH_RESOLVE_AT_DECODE_LAT_2                  0        0.000%                0        0.000%
MAIN_BRANCH_RESOLVE_AT_DECODE_LAT_3                  0        0.000%                0        0.000%
MAIN_BRANCH_RESOLVE_AT_DECODE_LAT_4                  0        0.000%                0        0.000%
MAIN_BRANCH_RESOLVE_AT_DECODE_LAT_5                  0        0.000%                0        0.000%
MAIN_BRANCH_RESOLVE_AT_DECODE_LAT_6                  0        0.000%                0        0.000%
MAIN_BRANCH_RESOLVE_AT_DECODE_LAT_7                  0        0.000%                0        0.000%
MAIN_BRANCH_RESOLVE_AT_DECODE_LAT_8                  9       24.324%              297       30.905%
MAIN_BRANCH_RESOLVE_AT_DECODE_LAT_9                  4       10.811%              125       13.007%
MAIN_BRANCH_RESOLVE_AT_DECODE_LAT_10                 3        8.108%               33        3.434%
MAIN_BRANCH_RESOLVE_AT_DECODE_LAT_11                 0        0.000%                7        0.728%
MAIN_BRANCH_RESOLVE_AT_DECODE_LAT_12                 0        0.000%                6        0.624%
MAIN_BRANCH_RESOLVE_AT_DECODE_LAT_13                 0        0.000%                8        0.832%
MAIN_BRANCH_RESOLVE_AT_DECODE_LAT_14                 0        0.000%                1        0.104%
MAIN_BRANCH_RESOLVE_AT_DECODE_LAT_15                 0        0.000%                3        0.312%
MAIN_BRANCH_RESOLVE_AT_DECODE_LAT_16                 0        0.000%                4        0.416%
MAIN_BRANCH_RESOLVE_AT_DECODE_LAT_17                 0        0.000%                3        0.312%
MAIN_BRANCH_RESOLVE_AT_DECODE_LAT_18                 0        0.000%                8        0.832%
MAIN_BRANCH_RESOLVE_AT_DECODE_LAT_19                 1        2.703%                4        0.416%
MAIN_BRANCH_RESOLVE_AT_DECODE_LAT_20                 0        0.000%                7        0.728%
MAIN_BRANCH_RESOLVE_AT_DECODE_LAT_21                 0        0.000%               14        1.457%
MAIN_BRANCH_RESOLVE_AT_DECODE_LAT_22                 1        2.703%               22        2.289%
MAIN_BRANCH_RESOLVE_AT_DECODE_LAT_23                 1        2.703%               33        3.434%
MAIN_BRANCH_RESOLVE_AT_DECODE_LAT_24                 2        5.405%               18        1.873%
MAIN_BRANCH_RESOLVE_AT_DECODE_LAT_25                 7       18.919%               84        8.741%
MAIN_BRANCH_RESOLVE_AT_DECODE_LAT_26                 3        8.108%               49        5.099%
MAIN_BRANCH_RESOLVE_AT_DECODE_LAT_27                 0        0.000%               17        1.769%
MAIN_BRANCH_RESOLVE_AT_DECODE_LAT_28                 1        2.703%               10        1.041%
MAIN_BRANCH_RESOLVE_AT_DECODE_LAT_29                 0        0.000%                3        0.312%
MAIN_BRANCH_RESOLVE_AT_DECODE_LAT_30                 0        0.000%                3        0.312%
MAIN_BRANCH_RESOLVE_AT_DECODE_LAT_31                 0        0.000%                3        0.312%
MAIN_BRANCH_RESOLVE_AT_DECODE_LAT_32                 0        0.000%                1        0.104%
MAIN_BRANCH_RESOLVE_AT_DECODE_LAT_33                 0        0.000%                0        0.000%
MAIN_BRANCH_RESOLVE_AT_DECODE_LAT_34                 0        0.000%                0        0.000%
MAIN_BRANCH_RESOLVE_AT_DECODE_LAT_35                 1        2.703%                3        0.312%
MAIN_BRANCH_RESOLVE_AT_DECODE_LAT_36                 0        0.000%                1        0.104%
MAIN_BRANCH_RESOLVE_AT_DECODE_LAT_37                 0        0.000%                2        0.208%
MAIN_BRANCH_RESOLVE_AT_DECODE_LAT_38                 0        0.000%                2        0.208%
MAIN_BRANCH_RESOLVE_AT_DECODE_LAT_39                 0        0.000%                1        0.104%
MAIN_BRANCH_RESOLVE_AT_DECODE_LAT_40                 0        0.000%                0        0.000%
MAIN_BRANCH_RESOLVE_AT_DECODE_LAT_41                 0        0.000%                2        0.208%
MAIN_BRANCH_RESOLVE_AT_DECODE_LAT_42                 0        0.000%                0        0.000%
MAIN_BRANCH_RESOLVE_AT_DECODE_LAT_43                 0        0.000%                0        0.000%
MAIN_BRANCH_RESOLVE_AT_DECODE_LAT_44                 0        0.000%                1        0.104%
MAIN_BRANCH_RESOLVE_AT_DECODE_LAT_45                 0        0.000%                0        0.000%
MAIN_BRANCH_RESOLVE_AT_DECODE_LAT_46                 0        0.000%                2        0.208%
MAIN_BRANCH_RESOLVE_AT_DECODE_LAT_47                 0        0.000%                0        0.000%
MAIN_BRANCH_RESOLVE_AT_DECODE_LAT_48                 0        0.000%                0        0.000%
MAIN_BRANCH_RESOLVE_AT_DECODE_LAT_49                 0        0.000%                0        0.000%
MAIN_BRANCH_RESOLVE_AT_DECODE_LAT_50                 0        0.000%                1        0.104%
MAIN_BRANCH_RESOLVE_AT_DECODE_LAT_51                 0        0.000%                1        0.104%
MAIN_BRANCH_RESOLVE_AT_DECODE_LAT_52                 0        0.000%                0        0.000%
MAIN_BRANCH_RESOLVE_AT_DECODE_LAT_53                 0        0.000%                0        0.000%
MAIN_BRANCH_RESOLVE_AT_DECODE_LAT_54                 0        0.000%                0        0.000%
MAIN_BRANCH_RESOLVE_AT_DECODE_LAT_55                 0        0.000%                0        0.000%
MAIN_BRANCH_RESOLVE_AT_DECODE_LAT_56                 0        0.000%                2        0.208%
MAIN_BRANCH_RESOLVE_AT_DECODE_LAT_57                 0        0.000%                0        0.000%
MAIN_BRANCH_RESOLVE_AT_DECODE_LAT_58                 0        0.000%                1        0.104%
MAIN_BRANCH_RESOLVE_AT_DECODE_LAT_59                 0        0.000%                1        0.104%
MAIN_BRANCH_RESOLVE_AT_DECODE_LAT_60                 1        2.703%                2        0.208%
MAIN_BRANCH_RESOLVE_AT_DECODE_LAT_61                 0        0.000%                0        0.000%
MAIN_BRANCH_RESOLVE_AT_DECODE_LAT_62                 0        0.000%                1        0.104%
MAIN_BRANCH_RESOLVE_AT_DECODE_LAT_63                 0        0.000%                0        0.000%
MAIN_BRANCH_RESOLVE_AT_DECODE_LAT_64                 0        0.000%                4        0.416%
MAIN_BRANCH_RESOLVE_AT_DECODE_LAT_65                 1        2.703%                2        0.208%
MAIN_BRANCH_RESOLVE_AT_DECODE_LAT_66                 0        0.000%                1        0.104%
MAIN_BRANCH_RESOLVE_AT_DECODE_LAT_67                 0        0.000%                0        0.000%
MAIN_BRANCH_RESOLVE_AT_DECODE_LAT_68                 0        0.000%                0        0.000%
MAIN_BRANCH_RESOLVE_AT_DECODE_LAT_69                 0        0.000%                0        0.000%
MAIN_BRANCH_RESOLVE_AT_DECODE_LAT_70                 0        0.000%                0        0.000%
MAIN_BRANCH_RESOLVE_AT_DECODE_LAT_71                 0        0.000%                0        0.000%
MAIN_BRANCH_RESOLVE_AT_DECODE_LAT_72                 0        0.000%                0        0.000%
MAIN_BRANCH_RESOLVE_AT_DECODE_LAT_73                 0        0.000%                0        0.000%
MAIN_BRANCH_RESOLVE_AT_DECODE_LAT_74                 0        0.000%                0        0.000%
MAIN_BRANCH_RESOLVE_AT_DECODE_LAT_75                 0        0.000%                1        0.104%
MAIN_BRANCH_RESOLVE_AT_DECODE_LAT_76                 0        0.000%                1        0.104%
MAIN_BRANCH_RESOLVE_AT_DECODE_LAT_77                 0        0.000%                0        0.000%
MAIN_BRANCH_RESOLVE_AT_DECODE_LAT_78                 0        0.000%                0        0.000%
MAIN_BRANCH_RESOLVE_AT_DECODE_LAT_79                 0        0.000%                0        0.000%
MAIN_BRANCH_RESOLVE_AT_DECODE_LAT_80                 0        0.000%                1        0.104%
MAIN_BRANCH_RESOLVE_AT_DECODE_LAT_81                 0        0.000%                0        0.000%
MAIN_BRANCH_RESOLVE_AT_DECODE_LAT_82                 0        0.000%                0        0.000%
MAIN_BRANCH_RESOLVE_AT_DECODE_LAT_83                 0        0.000%                0        0.000%
MAIN_BRANCH_RESOLVE_AT_DECODE_LAT_84                 0        0.000%                0        0.000%
MAIN_BRANCH_RESOLVE_AT_DECODE_LAT_85                 0        0.000%                0        0.000%
MAIN_BRANCH_RESOLVE_AT_DECODE_LAT_86                 0        0.000%                0        0.000%
MAIN_BRANCH_RESOLVE_AT_DECODE_LAT_87                 0        0.000%                0        0.000%
MAIN_BRANCH_RESOLVE_AT_DECODE_LAT_88                 0        0.000%                0        0.000%
MAIN_BRANCH_RESOLVE_AT_DECODE_LAT_89                 0        0.000%                0        0.000%
MAIN_BRANCH_RESOLVE_AT_DECODE_LAT_90                 0        0.000%                0        0.000%
MAIN_BRANCH_RESOLVE_AT_DECODE_LAT_91                 0        0.000%                0        0.000%
MAIN_BRANCH_RESOLVE_AT_DECODE_LAT_92                 0        0.000%                0        0.000%
MAIN_BRANCH_RESOLVE_AT_DECODE_LAT_93                 0        0.000%                0        0.000%
MAIN_BRANCH_RESOLVE_AT_DECODE_LAT_94                 0        0.000%                0        0.000%
MAIN_BRANCH_RESOLVE_AT_DECODE_LAT_95                 0        0.000%                0        0.000%
MAIN_BRANCH_RESOLVE_AT_DECODE_LAT_96                 0        0.000%                0        0.000%
MAIN_BRANCH_RESOLVE_AT_DECODE_LAT_97                 0        0.000%                0        0.000%
MAIN_BRANCH_RESOLVE_AT_DECODE_LAT_98                 0        0.000%                0        0.000%
MAIN_BRANCH_RESOLVE_AT_DECODE_LAT_99                 0        0.000%                0        0.000%
MAIN_BRANCH_RESOLVE_AT_DECODE_LAT_100                0        0.000%                0        0.000%
MAIN_BRANCH_RESOLVE_AT_DECODE_LAT_GT100              2        5.405%              165       17.170%
                                                    37      100.000%              961      100.000%
                                                 23.14        23.50             29.60        35.80

MAIN_BRANCH_RESOLVE_AT_EXEC_LAT_1                    0        0.000%                0        0.000%
MAIN_BRANCH_RESOLVE_AT_EXEC_LAT_2                    0        0.000%                0        0.000%
MAIN_BRANCH_RESOLVE_AT_EXEC_LAT_3                    0        0.000%                0        0.000%
MAIN_BRANCH_RESOLVE_AT_EXEC_LAT_4                    0        0.000%                0        0.000%
MAIN_BRANCH_RESOLVE_AT_EXEC_LAT_5                    0        0.000%                0        0.000%
MAIN_BRANCH_RESOLVE_AT_EXEC_LAT_6                    0        0.000%                0        0.000%
MAIN_BRANCH_RESOLVE_AT_EXEC_LAT_7                    0        0.000%                0        0.000%
MAIN_BRANCH_RESOLVE_AT_EXEC_LAT_8                    0        0.000%                0        0.000%
MAIN_BRANCH_RESOLVE_AT_EXEC_LAT_9                    0        0.000%                0        0.000%
MAIN_BRANCH_RESOLVE_AT_EXEC_LAT_10                 156        1.005%              489        1.146%
MAIN_BRANCH_RESOLVE_AT_EXEC_LAT_11                 160        1.031%              533        1.250%
MAIN_BRANCH_RESOLVE_AT_EXEC_LAT_12                  66        0.425%              291        0.682%
MAIN_BRANCH_RESOLVE_AT_EXEC_LAT_13                  40        0.258%              140        0.328%
MAIN_BRANCH_RESOLVE_AT_EXEC_LAT_14                  50        0.322%              149        0.349%
MAIN_BRANCH_RESOLVE_AT_EXEC_LAT_15                  50        0.322%              141        0.331%
MAIN_BRANCH_RESOLVE_AT_EXEC_LAT_16                  63        0.406%              143        0.335%
MAIN_BRANCH_RESOLVE_AT_EXEC_LAT_17                 299        1.926%             1344        3.151%
MAIN_BRANCH_RESOLVE_AT_EXEC_LAT_18                 290        1.868%             1025        2.403%
MAIN_BRANCH_RESOLVE_AT_EXEC_LAT_19                 124        0.799%              536        1.257%
MAIN_BRANCH_RESOLVE_AT_EXEC_LAT_20                 116        0.747%              363        0.851%
MAIN_BRANCH_RESOLVE_AT_EXEC_LAT_21                  67        0.432%              190        0.445%
MAIN_BRANCH_RESOLVE_AT_EXEC_LAT_22                  49        0.316%              171        0.401%
MAIN_BRANCH_RESOLVE_AT_EXEC_LAT_23                 229        1.475%              557        1.306%
MAIN_BRANCH_RESOLVE_AT_EXEC_LAT_24                 258        1.662%             1423        3.336%
MAIN_BRANCH_RESOLVE_AT_EXEC_LAT_25                  82        0.528%              173        0.406%
MAIN_BRANCH_RESOLVE_AT_EXEC_LAT_26                 257        1.656%              580        1.360%
MAIN_BRANCH_RESOLVE_AT_EXEC_LAT_27                  35        0.225%               80        0.188%
MAIN_BRANCH_RESOLVE_AT_EXEC_LAT_28                  35        0.225%               91        0.213%
MAIN_BRANCH_RESOLVE_AT_EXEC_LAT_29                  42        0.271%              123        0.288%
MAIN_BRANCH_RESOLVE_AT_EXEC_LAT_30                 498        3.208%             1141        2.675%
MAIN_BRANCH_RESOLVE_AT_EXEC_LAT_31                 369        2.377%              703        1.648%
MAIN_BRANCH_RESOLVE_AT_EXEC_LAT_32                  74        0.477%              255        0.598%
MAIN_BRANCH_RESOLVE_AT_EXEC_LAT_33                 341        2.197%              935        2.192%
MAIN_BRANCH_RESOLVE_AT_EXEC_LAT_34                 167        1.076%              711        1.667%
MAIN_BRANCH_RESOLVE_AT_EXEC_LAT_35                 142        0.915%              410        0.961%
MAIN_BRANCH_RESOLVE_AT_EXEC_LAT_36                 103        0.663%              366        0.858%
MAIN_BRANCH_RESOLVE_AT_EXEC_LAT_37                  68        0.438%              347        0.814%
MAIN_BRANCH_RESOLVE_AT_EXEC_LAT_38                  58        0.374%              177        0.415%
MAIN_BRANCH_RESOLVE_AT_EXEC_LAT_39                 247        1.591%              425        0.996%
MAIN_BRANCH_RESOLVE_AT_EXEC_LAT_40                  66        0.425%              190        0.445%
MAIN_BRANCH_RESOLVE_AT_EXEC_LAT_41                  40        0.258%              187        0.438%
MAIN_BRANCH_RESOLVE_AT_EXEC_LAT_42                 145        0.934%              299        0.701%
MAIN_BRANCH_RESOLVE_AT_EXEC_LAT_43                  68        0.438%              131        0.307%
MAIN_BRANCH_RESOLVE_AT_EXEC_LAT_44                 150        0.966%              360        0.844%
MAIN_BRANCH_RESOLVE_AT_EXEC_LAT_45                 112        0.721%              302        0.708%
MAIN_BRANCH_RESOLVE_AT_EXEC_LAT_46                  26        0.167%               92        0.216%
MAIN_BRANCH_RESOLVE_AT_EXEC_LAT_47                  33        0.213%              110        0.258%
MAIN_BRANCH_RESOLVE_AT_EXEC_LAT_48                  73        0.470%              216        0.506%
MAIN_BRANCH_RESOLVE_AT_EXEC_LAT_49                  38        0.245%               97        0.227%
MAIN_BRANCH_RESOLVE_AT_EXEC_LAT_50                  32        0.206%              124        0.291%
MAIN_BRANCH_RESOLVE_AT_EXEC_LAT_51                  63        0.406%              184        0.431%
MAIN_BRANCH_RESOLVE_AT_EXEC_LAT_52                  43        0.277%              136        0.319%
MAIN_BRANCH_RESOLVE_AT_EXEC_LAT_53                 164        1.056%              448        1.050%
MAIN_BRANCH_RESOLVE_AT_EXEC_LAT_54                 177        1.140%              303        0.710%
MAIN_BRANCH_RESOLVE_AT_EXEC_LAT_55                  64        0.412%              241        0.565%
MAIN_BRANCH_RESOLVE_AT_EXEC_LAT_56                 144        0.928%              388        0.910%
MAIN_BRANCH_RESOLVE_AT_EXEC_LAT_57                  79        0.509%              142        0.333%
MAIN_BRANCH_RESOLVE_AT_EXEC_LAT_58                 193        1.243%              394        0.924%
MAIN_BRANCH_RESOLVE_AT_EXEC_LAT_59                 184        1.185%              459        1.076%
MAIN_BRANCH_RESOLVE_AT_EXEC_LAT_60                 202        1.301%              420        0.985%
MAIN_BRANCH_RESOLVE_AT_EXEC_LAT_61                 141        0.908%              258        0.605%
MAIN_BRANCH_RESOLVE_AT_EXEC_LAT_62                 144        0.928%              193        0.452%
MAIN_BRANCH_RESOLVE_AT_EXEC_LAT_63                  83        0.535%              128        0.300%
MAIN_BRANCH_RESOLVE_AT_EXEC_LAT_64                  53        0.341%              138        0.324%
MAIN_BRANCH_RESOLVE_AT_EXEC_LAT_65                  16        0.103%               57        0.134%
MAIN_BRANCH_RESOLVE_AT_EXEC_LAT_66                  15        0.097%               41        0.096%
MAIN_BRANCH_RESOLVE_AT_EXEC_LAT_67                  15        0.097%               44        0.103%
MAIN_BRANCH_RESOLVE_AT_EXEC_LAT_68                  30        0.193%               61        0.143%
MAIN_BRANCH_RESOLVE_AT_EXEC_LAT_69                  32        0.206%              101        0.237%
MAIN_BRANCH_RESOLVE_AT_EXEC_LAT_70                  46        0.296%              102        0.239%
MAIN_BRANCH_RESOLVE_AT_EXEC_LAT_71                  84        0.541%              211        0.495%
MAIN_BRANCH_RESOLVE_AT_EXEC_LAT_72                  68        0.438%              259        0.607%
MAIN_BRANCH_RESOLVE_AT_EXEC_LAT_73                  40        0.258%               99        0.232%
MAIN_BRANCH_RESOLVE_AT_EXEC_LAT_74                  31        0.200%              147        0.345%
MAIN_BRANCH_RESOLVE_AT_EXEC_LAT_75                  78        0.502%              198        0.464%
MAIN_BRANCH_RESOLVE_AT_EXEC_LAT_76                  91        0.586%              182        0.427%
MAIN_BRANCH_RESOLVE_AT_EXEC_LAT_77                 213        1.372%              585        1.372%
MAIN_BRANCH_RESOLVE_AT_EXEC_LAT_78                 135        0.870%              603        1.414%
MAIN_BRANCH_RESOLVE_AT_EXEC_LAT_79                 139        0.895%              252        0.591%
MAIN_BRANCH_RESOLVE_AT_EXEC_LAT_80                  45        0.290%              100        0.234%
MAIN_BRANCH_RESOLVE_AT_EXEC_LAT_81                  45        0.290%              134        0.314%
MAIN_BRANCH_RESOLVE_AT_EXEC_LAT_82                  40        0.258%              199        0.467%
MAIN_BRANCH_RESOLVE_AT_EXEC_LAT_83                  50        0.322%              241        0.565%
MAIN_BRANCH_RESOLVE_AT_EXEC_LAT_84                  31        0.200%              168        0.394%
MAIN_BRANCH_RESOLVE_AT_EXEC_LAT_85                  62        0.399%              190        0.445%
MAIN_BRANCH_RESOLVE_AT_EXEC_LAT_86                  21        0.135%              116        0.272%
MAIN_BRANCH_RESOLVE_AT_EXEC_LAT_87                  18        0.116%               48        0.113%
MAIN_BRANCH_RESOLVE_AT_EXEC_LAT_88                  48        0.309%              101        0.237%
MAIN_BRANCH_RESOLVE_AT_EXEC_LAT_89                 127        0.818%              311        0.729%
MAIN_BRANCH_RESOLVE_AT_EXEC_LAT_90                  37        0.238%               85        0.199%
MAIN_BRANCH_RESOLVE_AT_EXEC_LAT_91                  36        0.232%              110        0.258%
MAIN_BRANCH_RESOLVE_AT_EXEC_LAT_92                  20        0.129%               60        0.141%
MAIN_BRANCH_RESOLVE_AT_EXEC_LAT_93                  31        0.200%              120        0.281%
MAIN_BRANCH_RESOLVE_AT_EXEC_LAT_94                 162        1.044%              407        0.954%
MAIN_BRANCH_RESOLVE_AT_EXEC_LAT_95                 124        0.799%              343        0.804%
MAIN_BRANCH_RESOLVE_AT_EXEC_LAT_96                 122        0.786%              213        0.499%
MAIN_BRANCH_RESOLVE_AT_EXEC_LAT_97                  39        0.251%               86        0.202%
MAIN_BRANCH_RESOLVE_AT_EXEC_LAT_98                 144        0.928%              192        0.450%
MAIN_BRANCH_RESOLVE_AT_EXEC_LAT_99                  52        0.335%               85        0.199%
MAIN_BRANCH_RESOLVE_AT_EXEC_LAT_100                 62        0.399%              124        0.291%
MAIN_BRANCH_RESOLVE_AT_EXEC_LAT_GT100             6123       39.442%            16326       38.276%
                                                 15524      100.000%            42653      100.000%
                                                 67.78        53.66             65.54        52.75

PRED_TO_UPDATE_CYCLES_0                              0         -nan%                0         -nan%
PRED_TO_UPDATE_CYCLES_1                              0         -nan%                0         -nan%
PRED_TO_UPDATE_CYCLES_2                              0         -nan%                0         -nan%
PRED_TO_UPDATE_CYCLES_3                              0         -nan%                0         -nan%
PRED_TO_UPDATE_CYCLES_4                              0         -nan%                0         -nan%
PRED_TO_UPDATE_CYCLES_5                              0         -nan%                0         -nan%
PRED_TO_UPDATE_CYCLES_6                              0         -nan%                0         -nan%
PRED_TO_UPDATE_CYCLES_7                              0         -nan%                0         -nan%
PRED_TO_UPDATE_CYCLES_8                              0         -nan%                0         -nan%
PRED_TO_UPDATE_CYCLES_9                              0         -nan%                0         -nan%
PRED_TO_UPDATE_CYCLES_10                             0         -nan%                0         -nan%
PRED_TO_UPDATE_CYCLES_11                             0         -nan%                0         -nan%
PRED_TO_UPDATE_CYCLES_12                             0         -nan%                0         -nan%
PRED_TO_UPDATE_CYCLES_13                             0         -nan%                0         -nan%
PRED_TO_UPDATE_CYCLES_14                             0         -nan%                0         -nan%
PRED_TO_UPDATE_CYCLES_15                             0         -nan%                0         -nan%
PRED_TO_UPDATE_CYCLES_16                             0         -nan%                0         -nan%
PRED_TO_UPDATE_CYCLES_17                             0         -nan%                0         -nan%
PRED_TO_UPDATE_CYCLES_18                             0         -nan%                0         -nan%
PRED_TO_UPDATE_CYCLES_19                             0         -nan%                0         -nan%
PRED_TO_UPDATE_CYCLES_20                             0         -nan%                0         -nan%
PRED_TO_UPDATE_CYCLES_21                             0         -nan%                0         -nan%
PRED_TO_UPDATE_CYCLES_22                             0         -nan%                0         -nan%
PRED_TO_UPDATE_CYCLES_23                             0         -nan%                0         -nan%
PRED_TO_UPDATE_CYCLES_24                             0         -nan%                0         -nan%
PRED_TO_UPDATE_CYCLES_25                             0         -nan%                0         -nan%
PRED_TO_UPDATE_CYCLES_26                             0         -nan%                0         -nan%
PRED_TO_UPDATE_CYCLES_27                             0         -nan%                0         -nan%
PRED_TO_UPDATE_CYCLES_28                             0         -nan%                0         -nan%
PRED_TO_UPDATE_CYCLES_29                             0         -nan%                0         -nan%
PRED_TO_UPDATE_CYCLES_30                             0         -nan%                0         -nan%
                                                     0         -nan%                0         -nan%
                                                  -nan         -nan              -nan         -nan

BP_ON_PATH_CONF_RECOVER_AT_EXEC                      0         -nan%                0         -nan%
BP_ON_PATH_CONF_CORRECT                              0         -nan%                0         -nan%
                                                     0         -nan%                0         -nan%
                                                  -nan         -nan              -nan         -nan

BP_OFF_PATH_CONF_RECOVER_AT_EXEC                     0         -nan%                0         -nan%
BP_OFF_PATH_CONF_CORRECT                             0         -nan%                0         -nan%
                                                     0         -nan%                0         -nan%
                                                  -nan         -nan              -nan         -nan

BP_ON_PATH_PRED_MIS_CONF_RECOVER_AT_EXEC             0         -nan%                0         -nan%
BP_ON_PATH_PRED_MIS_CONF_CORRECT                     0         -nan%                0         -nan%
                                                     0         -nan%                0         -nan%
                                                  -nan         -nan              -nan         -nan

BP_ON_PATH_PRED_COR_CONF_RECOVER_AT_EXEC             0         -nan%                0         -nan%
BP_ON_PATH_PRED_COR_CONF_CORRECT                     0         -nan%                0         -nan%
                                                     0         -nan%                0         -nan%
                                                  -nan         -nan              -nan         -nan

BP_OFF_PATH_PRED_MIS_CONF_RECOVER_AT_EXEC             0         -nan%                0         -nan%
BP_OFF_PATH_PRED_MIS_CONF_CORRECT                    0         -nan%                0         -nan%
                                                     0         -nan%                0         -nan%
                                                  -nan         -nan              -nan         -nan

BP_OFF_PATH_PRED_COR_CONF_RECOVER_AT_EXEC             0         -nan%                0         -nan%
BP_OFF_PATH_PRED_COR_CONF_CORRECT                    0         -nan%                0         -nan%
                                                     0         -nan%                0         -nan%
                                                  -nan         -nan              -nan         -nan

ONPATH_CONF_RECOVER_AT_EXEC                          0         -nan%                0         -nan%
ONPATH_CONF_CORRECT                                  0         -nan%                0         -nan%
                                                     0         -nan%                0         -nan%
                                                  -nan         -nan              -nan         -nan

ONPATH_ON_PATH_CONF_RECOVER_AT_EXEC                  0         -nan%                0         -nan%
ONPATH_ON_PATH_CONF_CORRECT                          0         -nan%                0         -nan%
                                                     0         -nan%                0         -nan%
                                                  -nan         -nan              -nan         -nan

ONPATH_OFF_PATH_CONF_RECOVER_AT_EXEC                 0         -nan%                0         -nan%
ONPATH_OFF_PATH_CONF_CORRECT                         0         -nan%                0         -nan%
                                                     0         -nan%                0         -nan%
                                                  -nan         -nan              -nan         -nan

PRED_ONPATH_CONF_RECOVER_AT_EXEC                     0         -nan%                0         -nan%
PRED_ONPATH_CONF_CORRECT                             0         -nan%                0         -nan%
                                                     0         -nan%                0         -nan%
                                                  -nan         -nan              -nan         -nan

PRED_OFFPATH_CONF_RECOVER_AT_EXEC                    0         -nan%                0         -nan%
PRED_OFFPATH_CONF_CORRECT                            0         -nan%                0         -nan%
                                                     0         -nan%                0         -nan%
                                                  -nan         -nan              -nan         -nan

LONG_OVWT_MIS                                        0         -nan%                0         -nan%
LONG_OVWT_COR                                        0         -nan%                0         -nan%
                                                     0         -nan%                0         -nan%
                                                  -nan         -nan              -nan         -nan

OPC_LENGTH_0_7_MIS                                   0         -nan%                0         -nan%
OPC_LENGTH_0_7_COR                                   0         -nan%                0         -nan%
                                                     0         -nan%                0         -nan%
                                                  -nan         -nan              -nan         -nan

OPC_LENGTH_8_15_MIS                                  0         -nan%                0         -nan%
OPC_LENGTH_8_15_COR                                  0         -nan%                0         -nan%
                                                     0         -nan%                0         -nan%
                                                  -nan         -nan              -nan         -nan

OPC_LENGTH_16_23_MIS                                 0         -nan%                0         -nan%
OPC_LENGTH_16_23_COR                                 0         -nan%                0         -nan%
                                                     0         -nan%                0         -nan%
                                                  -nan         -nan              -nan         -nan

OPC_LENGTH_24_31_MIS                                 0         -nan%                0         -nan%
OPC_LENGTH_24_31_COR                                 0         -nan%                0         -nan%
                                                     0         -nan%                0         -nan%
                                                  -nan         -nan              -nan         -nan

OPC_LENGTH_32_39_MIS                                 0         -nan%                0         -nan%
OPC_LENGTH_32_39_COR                                 0         -nan%                0         -nan%
                                                     0         -nan%                0         -nan%
                                                  -nan         -nan              -nan         -nan

OPC_LENGTH_40_47_MIS                                 0         -nan%                0         -nan%
OPC_LENGTH_40_47_COR                                 0         -nan%                0         -nan%
                                                     0         -nan%                0         -nan%
                                                  -nan         -nan              -nan         -nan

OPC_LENGTH_48_55_MIS                                 0         -nan%                0         -nan%
OPC_LENGTH_48_55_COR                                 0         -nan%                0         -nan%
                                                     0         -nan%                0         -nan%
                                                  -nan         -nan              -nan         -nan

OPC_LENGTH_56_63_MIS                                 0         -nan%                0         -nan%
OPC_LENGTH_56_63_COR                                 0         -nan%                0         -nan%
                                                     0         -nan%                0         -nan%
                                                  -nan         -nan              -nan         -nan

OPC_LENGTH_64_71_MIS                                 0         -nan%                0         -nan%
OPC_LENGTH_64_71_COR                                 0         -nan%                0         -nan%
                                                     0         -nan%                0         -nan%
                                                  -nan         -nan              -nan         -nan

OPC_LENGTH_72_79_MIS                                 0         -nan%                0         -nan%
OPC_LENGTH_72_79_COR                                 0         -nan%                0         -nan%
                                                     0         -nan%                0         -nan%
                                                  -nan         -nan              -nan         -nan

OPC_LENGTH_80_MIS                                    0         -nan%                0         -nan%
OPC_LENGTH_80_COR                                    0         -nan%                0         -nan%
                                                     0         -nan%                0         -nan%
                                                  -nan         -nan              -nan         -nan

ALL_ONES_MIS                                         0         -nan%                0         -nan%
ALL_ONES_COR                                         0         -nan%                0         -nan%
                                                     0         -nan%                0         -nan%
                                                  -nan         -nan              -nan         -nan

FIRST_ONE_MIS                                        0         -nan%                0         -nan%
FIRST_ONE_COR                                        0         -nan%                0         -nan%
                                                     0         -nan%                0         -nan%
                                                  -nan         -nan              -nan         -nan

ZEROS_0_1_MIS                                        0         -nan%                0         -nan%
ZEROS_0_1_COR                                        0         -nan%                0         -nan%
                                                     0         -nan%                0         -nan%
                                                  -nan         -nan              -nan         -nan

ZEROS_2_3_MIS                                        0         -nan%                0         -nan%
ZEROS_2_3_COR                                        0         -nan%                0         -nan%
                                                     0         -nan%                0         -nan%
                                                  -nan         -nan              -nan         -nan

ZEROS_4_5_MIS                                        0         -nan%                0         -nan%
ZEROS_4_5_COR                                        0         -nan%                0         -nan%
                                                     0         -nan%                0         -nan%
                                                  -nan         -nan              -nan         -nan

ZEROS_6_7_MIS                                        0         -nan%                0         -nan%
ZEROS_6_7_COR                                        0         -nan%                0         -nan%
                                                     0         -nan%                0         -nan%
                                                  -nan         -nan              -nan         -nan

ZEROS_8_9_MIS                                        0         -nan%                0         -nan%
ZEROS_8_9_COR                                        0         -nan%                0         -nan%
                                                     0         -nan%                0         -nan%
                                                  -nan         -nan              -nan         -nan

ZEROS_10_11_MIS                                      0         -nan%                0         -nan%
ZEROS_10_11_COR                                      0         -nan%                0         -nan%
                                                     0         -nan%                0         -nan%
                                                  -nan         -nan              -nan         -nan

ZEROS_12_13_MIS                                      0         -nan%                0         -nan%
ZEROS_12_13_COR                                      0         -nan%                0         -nan%
                                                     0         -nan%                0         -nan%
                                                  -nan         -nan              -nan         -nan

ZEROS_14_15_MIS                                      0         -nan%                0         -nan%
ZEROS_14_15_COR                                      0         -nan%                0         -nan%
                                                     0         -nan%                0         -nan%
                                                  -nan         -nan              -nan         -nan

ZEROS_16_MIS                                         0         -nan%                0         -nan%
ZEROS_16_COR                                         0         -nan%                0         -nan%
                                                     0         -nan%                0         -nan%
                                                  -nan         -nan              -nan         -nan

GS2BC_GSHARE                                         0         -nan%                0         -nan%
GS2BC_2BC                                            0         -nan%                0         -nan%
                                                     0         -nan%                0         -nan%
                                                  -nan         -nan              -nan         -nan

GSKEW2BC_VOTE                                        0         -nan%                0         -nan%
GSKEW2BC_2BC                                         0         -nan%                0         -nan%
                                                     0         -nan%                0         -nan%
                                                  -nan         -nan              -nan         -nan

FUTGSHARE_INIT_ON_PATH_CORRECT                       0         -nan%                0         -nan%
FUTGSHARE_INIT_ON_PATH_RECOVER_AT_EXEC               0         -nan%                0         -nan%
                                                     0         -nan%                0         -nan%
                                                  -nan         -nan              -nan         -nan

FUTGSHARE_INIT_OFF_PATH_CORRECT                      0         -nan%                0         -nan%
FUTGSHARE_INIT_OFF_PATH_RECOVER_AT_EXEC              0         -nan%                0         -nan%
                                                     0         -nan%                0         -nan%
                                                  -nan         -nan              -nan         -nan

FUTGSHARE_CHANGED_CORRECTED_ON_PATH                  0         -nan%                0         -nan%
FUTGSHARE_CHANGED_SCREWED_ON_PATH                    0         -nan%                0         -nan%
                                                     0         -nan%                0         -nan%
                                                  -nan         -nan              -nan         -nan

FUTGSHARE_CHANGED_CORRECTED_OFF_PATH                 0         -nan%                0         -nan%
FUTGSHARE_CHANGED_SCREWED_OFF_PATH                   0         -nan%                0         -nan%
                                                     0         -nan%                0         -nan%
                                                  -nan         -nan              -nan         -nan

FUTGSHARE_ORIG_CORRECT_FUT_CORRECT_ON_PATH             0         -nan%                0         -nan%
FUTGSHARE_ORIG_RECOVER_AT_EXEC_FUT_CORRECT_ON_PATH             0         -nan%                0         -nan%
FUTGSHARE_ORIG_CORRECT_FUT_RECOVER_AT_EXEC_ON_PATH             0         -nan%                0         -nan%
FUTGSHARE_ORIG_RECOVER_AT_EXEC_FUT_RECOVER_AT_EXEC_ON_PATH             0         -nan%                0         -nan%
                                                     0         -nan%                0         -nan%
                                                  -nan         -nan              -nan         -nan

FUTGSHARE_ORIG_CORRECT_FUT_CORRECT_OFF_PATH             0         -nan%                0         -nan%
FUTGSHARE_ORIG_RECOVER_AT_EXEC_FUT_CORRECT_OFF_PATH             0         -nan%                0         -nan%
FUTGSHARE_ORIG_CORRECT_FUT_RECOVER_AT_EXEC_OFF_PATH             0         -nan%                0         -nan%
FUTGSHARE_ORIG_RECOVER_AT_EXEC_FUT_RECOVER_AT_EXEC_OFF_PATH             0         -nan%                0         -nan%
                                                     0         -nan%                0         -nan%
                                                  -nan         -nan              -nan         -nan

FUTGSHARE_ON_PATH_CORRECT_0                          0         -nan%                0         -nan%
FUTGSHARE_ON_PATH_RECOVER_AT_EXEC_0                  0         -nan%                0         -nan%
                                                     0         -nan%                0         -nan%
                                                  -nan         -nan              -nan         -nan

FUTGSHARE_OFF_PATH_CORRECT_0                         0         -nan%                0         -nan%
FUTGSHARE_OFF_PATH_RECOVER_AT_EXEC_0                 0         -nan%                0         -nan%
                                                     0         -nan%                0         -nan%
                                                  -nan         -nan              -nan         -nan

FUTGSHARE_ON_PATH_CORRECT_1                          0         -nan%                0         -nan%
FUTGSHARE_ON_PATH_RECOVER_AT_EXEC_1                  0         -nan%                0         -nan%
                                                     0         -nan%                0         -nan%
                                                  -nan         -nan              -nan         -nan

FUTGSHARE_OFF_PATH_CORRECT_1                         0         -nan%                0         -nan%
FUTGSHARE_OFF_PATH_RECOVER_AT_EXEC_1                 0         -nan%                0         -nan%
                                                     0         -nan%                0         -nan%
                                                  -nan         -nan              -nan         -nan

FUTGSHARE_ON_PATH_CORRECT_2                          0         -nan%                0         -nan%
FUTGSHARE_ON_PATH_RECOVER_AT_EXEC_2                  0         -nan%                0         -nan%
                                                     0         -nan%                0         -nan%
                                                  -nan         -nan              -nan         -nan

FUTGSHARE_OFF_PATH_CORRECT_2                         0         -nan%                0         -nan%
FUTGSHARE_OFF_PATH_RECOVER_AT_EXEC_2                 0         -nan%                0         -nan%
                                                     0         -nan%                0         -nan%
                                                  -nan         -nan              -nan         -nan

FUTGSHARE_ON_PATH_CORRECT_3                          0         -nan%                0         -nan%
FUTGSHARE_ON_PATH_RECOVER_AT_EXEC_3                  0         -nan%                0         -nan%
                                                     0         -nan%                0         -nan%
                                                  -nan         -nan              -nan         -nan

FUTGSHARE_OFF_PATH_CORRECT_3                         0         -nan%                0         -nan%
FUTGSHARE_OFF_PATH_RECOVER_AT_EXEC_3                 0         -nan%                0         -nan%
                                                     0         -nan%                0         -nan%
                                                  -nan         -nan              -nan         -nan

FUTGSHARE_ON_PATH_CORRECT_4                          0         -nan%                0         -nan%
FUTGSHARE_ON_PATH_RECOVER_AT_EXEC_4                  0         -nan%                0         -nan%
                                                     0         -nan%                0         -nan%
                                                  -nan         -nan              -nan         -nan

FUTGSHARE_OFF_PATH_CORRECT_4                         0         -nan%                0         -nan%
FUTGSHARE_OFF_PATH_RECOVER_AT_EXEC_4                 0         -nan%                0         -nan%
                                                     0         -nan%                0         -nan%
                                                  -nan         -nan              -nan         -nan

FUTGSHARE_ON_PATH_CORRECT_5                          0         -nan%                0         -nan%
FUTGSHARE_ON_PATH_RECOVER_AT_EXEC_5                  0         -nan%                0         -nan%
                                                     0         -nan%                0         -nan%
                                                  -nan         -nan              -nan         -nan

FUTGSHARE_OFF_PATH_CORRECT_5                         0         -nan%                0         -nan%
FUTGSHARE_OFF_PATH_RECOVER_AT_EXEC_5                 0         -nan%                0         -nan%
                                                     0         -nan%                0         -nan%
                                                  -nan         -nan              -nan         -nan

FUTGSHARE_ON_PATH_CORRECT_6                          0         -nan%                0         -nan%
FUTGSHARE_ON_PATH_RECOVER_AT_EXEC_6                  0         -nan%                0         -nan%
                                                     0         -nan%                0         -nan%
                                                  -nan         -nan              -nan         -nan

FUTGSHARE_OFF_PATH_CORRECT_6                         0         -nan%                0         -nan%
FUTGSHARE_OFF_PATH_RECOVER_AT_EXEC_6                 0         -nan%                0         -nan%
                                                     0         -nan%                0         -nan%
                                                  -nan         -nan              -nan         -nan

FUTGSHARE_ON_PATH_CORRECT_7                          0         -nan%                0         -nan%
FUTGSHARE_ON_PATH_RECOVER_AT_EXEC_7                  0         -nan%                0         -nan%
                                                     0         -nan%                0         -nan%
                                                  -nan         -nan              -nan         -nan

FUTGSHARE_OFF_PATH_CORRECT_7                         0         -nan%                0         -nan%
FUTGSHARE_OFF_PATH_RECOVER_AT_EXEC_7                 0         -nan%                0         -nan%
                                                     0         -nan%                0         -nan%
                                                  -nan         -nan              -nan         -nan

FUTGSHARE_ON_PATH_CORRECT_8                          0         -nan%                0         -nan%
FUTGSHARE_ON_PATH_RECOVER_AT_EXEC_8                  0         -nan%                0         -nan%
                                                     0         -nan%                0         -nan%
                                                  -nan         -nan              -nan         -nan

FUTGSHARE_OFF_PATH_CORRECT_8                         0         -nan%                0         -nan%
FUTGSHARE_OFF_PATH_RECOVER_AT_EXEC_8                 0         -nan%                0         -nan%
                                                     0         -nan%                0         -nan%
                                                  -nan         -nan              -nan         -nan

FUTGSHARE_ON_PATH_CORRECT_9                          0         -nan%                0         -nan%
FUTGSHARE_ON_PATH_RECOVER_AT_EXEC_9                  0         -nan%                0         -nan%
                                                     0         -nan%                0         -nan%
                                                  -nan         -nan              -nan         -nan

FUTGSHARE_OFF_PATH_CORRECT_9                         0         -nan%                0         -nan%
FUTGSHARE_OFF_PATH_RECOVER_AT_EXEC_9                 0         -nan%                0         -nan%
                                                     0         -nan%                0         -nan%
                                                  -nan         -nan              -nan         -nan

FUTGSHARE_ON_PATH_CORRECT_10                         0         -nan%                0         -nan%
FUTGSHARE_ON_PATH_RECOVER_AT_EXEC_10                 0         -nan%                0         -nan%
                                                     0         -nan%                0         -nan%
                                                  -nan         -nan              -nan         -nan

FUTGSHARE_OFF_PATH_CORRECT_10                        0         -nan%                0         -nan%
FUTGSHARE_OFF_PATH_RECOVER_AT_EXEC_10                0         -nan%                0         -nan%
                                                     0         -nan%                0         -nan%
                                                  -nan         -nan              -nan         -nan

FUTGSHARE_ON_PATH_CORRECT_11                         0         -nan%                0         -nan%
FUTGSHARE_ON_PATH_RECOVER_AT_EXEC_11                 0         -nan%                0         -nan%
                                                     0         -nan%                0         -nan%
                                                  -nan         -nan              -nan         -nan

FUTGSHARE_OFF_PATH_CORRECT_11                        0         -nan%                0         -nan%
FUTGSHARE_OFF_PATH_RECOVER_AT_EXEC_11                0         -nan%                0         -nan%
                                                     0         -nan%                0         -nan%
                                                  -nan         -nan              -nan         -nan

FUTGSHARE_ON_PATH_CORRECT_12                         0         -nan%                0         -nan%
FUTGSHARE_ON_PATH_RECOVER_AT_EXEC_12                 0         -nan%                0         -nan%
                                                     0         -nan%                0         -nan%
                                                  -nan         -nan              -nan         -nan

FUTGSHARE_OFF_PATH_CORRECT_12                        0         -nan%                0         -nan%
FUTGSHARE_OFF_PATH_RECOVER_AT_EXEC_12                0         -nan%                0         -nan%
                                                     0         -nan%                0         -nan%
                                                  -nan         -nan              -nan         -nan

FUTGSHARE_ON_PATH_CORRECT_13                         0         -nan%                0         -nan%
FUTGSHARE_ON_PATH_RECOVER_AT_EXEC_13                 0         -nan%                0         -nan%
                                                     0         -nan%                0         -nan%
                                                  -nan         -nan              -nan         -nan

FUTGSHARE_OFF_PATH_CORRECT_13                        0         -nan%                0         -nan%
FUTGSHARE_OFF_PATH_RECOVER_AT_EXEC_13                0         -nan%                0         -nan%
                                                     0         -nan%                0         -nan%
                                                  -nan         -nan              -nan         -nan

FUTGSHARE_ON_PATH_CORRECT_14                         0         -nan%                0         -nan%
FUTGSHARE_ON_PATH_RECOVER_AT_EXEC_14                 0         -nan%                0         -nan%
                                                     0         -nan%                0         -nan%
                                                  -nan         -nan              -nan         -nan

FUTGSHARE_OFF_PATH_CORRECT_14                        0         -nan%                0         -nan%
FUTGSHARE_OFF_PATH_RECOVER_AT_EXEC_14                0         -nan%                0         -nan%
                                                     0         -nan%                0         -nan%
                                                  -nan         -nan              -nan         -nan

FUTGSHARE_ON_PATH_CORRECT_15                         0         -nan%                0         -nan%
FUTGSHARE_ON_PATH_RECOVER_AT_EXEC_15                 0         -nan%                0         -nan%
                                                     0         -nan%                0         -nan%
                                                  -nan         -nan              -nan         -nan

FUTGSHARE_OFF_PATH_CORRECT_15                        0         -nan%                0         -nan%
FUTGSHARE_OFF_PATH_RECOVER_AT_EXEC_15                0         -nan%                0         -nan%
                                                     0         -nan%                0         -nan%
                                                  -nan         -nan              -nan         -nan

FUTGSHARE_CHANGED_CORRECTED_ON_PATH_0                0         -nan%                0         -nan%
FUTGSHARE_CHANGED_SCREWED_ON_PATH_0                  0         -nan%                0         -nan%
                                                     0         -nan%                0         -nan%
                                                  -nan         -nan              -nan         -nan

FUTGSHARE_CHANGED_CORRECTED_OFF_PATH_0               0         -nan%                0         -nan%
FUTGSHARE_CHANGED_SCREWED_OFF_PATH_0                 0         -nan%                0         -nan%
                                                     0         -nan%                0         -nan%
                                                  -nan         -nan              -nan         -nan

FUTGSHARE_CHANGED_CORRECTED_ON_PATH_1                0         -nan%                0         -nan%
FUTGSHARE_CHANGED_SCREWED_ON_PATH_1                  0         -nan%                0         -nan%
                                                     0         -nan%                0         -nan%
                                                  -nan         -nan              -nan         -nan

FUTGSHARE_CHANGED_CORRECTED_OFF_PATH_1               0         -nan%                0         -nan%
FUTGSHARE_CHANGED_SCREWED_OFF_PATH_1                 0         -nan%                0         -nan%
                                                     0         -nan%                0         -nan%
                                                  -nan         -nan              -nan         -nan

FUTGSHARE_CHANGED_CORRECTED_ON_PATH_2                0         -nan%                0         -nan%
FUTGSHARE_CHANGED_SCREWED_ON_PATH_2                  0         -nan%                0         -nan%
                                                     0         -nan%                0         -nan%
                                                  -nan         -nan              -nan         -nan

FUTGSHARE_CHANGED_CORRECTED_OFF_PATH_2               0         -nan%                0         -nan%
FUTGSHARE_CHANGED_SCREWED_OFF_PATH_2                 0         -nan%                0         -nan%
                                                     0         -nan%                0         -nan%
                                                  -nan         -nan              -nan         -nan

FUTGSHARE_CHANGED_CORRECTED_ON_PATH_3                0         -nan%                0         -nan%
FUTGSHARE_CHANGED_SCREWED_ON_PATH_3                  0         -nan%                0         -nan%
                                                     0         -nan%                0         -nan%
                                                  -nan         -nan              -nan         -nan

FUTGSHARE_CHANGED_CORRECTED_OFF_PATH_3               0         -nan%                0         -nan%
FUTGSHARE_CHANGED_SCREWED_OFF_PATH_3                 0         -nan%                0         -nan%
                                                     0         -nan%                0         -nan%
                                                  -nan         -nan              -nan         -nan

FUTGSHARE_CHANGED_CORRECTED_ON_PATH_4                0         -nan%                0         -nan%
FUTGSHARE_CHANGED_SCREWED_ON_PATH_4                  0         -nan%                0         -nan%
                                                     0         -nan%                0         -nan%
                                                  -nan         -nan              -nan         -nan

FUTGSHARE_CHANGED_CORRECTED_OFF_PATH_4               0         -nan%                0         -nan%
FUTGSHARE_CHANGED_SCREWED_OFF_PATH_4                 0         -nan%                0         -nan%
                                                     0         -nan%                0         -nan%
                                                  -nan         -nan              -nan         -nan

FUTGSHARE_CHANGED_CORRECTED_ON_PATH_5                0         -nan%                0         -nan%
FUTGSHARE_CHANGED_SCREWED_ON_PATH_5                  0         -nan%                0         -nan%
                                                     0         -nan%                0         -nan%
                                                  -nan         -nan              -nan         -nan

FUTGSHARE_CHANGED_CORRECTED_OFF_PATH_5               0         -nan%                0         -nan%
FUTGSHARE_CHANGED_SCREWED_OFF_PATH_5                 0         -nan%                0         -nan%
                                                     0         -nan%                0         -nan%
                                                  -nan         -nan              -nan         -nan

FUTGSHARE_CHANGED_CORRECTED_ON_PATH_6                0         -nan%                0         -nan%
FUTGSHARE_CHANGED_SCREWED_ON_PATH_6                  0         -nan%                0         -nan%
                                                     0         -nan%                0         -nan%
                                                  -nan         -nan              -nan         -nan

FUTGSHARE_CHANGED_CORRECTED_OFF_PATH_6               0         -nan%                0         -nan%
FUTGSHARE_CHANGED_SCREWED_OFF_PATH_6                 0         -nan%                0         -nan%
                                                     0         -nan%                0         -nan%
                                                  -nan         -nan              -nan         -nan

FUTGSHARE_CHANGED_CORRECTED_ON_PATH_7                0         -nan%                0         -nan%
FUTGSHARE_CHANGED_SCREWED_ON_PATH_7                  0         -nan%                0         -nan%
                                                     0         -nan%                0         -nan%
                                                  -nan         -nan              -nan         -nan

FUTGSHARE_CHANGED_CORRECTED_OFF_PATH_7               0         -nan%                0         -nan%
FUTGSHARE_CHANGED_SCREWED_OFF_PATH_7                 0         -nan%                0         -nan%
                                                     0         -nan%                0         -nan%
                                                  -nan         -nan              -nan         -nan

FUTGSHARE_CHANGED_CORRECTED_ON_PATH_8                0         -nan%                0         -nan%
FUTGSHARE_CHANGED_SCREWED_ON_PATH_8                  0         -nan%                0         -nan%
                                                     0         -nan%                0         -nan%
                                                  -nan         -nan              -nan         -nan

FUTGSHARE_CHANGED_CORRECTED_OFF_PATH_8               0         -nan%                0         -nan%
FUTGSHARE_CHANGED_SCREWED_OFF_PATH_8                 0         -nan%                0         -nan%
                                                     0         -nan%                0         -nan%
                                                  -nan         -nan              -nan         -nan

FUTGSHARE_CHANGED_CORRECTED_ON_PATH_9                0         -nan%                0         -nan%
FUTGSHARE_CHANGED_SCREWED_ON_PATH_9                  0         -nan%                0         -nan%
                                                     0         -nan%                0         -nan%
                                                  -nan         -nan              -nan         -nan

FUTGSHARE_CHANGED_CORRECTED_OFF_PATH_9               0         -nan%                0         -nan%
FUTGSHARE_CHANGED_SCREWED_OFF_PATH_9                 0         -nan%                0         -nan%
                                                     0         -nan%                0         -nan%
                                                  -nan         -nan              -nan         -nan

FUTGSHARE_CHANGED_CORRECTED_ON_PATH_10               0         -nan%                0         -nan%
FUTGSHARE_CHANGED_SCREWED_ON_PATH_10                 0         -nan%                0         -nan%
                                                     0         -nan%                0         -nan%
                                                  -nan         -nan              -nan         -nan

FUTGSHARE_CHANGED_CORRECTED_OFF_PATH_10              0         -nan%                0         -nan%
FUTGSHARE_CHANGED_SCREWED_OFF_PATH_10                0         -nan%                0         -nan%
                                                     0         -nan%                0         -nan%
                                                  -nan         -nan              -nan         -nan

FUTGSHARE_CHANGED_CORRECTED_ON_PATH_11               0         -nan%                0         -nan%
FUTGSHARE_CHANGED_SCREWED_ON_PATH_11                 0         -nan%                0         -nan%
                                                     0         -nan%                0         -nan%
                                                  -nan         -nan              -nan         -nan

FUTGSHARE_CHANGED_CORRECTED_OFF_PATH_11              0         -nan%                0         -nan%
FUTGSHARE_CHANGED_SCREWED_OFF_PATH_11                0         -nan%                0         -nan%
                                                     0         -nan%                0         -nan%
                                                  -nan         -nan              -nan         -nan

FUTGSHARE_CHANGED_CORRECTED_ON_PATH_12               0         -nan%                0         -nan%
FUTGSHARE_CHANGED_SCREWED_ON_PATH_12                 0         -nan%                0         -nan%
                                                     0         -nan%                0         -nan%
                                                  -nan         -nan              -nan         -nan

FUTGSHARE_CHANGED_CORRECTED_OFF_PATH_12              0         -nan%                0         -nan%
FUTGSHARE_CHANGED_SCREWED_OFF_PATH_12                0         -nan%                0         -nan%
                                                     0         -nan%                0         -nan%
                                                  -nan         -nan              -nan         -nan

FUTGSHARE_CHANGED_CORRECTED_ON_PATH_13               0         -nan%                0         -nan%
FUTGSHARE_CHANGED_SCREWED_ON_PATH_13                 0         -nan%                0         -nan%
                                                     0         -nan%                0         -nan%
                                                  -nan         -nan              -nan         -nan

FUTGSHARE_CHANGED_CORRECTED_OFF_PATH_13              0         -nan%                0         -nan%
FUTGSHARE_CHANGED_SCREWED_OFF_PATH_13                0         -nan%                0         -nan%
                                                     0         -nan%                0         -nan%
                                                  -nan         -nan              -nan         -nan

FUTGSHARE_CHANGED_CORRECTED_ON_PATH_14               0         -nan%                0         -nan%
FUTGSHARE_CHANGED_SCREWED_ON_PATH_14                 0         -nan%                0         -nan%
                                                     0         -nan%                0         -nan%
                                                  -nan         -nan              -nan         -nan

FUTGSHARE_CHANGED_CORRECTED_OFF_PATH_14              0         -nan%                0         -nan%
FUTGSHARE_CHANGED_SCREWED_OFF_PATH_14                0         -nan%                0         -nan%
                                                     0         -nan%                0         -nan%
                                                  -nan         -nan              -nan         -nan

FUTGSHARE_CHANGED_CORRECTED_ON_PATH_15               0         -nan%                0         -nan%
FUTGSHARE_CHANGED_SCREWED_ON_PATH_15                 0         -nan%                0         -nan%
                                                     0         -nan%                0         -nan%
                                                  -nan         -nan              -nan         -nan

FUTGSHARE_CHANGED_CORRECTED_OFF_PATH_15              0         -nan%                0         -nan%
FUTGSHARE_CHANGED_SCREWED_OFF_PATH_15                0         -nan%                0         -nan%
                                                     0         -nan%                0         -nan%
                                                  -nan         -nan              -nan         -nan

FRAGHIST_BIN_0                                       0         -nan%                0         -nan%
FRAGHIST_BIN_1                                       0         -nan%                0         -nan%
FRAGHIST_BIN_2                                       0         -nan%                0         -nan%
FRAGHIST_BIN_3                                       0         -nan%                0         -nan%
FRAGHIST_BIN_4                                       0         -nan%                0         -nan%
FRAGHIST_BIN_5                                       0         -nan%                0         -nan%
FRAGHIST_BIN_6                                       0         -nan%                0         -nan%
FRAGHIST_BIN_7                                       0         -nan%                0         -nan%
FRAGHIST_BIN_8                                       0         -nan%                0         -nan%
FRAGHIST_BIN_9                                       0         -nan%                0         -nan%
FRAGHIST_BIN_10                                      0         -nan%                0         -nan%
FRAGHIST_BIN_11                                      0         -nan%                0         -nan%
FRAGHIST_BIN_12                                      0         -nan%                0         -nan%
FRAGHIST_BIN_13                                      0         -nan%                0         -nan%
FRAGHIST_BIN_14                                      0         -nan%                0         -nan%
FRAGHIST_BIN_15                                      0         -nan%                0         -nan%
FRAGHIST_BIN_16                                      0         -nan%                0         -nan%
FRAGHIST_BIN_17                                      0         -nan%                0         -nan%
FRAGHIST_BIN_18                                      0         -nan%                0         -nan%
FRAGHIST_BIN_19                                      0         -nan%                0         -nan%
FRAGHIST_BIN_20                                      0         -nan%                0         -nan%
FRAGHIST_BIN_21                                      0         -nan%                0         -nan%
FRAGHIST_BIN_22                                      0         -nan%                0         -nan%
FRAGHIST_BIN_23                                      0         -nan%                0         -nan%
FRAGHIST_BIN_24                                      0         -nan%                0         -nan%
FRAGHIST_BIN_25                                      0         -nan%                0         -nan%
FRAGHIST_BIN_26                                      0         -nan%                0         -nan%
FRAGHIST_BIN_27                                      0         -nan%                0         -nan%
FRAGHIST_BIN_28                                      0         -nan%                0         -nan%
FRAGHIST_BIN_29                                      0         -nan%                0         -nan%
FRAGHIST_BIN_30                                      0         -nan%                0         -nan%
FRAGHIST_BIN_31                                      0         -nan%                0         -nan%
FRAGHIST_BIN_32                                      0         -nan%                0         -nan%
                                                     0         -nan%                0         -nan%
                                                  -nan         -nan              -nan         -nan

BTB_UPDATE_BTB_HIT_JITTED_NOT_CF                     0        0.000%                0        0.000%
BTB_UPDATE_BTB_HIT_JITTED_CF_BR                      0        0.000%                0        0.000%
BTB_UPDATE_BTB_HIT_JITTED_CF_CBR                     0        0.000%                0        0.000%
BTB_UPDATE_BTB_HIT_JITTED_CF_CALL                    0        0.000%                0        0.000%
BTB_UPDATE_BTB_HIT_JITTED_CF_IBR                     0        0.000%                0        0.000%
BTB_UPDATE_BTB_HIT_JITTED_CF_ICALL               32834       77.124%           111831       80.514%
BTB_UPDATE_BTB_HIT_JITTED_CF_ICO                  9739       22.876%            27065       19.486%
BTB_UPDATE_BTB_HIT_JITTED_CF_RET                     0        0.000%                0        0.000%
                                                 42573      100.000%           138896      100.000%
                                                  5.23         0.42              5.19         0.40

RESTEER_BTB_MISS_NOT_CF                          62547       80.070%           170322       79.608%
RESTEER_BTB_MISS_CF_BR                               0        0.000%                0        0.000%
RESTEER_BTB_MISS_CF_CBR                             16        0.020%              395        0.185%
RESTEER_BTB_MISS_CF_REP                              5        0.006%               18        0.008%
RESTEER_BTB_MISS_CF_CALL                             0        0.000%                0        0.000%
RESTEER_BTB_MISS_CF_IBR                             16        0.020%              548        0.256%
RESTEER_BTB_MISS_CF_ICALL                            0        0.000%                0        0.000%
RESTEER_BTB_MISS_CF_ICO                              0        0.000%                0        0.000%
RESTEER_BTB_MISS_CF_RET                              0        0.000%                0        0.000%
RESTEER_RECOVER_AT_EXEC_NOT_CF                       7        0.009%               16        0.007%
RESTEER_RECOVER_AT_EXEC_CF_BR                        0        0.000%                0        0.000%
RESTEER_RECOVER_AT_EXEC_CF_CBR                    4265        5.460%            14773        6.905%
RESTEER_RECOVER_AT_EXEC_CF_REP                       0        0.000%                0        0.000%
RESTEER_RECOVER_AT_EXEC_CF_CALL                      0        0.000%                0        0.000%
RESTEER_RECOVER_AT_EXEC_CF_IBR                    7414        9.491%            17946        8.388%
RESTEER_RECOVER_AT_EXEC_CF_ICALL                  1667        2.134%             3952        1.847%
RESTEER_RECOVER_AT_EXEC_CF_ICO                       0        0.000%                0        0.000%
RESTEER_RECOVER_AT_EXEC_CF_RET                    2178        2.788%             5982        2.796%
RESTEER_RECOVER_AT_DECODE_NOT_CF                     0        0.000%                0        0.000%
RESTEER_RECOVER_AT_DECODE_CF_BR                      0        0.000%                0        0.000%
RESTEER_RECOVER_AT_DECODE_CF_CBR                     0        0.000%                0        0.000%
RESTEER_RECOVER_AT_DECODE_CF_REP                     0        0.000%                0        0.000%
RESTEER_RECOVER_AT_DECODE_CF_CALL                    0        0.000%                0        0.000%
RESTEER_RECOVER_AT_DECODE_CF_IBR                     0        0.000%                0        0.000%
RESTEER_RECOVER_AT_DECODE_CF_ICALL                   0        0.000%                0        0.000%
RESTEER_RECOVER_AT_DECODE_CF_ICO                     0        0.000%                0        0.000%
RESTEER_RECOVER_AT_DECODE_CF_RET                     0        0.000%                0        0.000%
RESTEER_NO_TARGET_CF_IBR                             0        0.000%                0        0.000%
RESTEER_NO_TARGET_CF_ICALL                           0        0.000%                0        0.000%
RESTEER_NO_TARGET_CF_ICO                             0        0.000%                0        0.000%
RESTEER_NO_TARGET_CF_RET                             0        0.000%                0        0.000%
                                                 78115      100.000%           213952      100.000%
                                                  2.73         4.97              2.70         4.90

TAGESCL_COMP_TAGE_BASE_CORRECT                 1099211       68.550%          3386714       70.688%
TAGESCL_COMP_TAGE_BASE_RECOVER_AT_EXEC             190        0.012%             1836        0.038%
TAGESCL_COMP_TAGE_SHORT_CORRECT                 363092       22.643%          1000442       20.881%
TAGESCL_COMP_TAGE_SHORT_RECOVER_AT_EXEC            794        0.050%             2787        0.058%
TAGESCL_COMP_TAGE_LONG_CORRECT                  134559        8.391%           368447        7.690%
TAGESCL_COMP_TAGE_LONG_RECOVER_AT_EXEC            2706        0.169%             8586        0.179%
TAGESCL_COMP_LOOP_CORRECT                         1344        0.084%            18049        0.377%
TAGESCL_COMP_LOOP_RECOVER_AT_EXEC                    7        0.000%               22        0.000%
TAGESCL_COMP_SC_CORRECT                           1047        0.065%             2650        0.055%
TAGESCL_COMP_SC_RECOVER_AT_EXEC                    568        0.035%             1542        0.032%
                                               1603518      100.000%          4791075      100.000%
                                                  0.81         1.13              0.77         1.15

TAGESCL_COMP_BTB_MISS_TAGE_BASE_CORRECT         960931       94.714%          3028942       95.193%
TAGESCL_COMP_BTB_MISS_TAGE_BASE_RECOVER_AT_EXEC            32        0.003%              892        0.028%
TAGESCL_COMP_BTB_MISS_TAGE_SHORT_CORRECT         41926        4.132%           118006        3.709%
TAGESCL_COMP_BTB_MISS_TAGE_SHORT_RECOVER_AT_EXEC            11        0.001%               99        0.003%
TAGESCL_COMP_BTB_MISS_TAGE_LONG_CORRECT          11421        1.126%            33597        1.056%
TAGESCL_COMP_BTB_MISS_TAGE_LONG_RECOVER_AT_EXEC            35        0.003%              104        0.003%
TAGESCL_COMP_BTB_MISS_LOOP_CORRECT                 193        0.019%              222        0.007%
TAGESCL_COMP_BTB_MISS_LOOP_RECOVER_AT_EXEC             0        0.000%                0        0.000%
TAGESCL_COMP_BTB_MISS_SC_CORRECT                    14        0.001%               31        0.001%
TAGESCL_COMP_BTB_MISS_SC_RECOVER_AT_EXEC             3        0.000%                8        0.000%
                                               1014566      100.000%          3181901      100.000%
                                                  0.13         0.57              0.12         0.54

TAGESCL_CONF_0_PER_BASE_RECOVER_AT_EXEC              0        0.000%                0        0.000%
TAGESCL_CONF_1_PER_BASE_RECOVER_AT_EXEC             78        1.829%              893        6.045%
TAGESCL_CONF_2_PER_BASE_RECOVER_AT_EXEC              0        0.000%                0        0.000%
TAGESCL_CONF_3_PER_BASE_RECOVER_AT_EXEC            112        2.626%              943        6.383%
TAGESCL_CONF_0_PER_SHORT_RECOVER_AT_EXEC            88        2.063%              356        2.410%
TAGESCL_CONF_1_PER_SHORT_RECOVER_AT_EXEC           298        6.987%             1154        7.812%
TAGESCL_CONF_2_PER_SHORT_RECOVER_AT_EXEC            85        1.993%              290        1.963%
TAGESCL_CONF_3_PER_SHORT_RECOVER_AT_EXEC           323        7.573%              987        6.681%
TAGESCL_CONF_0_PER_LONG_RECOVER_AT_EXEC            452       10.598%             1429        9.673%
TAGESCL_CONF_1_PER_LONG_RECOVER_AT_EXEC            760       17.819%             2611       17.674%
TAGESCL_CONF_2_PER_LONG_RECOVER_AT_EXEC            406        9.519%             1330        9.003%
TAGESCL_CONF_3_PER_LONG_RECOVER_AT_EXEC           1088       25.510%             3216       21.769%
TAGESCL_CONF_0_PER_LOOP_RECOVER_AT_EXEC              0        0.000%                3        0.020%
TAGESCL_CONF_1_PER_LOOP_RECOVER_AT_EXEC              0        0.000%                3        0.020%
TAGESCL_CONF_2_PER_LOOP_RECOVER_AT_EXEC              0        0.000%                0        0.000%
TAGESCL_CONF_3_PER_LOOP_RECOVER_AT_EXEC              7        0.164%               16        0.108%
TAGESCL_CONF_0_PER_SC_RECOVER_AT_EXEC              105        2.462%              275        1.862%
TAGESCL_CONF_1_PER_SC_RECOVER_AT_EXEC              415        9.730%             1106        7.487%
TAGESCL_CONF_2_PER_SC_RECOVER_AT_EXEC               30        0.703%              122        0.826%
TAGESCL_CONF_3_PER_SC_RECOVER_AT_EXEC               18        0.422%               39        0.264%
                                                  4265      100.000%            14773      100.000%
                                                  9.67         3.73              8.77         4.04

TAGESCL_SC_SMALLLSUM                              1420        0.089%             3744        0.078%
TAGESCL_SC_SMALLLFIRST                               0        0.000%                1        0.000%
TAGESCL_SC_SMALLLSECOND                              0        0.000%                5        0.000%
TAGESCL_SC_IDENTICAL                           1601787       99.911%          4786588       99.922%
                                               1603207      100.000%          4790338      100.000%
                                                  3.00         3.00              3.00         3.00

CRS_UNDERFLOW_ON_PATH                                8        0.039%               42        0.063%
CRS_UNDERFLOW_OFF_PATH                           20350       99.961%            67000       99.937%
                                                 20358      100.000%            67042      100.000%
                                                  1.00         1.00              1.00         1.00



