/* -*- Mode: c -*- */
####################################################################################################
Core 0
####################################################################################################
Cumulative:        Cycles: 75614887              Instructions: 120000000             IPC: 1.58699

Periodic:          Cycles: 62347897              Instructions: 99999995              IPC: 1.60390

L0_ALL_PREDICTIONS                            16606869       50.000%         19906510       50.000%
MAIN_ALL_PREDICTIONS                          16606869       50.000%         19906510       50.000%
                                              33213738      100.000%         39813020      100.000%
                                                  0.50         0.50              0.50         0.50

L0_ALL_RECOVER_AT_EXEC                         2123193       69.600%          2542115       69.211%
MAIN_ALL_RECOVER_AT_EXEC                        927370       30.400%          1130896       30.789%
                                               3050563      100.000%          3673011      100.000%
                                                  0.30         0.42              0.31         0.42

L0_ALL_RECOVER_AT_DECODE                             0        0.000%                0        0.000%
MAIN_ALL_RECOVER_AT_DECODE                         268      100.000%              541      100.000%
                                                   268      100.000%              541      100.000%
                                                  1.00         1.00              1.00         1.00

L0_ALL_PREDICTIONS_OFFPATH                    44802527       50.000%         54577339       50.000%
MAIN_ALL_PREDICTIONS_OFFPATH                  44802527       50.000%         54577339       50.000%
                                              89605054      100.000%        109154678      100.000%
                                                  0.50         0.50              0.50         0.50

L0_ALL_RECOVER_AT_EXEC_OFFPATH                 9961017       45.983%         12175516       46.081%
MAIN_ALL_RECOVER_AT_EXEC_OFFPATH              11701369       54.017%         14246456       53.919%
                                              21662386      100.000%         26421972      100.000%
                                                  0.54         0.52              0.54         0.52

L0_ALL_RECOVER_AT_DECODE_OFFPATH                     0        0.000%                0        0.000%
MAIN_ALL_RECOVER_AT_DECODE_OFFPATH                 197      100.000%              361      100.000%
                                                   197      100.000%              361      100.000%
                                                  1.00         1.00              1.00         1.00

MAIN_CBR_CORRECT                               8147232       78.179%          9729199       77.922%
MAIN_CBR_CORRECT_BTB_MISS_NT_NT                1372801       13.173%          1657721       13.277%
MAIN_CBR_RECOVER_AT_EXEC                        900108        8.637%          1097333        8.789%
MAIN_CBR_RECOVER_AT_DECODE                           0        0.000%                0        0.000%
MAIN_CBR_RECOVER_BTB_MISS_T_T                       44        0.000%               50        0.000%
MAIN_CBR_RECOVER_BTB_MISS_T_NT                     752        0.007%              915        0.007%
MAIN_CBR_RECOVER_BTB_MISS_NT_T                     261        0.003%              604        0.005%
                                              10421198      100.000%         12485822      100.000%
                                                  0.31         0.56              0.31         0.56

MAIN_BR_CORRECT                                1032599       99.991%          1239536       99.983%
MAIN_BR_RECOVER                                     89        0.009%              206        0.017%
                                               1032688      100.000%          1239742      100.000%
                                                  0.00         0.01              0.00         0.01

MAIN_ICALL_CORRECT_IBTB                            117       85.401%              117       85.401%
MAIN_ICALL_CORRECT_BTB                               8        5.839%                8        5.839%
MAIN_ICALL_RECOVER_AT_EXEC_IBTB                      0        0.000%                0        0.000%
MAIN_ICALL_RECOVER_AT_EXEC_BTB                       2        1.460%                2        1.460%
MAIN_ICALL_RECOVER_AT_EXEC_XBTB_MISS                10        7.299%               10        7.299%
                                                   137      100.000%              137      100.000%
                                                  0.39         1.04              0.39         1.04

MAIN_IBR_CORRECT_IBTB                             1864       94.475%             2200       94.138%
MAIN_IBR_CORRECT_BTB                                97        4.916%              124        5.306%
MAIN_IBR_RECOVER_AT_EXEC_IBTB                        0        0.000%                0        0.000%
MAIN_IBR_RECOVER_AT_EXEC_BTB                         3        0.152%                3        0.128%
MAIN_IBR_RECOVER_AT_EXEC_XBTB_MISS                   9        0.456%               10        0.428%
                                                  1973      100.000%             2337      100.000%
                                                  0.07         0.35              0.07         0.35

MAIN_ICO_CORRECT                                     0         -nan%                0         -nan%
MAIN_ICO_RECOVER                                     0         -nan%                0         -nan%
                                                     0         -nan%                0         -nan%
                                                  -nan         -nan              -nan         -nan

MAIN_RET_CORRECT                               2549280       98.982%          3057285       98.964%
MAIN_RET_RECOVER                                 26225        1.018%            31964        1.035%
MAIN_RET_RECOVER_UFLOW                               0        0.000%               55        0.002%
                                               2575505      100.000%          3089304      100.000%
                                                  0.01         0.10              0.01         0.10

MAIN_CALL_CORRECT                              2575233       99.995%          3088883       99.991%
MAIN_CALL_RECOVER                                  135        0.005%              285        0.009%
                                               2575368      100.000%          3089168      100.000%
                                                  0.00         0.01              0.00         0.01

L0_CBR_CORRECT                                 5728013       54.965%          6856227       54.912%
L0_CBR_CORRECT_BTB_MISS_NT_NT                  2850965       27.357%          3423065       27.416%
L0_CBR_RECOVER_AT_EXEC                         1415003       13.578%          1695851       13.582%
L0_CBR_RECOVER_AT_DECODE                             0        0.000%                0        0.000%
L0_CBR_RECOVER_BTB_MISS_T_T                     198384        1.904%           236113        1.891%
L0_CBR_RECOVER_BTB_MISS_T_NT                     61043        0.586%            73547        0.589%
L0_CBR_RECOVER_BTB_MISS_NT_T                    167790        1.610%           201019        1.610%
                                              10421198      100.000%         12485822      100.000%
                                                  0.75         1.00              0.75         1.00

L0_BR_CORRECT                                   946746       91.678%          1137553       91.757%
L0_BR_RECOVER                                    85942        8.322%           102189        8.243%
                                               1032688      100.000%          1239742      100.000%
                                                  0.08         0.27              0.08         0.26

L0_ICALL_CORRECT_IBTB                                0        0.000%                0        0.000%
L0_ICALL_CORRECT_BTB                                 6        4.380%                6        4.380%
L0_ICALL_RECOVER_AT_EXEC_IBTB                      117       85.401%              117       85.401%
L0_ICALL_RECOVER_AT_EXEC_BTB                         2        1.460%                2        1.460%
L0_ICALL_RECOVER_AT_EXEC_XBTB_MISS                  12        8.759%               12        8.759%
                                                   137      100.000%              137      100.000%
                                                  2.15         0.89              2.15         0.89

L0_IBR_CORRECT_IBTB                                  0        0.000%                0        0.000%
L0_IBR_CORRECT_BTB                                  53        2.686%               62        2.653%
L0_IBR_RECOVER_AT_EXEC_IBTB                       1864       94.475%             2200       94.138%
L0_IBR_RECOVER_AT_EXEC_BTB                           3        0.152%                3        0.128%
L0_IBR_RECOVER_AT_EXEC_XBTB_MISS                    53        2.686%               72        3.081%
                                                  1973      100.000%             2337      100.000%
                                                  2.03         0.50              2.04         0.53

L0_ICO_CORRECT                                       0         -nan%                0         -nan%
L0_ICO_RECOVER                                       0         -nan%                0         -nan%
                                                     0         -nan%                0         -nan%
                                                  -nan         -nan              -nan         -nan

L0_RET_CORRECT                                 2549280       98.982%          3057285       98.964%
L0_RET_RECOVER                                   26225        1.018%            31964        1.035%
L0_RET_RECOVER_UFLOW                                 0        0.000%               55        0.002%
                                               2575505      100.000%          3089304      100.000%
                                                  0.01         0.10              0.01         0.10

L0_CALL_CORRECT                                2408613       93.525%          2890197       93.559%
L0_CALL_RECOVER                                 166755        6.475%           198971        6.441%
                                               2575368      100.000%          3089168      100.000%
                                                  0.06         0.24              0.06         0.24

MAIN_CBR_CORRECT_OFFPATH                      18243331       58.282%         22326071       58.427%
MAIN_CBR_CORRECT_BTB_MISS_NT_NT_OFFPATH        2657661        8.490%          3208892        8.398%
MAIN_CBR_RECOVER_AT_EXEC_OFFPATH              10391622       33.198%         12665922       33.146%
MAIN_CBR_RECOVER_AT_DECODE_OFFPATH                   0        0.000%                0        0.000%
MAIN_CBR_RECOVER_BTB_MISS_T_T_OFFPATH               47        0.000%               79        0.000%
MAIN_CBR_RECOVER_BTB_MISS_T_NT_OFFPATH            9075        0.029%            10675        0.028%
MAIN_CBR_RECOVER_BTB_MISS_NT_T_OFFPATH             186        0.001%              353        0.001%
                                              31301922      100.000%         38211992      100.000%
                                                  0.75         0.73              0.75         0.73

MAIN_BR_CORRECT_OFFPATH                        2198964       99.997%          2667672       99.995%
MAIN_BR_RECOVER_OFFPATH                             66        0.003%              126        0.005%
                                               2199030      100.000%          2667798      100.000%
                                                  0.00         0.01              0.00         0.01

MAIN_ICALL_CORRECT_IBTB_OFFPATH                      2        1.389%                2        1.389%
MAIN_ICALL_CORRECT_BTB_OFFPATH                     110       76.389%              110       76.389%
MAIN_ICALL_RECOVER_AT_EXEC_IBTB_OFFPATH              0        0.000%                0        0.000%
MAIN_ICALL_RECOVER_AT_EXEC_BTB_OFFPATH               3        2.083%                3        2.083%
MAIN_ICALL_RECOVER_AT_EXEC_XBTB_MISS_OFFPATH            29       20.139%               29       20.139%
                                                   144      100.000%              144      100.000%
                                                  1.63         1.42              1.63         1.42

MAIN_IBR_CORRECT_IBTB_OFFPATH                       88       21.103%              102       20.859%
MAIN_IBR_CORRECT_BTB_OFFPATH                       312       74.820%              370       75.665%
MAIN_IBR_RECOVER_AT_EXEC_IBTB_OFFPATH                0        0.000%                0        0.000%
MAIN_IBR_RECOVER_AT_EXEC_BTB_OFFPATH                 3        0.719%                3        0.613%
MAIN_IBR_RECOVER_AT_EXEC_XBTB_MISS_OFFPATH            14        3.357%               14        2.863%
                                                   417      100.000%              489      100.000%
                                                  0.90         0.62              0.89         0.58

MAIN_ICO_CORRECT_OFFPATH                             0         -nan%                0         -nan%
MAIN_ICO_RECOVER_OFFPATH                             0         -nan%                0         -nan%
                                                     0         -nan%                0         -nan%
                                                  -nan         -nan              -nan         -nan

MAIN_RET_CORRECT_OFFPATH                       4364362       77.044%          5298167       77.147%
MAIN_RET_RECOVER_OFFPATH                       1300432       22.956%          1569108       22.848%
MAIN_RET_RECOVER_UFLOW_OFFPATH                       5        0.000%              349        0.005%
                                               5664799      100.000%          6867624      100.000%
                                                  0.23         0.37              0.23         0.37

MAIN_CALL_CORRECT_OFFPATH                      5636131       99.999%          6829136       99.998%
MAIN_CALL_RECOVER_OFFPATH                           84        0.001%              156        0.002%
                                               5636215      100.000%          6829292      100.000%
                                                  0.00         0.00              0.00         0.00

L0_CBR_CORRECT_OFFPATH                        15666610       50.050%         19144435       50.101%
L0_CBR_CORRECT_BTB_MISS_NT_NT_OFFPATH          7307667       23.346%          8866966       23.205%
L0_CBR_RECOVER_AT_EXEC_OFFPATH                 7145404       22.827%          8753535       22.908%
L0_CBR_RECOVER_AT_DECODE_OFFPATH                     0        0.000%                0        0.000%
L0_CBR_RECOVER_BTB_MISS_T_T_OFFPATH             377280        1.205%           458196        1.199%
L0_CBR_RECOVER_BTB_MISS_T_NT_OFFPATH            614568        1.963%           757934        1.983%
L0_CBR_RECOVER_BTB_MISS_NT_T_OFFPATH            190393        0.608%           230926        0.604%
                                              31301922      100.000%         38211992      100.000%
                                                  0.87         0.95              0.87         0.96

L0_BR_CORRECT_OFFPATH                          2051323       93.283%          2486409       93.201%
L0_BR_RECOVER_OFFPATH                           147707        6.717%           181389        6.799%
                                               2199030      100.000%          2667798      100.000%
                                                  0.07         0.24              0.07         0.24

L0_ICALL_CORRECT_IBTB_OFFPATH                        0        0.000%                0        0.000%
L0_ICALL_CORRECT_BTB_OFFPATH                        98       68.056%               98       68.056%
L0_ICALL_RECOVER_AT_EXEC_IBTB_OFFPATH                2        1.389%                2        1.389%
L0_ICALL_RECOVER_AT_EXEC_BTB_OFFPATH                 3        2.083%                3        2.083%
L0_ICALL_RECOVER_AT_EXEC_XBTB_MISS_OFFPATH            41       28.472%               41       28.472%
                                                   144      100.000%              144      100.000%
                                                  1.91         1.70              1.91         1.70

L0_IBR_CORRECT_IBTB_OFFPATH                          0        0.000%                0        0.000%
L0_IBR_CORRECT_BTB_OFFPATH                         250       59.952%              279       57.055%
L0_IBR_RECOVER_AT_EXEC_IBTB_OFFPATH                 88       21.103%              102       20.859%
L0_IBR_RECOVER_AT_EXEC_BTB_OFFPATH                   3        0.719%                3        0.613%
L0_IBR_RECOVER_AT_EXEC_XBTB_MISS_OFFPATH            76       18.225%              105       21.472%
                                                   417      100.000%              489      100.000%
                                                  1.77         1.36              1.87         1.47

L0_ICO_CORRECT_OFFPATH                               0         -nan%                0         -nan%
L0_ICO_RECOVER_OFFPATH                               0         -nan%                0         -nan%
                                                     0         -nan%                0         -nan%
                                                  -nan         -nan              -nan         -nan

L0_RET_CORRECT_OFFPATH                         4364362       77.044%          5298167       77.147%
L0_RET_RECOVER_OFFPATH                         1300432       22.956%          1569108       22.848%
L0_RET_RECOVER_UFLOW_OFFPATH                         5        0.000%              349        0.005%
                                               5664799      100.000%          6867624      100.000%
                                                  0.23         0.37              0.23         0.37

L0_CALL_CORRECT_OFFPATH                        5451200       96.717%          6605469       96.723%
L0_CALL_RECOVER_OFFPATH                         185015        3.283%           223823        3.277%
                                               5636215      100.000%          6829292      100.000%
                                                  0.03         0.18              0.03         0.18

ALL_BTB_CORRECT                               12657191       90.206%         15157333       90.130%
ALL_BTB_INCORRECT_BUT_TARGET_CORRECT                 0        0.000%                0        0.000%
ALL_BTB_INCORRECT                              1374173        9.794%          1659873        9.870%
                                              14031364      100.000%         16817206      100.000%
                                                  0.20         0.57              0.20         0.57

ALL_IBTB_CORRECT                                  1981       93.886%             2317       93.654%
ALL_IBTB_INCORRECT                                 129        6.114%              157        6.346%
                                                  2110      100.000%             2474      100.000%
                                                  0.06         0.23              0.06         0.24

ALL_BTB_CORRECT_OFFPATH                       36470559       93.185%         44489384       93.250%
ALL_BTB_INCORRECT_BUT_TARGET_CORRECT_OFFPATH             0        0.000%                0        0.000%
ALL_BTB_INCORRECT_OFFPATH                      2667169        6.815%          3220331        6.750%
                                              39137728      100.000%         47709715      100.000%
                                                  0.14         0.49              0.13         0.49

ALL_IBTB_CORRECT_OFFPATH                            90       16.043%              104       16.430%
ALL_IBTB_INCORRECT_OFFPATH                         471       83.957%              529       83.570%
                                                   561      100.000%              633      100.000%
                                                  0.84         0.78              0.84         0.78

CRS_MISS                                         52450        1.018%            64038        1.036%
CRS_HIT                                        5098560       98.982%          6114570       98.964%
                                               5151010      100.000%          6178608      100.000%
                                                  0.99         0.98              0.99         0.98

CRS_MISS_OFFPATH                               2600874       22.956%          3138914       22.853%
CRS_HIT_OFFPATH                                8728724       77.044%         10596334       77.147%
                                              11329598      100.000%         13735248      100.000%
                                                  0.77         0.71              0.77         0.71

CRS_CLOBBER                                       6834                           7180              

IBTB_TARG_CACHE_MISS                               129        6.114%              157        6.346%
IBTB_TARG_CACHE_HIT                               1981       93.886%             2317       93.654%
                                                  2110      100.000%             2474      100.000%
                                                  0.94         0.91              0.94         0.91

IBTB_TARG_CACHE_MISS_OFFPATH                       471       83.957%              529       83.570%
IBTB_TARG_CACHE_HIT_OFFPATH                         90       16.043%              104       16.430%
                                                   561      100.000%              633      100.000%
                                                  0.16         0.34              0.16         0.35

IBTB_TARG_CACHE_WRITE                             2110       97.595%             2474       97.864%
IBTB_TARG_CACHE_WRITE_OFFPATH                       52        2.405%               54        2.136%
                                                  2162      100.000%             2528      100.000%
                                                  0.02         0.15              0.02         0.14

BTB_WRITE                                       772801       99.726%           925942       99.720%
BTB_WRITE_OFFPATH                                 2125        0.274%             2603        0.280%
                                                774926      100.000%           928545      100.000%
                                                  0.00         0.05              0.00         0.05

BTB_L0_CORRECT                                10499438       74.828%         12581076       74.811%
BTB_L0_INCORRECT_BUT_TARGET_CORRECT                  0        0.000%                0        0.000%
BTB_L0_INCORRECT                               3531926       25.172%          4236130       25.189%
                                              14031364      100.000%         16817206      100.000%
                                                  0.50         0.79              0.50         0.79

BTB_L1_CORRECT                                12652512       90.173%         15151776       90.097%
BTB_L1_INCORRECT_BUT_TARGET_CORRECT                  0        0.000%                0        0.000%
BTB_L1_INCORRECT                               1378852        9.827%          1665430        9.903%
                                              14031364      100.000%         16817206      100.000%
                                                  0.20         0.57              0.20         0.57

BTB_MAIN_CORRECT                              12657191       90.206%         15157333       90.130%
BTB_MAIN_INCORRECT_BUT_TARGET_CORRECT                0        0.000%                0        0.000%
BTB_MAIN_INCORRECT                             1374173        9.794%          1659873        9.870%
                                              14031364      100.000%         16817206      100.000%
                                                  0.20         0.57              0.20         0.57

BTB_L0_CORRECT_OFFPATH                        30314952       77.457%         36990304       77.532%
BTB_L0_INCORRECT_BUT_TARGET_CORRECT_OFFPATH             0        0.000%                0        0.000%
BTB_L0_INCORRECT_OFFPATH                       8822776       22.543%         10719411       22.468%
                                              39137728      100.000%         47709715      100.000%
                                                  0.45         0.77              0.45         0.77

BTB_L1_CORRECT_OFFPATH                        36467345       93.177%         44485495       93.242%
BTB_L1_INCORRECT_BUT_TARGET_CORRECT_OFFPATH             0        0.000%                0        0.000%
BTB_L1_INCORRECT_OFFPATH                       2670383        6.823%          3224220        6.758%
                                              39137728      100.000%         47709715      100.000%
                                                  0.14         0.49              0.14         0.49

BTB_MAIN_CORRECT_OFFPATH                      36470559       93.185%         44489384       93.250%
BTB_MAIN_INCORRECT_BUT_TARGET_CORRECT_OFFPATH             0        0.000%                0        0.000%
BTB_MAIN_INCORRECT_OFFPATH                     2667169        6.815%          3220331        6.750%
                                              39137728      100.000%         47709715      100.000%
                                                  0.14         0.49              0.13         0.49

TARG_HYBRID_CORRECT_TAGLESS                          0         -nan%                0         -nan%
TARG_HYBRID_CORRECT_TAGGED                           0         -nan%                0         -nan%
TARG_HYBRID_RECOVER_AT_EXEC_TAGLESS                  0         -nan%                0         -nan%
TARG_HYBRID_RECOVER_AT_EXEC_TAGGED                   0         -nan%                0         -nan%
TARG_HYBRID_NO_PRED                                  0         -nan%                0         -nan%
                                                     0         -nan%                0         -nan%
                                                  -nan         -nan              -nan         -nan

BP_L0_EARLY_RECOVERIES                         2123193       69.594%          2542115       69.200%
BP_MAIN_EXEC_RECOVERIES                         927370       30.397%          1130896       30.785%
BP_MAIN_DECODE_RECOVERIES                          268        0.009%              541        0.015%
                                               3050831      100.000%          3673552      100.000%
                                                  0.30         0.38              0.31         0.38

SCHEDULED_L0_EARLY_RECOVERIES                  1509508       61.743%          1793314       61.114%
SCHEDULED_MAIN_EXEC_RECOVERIES                  935051       38.246%          1140510       38.867%
SCHEDULED_MAIN_DECODE_RECOVERIES                   268        0.011%              541        0.018%
                                               2444827      100.000%          2934365      100.000%
                                                  0.38         0.38              0.39         0.38

PERFORMED_RECOVERIES                           2437147                        2924751              

PERFORMED_RECOVERY_LAT                        38944927                       47342006              

SCHEDULED_MAIN_DECODE_LAT                        15633                          24859              

SCHEDULED_MAIN_EXEC_LAT                   328452676691                   341281410068              

SCHEDULED_L0_EARLY_LAT                               0                              0              

MAIN_BRANCH_RESOLVE_AT_DECODE_LAT_1                  0        0.000%                0        0.000%
MAIN_BRANCH_RESOLVE_AT_DECODE_LAT_2                  0        0.000%                0        0.000%
MAIN_BRANCH_RESOLVE_AT_DECODE_LAT_3                  0        0.000%                1        0.185%
MAIN_BRANCH_RESOLVE_AT_DECODE_LAT_4                  0        0.000%                0        0.000%
MAIN_BRANCH_RESOLVE_AT_DECODE_LAT_5                  0        0.000%                0        0.000%
MAIN_BRANCH_RESOLVE_AT_DECODE_LAT_6                  0        0.000%                0        0.000%
MAIN_BRANCH_RESOLVE_AT_DECODE_LAT_7                  0        0.000%                0        0.000%
MAIN_BRANCH_RESOLVE_AT_DECODE_LAT_8                  0        0.000%                0        0.000%
MAIN_BRANCH_RESOLVE_AT_DECODE_LAT_9                143       53.358%              322       59.519%
MAIN_BRANCH_RESOLVE_AT_DECODE_LAT_10                37       13.806%               62       11.460%
MAIN_BRANCH_RESOLVE_AT_DECODE_LAT_11                 6        2.239%               19        3.512%
MAIN_BRANCH_RESOLVE_AT_DECODE_LAT_12                 3        1.119%                8        1.479%
MAIN_BRANCH_RESOLVE_AT_DECODE_LAT_13                 3        1.119%                3        0.555%
MAIN_BRANCH_RESOLVE_AT_DECODE_LAT_14                 5        1.866%                6        1.109%
MAIN_BRANCH_RESOLVE_AT_DECODE_LAT_15                 2        0.746%                3        0.555%
MAIN_BRANCH_RESOLVE_AT_DECODE_LAT_16                 0        0.000%                1        0.185%
MAIN_BRANCH_RESOLVE_AT_DECODE_LAT_17                 1        0.373%                1        0.185%
MAIN_BRANCH_RESOLVE_AT_DECODE_LAT_18                 0        0.000%                0        0.000%
MAIN_BRANCH_RESOLVE_AT_DECODE_LAT_19                 2        0.746%                3        0.555%
MAIN_BRANCH_RESOLVE_AT_DECODE_LAT_20                 0        0.000%                1        0.185%
MAIN_BRANCH_RESOLVE_AT_DECODE_LAT_21                 0        0.000%                2        0.370%
MAIN_BRANCH_RESOLVE_AT_DECODE_LAT_22                 1        0.373%                5        0.924%
MAIN_BRANCH_RESOLVE_AT_DECODE_LAT_23                 1        0.373%                1        0.185%
MAIN_BRANCH_RESOLVE_AT_DECODE_LAT_24                 2        0.746%                3        0.555%
MAIN_BRANCH_RESOLVE_AT_DECODE_LAT_25                 0        0.000%                0        0.000%
MAIN_BRANCH_RESOLVE_AT_DECODE_LAT_26                 0        0.000%                1        0.185%
MAIN_BRANCH_RESOLVE_AT_DECODE_LAT_27                 0        0.000%                0        0.000%
MAIN_BRANCH_RESOLVE_AT_DECODE_LAT_28                 0        0.000%                0        0.000%
MAIN_BRANCH_RESOLVE_AT_DECODE_LAT_29                 1        0.373%                2        0.370%
MAIN_BRANCH_RESOLVE_AT_DECODE_LAT_30                 1        0.373%                1        0.185%
MAIN_BRANCH_RESOLVE_AT_DECODE_LAT_31                 0        0.000%                0        0.000%
MAIN_BRANCH_RESOLVE_AT_DECODE_LAT_32                 0        0.000%                1        0.185%
MAIN_BRANCH_RESOLVE_AT_DECODE_LAT_33                 0        0.000%                0        0.000%
MAIN_BRANCH_RESOLVE_AT_DECODE_LAT_34                 0        0.000%                1        0.185%
MAIN_BRANCH_RESOLVE_AT_DECODE_LAT_35                 0        0.000%                0        0.000%
MAIN_BRANCH_RESOLVE_AT_DECODE_LAT_36                 0        0.000%                0        0.000%
MAIN_BRANCH_RESOLVE_AT_DECODE_LAT_37                 0        0.000%                0        0.000%
MAIN_BRANCH_RESOLVE_AT_DECODE_LAT_38                 0        0.000%                0        0.000%
MAIN_BRANCH_RESOLVE_AT_DECODE_LAT_39                 0        0.000%                0        0.000%
MAIN_BRANCH_RESOLVE_AT_DECODE_LAT_40                 0        0.000%                0        0.000%
MAIN_BRANCH_RESOLVE_AT_DECODE_LAT_41                 0        0.000%                0        0.000%
MAIN_BRANCH_RESOLVE_AT_DECODE_LAT_42                 0        0.000%                0        0.000%
MAIN_BRANCH_RESOLVE_AT_DECODE_LAT_43                 0        0.000%                0        0.000%
MAIN_BRANCH_RESOLVE_AT_DECODE_LAT_44                 0        0.000%                0        0.000%
MAIN_BRANCH_RESOLVE_AT_DECODE_LAT_45                 1        0.373%                1        0.185%
MAIN_BRANCH_RESOLVE_AT_DECODE_LAT_46                 0        0.000%                1        0.185%
MAIN_BRANCH_RESOLVE_AT_DECODE_LAT_47                 1        0.373%                1        0.185%
MAIN_BRANCH_RESOLVE_AT_DECODE_LAT_48                 0        0.000%                0        0.000%
MAIN_BRANCH_RESOLVE_AT_DECODE_LAT_49                 0        0.000%                0        0.000%
MAIN_BRANCH_RESOLVE_AT_DECODE_LAT_50                 0        0.000%                0        0.000%
MAIN_BRANCH_RESOLVE_AT_DECODE_LAT_51                 0        0.000%                0        0.000%
MAIN_BRANCH_RESOLVE_AT_DECODE_LAT_52                 0        0.000%                0        0.000%
MAIN_BRANCH_RESOLVE_AT_DECODE_LAT_53                 0        0.000%                0        0.000%
MAIN_BRANCH_RESOLVE_AT_DECODE_LAT_54                 0        0.000%                0        0.000%
MAIN_BRANCH_RESOLVE_AT_DECODE_LAT_55                 0        0.000%                0        0.000%
MAIN_BRANCH_RESOLVE_AT_DECODE_LAT_56                 0        0.000%                1        0.185%
MAIN_BRANCH_RESOLVE_AT_DECODE_LAT_57                 1        0.373%                1        0.185%
MAIN_BRANCH_RESOLVE_AT_DECODE_LAT_58                 1        0.373%                1        0.185%
MAIN_BRANCH_RESOLVE_AT_DECODE_LAT_59                 0        0.000%                0        0.000%
MAIN_BRANCH_RESOLVE_AT_DECODE_LAT_60                11        4.104%               11        2.033%
MAIN_BRANCH_RESOLVE_AT_DECODE_LAT_61                 1        0.373%                1        0.185%
MAIN_BRANCH_RESOLVE_AT_DECODE_LAT_62                 3        1.119%                3        0.555%
MAIN_BRANCH_RESOLVE_AT_DECODE_LAT_63                 0        0.000%                0        0.000%
MAIN_BRANCH_RESOLVE_AT_DECODE_LAT_64                 0        0.000%                0        0.000%
MAIN_BRANCH_RESOLVE_AT_DECODE_LAT_65                 0        0.000%                0        0.000%
MAIN_BRANCH_RESOLVE_AT_DECODE_LAT_66                 0        0.000%                0        0.000%
MAIN_BRANCH_RESOLVE_AT_DECODE_LAT_67                 0        0.000%                0        0.000%
MAIN_BRANCH_RESOLVE_AT_DECODE_LAT_68                 0        0.000%                0        0.000%
MAIN_BRANCH_RESOLVE_AT_DECODE_LAT_69                 0        0.000%                0        0.000%
MAIN_BRANCH_RESOLVE_AT_DECODE_LAT_70                 0        0.000%                0        0.000%
MAIN_BRANCH_RESOLVE_AT_DECODE_LAT_71                 0        0.000%                0        0.000%
MAIN_BRANCH_RESOLVE_AT_DECODE_LAT_72                 0        0.000%                0        0.000%
MAIN_BRANCH_RESOLVE_AT_DECODE_LAT_73                 0        0.000%                0        0.000%
MAIN_BRANCH_RESOLVE_AT_DECODE_LAT_74                 0        0.000%                0        0.000%
MAIN_BRANCH_RESOLVE_AT_DECODE_LAT_75                 0        0.000%                0        0.000%
MAIN_BRANCH_RESOLVE_AT_DECODE_LAT_76                 0        0.000%                0        0.000%
MAIN_BRANCH_RESOLVE_AT_DECODE_LAT_77                 0        0.000%                0        0.000%
MAIN_BRANCH_RESOLVE_AT_DECODE_LAT_78                 0        0.000%                0        0.000%
MAIN_BRANCH_RESOLVE_AT_DECODE_LAT_79                 0        0.000%                0        0.000%
MAIN_BRANCH_RESOLVE_AT_DECODE_LAT_80                 0        0.000%                0        0.000%
MAIN_BRANCH_RESOLVE_AT_DECODE_LAT_81                 0        0.000%                0        0.000%
MAIN_BRANCH_RESOLVE_AT_DECODE_LAT_82                 0        0.000%                0        0.000%
MAIN_BRANCH_RESOLVE_AT_DECODE_LAT_83                 0        0.000%                0        0.000%
MAIN_BRANCH_RESOLVE_AT_DECODE_LAT_84                 0        0.000%                0        0.000%
MAIN_BRANCH_RESOLVE_AT_DECODE_LAT_85                 0        0.000%                0        0.000%
MAIN_BRANCH_RESOLVE_AT_DECODE_LAT_86                 0        0.000%                0        0.000%
MAIN_BRANCH_RESOLVE_AT_DECODE_LAT_87                 1        0.373%                1        0.185%
MAIN_BRANCH_RESOLVE_AT_DECODE_LAT_88                 0        0.000%                0        0.000%
MAIN_BRANCH_RESOLVE_AT_DECODE_LAT_89                 0        0.000%                0        0.000%
MAIN_BRANCH_RESOLVE_AT_DECODE_LAT_90                 0        0.000%                0        0.000%
MAIN_BRANCH_RESOLVE_AT_DECODE_LAT_91                 1        0.373%                1        0.185%
MAIN_BRANCH_RESOLVE_AT_DECODE_LAT_92                 0        0.000%                0        0.000%
MAIN_BRANCH_RESOLVE_AT_DECODE_LAT_93                 0        0.000%                0        0.000%
MAIN_BRANCH_RESOLVE_AT_DECODE_LAT_94                 0        0.000%                0        0.000%
MAIN_BRANCH_RESOLVE_AT_DECODE_LAT_95                 0        0.000%                0        0.000%
MAIN_BRANCH_RESOLVE_AT_DECODE_LAT_96                 0        0.000%                0        0.000%
MAIN_BRANCH_RESOLVE_AT_DECODE_LAT_97                 0        0.000%                0        0.000%
MAIN_BRANCH_RESOLVE_AT_DECODE_LAT_98                 0        0.000%                0        0.000%
MAIN_BRANCH_RESOLVE_AT_DECODE_LAT_99                 0        0.000%                0        0.000%
MAIN_BRANCH_RESOLVE_AT_DECODE_LAT_100                0        0.000%                0        0.000%
MAIN_BRANCH_RESOLVE_AT_DECODE_LAT_GT100             39       14.552%               71       13.124%
                                                   268      100.000%              541      100.000%
                                                 26.37        35.10             23.21        32.87

MAIN_BRANCH_RESOLVE_AT_EXEC_LAT_1                    0        0.000%                0        0.000%
MAIN_BRANCH_RESOLVE_AT_EXEC_LAT_2                    0        0.000%                0        0.000%
MAIN_BRANCH_RESOLVE_AT_EXEC_LAT_3                    0        0.000%                0        0.000%
MAIN_BRANCH_RESOLVE_AT_EXEC_LAT_4                    0        0.000%                0        0.000%
MAIN_BRANCH_RESOLVE_AT_EXEC_LAT_5                    0        0.000%                0        0.000%
MAIN_BRANCH_RESOLVE_AT_EXEC_LAT_6                    0        0.000%                0        0.000%
MAIN_BRANCH_RESOLVE_AT_EXEC_LAT_7                    0        0.000%                0        0.000%
MAIN_BRANCH_RESOLVE_AT_EXEC_LAT_8                    0        0.000%                0        0.000%
MAIN_BRANCH_RESOLVE_AT_EXEC_LAT_9                    0        0.000%                0        0.000%
MAIN_BRANCH_RESOLVE_AT_EXEC_LAT_10                   6        0.001%                9        0.001%
MAIN_BRANCH_RESOLVE_AT_EXEC_LAT_11                5927        0.639%             7168        0.634%
MAIN_BRANCH_RESOLVE_AT_EXEC_LAT_12                4990        0.538%             6310        0.558%
MAIN_BRANCH_RESOLVE_AT_EXEC_LAT_13                3103        0.335%             3737        0.330%
MAIN_BRANCH_RESOLVE_AT_EXEC_LAT_14                2345        0.253%             2872        0.254%
MAIN_BRANCH_RESOLVE_AT_EXEC_LAT_15                1880        0.203%             2311        0.204%
MAIN_BRANCH_RESOLVE_AT_EXEC_LAT_16               24073        2.596%            30154        2.666%
MAIN_BRANCH_RESOLVE_AT_EXEC_LAT_17               11416        1.231%            14238        1.259%
MAIN_BRANCH_RESOLVE_AT_EXEC_LAT_18               14717        1.587%            18108        1.601%
MAIN_BRANCH_RESOLVE_AT_EXEC_LAT_19               21715        2.342%            26767        2.367%
MAIN_BRANCH_RESOLVE_AT_EXEC_LAT_20               23278        2.510%            27907        2.468%
MAIN_BRANCH_RESOLVE_AT_EXEC_LAT_21               26360        2.842%            32536        2.877%
MAIN_BRANCH_RESOLVE_AT_EXEC_LAT_22               27421        2.957%            33070        2.924%
MAIN_BRANCH_RESOLVE_AT_EXEC_LAT_23               26615        2.870%            32929        2.912%
MAIN_BRANCH_RESOLVE_AT_EXEC_LAT_24               34681        3.740%            42824        3.787%
MAIN_BRANCH_RESOLVE_AT_EXEC_LAT_25               24846        2.679%            30188        2.669%
MAIN_BRANCH_RESOLVE_AT_EXEC_LAT_26               36744        3.962%            45136        3.991%
MAIN_BRANCH_RESOLVE_AT_EXEC_LAT_27               31229        3.367%            38187        3.377%
MAIN_BRANCH_RESOLVE_AT_EXEC_LAT_28               31593        3.407%            39328        3.478%
MAIN_BRANCH_RESOLVE_AT_EXEC_LAT_29               34948        3.769%            42693        3.775%
MAIN_BRANCH_RESOLVE_AT_EXEC_LAT_30               33096        3.569%            40050        3.541%
MAIN_BRANCH_RESOLVE_AT_EXEC_LAT_31               45180        4.872%            56066        4.958%
MAIN_BRANCH_RESOLVE_AT_EXEC_LAT_32               30736        3.314%            37825        3.345%
MAIN_BRANCH_RESOLVE_AT_EXEC_LAT_33               25266        2.724%            31039        2.745%
MAIN_BRANCH_RESOLVE_AT_EXEC_LAT_34               24172        2.607%            29312        2.592%
MAIN_BRANCH_RESOLVE_AT_EXEC_LAT_35               22509        2.427%            27508        2.432%
MAIN_BRANCH_RESOLVE_AT_EXEC_LAT_36               23223        2.504%            28322        2.504%
MAIN_BRANCH_RESOLVE_AT_EXEC_LAT_37               16513        1.781%            19820        1.753%
MAIN_BRANCH_RESOLVE_AT_EXEC_LAT_38               14723        1.588%            17739        1.569%
MAIN_BRANCH_RESOLVE_AT_EXEC_LAT_39               15675        1.690%            19034        1.683%
MAIN_BRANCH_RESOLVE_AT_EXEC_LAT_40               16637        1.794%            20347        1.799%
MAIN_BRANCH_RESOLVE_AT_EXEC_LAT_41               15531        1.675%            19012        1.681%
MAIN_BRANCH_RESOLVE_AT_EXEC_LAT_42               19529        2.106%            23390        2.068%
MAIN_BRANCH_RESOLVE_AT_EXEC_LAT_43               14260        1.538%            17293        1.529%
MAIN_BRANCH_RESOLVE_AT_EXEC_LAT_44               14511        1.565%            17714        1.566%
MAIN_BRANCH_RESOLVE_AT_EXEC_LAT_45               16374        1.766%            19453        1.720%
MAIN_BRANCH_RESOLVE_AT_EXEC_LAT_46               13432        1.448%            16093        1.423%
MAIN_BRANCH_RESOLVE_AT_EXEC_LAT_47               12377        1.335%            14777        1.307%
MAIN_BRANCH_RESOLVE_AT_EXEC_LAT_48               12029        1.297%            14575        1.289%
MAIN_BRANCH_RESOLVE_AT_EXEC_LAT_49               13271        1.431%            15926        1.408%
MAIN_BRANCH_RESOLVE_AT_EXEC_LAT_50               13424        1.448%            16163        1.429%
MAIN_BRANCH_RESOLVE_AT_EXEC_LAT_51               12735        1.373%            15301        1.353%
MAIN_BRANCH_RESOLVE_AT_EXEC_LAT_52               12816        1.382%            15591        1.379%
MAIN_BRANCH_RESOLVE_AT_EXEC_LAT_53                9794        1.056%            11685        1.033%
MAIN_BRANCH_RESOLVE_AT_EXEC_LAT_54                6241        0.673%             7401        0.654%
MAIN_BRANCH_RESOLVE_AT_EXEC_LAT_55                5202        0.561%             6156        0.544%
MAIN_BRANCH_RESOLVE_AT_EXEC_LAT_56                5297        0.571%             6368        0.563%
MAIN_BRANCH_RESOLVE_AT_EXEC_LAT_57                4949        0.534%             5933        0.525%
MAIN_BRANCH_RESOLVE_AT_EXEC_LAT_58                4647        0.501%             5469        0.484%
MAIN_BRANCH_RESOLVE_AT_EXEC_LAT_59                3456        0.373%             4223        0.373%
MAIN_BRANCH_RESOLVE_AT_EXEC_LAT_60                3102        0.334%             3697        0.327%
MAIN_BRANCH_RESOLVE_AT_EXEC_LAT_61                2932        0.316%             3507        0.310%
MAIN_BRANCH_RESOLVE_AT_EXEC_LAT_62                2842        0.306%             3384        0.299%
MAIN_BRANCH_RESOLVE_AT_EXEC_LAT_63                2676        0.289%             3193        0.282%
MAIN_BRANCH_RESOLVE_AT_EXEC_LAT_64                3202        0.345%             3746        0.331%
MAIN_BRANCH_RESOLVE_AT_EXEC_LAT_65                2888        0.311%             3466        0.306%
MAIN_BRANCH_RESOLVE_AT_EXEC_LAT_66                2684        0.289%             3153        0.279%
MAIN_BRANCH_RESOLVE_AT_EXEC_LAT_67                2248        0.242%             2678        0.237%
MAIN_BRANCH_RESOLVE_AT_EXEC_LAT_68                2021        0.218%             2449        0.217%
MAIN_BRANCH_RESOLVE_AT_EXEC_LAT_69                1869        0.202%             2251        0.199%
MAIN_BRANCH_RESOLVE_AT_EXEC_LAT_70                1875        0.202%             2257        0.200%
MAIN_BRANCH_RESOLVE_AT_EXEC_LAT_71                1946        0.210%             2341        0.207%
MAIN_BRANCH_RESOLVE_AT_EXEC_LAT_72                1879        0.203%             2214        0.196%
MAIN_BRANCH_RESOLVE_AT_EXEC_LAT_73                1515        0.163%             1820        0.161%
MAIN_BRANCH_RESOLVE_AT_EXEC_LAT_74                1470        0.159%             1713        0.151%
MAIN_BRANCH_RESOLVE_AT_EXEC_LAT_75                1045        0.113%             1254        0.111%
MAIN_BRANCH_RESOLVE_AT_EXEC_LAT_76                 897        0.097%             1065        0.094%
MAIN_BRANCH_RESOLVE_AT_EXEC_LAT_77                 875        0.094%             1055        0.093%
MAIN_BRANCH_RESOLVE_AT_EXEC_LAT_78                 824        0.089%              973        0.086%
MAIN_BRANCH_RESOLVE_AT_EXEC_LAT_79                 807        0.087%              941        0.083%
MAIN_BRANCH_RESOLVE_AT_EXEC_LAT_80                 815        0.088%              968        0.086%
MAIN_BRANCH_RESOLVE_AT_EXEC_LAT_81                 729        0.079%              875        0.077%
MAIN_BRANCH_RESOLVE_AT_EXEC_LAT_82                 764        0.082%              927        0.082%
MAIN_BRANCH_RESOLVE_AT_EXEC_LAT_83                 762        0.082%              910        0.080%
MAIN_BRANCH_RESOLVE_AT_EXEC_LAT_84                 675        0.073%              804        0.071%
MAIN_BRANCH_RESOLVE_AT_EXEC_LAT_85                 656        0.071%              772        0.068%
MAIN_BRANCH_RESOLVE_AT_EXEC_LAT_86                 557        0.060%              661        0.058%
MAIN_BRANCH_RESOLVE_AT_EXEC_LAT_87                 549        0.059%              660        0.058%
MAIN_BRANCH_RESOLVE_AT_EXEC_LAT_88                 553        0.060%              663        0.059%
MAIN_BRANCH_RESOLVE_AT_EXEC_LAT_89                 525        0.057%              637        0.056%
MAIN_BRANCH_RESOLVE_AT_EXEC_LAT_90                 538        0.058%              651        0.058%
MAIN_BRANCH_RESOLVE_AT_EXEC_LAT_91                 489        0.053%              596        0.053%
MAIN_BRANCH_RESOLVE_AT_EXEC_LAT_92                 463        0.050%              578        0.051%
MAIN_BRANCH_RESOLVE_AT_EXEC_LAT_93                 454        0.049%              548        0.048%
MAIN_BRANCH_RESOLVE_AT_EXEC_LAT_94                 456        0.049%              547        0.048%
MAIN_BRANCH_RESOLVE_AT_EXEC_LAT_95                 372        0.040%              447        0.040%
MAIN_BRANCH_RESOLVE_AT_EXEC_LAT_96                 367        0.040%              439        0.039%
MAIN_BRANCH_RESOLVE_AT_EXEC_LAT_97                 292        0.031%              364        0.032%
MAIN_BRANCH_RESOLVE_AT_EXEC_LAT_98                 369        0.040%              438        0.039%
MAIN_BRANCH_RESOLVE_AT_EXEC_LAT_99                 325        0.035%              384        0.034%
MAIN_BRANCH_RESOLVE_AT_EXEC_LAT_100                322        0.035%              388        0.034%
MAIN_BRANCH_RESOLVE_AT_EXEC_LAT_GT100            11250        1.213%            14425        1.276%
                                                927371      100.000%          1130896      100.000%
                                                 34.37        16.21             34.28        16.27

PRED_TO_UPDATE_CYCLES_0                              0         -nan%                0         -nan%
PRED_TO_UPDATE_CYCLES_1                              0         -nan%                0         -nan%
PRED_TO_UPDATE_CYCLES_2                              0         -nan%                0         -nan%
PRED_TO_UPDATE_CYCLES_3                              0         -nan%                0         -nan%
PRED_TO_UPDATE_CYCLES_4                              0         -nan%                0         -nan%
PRED_TO_UPDATE_CYCLES_5                              0         -nan%                0         -nan%
PRED_TO_UPDATE_CYCLES_6                              0         -nan%                0         -nan%
PRED_TO_UPDATE_CYCLES_7                              0         -nan%                0         -nan%
PRED_TO_UPDATE_CYCLES_8                              0         -nan%                0         -nan%
PRED_TO_UPDATE_CYCLES_9                              0         -nan%                0         -nan%
PRED_TO_UPDATE_CYCLES_10                             0         -nan%                0         -nan%
PRED_TO_UPDATE_CYCLES_11                             0         -nan%                0         -nan%
PRED_TO_UPDATE_CYCLES_12                             0         -nan%                0         -nan%
PRED_TO_UPDATE_CYCLES_13                             0         -nan%                0         -nan%
PRED_TO_UPDATE_CYCLES_14                             0         -nan%                0         -nan%
PRED_TO_UPDATE_CYCLES_15                             0         -nan%                0         -nan%
PRED_TO_UPDATE_CYCLES_16                             0         -nan%                0         -nan%
PRED_TO_UPDATE_CYCLES_17                             0         -nan%                0         -nan%
PRED_TO_UPDATE_CYCLES_18                             0         -nan%                0         -nan%
PRED_TO_UPDATE_CYCLES_19                             0         -nan%                0         -nan%
PRED_TO_UPDATE_CYCLES_20                             0         -nan%                0         -nan%
PRED_TO_UPDATE_CYCLES_21                             0         -nan%                0         -nan%
PRED_TO_UPDATE_CYCLES_22                             0         -nan%                0         -nan%
PRED_TO_UPDATE_CYCLES_23                             0         -nan%                0         -nan%
PRED_TO_UPDATE_CYCLES_24                             0         -nan%                0         -nan%
PRED_TO_UPDATE_CYCLES_25                             0         -nan%                0         -nan%
PRED_TO_UPDATE_CYCLES_26                             0         -nan%                0         -nan%
PRED_TO_UPDATE_CYCLES_27                             0         -nan%                0         -nan%
PRED_TO_UPDATE_CYCLES_28                             0         -nan%                0         -nan%
PRED_TO_UPDATE_CYCLES_29                             0         -nan%                0         -nan%
PRED_TO_UPDATE_CYCLES_30                             0         -nan%                0         -nan%
                                                     0         -nan%                0         -nan%
                                                  -nan         -nan              -nan         -nan

BP_ON_PATH_CONF_RECOVER_AT_EXEC                      0         -nan%                0         -nan%
BP_ON_PATH_CONF_CORRECT                              0         -nan%                0         -nan%
                                                     0         -nan%                0         -nan%
                                                  -nan         -nan              -nan         -nan

BP_OFF_PATH_CONF_RECOVER_AT_EXEC                     0         -nan%                0         -nan%
BP_OFF_PATH_CONF_CORRECT                             0         -nan%                0         -nan%
                                                     0         -nan%                0         -nan%
                                                  -nan         -nan              -nan         -nan

BP_ON_PATH_PRED_MIS_CONF_RECOVER_AT_EXEC             0         -nan%                0         -nan%
BP_ON_PATH_PRED_MIS_CONF_CORRECT                     0         -nan%                0         -nan%
                                                     0         -nan%                0         -nan%
                                                  -nan         -nan              -nan         -nan

BP_ON_PATH_PRED_COR_CONF_RECOVER_AT_EXEC             0         -nan%                0         -nan%
BP_ON_PATH_PRED_COR_CONF_CORRECT                     0         -nan%                0         -nan%
                                                     0         -nan%                0         -nan%
                                                  -nan         -nan              -nan         -nan

BP_OFF_PATH_PRED_MIS_CONF_RECOVER_AT_EXEC             0         -nan%                0         -nan%
BP_OFF_PATH_PRED_MIS_CONF_CORRECT                    0         -nan%                0         -nan%
                                                     0         -nan%                0         -nan%
                                                  -nan         -nan              -nan         -nan

BP_OFF_PATH_PRED_COR_CONF_RECOVER_AT_EXEC             0         -nan%                0         -nan%
BP_OFF_PATH_PRED_COR_CONF_CORRECT                    0         -nan%                0         -nan%
                                                     0         -nan%                0         -nan%
                                                  -nan         -nan              -nan         -nan

ONPATH_CONF_RECOVER_AT_EXEC                          0         -nan%                0         -nan%
ONPATH_CONF_CORRECT                                  0         -nan%                0         -nan%
                                                     0         -nan%                0         -nan%
                                                  -nan         -nan              -nan         -nan

ONPATH_ON_PATH_CONF_RECOVER_AT_EXEC                  0         -nan%                0         -nan%
ONPATH_ON_PATH_CONF_CORRECT                          0         -nan%                0         -nan%
                                                     0         -nan%                0         -nan%
                                                  -nan         -nan              -nan         -nan

ONPATH_OFF_PATH_CONF_RECOVER_AT_EXEC                 0         -nan%                0         -nan%
ONPATH_OFF_PATH_CONF_CORRECT                         0         -nan%                0         -nan%
                                                     0         -nan%                0         -nan%
                                                  -nan         -nan              -nan         -nan

PRED_ONPATH_CONF_RECOVER_AT_EXEC                     0         -nan%                0         -nan%
PRED_ONPATH_CONF_CORRECT                             0         -nan%                0         -nan%
                                                     0         -nan%                0         -nan%
                                                  -nan         -nan              -nan         -nan

PRED_OFFPATH_CONF_RECOVER_AT_EXEC                    0         -nan%                0         -nan%
PRED_OFFPATH_CONF_CORRECT                            0         -nan%                0         -nan%
                                                     0         -nan%                0         -nan%
                                                  -nan         -nan              -nan         -nan

LONG_OVWT_MIS                                        0         -nan%                0         -nan%
LONG_OVWT_COR                                        0         -nan%                0         -nan%
                                                     0         -nan%                0         -nan%
                                                  -nan         -nan              -nan         -nan

OPC_LENGTH_0_7_MIS                                   0         -nan%                0         -nan%
OPC_LENGTH_0_7_COR                                   0         -nan%                0         -nan%
                                                     0         -nan%                0         -nan%
                                                  -nan         -nan              -nan         -nan

OPC_LENGTH_8_15_MIS                                  0         -nan%                0         -nan%
OPC_LENGTH_8_15_COR                                  0         -nan%                0         -nan%
                                                     0         -nan%                0         -nan%
                                                  -nan         -nan              -nan         -nan

OPC_LENGTH_16_23_MIS                                 0         -nan%                0         -nan%
OPC_LENGTH_16_23_COR                                 0         -nan%                0         -nan%
                                                     0         -nan%                0         -nan%
                                                  -nan         -nan              -nan         -nan

OPC_LENGTH_24_31_MIS                                 0         -nan%                0         -nan%
OPC_LENGTH_24_31_COR                                 0         -nan%                0         -nan%
                                                     0         -nan%                0         -nan%
                                                  -nan         -nan              -nan         -nan

OPC_LENGTH_32_39_MIS                                 0         -nan%                0         -nan%
OPC_LENGTH_32_39_COR                                 0         -nan%                0         -nan%
                                                     0         -nan%                0         -nan%
                                                  -nan         -nan              -nan         -nan

OPC_LENGTH_40_47_MIS                                 0         -nan%                0         -nan%
OPC_LENGTH_40_47_COR                                 0         -nan%                0         -nan%
                                                     0         -nan%                0         -nan%
                                                  -nan         -nan              -nan         -nan

OPC_LENGTH_48_55_MIS                                 0         -nan%                0         -nan%
OPC_LENGTH_48_55_COR                                 0         -nan%                0         -nan%
                                                     0         -nan%                0         -nan%
                                                  -nan         -nan              -nan         -nan

OPC_LENGTH_56_63_MIS                                 0         -nan%                0         -nan%
OPC_LENGTH_56_63_COR                                 0         -nan%                0         -nan%
                                                     0         -nan%                0         -nan%
                                                  -nan         -nan              -nan         -nan

OPC_LENGTH_64_71_MIS                                 0         -nan%                0         -nan%
OPC_LENGTH_64_71_COR                                 0         -nan%                0         -nan%
                                                     0         -nan%                0         -nan%
                                                  -nan         -nan              -nan         -nan

OPC_LENGTH_72_79_MIS                                 0         -nan%                0         -nan%
OPC_LENGTH_72_79_COR                                 0         -nan%                0         -nan%
                                                     0         -nan%                0         -nan%
                                                  -nan         -nan              -nan         -nan

OPC_LENGTH_80_MIS                                    0         -nan%                0         -nan%
OPC_LENGTH_80_COR                                    0         -nan%                0         -nan%
                                                     0         -nan%                0         -nan%
                                                  -nan         -nan              -nan         -nan

ALL_ONES_MIS                                         0         -nan%                0         -nan%
ALL_ONES_COR                                         0         -nan%                0         -nan%
                                                     0         -nan%                0         -nan%
                                                  -nan         -nan              -nan         -nan

FIRST_ONE_MIS                                        0         -nan%                0         -nan%
FIRST_ONE_COR                                        0         -nan%                0         -nan%
                                                     0         -nan%                0         -nan%
                                                  -nan         -nan              -nan         -nan

ZEROS_0_1_MIS                                        0         -nan%                0         -nan%
ZEROS_0_1_COR                                        0         -nan%                0         -nan%
                                                     0         -nan%                0         -nan%
                                                  -nan         -nan              -nan         -nan

ZEROS_2_3_MIS                                        0         -nan%                0         -nan%
ZEROS_2_3_COR                                        0         -nan%                0         -nan%
                                                     0         -nan%                0         -nan%
                                                  -nan         -nan              -nan         -nan

ZEROS_4_5_MIS                                        0         -nan%                0         -nan%
ZEROS_4_5_COR                                        0         -nan%                0         -nan%
                                                     0         -nan%                0         -nan%
                                                  -nan         -nan              -nan         -nan

ZEROS_6_7_MIS                                        0         -nan%                0         -nan%
ZEROS_6_7_COR                                        0         -nan%                0         -nan%
                                                     0         -nan%                0         -nan%
                                                  -nan         -nan              -nan         -nan

ZEROS_8_9_MIS                                        0         -nan%                0         -nan%
ZEROS_8_9_COR                                        0         -nan%                0         -nan%
                                                     0         -nan%                0         -nan%
                                                  -nan         -nan              -nan         -nan

ZEROS_10_11_MIS                                      0         -nan%                0         -nan%
ZEROS_10_11_COR                                      0         -nan%                0         -nan%
                                                     0         -nan%                0         -nan%
                                                  -nan         -nan              -nan         -nan

ZEROS_12_13_MIS                                      0         -nan%                0         -nan%
ZEROS_12_13_COR                                      0         -nan%                0         -nan%
                                                     0         -nan%                0         -nan%
                                                  -nan         -nan              -nan         -nan

ZEROS_14_15_MIS                                      0         -nan%                0         -nan%
ZEROS_14_15_COR                                      0         -nan%                0         -nan%
                                                     0         -nan%                0         -nan%
                                                  -nan         -nan              -nan         -nan

ZEROS_16_MIS                                         0         -nan%                0         -nan%
ZEROS_16_COR                                         0         -nan%                0         -nan%
                                                     0         -nan%                0         -nan%
                                                  -nan         -nan              -nan         -nan

GS2BC_GSHARE                                         0         -nan%                0         -nan%
GS2BC_2BC                                            0         -nan%                0         -nan%
                                                     0         -nan%                0         -nan%
                                                  -nan         -nan              -nan         -nan

GSKEW2BC_VOTE                                        0         -nan%                0         -nan%
GSKEW2BC_2BC                                         0         -nan%                0         -nan%
                                                     0         -nan%                0         -nan%
                                                  -nan         -nan              -nan         -nan

FUTGSHARE_INIT_ON_PATH_CORRECT                       0         -nan%                0         -nan%
FUTGSHARE_INIT_ON_PATH_RECOVER_AT_EXEC               0         -nan%                0         -nan%
                                                     0         -nan%                0         -nan%
                                                  -nan         -nan              -nan         -nan

FUTGSHARE_INIT_OFF_PATH_CORRECT                      0         -nan%                0         -nan%
FUTGSHARE_INIT_OFF_PATH_RECOVER_AT_EXEC              0         -nan%                0         -nan%
                                                     0         -nan%                0         -nan%
                                                  -nan         -nan              -nan         -nan

FUTGSHARE_CHANGED_CORRECTED_ON_PATH                  0         -nan%                0         -nan%
FUTGSHARE_CHANGED_SCREWED_ON_PATH                    0         -nan%                0         -nan%
                                                     0         -nan%                0         -nan%
                                                  -nan         -nan              -nan         -nan

FUTGSHARE_CHANGED_CORRECTED_OFF_PATH                 0         -nan%                0         -nan%
FUTGSHARE_CHANGED_SCREWED_OFF_PATH                   0         -nan%                0         -nan%
                                                     0         -nan%                0         -nan%
                                                  -nan         -nan              -nan         -nan

FUTGSHARE_ORIG_CORRECT_FUT_CORRECT_ON_PATH             0         -nan%                0         -nan%
FUTGSHARE_ORIG_RECOVER_AT_EXEC_FUT_CORRECT_ON_PATH             0         -nan%                0         -nan%
FUTGSHARE_ORIG_CORRECT_FUT_RECOVER_AT_EXEC_ON_PATH             0         -nan%                0         -nan%
FUTGSHARE_ORIG_RECOVER_AT_EXEC_FUT_RECOVER_AT_EXEC_ON_PATH             0         -nan%                0         -nan%
                                                     0         -nan%                0         -nan%
                                                  -nan         -nan              -nan         -nan

FUTGSHARE_ORIG_CORRECT_FUT_CORRECT_OFF_PATH             0         -nan%                0         -nan%
FUTGSHARE_ORIG_RECOVER_AT_EXEC_FUT_CORRECT_OFF_PATH             0         -nan%                0         -nan%
FUTGSHARE_ORIG_CORRECT_FUT_RECOVER_AT_EXEC_OFF_PATH             0         -nan%                0         -nan%
FUTGSHARE_ORIG_RECOVER_AT_EXEC_FUT_RECOVER_AT_EXEC_OFF_PATH             0         -nan%                0         -nan%
                                                     0         -nan%                0         -nan%
                                                  -nan         -nan              -nan         -nan

FUTGSHARE_ON_PATH_CORRECT_0                          0         -nan%                0         -nan%
FUTGSHARE_ON_PATH_RECOVER_AT_EXEC_0                  0         -nan%                0         -nan%
                                                     0         -nan%                0         -nan%
                                                  -nan         -nan              -nan         -nan

FUTGSHARE_OFF_PATH_CORRECT_0                         0         -nan%                0         -nan%
FUTGSHARE_OFF_PATH_RECOVER_AT_EXEC_0                 0         -nan%                0         -nan%
                                                     0         -nan%                0         -nan%
                                                  -nan         -nan              -nan         -nan

FUTGSHARE_ON_PATH_CORRECT_1                          0         -nan%                0         -nan%
FUTGSHARE_ON_PATH_RECOVER_AT_EXEC_1                  0         -nan%                0         -nan%
                                                     0         -nan%                0         -nan%
                                                  -nan         -nan              -nan         -nan

FUTGSHARE_OFF_PATH_CORRECT_1                         0         -nan%                0         -nan%
FUTGSHARE_OFF_PATH_RECOVER_AT_EXEC_1                 0         -nan%                0         -nan%
                                                     0         -nan%                0         -nan%
                                                  -nan         -nan              -nan         -nan

FUTGSHARE_ON_PATH_CORRECT_2                          0         -nan%                0         -nan%
FUTGSHARE_ON_PATH_RECOVER_AT_EXEC_2                  0         -nan%                0         -nan%
                                                     0         -nan%                0         -nan%
                                                  -nan         -nan              -nan         -nan

FUTGSHARE_OFF_PATH_CORRECT_2                         0         -nan%                0         -nan%
FUTGSHARE_OFF_PATH_RECOVER_AT_EXEC_2                 0         -nan%                0         -nan%
                                                     0         -nan%                0         -nan%
                                                  -nan         -nan              -nan         -nan

FUTGSHARE_ON_PATH_CORRECT_3                          0         -nan%                0         -nan%
FUTGSHARE_ON_PATH_RECOVER_AT_EXEC_3                  0         -nan%                0         -nan%
                                                     0         -nan%                0         -nan%
                                                  -nan         -nan              -nan         -nan

FUTGSHARE_OFF_PATH_CORRECT_3                         0         -nan%                0         -nan%
FUTGSHARE_OFF_PATH_RECOVER_AT_EXEC_3                 0         -nan%                0         -nan%
                                                     0         -nan%                0         -nan%
                                                  -nan         -nan              -nan         -nan

FUTGSHARE_ON_PATH_CORRECT_4                          0         -nan%                0         -nan%
FUTGSHARE_ON_PATH_RECOVER_AT_EXEC_4                  0         -nan%                0         -nan%
                                                     0         -nan%                0         -nan%
                                                  -nan         -nan              -nan         -nan

FUTGSHARE_OFF_PATH_CORRECT_4                         0         -nan%                0         -nan%
FUTGSHARE_OFF_PATH_RECOVER_AT_EXEC_4                 0         -nan%                0         -nan%
                                                     0         -nan%                0         -nan%
                                                  -nan         -nan              -nan         -nan

FUTGSHARE_ON_PATH_CORRECT_5                          0         -nan%                0         -nan%
FUTGSHARE_ON_PATH_RECOVER_AT_EXEC_5                  0         -nan%                0         -nan%
                                                     0         -nan%                0         -nan%
                                                  -nan         -nan              -nan         -nan

FUTGSHARE_OFF_PATH_CORRECT_5                         0         -nan%                0         -nan%
FUTGSHARE_OFF_PATH_RECOVER_AT_EXEC_5                 0         -nan%                0         -nan%
                                                     0         -nan%                0         -nan%
                                                  -nan         -nan              -nan         -nan

FUTGSHARE_ON_PATH_CORRECT_6                          0         -nan%                0         -nan%
FUTGSHARE_ON_PATH_RECOVER_AT_EXEC_6                  0         -nan%                0         -nan%
                                                     0         -nan%                0         -nan%
                                                  -nan         -nan              -nan         -nan

FUTGSHARE_OFF_PATH_CORRECT_6                         0         -nan%                0         -nan%
FUTGSHARE_OFF_PATH_RECOVER_AT_EXEC_6                 0         -nan%                0         -nan%
                                                     0         -nan%                0         -nan%
                                                  -nan         -nan              -nan         -nan

FUTGSHARE_ON_PATH_CORRECT_7                          0         -nan%                0         -nan%
FUTGSHARE_ON_PATH_RECOVER_AT_EXEC_7                  0         -nan%                0         -nan%
                                                     0         -nan%                0         -nan%
                                                  -nan         -nan              -nan         -nan

FUTGSHARE_OFF_PATH_CORRECT_7                         0         -nan%                0         -nan%
FUTGSHARE_OFF_PATH_RECOVER_AT_EXEC_7                 0         -nan%                0         -nan%
                                                     0         -nan%                0         -nan%
                                                  -nan         -nan              -nan         -nan

FUTGSHARE_ON_PATH_CORRECT_8                          0         -nan%                0         -nan%
FUTGSHARE_ON_PATH_RECOVER_AT_EXEC_8                  0         -nan%                0         -nan%
                                                     0         -nan%                0         -nan%
                                                  -nan         -nan              -nan         -nan

FUTGSHARE_OFF_PATH_CORRECT_8                         0         -nan%                0         -nan%
FUTGSHARE_OFF_PATH_RECOVER_AT_EXEC_8                 0         -nan%                0         -nan%
                                                     0         -nan%                0         -nan%
                                                  -nan         -nan              -nan         -nan

FUTGSHARE_ON_PATH_CORRECT_9                          0         -nan%                0         -nan%
FUTGSHARE_ON_PATH_RECOVER_AT_EXEC_9                  0         -nan%                0         -nan%
                                                     0         -nan%                0         -nan%
                                                  -nan         -nan              -nan         -nan

FUTGSHARE_OFF_PATH_CORRECT_9                         0         -nan%                0         -nan%
FUTGSHARE_OFF_PATH_RECOVER_AT_EXEC_9                 0         -nan%                0         -nan%
                                                     0         -nan%                0         -nan%
                                                  -nan         -nan              -nan         -nan

FUTGSHARE_ON_PATH_CORRECT_10                         0         -nan%                0         -nan%
FUTGSHARE_ON_PATH_RECOVER_AT_EXEC_10                 0         -nan%                0         -nan%
                                                     0         -nan%                0         -nan%
                                                  -nan         -nan              -nan         -nan

FUTGSHARE_OFF_PATH_CORRECT_10                        0         -nan%                0         -nan%
FUTGSHARE_OFF_PATH_RECOVER_AT_EXEC_10                0         -nan%                0         -nan%
                                                     0         -nan%                0         -nan%
                                                  -nan         -nan              -nan         -nan

FUTGSHARE_ON_PATH_CORRECT_11                         0         -nan%                0         -nan%
FUTGSHARE_ON_PATH_RECOVER_AT_EXEC_11                 0         -nan%                0         -nan%
                                                     0         -nan%                0         -nan%
                                                  -nan         -nan              -nan         -nan

FUTGSHARE_OFF_PATH_CORRECT_11                        0         -nan%                0         -nan%
FUTGSHARE_OFF_PATH_RECOVER_AT_EXEC_11                0         -nan%                0         -nan%
                                                     0         -nan%                0         -nan%
                                                  -nan         -nan              -nan         -nan

FUTGSHARE_ON_PATH_CORRECT_12                         0         -nan%                0         -nan%
FUTGSHARE_ON_PATH_RECOVER_AT_EXEC_12                 0         -nan%                0         -nan%
                                                     0         -nan%                0         -nan%
                                                  -nan         -nan              -nan         -nan

FUTGSHARE_OFF_PATH_CORRECT_12                        0         -nan%                0         -nan%
FUTGSHARE_OFF_PATH_RECOVER_AT_EXEC_12                0         -nan%                0         -nan%
                                                     0         -nan%                0         -nan%
                                                  -nan         -nan              -nan         -nan

FUTGSHARE_ON_PATH_CORRECT_13                         0         -nan%                0         -nan%
FUTGSHARE_ON_PATH_RECOVER_AT_EXEC_13                 0         -nan%                0         -nan%
                                                     0         -nan%                0         -nan%
                                                  -nan         -nan              -nan         -nan

FUTGSHARE_OFF_PATH_CORRECT_13                        0         -nan%                0         -nan%
FUTGSHARE_OFF_PATH_RECOVER_AT_EXEC_13                0         -nan%                0         -nan%
                                                     0         -nan%                0         -nan%
                                                  -nan         -nan              -nan         -nan

FUTGSHARE_ON_PATH_CORRECT_14                         0         -nan%                0         -nan%
FUTGSHARE_ON_PATH_RECOVER_AT_EXEC_14                 0         -nan%                0         -nan%
                                                     0         -nan%                0         -nan%
                                                  -nan         -nan              -nan         -nan

FUTGSHARE_OFF_PATH_CORRECT_14                        0         -nan%                0         -nan%
FUTGSHARE_OFF_PATH_RECOVER_AT_EXEC_14                0         -nan%                0         -nan%
                                                     0         -nan%                0         -nan%
                                                  -nan         -nan              -nan         -nan

FUTGSHARE_ON_PATH_CORRECT_15                         0         -nan%                0         -nan%
FUTGSHARE_ON_PATH_RECOVER_AT_EXEC_15                 0         -nan%                0         -nan%
                                                     0         -nan%                0         -nan%
                                                  -nan         -nan              -nan         -nan

FUTGSHARE_OFF_PATH_CORRECT_15                        0         -nan%                0         -nan%
FUTGSHARE_OFF_PATH_RECOVER_AT_EXEC_15                0         -nan%                0         -nan%
                                                     0         -nan%                0         -nan%
                                                  -nan         -nan              -nan         -nan

FUTGSHARE_CHANGED_CORRECTED_ON_PATH_0                0         -nan%                0         -nan%
FUTGSHARE_CHANGED_SCREWED_ON_PATH_0                  0         -nan%                0         -nan%
                                                     0         -nan%                0         -nan%
                                                  -nan         -nan              -nan         -nan

FUTGSHARE_CHANGED_CORRECTED_OFF_PATH_0               0         -nan%                0         -nan%
FUTGSHARE_CHANGED_SCREWED_OFF_PATH_0                 0         -nan%                0         -nan%
                                                     0         -nan%                0         -nan%
                                                  -nan         -nan              -nan         -nan

FUTGSHARE_CHANGED_CORRECTED_ON_PATH_1                0         -nan%                0         -nan%
FUTGSHARE_CHANGED_SCREWED_ON_PATH_1                  0         -nan%                0         -nan%
                                                     0         -nan%                0         -nan%
                                                  -nan         -nan              -nan         -nan

FUTGSHARE_CHANGED_CORRECTED_OFF_PATH_1               0         -nan%                0         -nan%
FUTGSHARE_CHANGED_SCREWED_OFF_PATH_1                 0         -nan%                0         -nan%
                                                     0         -nan%                0         -nan%
                                                  -nan         -nan              -nan         -nan

FUTGSHARE_CHANGED_CORRECTED_ON_PATH_2                0         -nan%                0         -nan%
FUTGSHARE_CHANGED_SCREWED_ON_PATH_2                  0         -nan%                0         -nan%
                                                     0         -nan%                0         -nan%
                                                  -nan         -nan              -nan         -nan

FUTGSHARE_CHANGED_CORRECTED_OFF_PATH_2               0         -nan%                0         -nan%
FUTGSHARE_CHANGED_SCREWED_OFF_PATH_2                 0         -nan%                0         -nan%
                                                     0         -nan%                0         -nan%
                                                  -nan         -nan              -nan         -nan

FUTGSHARE_CHANGED_CORRECTED_ON_PATH_3                0         -nan%                0         -nan%
FUTGSHARE_CHANGED_SCREWED_ON_PATH_3                  0         -nan%                0         -nan%
                                                     0         -nan%                0         -nan%
                                                  -nan         -nan              -nan         -nan

FUTGSHARE_CHANGED_CORRECTED_OFF_PATH_3               0         -nan%                0         -nan%
FUTGSHARE_CHANGED_SCREWED_OFF_PATH_3                 0         -nan%                0         -nan%
                                                     0         -nan%                0         -nan%
                                                  -nan         -nan              -nan         -nan

FUTGSHARE_CHANGED_CORRECTED_ON_PATH_4                0         -nan%                0         -nan%
FUTGSHARE_CHANGED_SCREWED_ON_PATH_4                  0         -nan%                0         -nan%
                                                     0         -nan%                0         -nan%
                                                  -nan         -nan              -nan         -nan

FUTGSHARE_CHANGED_CORRECTED_OFF_PATH_4               0         -nan%                0         -nan%
FUTGSHARE_CHANGED_SCREWED_OFF_PATH_4                 0         -nan%                0         -nan%
                                                     0         -nan%                0         -nan%
                                                  -nan         -nan              -nan         -nan

FUTGSHARE_CHANGED_CORRECTED_ON_PATH_5                0         -nan%                0         -nan%
FUTGSHARE_CHANGED_SCREWED_ON_PATH_5                  0         -nan%                0         -nan%
                                                     0         -nan%                0         -nan%
                                                  -nan         -nan              -nan         -nan

FUTGSHARE_CHANGED_CORRECTED_OFF_PATH_5               0         -nan%                0         -nan%
FUTGSHARE_CHANGED_SCREWED_OFF_PATH_5                 0         -nan%                0         -nan%
                                                     0         -nan%                0         -nan%
                                                  -nan         -nan              -nan         -nan

FUTGSHARE_CHANGED_CORRECTED_ON_PATH_6                0         -nan%                0         -nan%
FUTGSHARE_CHANGED_SCREWED_ON_PATH_6                  0         -nan%                0         -nan%
                                                     0         -nan%                0         -nan%
                                                  -nan         -nan              -nan         -nan

FUTGSHARE_CHANGED_CORRECTED_OFF_PATH_6               0         -nan%                0         -nan%
FUTGSHARE_CHANGED_SCREWED_OFF_PATH_6                 0         -nan%                0         -nan%
                                                     0         -nan%                0         -nan%
                                                  -nan         -nan              -nan         -nan

FUTGSHARE_CHANGED_CORRECTED_ON_PATH_7                0         -nan%                0         -nan%
FUTGSHARE_CHANGED_SCREWED_ON_PATH_7                  0         -nan%                0         -nan%
                                                     0         -nan%                0         -nan%
                                                  -nan         -nan              -nan         -nan

FUTGSHARE_CHANGED_CORRECTED_OFF_PATH_7               0         -nan%                0         -nan%
FUTGSHARE_CHANGED_SCREWED_OFF_PATH_7                 0         -nan%                0         -nan%
                                                     0         -nan%                0         -nan%
                                                  -nan         -nan              -nan         -nan

FUTGSHARE_CHANGED_CORRECTED_ON_PATH_8                0         -nan%                0         -nan%
FUTGSHARE_CHANGED_SCREWED_ON_PATH_8                  0         -nan%                0         -nan%
                                                     0         -nan%                0         -nan%
                                                  -nan         -nan              -nan         -nan

FUTGSHARE_CHANGED_CORRECTED_OFF_PATH_8               0         -nan%                0         -nan%
FUTGSHARE_CHANGED_SCREWED_OFF_PATH_8                 0         -nan%                0         -nan%
                                                     0         -nan%                0         -nan%
                                                  -nan         -nan              -nan         -nan

FUTGSHARE_CHANGED_CORRECTED_ON_PATH_9                0         -nan%                0         -nan%
FUTGSHARE_CHANGED_SCREWED_ON_PATH_9                  0         -nan%                0         -nan%
                                                     0         -nan%                0         -nan%
                                                  -nan         -nan              -nan         -nan

FUTGSHARE_CHANGED_CORRECTED_OFF_PATH_9               0         -nan%                0         -nan%
FUTGSHARE_CHANGED_SCREWED_OFF_PATH_9                 0         -nan%                0         -nan%
                                                     0         -nan%                0         -nan%
                                                  -nan         -nan              -nan         -nan

FUTGSHARE_CHANGED_CORRECTED_ON_PATH_10               0         -nan%                0         -nan%
FUTGSHARE_CHANGED_SCREWED_ON_PATH_10                 0         -nan%                0         -nan%
                                                     0         -nan%                0         -nan%
                                                  -nan         -nan              -nan         -nan

FUTGSHARE_CHANGED_CORRECTED_OFF_PATH_10              0         -nan%                0         -nan%
FUTGSHARE_CHANGED_SCREWED_OFF_PATH_10                0         -nan%                0         -nan%
                                                     0         -nan%                0         -nan%
                                                  -nan         -nan              -nan         -nan

FUTGSHARE_CHANGED_CORRECTED_ON_PATH_11               0         -nan%                0         -nan%
FUTGSHARE_CHANGED_SCREWED_ON_PATH_11                 0         -nan%                0         -nan%
                                                     0         -nan%                0         -nan%
                                                  -nan         -nan              -nan         -nan

FUTGSHARE_CHANGED_CORRECTED_OFF_PATH_11              0         -nan%                0         -nan%
FUTGSHARE_CHANGED_SCREWED_OFF_PATH_11                0         -nan%                0         -nan%
                                                     0         -nan%                0         -nan%
                                                  -nan         -nan              -nan         -nan

FUTGSHARE_CHANGED_CORRECTED_ON_PATH_12               0         -nan%                0         -nan%
FUTGSHARE_CHANGED_SCREWED_ON_PATH_12                 0         -nan%                0         -nan%
                                                     0         -nan%                0         -nan%
                                                  -nan         -nan              -nan         -nan

FUTGSHARE_CHANGED_CORRECTED_OFF_PATH_12              0         -nan%                0         -nan%
FUTGSHARE_CHANGED_SCREWED_OFF_PATH_12                0         -nan%                0         -nan%
                                                     0         -nan%                0         -nan%
                                                  -nan         -nan              -nan         -nan

FUTGSHARE_CHANGED_CORRECTED_ON_PATH_13               0         -nan%                0         -nan%
FUTGSHARE_CHANGED_SCREWED_ON_PATH_13                 0         -nan%                0         -nan%
                                                     0         -nan%                0         -nan%
                                                  -nan         -nan              -nan         -nan

FUTGSHARE_CHANGED_CORRECTED_OFF_PATH_13              0         -nan%                0         -nan%
FUTGSHARE_CHANGED_SCREWED_OFF_PATH_13                0         -nan%                0         -nan%
                                                     0         -nan%                0         -nan%
                                                  -nan         -nan              -nan         -nan

FUTGSHARE_CHANGED_CORRECTED_ON_PATH_14               0         -nan%                0         -nan%
FUTGSHARE_CHANGED_SCREWED_ON_PATH_14                 0         -nan%                0         -nan%
                                                     0         -nan%                0         -nan%
                                                  -nan         -nan              -nan         -nan

FUTGSHARE_CHANGED_CORRECTED_OFF_PATH_14              0         -nan%                0         -nan%
FUTGSHARE_CHANGED_SCREWED_OFF_PATH_14                0         -nan%                0         -nan%
                                                     0         -nan%                0         -nan%
                                                  -nan         -nan              -nan         -nan

FUTGSHARE_CHANGED_CORRECTED_ON_PATH_15               0         -nan%                0         -nan%
FUTGSHARE_CHANGED_SCREWED_ON_PATH_15                 0         -nan%                0         -nan%
                                                     0         -nan%                0         -nan%
                                                  -nan         -nan              -nan         -nan

FUTGSHARE_CHANGED_CORRECTED_OFF_PATH_15              0         -nan%                0         -nan%
FUTGSHARE_CHANGED_SCREWED_OFF_PATH_15                0         -nan%                0         -nan%
                                                     0         -nan%                0         -nan%
                                                  -nan         -nan              -nan         -nan

FRAGHIST_BIN_0                                       0         -nan%                0         -nan%
FRAGHIST_BIN_1                                       0         -nan%                0         -nan%
FRAGHIST_BIN_2                                       0         -nan%                0         -nan%
FRAGHIST_BIN_3                                       0         -nan%                0         -nan%
FRAGHIST_BIN_4                                       0         -nan%                0         -nan%
FRAGHIST_BIN_5                                       0         -nan%                0         -nan%
FRAGHIST_BIN_6                                       0         -nan%                0         -nan%
FRAGHIST_BIN_7                                       0         -nan%                0         -nan%
FRAGHIST_BIN_8                                       0         -nan%                0         -nan%
FRAGHIST_BIN_9                                       0         -nan%                0         -nan%
FRAGHIST_BIN_10                                      0         -nan%                0         -nan%
FRAGHIST_BIN_11                                      0         -nan%                0         -nan%
FRAGHIST_BIN_12                                      0         -nan%                0         -nan%
FRAGHIST_BIN_13                                      0         -nan%                0         -nan%
FRAGHIST_BIN_14                                      0         -nan%                0         -nan%
FRAGHIST_BIN_15                                      0         -nan%                0         -nan%
FRAGHIST_BIN_16                                      0         -nan%                0         -nan%
FRAGHIST_BIN_17                                      0         -nan%                0         -nan%
FRAGHIST_BIN_18                                      0         -nan%                0         -nan%
FRAGHIST_BIN_19                                      0         -nan%                0         -nan%
FRAGHIST_BIN_20                                      0         -nan%                0         -nan%
FRAGHIST_BIN_21                                      0         -nan%                0         -nan%
FRAGHIST_BIN_22                                      0         -nan%                0         -nan%
FRAGHIST_BIN_23                                      0         -nan%                0         -nan%
FRAGHIST_BIN_24                                      0         -nan%                0         -nan%
FRAGHIST_BIN_25                                      0         -nan%                0         -nan%
FRAGHIST_BIN_26                                      0         -nan%                0         -nan%
FRAGHIST_BIN_27                                      0         -nan%                0         -nan%
FRAGHIST_BIN_28                                      0         -nan%                0         -nan%
FRAGHIST_BIN_29                                      0         -nan%                0         -nan%
FRAGHIST_BIN_30                                      0         -nan%                0         -nan%
FRAGHIST_BIN_31                                      0         -nan%                0         -nan%
FRAGHIST_BIN_32                                      0         -nan%                0         -nan%
                                                     0         -nan%                0         -nan%
                                                  -nan         -nan              -nan         -nan

BTB_UPDATE_BTB_HIT_JITTED_NOT_CF                     0        0.000%                0        0.000%
BTB_UPDATE_BTB_HIT_JITTED_CF_BR                      0        0.000%                0        0.000%
BTB_UPDATE_BTB_HIT_JITTED_CF_CBR                     0        0.000%                0        0.000%
BTB_UPDATE_BTB_HIT_JITTED_CF_CALL                    0        0.000%                0        0.000%
BTB_UPDATE_BTB_HIT_JITTED_CF_IBR                     0        0.000%                0        0.000%
BTB_UPDATE_BTB_HIT_JITTED_CF_ICALL                   3        8.824%                3        8.824%
BTB_UPDATE_BTB_HIT_JITTED_CF_ICO                    31       91.176%               31       91.176%
BTB_UPDATE_BTB_HIT_JITTED_CF_RET                     0        0.000%                0        0.000%
                                                    34      100.000%               34      100.000%
                                                  5.91         0.29              5.91         0.29

RESTEER_BTB_MISS_NOT_CF                         774092       45.284%           926890       44.822%
RESTEER_BTB_MISS_CF_BR                               0        0.000%                0        0.000%
RESTEER_BTB_MISS_CF_CBR                             89        0.005%              206        0.010%
RESTEER_BTB_MISS_CF_REP                             38        0.002%               44        0.002%
RESTEER_BTB_MISS_CF_CALL                             6        0.000%                6        0.000%
RESTEER_BTB_MISS_CF_IBR                            135        0.008%              285        0.014%
RESTEER_BTB_MISS_CF_ICALL                            0        0.000%                0        0.000%
RESTEER_BTB_MISS_CF_ICO                              0        0.000%                0        0.000%
RESTEER_BTB_MISS_CF_RET                              0        0.000%                0        0.000%
RESTEER_RECOVER_AT_EXEC_NOT_CF                    7680        0.449%             9614        0.465%
RESTEER_RECOVER_AT_EXEC_CF_BR                        0        0.000%                0        0.000%
RESTEER_RECOVER_AT_EXEC_CF_CBR                  900846       52.699%          1098509       53.121%
RESTEER_RECOVER_AT_EXEC_CF_REP                     276        0.016%              343        0.017%
RESTEER_RECOVER_AT_EXEC_CF_CALL                      0        0.000%                0        0.000%
RESTEER_RECOVER_AT_EXEC_CF_IBR                      12        0.001%               13        0.001%
RESTEER_RECOVER_AT_EXEC_CF_ICALL                    12        0.001%               12        0.001%
RESTEER_RECOVER_AT_EXEC_CF_ICO                       0        0.000%                0        0.000%
RESTEER_RECOVER_AT_EXEC_CF_RET                   26225        1.534%            32019        1.548%
RESTEER_RECOVER_AT_DECODE_NOT_CF                     0        0.000%                0        0.000%
RESTEER_RECOVER_AT_DECODE_CF_BR                      0        0.000%                0        0.000%
RESTEER_RECOVER_AT_DECODE_CF_CBR                     0        0.000%                0        0.000%
RESTEER_RECOVER_AT_DECODE_CF_REP                     0        0.000%                0        0.000%
RESTEER_RECOVER_AT_DECODE_CF_CALL                    0        0.000%                0        0.000%
RESTEER_RECOVER_AT_DECODE_CF_IBR                     0        0.000%                0        0.000%
RESTEER_RECOVER_AT_DECODE_CF_ICALL                   0        0.000%                0        0.000%
RESTEER_RECOVER_AT_DECODE_CF_ICO                     0        0.000%                0        0.000%
RESTEER_RECOVER_AT_DECODE_CF_RET                     0        0.000%                0        0.000%
RESTEER_NO_TARGET_CF_IBR                             0        0.000%                0        0.000%
RESTEER_NO_TARGET_CF_ICALL                           0        0.000%                0        0.000%
RESTEER_NO_TARGET_CF_ICO                             0        0.000%                0        0.000%
RESTEER_NO_TARGET_CF_RET                             0        0.000%                0        0.000%
                                               1709411      100.000%          2067941      100.000%
                                                  6.10         3.81              6.15         3.79

TAGESCL_COMP_TAGE_BASE_CORRECT                 1745223       16.747%          2147435       17.199%
TAGESCL_COMP_TAGE_BASE_RECOVER_AT_EXEC           23145        0.222%            29246        0.234%
TAGESCL_COMP_TAGE_SHORT_CORRECT                4367522       41.910%          5176807       41.461%
TAGESCL_COMP_TAGE_SHORT_RECOVER_AT_EXEC         396442        3.804%           480893        3.852%
TAGESCL_COMP_TAGE_LONG_CORRECT                 3164231       30.363%          3770730       30.200%
TAGESCL_COMP_TAGE_LONG_RECOVER_AT_EXEC          395642        3.797%           480335        3.847%
TAGESCL_COMP_LOOP_CORRECT                       121155        1.163%           139304        1.116%
TAGESCL_COMP_LOOP_RECOVER_AT_EXEC                  101        0.001%              119        0.001%
TAGESCL_COMP_SC_CORRECT                         121946        1.170%           152694        1.223%
TAGESCL_COMP_SC_RECOVER_AT_EXEC                  85791        0.823%           108259        0.867%
                                              10421198      100.000%         12485822      100.000%
                                                  2.60         1.36              2.59         1.37

TAGESCL_COMP_BTB_MISS_TAGE_BASE_CORRECT        1078023       78.467%          1343946       80.995%
TAGESCL_COMP_BTB_MISS_TAGE_BASE_RECOVER_AT_EXEC           290        0.021%              633        0.038%
TAGESCL_COMP_BTB_MISS_TAGE_SHORT_CORRECT        273137       19.881%           289632       17.455%
TAGESCL_COMP_BTB_MISS_TAGE_SHORT_RECOVER_AT_EXEC           253        0.018%              334        0.020%
TAGESCL_COMP_BTB_MISS_TAGE_LONG_CORRECT          21033        1.531%            23454        1.413%
TAGESCL_COMP_BTB_MISS_TAGE_LONG_RECOVER_AT_EXEC           352        0.026%              419        0.025%
TAGESCL_COMP_BTB_MISS_LOOP_CORRECT                   0        0.000%                0        0.000%
TAGESCL_COMP_BTB_MISS_LOOP_RECOVER_AT_EXEC             2        0.000%                2        0.000%
TAGESCL_COMP_BTB_MISS_SC_CORRECT                   652        0.047%              739        0.045%
TAGESCL_COMP_BTB_MISS_SC_RECOVER_AT_EXEC           116        0.008%              131        0.008%
                                               1373858      100.000%          1659290      100.000%
                                                  0.47         0.84              0.41         0.81

TAGESCL_CONF_0_PER_BASE_RECOVER_AT_EXEC              0        0.000%                0        0.000%
TAGESCL_CONF_1_PER_BASE_RECOVER_AT_EXEC          11263        1.250%            14340        1.305%
TAGESCL_CONF_2_PER_BASE_RECOVER_AT_EXEC              0        0.000%                0        0.000%
TAGESCL_CONF_3_PER_BASE_RECOVER_AT_EXEC          11882        1.319%            14906        1.357%
TAGESCL_CONF_0_PER_SHORT_RECOVER_AT_EXEC         46321        5.140%            57766        5.257%
TAGESCL_CONF_1_PER_SHORT_RECOVER_AT_EXEC         73662        8.174%            93690        8.526%
TAGESCL_CONF_2_PER_SHORT_RECOVER_AT_EXEC         75545        8.383%            91080        8.289%
TAGESCL_CONF_3_PER_SHORT_RECOVER_AT_EXEC        200914       22.296%           238357       21.691%
TAGESCL_CONF_0_PER_LONG_RECOVER_AT_EXEC          68682        7.622%            83546        7.603%
TAGESCL_CONF_1_PER_LONG_RECOVER_AT_EXEC          51856        5.755%            66753        6.075%
TAGESCL_CONF_2_PER_LONG_RECOVER_AT_EXEC          89183        9.897%           107294        9.764%
TAGESCL_CONF_3_PER_LONG_RECOVER_AT_EXEC         185921       20.632%           222742       20.270%
TAGESCL_CONF_0_PER_LOOP_RECOVER_AT_EXEC             11        0.001%               12        0.001%
TAGESCL_CONF_1_PER_LOOP_RECOVER_AT_EXEC              3        0.000%                6        0.001%
TAGESCL_CONF_2_PER_LOOP_RECOVER_AT_EXEC             18        0.002%               19        0.002%
TAGESCL_CONF_3_PER_LOOP_RECOVER_AT_EXEC             69        0.008%               82        0.007%
TAGESCL_CONF_0_PER_SC_RECOVER_AT_EXEC            27358        3.036%            33893        3.084%
TAGESCL_CONF_1_PER_SC_RECOVER_AT_EXEC            38087        4.227%            49547        4.509%
TAGESCL_CONF_2_PER_SC_RECOVER_AT_EXEC            15345        1.703%            18693        1.701%
TAGESCL_CONF_3_PER_SC_RECOVER_AT_EXEC             5001        0.555%             6126        0.557%
                                                901121      100.000%          1098852      100.000%
                                                  8.73         3.61              8.74         3.65

TAGESCL_SC_SMALLLSUM                            156269        1.513%           198297        1.603%
TAGESCL_SC_SMALLLFIRST                               0        0.000%              137        0.001%
TAGESCL_SC_SMALLLSECOND                              0        0.000%               14        0.000%
TAGESCL_SC_IDENTICAL                          10168953       98.487%         12170540       98.396%
                                              10325222      100.000%         12368988      100.000%
                                                  2.95         2.93              2.95         2.93

CRS_UNDERFLOW_ON_PATH                                0        0.000%              110       13.614%
CRS_UNDERFLOW_OFF_PATH                              10      100.000%              698       86.386%
                                                    10      100.000%              808      100.000%
                                                  1.00         1.05              0.86         0.81



