/* -*- Mode: c -*- */
####################################################################################################
Core 0
####################################################################################################
Cumulative:        Cycles: 19326520              Instructions: 30000000              IPC: 1.55227

Periodic:          Cycles: 7109803               Instructions: 9999997               IPC: 1.40651

L0_ALL_PREDICTIONS                             2019706       50.000%          5911405       50.000%
MAIN_ALL_PREDICTIONS                           2019706       50.000%          5911405       50.000%
                                               4039412      100.000%         11822810      100.000%
                                                  0.50         0.50              0.50         0.50

L0_ALL_RECOVER_AT_EXEC                          456942       95.061%          1195219       94.244%
MAIN_ALL_RECOVER_AT_EXEC                         23741        4.939%            72993        5.756%
                                                480683      100.000%          1268212      100.000%
                                                  0.05         0.21              0.06         0.23

L0_ALL_RECOVER_AT_DECODE                             0        0.000%                0        0.000%
MAIN_ALL_RECOVER_AT_DECODE                          19      100.000%              319      100.000%
                                                    19      100.000%              319      100.000%
                                                  1.00         1.03              1.00         1.00

L0_ALL_PREDICTIONS_OFFPATH                     2943430       50.000%          8400595       50.000%
MAIN_ALL_PREDICTIONS_OFFPATH                   2943430       50.000%          8400595       50.000%
                                               5886860      100.000%         16801190      100.000%
                                                  0.50         0.50              0.50         0.50

L0_ALL_RECOVER_AT_EXEC_OFFPATH                  782357       58.354%          2313036       55.188%
MAIN_ALL_RECOVER_AT_EXEC_OFFPATH                558345       41.646%          1878122       44.812%
                                               1340702      100.000%          4191158      100.000%
                                                  0.42         0.46              0.45         0.48

L0_ALL_RECOVER_AT_DECODE_OFFPATH                     0        0.000%                0        0.000%
MAIN_ALL_RECOVER_AT_DECODE_OFFPATH                  18      100.000%              297      100.000%
                                                    18      100.000%              297      100.000%
                                                  1.00         1.03              1.00         1.00

MAIN_CBR_CORRECT                                895050       62.349%          2908321       65.455%
MAIN_CBR_CORRECT_BTB_MISS_NT_NT                 520651       36.269%          1471057       33.108%
MAIN_CBR_RECOVER_AT_EXEC                         19731        1.374%            63258        1.424%
MAIN_CBR_RECOVER_AT_DECODE                           0        0.000%                0        0.000%
MAIN_CBR_RECOVER_BTB_MISS_T_T                        4        0.000%               14        0.000%
MAIN_CBR_RECOVER_BTB_MISS_T_NT                      70        0.005%              206        0.005%
MAIN_CBR_RECOVER_BTB_MISS_NT_T                      35        0.002%              385        0.009%
                                               1435541      100.000%          4443241      100.000%
                                                  0.39         0.41              0.36         0.42

MAIN_BR_CORRECT                                 172666       99.995%           512019       99.972%
MAIN_BR_RECOVER                                      8        0.005%              144        0.028%
                                                172674      100.000%           512163      100.000%
                                                  0.00         0.01              0.00         0.02

MAIN_ICALL_CORRECT_IBTB                          48847       97.156%           112005       96.681%
MAIN_ICALL_CORRECT_BTB                            1422        2.828%             3787        3.269%
MAIN_ICALL_RECOVER_AT_EXEC_IBTB                      0        0.000%                0        0.000%
MAIN_ICALL_RECOVER_AT_EXEC_BTB                       0        0.000%                0        0.000%
MAIN_ICALL_RECOVER_AT_EXEC_XBTB_MISS                 8        0.016%               58        0.050%
                                                 50277      100.000%           115850      100.000%
                                                  0.03         0.17              0.03         0.20

MAIN_IBR_CORRECT_IBTB                            92784       95.826%           212388       95.196%
MAIN_IBR_CORRECT_BTB                              4028        4.160%            10603        4.752%
MAIN_IBR_RECOVER_AT_EXEC_IBTB                        0        0.000%                0        0.000%
MAIN_IBR_RECOVER_AT_EXEC_BTB                        11        0.011%               60        0.027%
MAIN_IBR_RECOVER_AT_EXEC_XBTB_MISS                   2        0.002%               55        0.025%
                                                 96825      100.000%           223106      100.000%
                                                  0.04         0.20              0.05         0.22

MAIN_ICO_CORRECT                                     0         -nan%                0         -nan%
MAIN_ICO_RECOVER                                     0         -nan%                0         -nan%
                                                     0         -nan%                0         -nan%
                                                  -nan         -nan              -nan         -nan

MAIN_RET_CORRECT                                153451       97.531%           357471       97.552%
MAIN_RET_RECOVER                                  3884        2.469%             8971        2.448%
MAIN_RET_RECOVER_UFLOW                               0        0.000%                0        0.000%
                                                157335      100.000%           366442      100.000%
                                                  0.02         0.15              0.02         0.15

MAIN_CALL_CORRECT                               107047       99.993%           250442       99.936%
MAIN_CALL_RECOVER                                    7        0.007%              161        0.064%
                                                107054      100.000%           250603      100.000%
                                                  0.00         0.01              0.00         0.03

L0_CBR_CORRECT                                  498244       34.708%          1509253       33.967%
L0_CBR_CORRECT_BTB_MISS_NT_NT                   712171       49.610%          2276885       51.244%
L0_CBR_RECOVER_AT_EXEC                          104485        7.278%           360128        8.105%
L0_CBR_RECOVER_AT_DECODE                             0        0.000%                0        0.000%
L0_CBR_RECOVER_BTB_MISS_T_T                      74177        5.167%           182370        4.104%
L0_CBR_RECOVER_BTB_MISS_T_NT                     20038        1.396%            50342        1.133%
L0_CBR_RECOVER_BTB_MISS_NT_T                     26426        1.841%            64263        1.446%
                                               1435541      100.000%          4443241      100.000%
                                                  1.03         1.10              0.98         1.01

L0_BR_CORRECT                                   129493       74.993%           410471       80.145%
L0_BR_RECOVER                                    43181       25.007%           101692       19.855%
                                                172674      100.000%           512163      100.000%
                                                  0.25         0.40              0.20         0.37

L0_ICALL_CORRECT_IBTB                                0        0.000%                0        0.000%
L0_ICALL_CORRECT_BTB                               820        1.631%             1958        1.690%
L0_ICALL_RECOVER_AT_EXEC_IBTB                    48847       97.156%           112005       96.681%
L0_ICALL_RECOVER_AT_EXEC_BTB                         0        0.000%                0        0.000%
L0_ICALL_RECOVER_AT_EXEC_XBTB_MISS                 610        1.213%             1887        1.629%
                                                 50277      100.000%           115850      100.000%
                                                  2.01         0.34              2.02         0.38

L0_IBR_CORRECT_IBTB                                  0        0.000%                0        0.000%
L0_IBR_CORRECT_BTB                                3046        3.146%             7458        3.343%
L0_IBR_RECOVER_AT_EXEC_IBTB                      92784       95.826%           212388       95.196%
L0_IBR_RECOVER_AT_EXEC_BTB                           8        0.008%               42        0.019%
L0_IBR_RECOVER_AT_EXEC_XBTB_MISS                   987        1.019%             3218        1.442%
                                                 96825      100.000%           223106      100.000%
                                                  1.99         0.34              2.00         0.39

L0_ICO_CORRECT                                       0         -nan%                0         -nan%
L0_ICO_RECOVER                                       0         -nan%                0         -nan%
                                                     0         -nan%                0         -nan%
                                                  -nan         -nan              -nan         -nan

L0_RET_CORRECT                                  153451       97.531%           357471       97.552%
L0_RET_RECOVER                                    3884        2.469%             8971        2.448%
L0_RET_RECOVER_UFLOW                                 0        0.000%                0        0.000%
                                                157335      100.000%           366442      100.000%
                                                  0.02         0.15              0.02         0.15

L0_CALL_CORRECT                                  65539       61.221%           152690       60.929%
L0_CALL_RECOVER                                  41515       38.779%            97913       39.071%
                                                107054      100.000%           250603      100.000%
                                                  0.39         0.45              0.39         0.45

MAIN_CBR_CORRECT_OFFPATH                        933711       41.632%          2726259       40.775%
MAIN_CBR_CORRECT_BTB_MISS_NT_NT_OFFPATH         842367       37.559%          2295211       34.328%
MAIN_CBR_RECOVER_AT_EXEC_OFFPATH                462182       20.608%          1652946       24.722%
MAIN_CBR_RECOVER_AT_DECODE_OFFPATH                   0        0.000%                0        0.000%
MAIN_CBR_RECOVER_BTB_MISS_T_T_OFFPATH                9        0.000%               65        0.001%
MAIN_CBR_RECOVER_BTB_MISS_T_NT_OFFPATH            4468        0.199%            11424        0.171%
MAIN_CBR_RECOVER_BTB_MISS_NT_T_OFFPATH              19        0.001%              237        0.004%
                                               2242756      100.000%          6686142      100.000%
                                                  0.80         0.59              0.85         0.61

MAIN_BR_CORRECT_OFFPATH                         171085       99.997%           472308       99.978%
MAIN_BR_RECOVER_OFFPATH                              5        0.003%              105        0.022%
                                                171090      100.000%           472413      100.000%
                                                  0.00         0.01              0.00         0.01

MAIN_ICALL_CORRECT_IBTB_OFFPATH                  46327       55.367%           106885       54.955%
MAIN_ICALL_CORRECT_BTB_OFFPATH                   37300       44.578%            87519       44.998%
MAIN_ICALL_RECOVER_AT_EXEC_IBTB_OFFPATH              0        0.000%                0        0.000%
MAIN_ICALL_RECOVER_AT_EXEC_BTB_OFFPATH               0        0.000%                0        0.000%
MAIN_ICALL_RECOVER_AT_EXEC_XBTB_MISS_OFFPATH            46        0.055%               92        0.047%
                                                 83673      100.000%           194496      100.000%
                                                  0.45         0.38              0.45         0.38

MAIN_IBR_CORRECT_IBTB_OFFPATH                    39489       40.477%            90540       40.459%
MAIN_IBR_CORRECT_BTB_OFFPATH                     57394       58.831%           132018       58.995%
MAIN_IBR_RECOVER_AT_EXEC_IBTB_OFFPATH              675        0.692%             1203        0.538%
MAIN_IBR_RECOVER_AT_EXEC_BTB_OFFPATH                 0        0.000%                1        0.000%
MAIN_IBR_RECOVER_AT_EXEC_XBTB_MISS_OFFPATH             0        0.000%               18        0.008%
                                                 97558      100.000%           223780      100.000%
                                                  0.60         0.33              0.60         0.32

MAIN_ICO_CORRECT_OFFPATH                             0         -nan%                0         -nan%
MAIN_ICO_RECOVER_OFFPATH                             0         -nan%                0         -nan%
                                                     0         -nan%                0         -nan%
                                                  -nan         -nan              -nan         -nan

MAIN_RET_CORRECT_OFFPATH                        129835       58.805%           307569       59.174%
MAIN_RET_RECOVER_OFFPATH                         90131       40.822%           210234       40.448%
MAIN_RET_RECOVER_UFLOW_OFFPATH                     824        0.373%             1967        0.378%
                                                220790      100.000%           519770      100.000%
                                                  0.42         0.39              0.41         0.39

MAIN_CALL_CORRECT_OFFPATH                       127559       99.997%           303867       99.958%
MAIN_CALL_RECOVER_OFFPATH                            4        0.003%              127        0.042%
                                                127563      100.000%           303994      100.000%
                                                  0.00         0.01              0.00         0.02

L0_CBR_CORRECT_OFFPATH                          716686       31.956%          2067120       30.916%
L0_CBR_CORRECT_BTB_MISS_NT_NT_OFFPATH          1099909       49.043%          3139017       46.948%
L0_CBR_RECOVER_AT_EXEC_OFFPATH                  215652        9.615%           953298       14.258%
L0_CBR_RECOVER_AT_DECODE_OFFPATH                     0        0.000%                0        0.000%
L0_CBR_RECOVER_BTB_MISS_T_T_OFFPATH             133889        5.970%           325686        4.871%
L0_CBR_RECOVER_BTB_MISS_T_NT_OFFPATH             54352        2.423%           146336        2.189%
L0_CBR_RECOVER_BTB_MISS_NT_T_OFFPATH             22268        0.993%            54685        0.818%
                                               2242756      100.000%          6686142      100.000%
                                                  1.10         1.10              1.11         1.03

L0_BR_CORRECT_OFFPATH                           105766       61.819%           318630       67.447%
L0_BR_RECOVER_OFFPATH                            65324       38.181%           153783       32.553%
                                                171090      100.000%           472413      100.000%
                                                  0.38         0.45              0.33         0.43

L0_ICALL_CORRECT_IBTB_OFFPATH                        0        0.000%                0        0.000%
L0_ICALL_CORRECT_BTB_OFFPATH                     20632       24.658%            46662       23.991%
L0_ICALL_RECOVER_AT_EXEC_IBTB_OFFPATH            46327       55.367%           106885       54.955%
L0_ICALL_RECOVER_AT_EXEC_BTB_OFFPATH                 0        0.000%                0        0.000%
L0_ICALL_RECOVER_AT_EXEC_XBTB_MISS_OFFPATH         16714       19.975%            40949       21.054%
                                                 83673      100.000%           194496      100.000%
                                                  2.15         1.40              2.18         1.43

L0_IBR_CORRECT_IBTB_OFFPATH                          0        0.000%                0        0.000%
L0_IBR_CORRECT_BTB_OFFPATH                       23640       24.232%            53976       24.120%
L0_IBR_RECOVER_AT_EXEC_IBTB_OFFPATH              40164       41.169%            91743       40.997%
L0_IBR_RECOVER_AT_EXEC_BTB_OFFPATH                   0        0.000%                0        0.000%
L0_IBR_RECOVER_AT_EXEC_XBTB_MISS_OFFPATH         33754       34.599%            78061       34.883%
                                                 97558      100.000%           223780      100.000%
                                                  2.45         1.87              2.46         1.88

L0_ICO_CORRECT_OFFPATH                               0         -nan%                0         -nan%
L0_ICO_RECOVER_OFFPATH                               0         -nan%                0         -nan%
                                                     0         -nan%                0         -nan%
                                                  -nan         -nan              -nan         -nan

L0_RET_CORRECT_OFFPATH                          129835       58.805%           307569       59.174%
L0_RET_RECOVER_OFFPATH                           90131       40.822%           210234       40.448%
L0_RET_RECOVER_UFLOW_OFFPATH                       824        0.373%             1967        0.378%
                                                220790      100.000%           519770      100.000%
                                                  0.42         0.39              0.41         0.39

L0_CALL_CORRECT_OFFPATH                          64605       50.646%           154585       50.851%
L0_CALL_RECOVER_OFFPATH                          62958       49.354%           149409       49.149%
                                                127563      100.000%           303994      100.000%
                                                  0.49         0.50              0.49         0.50

ALL_BTB_CORRECT                                1341551       72.035%          4072654       73.448%
ALL_BTB_INCORRECT_BUT_TARGET_CORRECT                 0        0.000%                0        0.000%
ALL_BTB_INCORRECT                               520820       27.965%          1472309       26.552%
                                               1862371      100.000%          5544963      100.000%
                                                  0.56         0.82              0.53         0.80

ALL_IBTB_CORRECT                                141631       96.281%           324393       95.704%
ALL_IBTB_INCORRECT                                5471        3.719%            14563        4.296%
                                                147102      100.000%           338956      100.000%
                                                  0.04         0.19              0.04         0.20

ALL_BTB_CORRECT_OFFPATH                        1875722       68.894%          5573545       70.723%
ALL_BTB_INCORRECT_BUT_TARGET_CORRECT_OFFPATH             0        0.000%                0        0.000%
ALL_BTB_INCORRECT_OFFPATH                       846918       31.106%          2307280       29.277%
                                               2722640      100.000%          7880825      100.000%
                                                  0.62         0.84              0.59         0.83

ALL_IBTB_CORRECT_OFFPATH                         85816       47.352%           197425       47.200%
ALL_IBTB_INCORRECT_OFFPATH                       95415       52.648%           220851       52.800%
                                                181231      100.000%           418276      100.000%
                                                  0.53         0.51              0.53         0.51

CRS_MISS                                          7768        2.469%            17942        2.448%
CRS_HIT                                         306902       97.531%           714942       97.552%
                                                314670      100.000%           732884      100.000%
                                                  0.98         0.96              0.98         0.96

CRS_MISS_OFFPATH                                181910       41.195%           424402       40.826%
CRS_HIT_OFFPATH                                 259670       58.805%           615138       59.174%
                                                441580      100.000%          1039540      100.000%
                                                  0.59         0.55              0.59         0.55

CRS_CLOBBER                                          0                              0              

IBTB_TARG_CACHE_MISS                              5471        3.719%            14563        4.296%
IBTB_TARG_CACHE_HIT                             141631       96.281%           324393       95.704%
                                                147102      100.000%           338956      100.000%
                                                  0.96         0.95              0.96         0.94

IBTB_TARG_CACHE_MISS_OFFPATH                     95415       52.648%           220851       52.800%
IBTB_TARG_CACHE_HIT_OFFPATH                      85816       47.352%           197425       47.200%
                                                181231      100.000%           418276      100.000%
                                                  0.47         0.49              0.47         0.49

IBTB_TARG_CACHE_WRITE                           147103       84.694%           338956       84.728%
IBTB_TARG_CACHE_WRITE_OFFPATH                    26585       15.306%            61096       15.272%
                                                173688      100.000%           400052      100.000%
                                                  0.15         0.34              0.15         0.34

BTB_WRITE                                        48445       99.915%           114437       99.779%
BTB_WRITE_OFFPATH                                   41        0.085%              254        0.221%
                                                 48486      100.000%           114691      100.000%
                                                  0.00         0.03              0.00         0.05

BTB_L0_CORRECT                                  879871       47.245%          2622074       47.287%
BTB_L0_INCORRECT_BUT_TARGET_CORRECT                  0        0.000%                0        0.000%
BTB_L0_INCORRECT                                982500       52.755%          2922889       52.713%
                                               1862371      100.000%          5544963      100.000%
                                                  1.06         1.03              1.05         1.03

BTB_L1_CORRECT                                 1341488       72.031%          4072518       73.445%
BTB_L1_INCORRECT_BUT_TARGET_CORRECT                  0        0.000%                0        0.000%
BTB_L1_INCORRECT                                520883       27.969%          1472445       26.555%
                                               1862371      100.000%          5544963      100.000%
                                                  0.56         0.82              0.53         0.80

BTB_MAIN_CORRECT                               1341551       72.035%          4072654       73.448%
BTB_MAIN_INCORRECT_BUT_TARGET_CORRECT                0        0.000%                0        0.000%
BTB_MAIN_INCORRECT                              520820       27.965%          1472309       26.552%
                                               1862371      100.000%          5544963      100.000%
                                                  0.56         0.82              0.53         0.80

BTB_L0_CORRECT_OFFPATH                         1206455       44.312%          3729836       47.328%
BTB_L0_INCORRECT_BUT_TARGET_CORRECT_OFFPATH             0        0.000%                0        0.000%
BTB_L0_INCORRECT_OFFPATH                       1516185       55.688%          4150989       52.672%
                                               2722640      100.000%          7880825      100.000%
                                                  1.11         1.06              1.05         1.03

BTB_L1_CORRECT_OFFPATH                         1875666       68.891%          5573424       70.721%
BTB_L1_INCORRECT_BUT_TARGET_CORRECT_OFFPATH             0        0.000%                0        0.000%
BTB_L1_INCORRECT_OFFPATH                        846974       31.109%          2307401       29.279%
                                               2722640      100.000%          7880825      100.000%
                                                  0.62         0.84              0.59         0.83

BTB_MAIN_CORRECT_OFFPATH                       1875722       68.894%          5573545       70.723%
BTB_MAIN_INCORRECT_BUT_TARGET_CORRECT_OFFPATH             0        0.000%                0        0.000%
BTB_MAIN_INCORRECT_OFFPATH                      846918       31.106%          2307280       29.277%
                                               2722640      100.000%          7880825      100.000%
                                                  0.62         0.84              0.59         0.83

TARG_HYBRID_CORRECT_TAGLESS                          0         -nan%                0         -nan%
TARG_HYBRID_CORRECT_TAGGED                           0         -nan%                0         -nan%
TARG_HYBRID_RECOVER_AT_EXEC_TAGLESS                  0         -nan%                0         -nan%
TARG_HYBRID_RECOVER_AT_EXEC_TAGGED                   0         -nan%                0         -nan%
TARG_HYBRID_NO_PRED                                  0         -nan%                0         -nan%
                                                     0         -nan%                0         -nan%
                                                  -nan         -nan              -nan         -nan

BP_L0_EARLY_RECOVERIES                          456942       95.057%          1195219       94.221%
BP_MAIN_EXEC_RECOVERIES                          23741        4.939%            72993        5.754%
BP_MAIN_DECODE_RECOVERIES                           19        0.004%              319        0.025%
                                                480702      100.000%          1268531      100.000%
                                                  0.05         0.21              0.06         0.23

SCHEDULED_L0_EARLY_RECOVERIES                   440417       94.881%          1150405       94.009%
SCHEDULED_MAIN_EXEC_RECOVERIES                   23741        5.115%            72993        5.965%
SCHEDULED_MAIN_DECODE_RECOVERIES                    19        0.004%              319        0.026%
                                                464177      100.000%          1223717      100.000%
                                                  0.05         0.21              0.06         0.23

PERFORMED_RECOVERIES                            464177                        1223717              

PERFORMED_RECOVERY_LAT                         5041586                       13583157              

SCHEDULED_MAIN_DECODE_LAT                         2072                          23104              

SCHEDULED_MAIN_EXEC_LAT                        3830275                       10346537              

SCHEDULED_L0_EARLY_LAT                               0                              0              

MAIN_BRANCH_RESOLVE_AT_DECODE_LAT_1                  0        0.000%                0        0.000%
MAIN_BRANCH_RESOLVE_AT_DECODE_LAT_2                  0        0.000%                3        0.940%
MAIN_BRANCH_RESOLVE_AT_DECODE_LAT_3                  0        0.000%                0        0.000%
MAIN_BRANCH_RESOLVE_AT_DECODE_LAT_4                  0        0.000%                1        0.313%
MAIN_BRANCH_RESOLVE_AT_DECODE_LAT_5                  0        0.000%                0        0.000%
MAIN_BRANCH_RESOLVE_AT_DECODE_LAT_6                  0        0.000%                0        0.000%
MAIN_BRANCH_RESOLVE_AT_DECODE_LAT_7                  0        0.000%                0        0.000%
MAIN_BRANCH_RESOLVE_AT_DECODE_LAT_8                  6       31.579%              121       37.931%
MAIN_BRANCH_RESOLVE_AT_DECODE_LAT_9                  3       15.789%               37       11.599%
MAIN_BRANCH_RESOLVE_AT_DECODE_LAT_10                 2       10.526%               15        4.702%
MAIN_BRANCH_RESOLVE_AT_DECODE_LAT_11                 0        0.000%                3        0.940%
MAIN_BRANCH_RESOLVE_AT_DECODE_LAT_12                 0        0.000%                4        1.254%
MAIN_BRANCH_RESOLVE_AT_DECODE_LAT_13                 0        0.000%                4        1.254%
MAIN_BRANCH_RESOLVE_AT_DECODE_LAT_14                 0        0.000%                5        1.567%
MAIN_BRANCH_RESOLVE_AT_DECODE_LAT_15                 0        0.000%                4        1.254%
MAIN_BRANCH_RESOLVE_AT_DECODE_LAT_16                 1        5.263%                3        0.940%
MAIN_BRANCH_RESOLVE_AT_DECODE_LAT_17                 0        0.000%                0        0.000%
MAIN_BRANCH_RESOLVE_AT_DECODE_LAT_18                 0        0.000%                1        0.313%
MAIN_BRANCH_RESOLVE_AT_DECODE_LAT_19                 0        0.000%                0        0.000%
MAIN_BRANCH_RESOLVE_AT_DECODE_LAT_20                 0        0.000%                4        1.254%
MAIN_BRANCH_RESOLVE_AT_DECODE_LAT_21                 0        0.000%                1        0.313%
MAIN_BRANCH_RESOLVE_AT_DECODE_LAT_22                 0        0.000%                0        0.000%
MAIN_BRANCH_RESOLVE_AT_DECODE_LAT_23                 0        0.000%                2        0.627%
MAIN_BRANCH_RESOLVE_AT_DECODE_LAT_24                 0        0.000%                2        0.627%
MAIN_BRANCH_RESOLVE_AT_DECODE_LAT_25                 1        5.263%               21        6.583%
MAIN_BRANCH_RESOLVE_AT_DECODE_LAT_26                 0        0.000%                5        1.567%
MAIN_BRANCH_RESOLVE_AT_DECODE_LAT_27                 0        0.000%                0        0.000%
MAIN_BRANCH_RESOLVE_AT_DECODE_LAT_28                 0        0.000%                1        0.313%
MAIN_BRANCH_RESOLVE_AT_DECODE_LAT_29                 0        0.000%                2        0.627%
MAIN_BRANCH_RESOLVE_AT_DECODE_LAT_30                 0        0.000%                1        0.313%
MAIN_BRANCH_RESOLVE_AT_DECODE_LAT_31                 0        0.000%                0        0.000%
MAIN_BRANCH_RESOLVE_AT_DECODE_LAT_32                 0        0.000%                1        0.313%
MAIN_BRANCH_RESOLVE_AT_DECODE_LAT_33                 0        0.000%                0        0.000%
MAIN_BRANCH_RESOLVE_AT_DECODE_LAT_34                 0        0.000%                1        0.313%
MAIN_BRANCH_RESOLVE_AT_DECODE_LAT_35                 0        0.000%                0        0.000%
MAIN_BRANCH_RESOLVE_AT_DECODE_LAT_36                 0        0.000%                1        0.313%
MAIN_BRANCH_RESOLVE_AT_DECODE_LAT_37                 0        0.000%                0        0.000%
MAIN_BRANCH_RESOLVE_AT_DECODE_LAT_38                 0        0.000%                0        0.000%
MAIN_BRANCH_RESOLVE_AT_DECODE_LAT_39                 0        0.000%                0        0.000%
MAIN_BRANCH_RESOLVE_AT_DECODE_LAT_40                 0        0.000%                0        0.000%
MAIN_BRANCH_RESOLVE_AT_DECODE_LAT_41                 0        0.000%                1        0.313%
MAIN_BRANCH_RESOLVE_AT_DECODE_LAT_42                 0        0.000%                0        0.000%
MAIN_BRANCH_RESOLVE_AT_DECODE_LAT_43                 0        0.000%                0        0.000%
MAIN_BRANCH_RESOLVE_AT_DECODE_LAT_44                 0        0.000%                1        0.313%
MAIN_BRANCH_RESOLVE_AT_DECODE_LAT_45                 0        0.000%                0        0.000%
MAIN_BRANCH_RESOLVE_AT_DECODE_LAT_46                 0        0.000%                0        0.000%
MAIN_BRANCH_RESOLVE_AT_DECODE_LAT_47                 0        0.000%                0        0.000%
MAIN_BRANCH_RESOLVE_AT_DECODE_LAT_48                 0        0.000%                1        0.313%
MAIN_BRANCH_RESOLVE_AT_DECODE_LAT_49                 0        0.000%                0        0.000%
MAIN_BRANCH_RESOLVE_AT_DECODE_LAT_50                 0        0.000%                1        0.313%
MAIN_BRANCH_RESOLVE_AT_DECODE_LAT_51                 0        0.000%                0        0.000%
MAIN_BRANCH_RESOLVE_AT_DECODE_LAT_52                 0        0.000%                0        0.000%
MAIN_BRANCH_RESOLVE_AT_DECODE_LAT_53                 0        0.000%                1        0.313%
MAIN_BRANCH_RESOLVE_AT_DECODE_LAT_54                 0        0.000%                0        0.000%
MAIN_BRANCH_RESOLVE_AT_DECODE_LAT_55                 0        0.000%                0        0.000%
MAIN_BRANCH_RESOLVE_AT_DECODE_LAT_56                 0        0.000%                0        0.000%
MAIN_BRANCH_RESOLVE_AT_DECODE_LAT_57                 0        0.000%                0        0.000%
MAIN_BRANCH_RESOLVE_AT_DECODE_LAT_58                 0        0.000%                0        0.000%
MAIN_BRANCH_RESOLVE_AT_DECODE_LAT_59                 0        0.000%                0        0.000%
MAIN_BRANCH_RESOLVE_AT_DECODE_LAT_60                 0        0.000%                0        0.000%
MAIN_BRANCH_RESOLVE_AT_DECODE_LAT_61                 0        0.000%                0        0.000%
MAIN_BRANCH_RESOLVE_AT_DECODE_LAT_62                 0        0.000%                0        0.000%
MAIN_BRANCH_RESOLVE_AT_DECODE_LAT_63                 0        0.000%                0        0.000%
MAIN_BRANCH_RESOLVE_AT_DECODE_LAT_64                 0        0.000%                0        0.000%
MAIN_BRANCH_RESOLVE_AT_DECODE_LAT_65                 0        0.000%                1        0.313%
MAIN_BRANCH_RESOLVE_AT_DECODE_LAT_66                 0        0.000%                0        0.000%
MAIN_BRANCH_RESOLVE_AT_DECODE_LAT_67                 0        0.000%                1        0.313%
MAIN_BRANCH_RESOLVE_AT_DECODE_LAT_68                 0        0.000%                0        0.000%
MAIN_BRANCH_RESOLVE_AT_DECODE_LAT_69                 0        0.000%                1        0.313%
MAIN_BRANCH_RESOLVE_AT_DECODE_LAT_70                 0        0.000%                0        0.000%
MAIN_BRANCH_RESOLVE_AT_DECODE_LAT_71                 0        0.000%                0        0.000%
MAIN_BRANCH_RESOLVE_AT_DECODE_LAT_72                 0        0.000%                0        0.000%
MAIN_BRANCH_RESOLVE_AT_DECODE_LAT_73                 0        0.000%                0        0.000%
MAIN_BRANCH_RESOLVE_AT_DECODE_LAT_74                 0        0.000%                0        0.000%
MAIN_BRANCH_RESOLVE_AT_DECODE_LAT_75                 0        0.000%                0        0.000%
MAIN_BRANCH_RESOLVE_AT_DECODE_LAT_76                 0        0.000%                0        0.000%
MAIN_BRANCH_RESOLVE_AT_DECODE_LAT_77                 0        0.000%                0        0.000%
MAIN_BRANCH_RESOLVE_AT_DECODE_LAT_78                 0        0.000%                0        0.000%
MAIN_BRANCH_RESOLVE_AT_DECODE_LAT_79                 0        0.000%                0        0.000%
MAIN_BRANCH_RESOLVE_AT_DECODE_LAT_80                 0        0.000%                0        0.000%
MAIN_BRANCH_RESOLVE_AT_DECODE_LAT_81                 0        0.000%                0        0.000%
MAIN_BRANCH_RESOLVE_AT_DECODE_LAT_82                 0        0.000%                0        0.000%
MAIN_BRANCH_RESOLVE_AT_DECODE_LAT_83                 0        0.000%                0        0.000%
MAIN_BRANCH_RESOLVE_AT_DECODE_LAT_84                 0        0.000%                0        0.000%
MAIN_BRANCH_RESOLVE_AT_DECODE_LAT_85                 0        0.000%                0        0.000%
MAIN_BRANCH_RESOLVE_AT_DECODE_LAT_86                 0        0.000%                0        0.000%
MAIN_BRANCH_RESOLVE_AT_DECODE_LAT_87                 0        0.000%                0        0.000%
MAIN_BRANCH_RESOLVE_AT_DECODE_LAT_88                 0        0.000%                0        0.000%
MAIN_BRANCH_RESOLVE_AT_DECODE_LAT_89                 0        0.000%                0        0.000%
MAIN_BRANCH_RESOLVE_AT_DECODE_LAT_90                 0        0.000%                0        0.000%
MAIN_BRANCH_RESOLVE_AT_DECODE_LAT_91                 0        0.000%                0        0.000%
MAIN_BRANCH_RESOLVE_AT_DECODE_LAT_92                 0        0.000%                0        0.000%
MAIN_BRANCH_RESOLVE_AT_DECODE_LAT_93                 0        0.000%                0        0.000%
MAIN_BRANCH_RESOLVE_AT_DECODE_LAT_94                 0        0.000%                0        0.000%
MAIN_BRANCH_RESOLVE_AT_DECODE_LAT_95                 0        0.000%                0        0.000%
MAIN_BRANCH_RESOLVE_AT_DECODE_LAT_96                 0        0.000%                0        0.000%
MAIN_BRANCH_RESOLVE_AT_DECODE_LAT_97                 0        0.000%                0        0.000%
MAIN_BRANCH_RESOLVE_AT_DECODE_LAT_98                 0        0.000%                0        0.000%
MAIN_BRANCH_RESOLVE_AT_DECODE_LAT_99                 0        0.000%                0        0.000%
MAIN_BRANCH_RESOLVE_AT_DECODE_LAT_100                0        0.000%                1        0.313%
MAIN_BRANCH_RESOLVE_AT_DECODE_LAT_GT100              6       31.579%               67       21.003%
                                                    19      100.000%              319      100.000%
                                                 38.05        48.66             30.86        39.76

MAIN_BRANCH_RESOLVE_AT_EXEC_LAT_1                    0        0.000%                0        0.000%
MAIN_BRANCH_RESOLVE_AT_EXEC_LAT_2                    0        0.000%                0        0.000%
MAIN_BRANCH_RESOLVE_AT_EXEC_LAT_3                    0        0.000%                0        0.000%
MAIN_BRANCH_RESOLVE_AT_EXEC_LAT_4                    0        0.000%                0        0.000%
MAIN_BRANCH_RESOLVE_AT_EXEC_LAT_5                    0        0.000%                0        0.000%
MAIN_BRANCH_RESOLVE_AT_EXEC_LAT_6                    0        0.000%                0        0.000%
MAIN_BRANCH_RESOLVE_AT_EXEC_LAT_7                    0        0.000%                0        0.000%
MAIN_BRANCH_RESOLVE_AT_EXEC_LAT_8                    0        0.000%                0        0.000%
MAIN_BRANCH_RESOLVE_AT_EXEC_LAT_9                    0        0.000%                0        0.000%
MAIN_BRANCH_RESOLVE_AT_EXEC_LAT_10                   0        0.000%                4        0.005%
MAIN_BRANCH_RESOLVE_AT_EXEC_LAT_11                  97        0.409%              333        0.456%
MAIN_BRANCH_RESOLVE_AT_EXEC_LAT_12                 367        1.546%             1181        1.618%
MAIN_BRANCH_RESOLVE_AT_EXEC_LAT_13                  19        0.080%              114        0.156%
MAIN_BRANCH_RESOLVE_AT_EXEC_LAT_14                   6        0.025%               42        0.058%
MAIN_BRANCH_RESOLVE_AT_EXEC_LAT_15                  23        0.097%              105        0.144%
MAIN_BRANCH_RESOLVE_AT_EXEC_LAT_16                 110        0.463%              296        0.406%
MAIN_BRANCH_RESOLVE_AT_EXEC_LAT_17                 109        0.459%              503        0.689%
MAIN_BRANCH_RESOLVE_AT_EXEC_LAT_18                 458        1.929%             1981        2.714%
MAIN_BRANCH_RESOLVE_AT_EXEC_LAT_19                 234        0.986%             1048        1.436%
MAIN_BRANCH_RESOLVE_AT_EXEC_LAT_20                  68        0.286%              354        0.485%
MAIN_BRANCH_RESOLVE_AT_EXEC_LAT_21                  59        0.249%              224        0.307%
MAIN_BRANCH_RESOLVE_AT_EXEC_LAT_22                 152        0.640%              412        0.564%
MAIN_BRANCH_RESOLVE_AT_EXEC_LAT_23                 149        0.628%              506        0.693%
MAIN_BRANCH_RESOLVE_AT_EXEC_LAT_24                 486        2.047%             1561        2.139%
MAIN_BRANCH_RESOLVE_AT_EXEC_LAT_25                 305        1.285%              833        1.141%
MAIN_BRANCH_RESOLVE_AT_EXEC_LAT_26                 342        1.441%             1014        1.389%
MAIN_BRANCH_RESOLVE_AT_EXEC_LAT_27                 397        1.672%             1090        1.493%
MAIN_BRANCH_RESOLVE_AT_EXEC_LAT_28                 401        1.689%             1305        1.788%
MAIN_BRANCH_RESOLVE_AT_EXEC_LAT_29                 572        2.409%             2610        3.576%
MAIN_BRANCH_RESOLVE_AT_EXEC_LAT_30                 382        1.609%             1235        1.692%
MAIN_BRANCH_RESOLVE_AT_EXEC_LAT_31                 127        0.535%              421        0.577%
MAIN_BRANCH_RESOLVE_AT_EXEC_LAT_32                 173        0.729%              436        0.597%
MAIN_BRANCH_RESOLVE_AT_EXEC_LAT_33                 191        0.805%              565        0.774%
MAIN_BRANCH_RESOLVE_AT_EXEC_LAT_34                 128        0.539%              440        0.603%
MAIN_BRANCH_RESOLVE_AT_EXEC_LAT_35                 272        1.146%              671        0.919%
MAIN_BRANCH_RESOLVE_AT_EXEC_LAT_36                 353        1.487%              869        1.191%
MAIN_BRANCH_RESOLVE_AT_EXEC_LAT_37                 310        1.306%              793        1.086%
MAIN_BRANCH_RESOLVE_AT_EXEC_LAT_38                 491        2.068%             1059        1.451%
MAIN_BRANCH_RESOLVE_AT_EXEC_LAT_39                 346        1.457%              886        1.214%
MAIN_BRANCH_RESOLVE_AT_EXEC_LAT_40                1138        4.793%             2532        3.469%
MAIN_BRANCH_RESOLVE_AT_EXEC_LAT_41                 135        0.569%              630        0.863%
MAIN_BRANCH_RESOLVE_AT_EXEC_LAT_42                 198        0.834%              589        0.807%
MAIN_BRANCH_RESOLVE_AT_EXEC_LAT_43                 170        0.716%              647        0.886%
MAIN_BRANCH_RESOLVE_AT_EXEC_LAT_44                 262        1.104%             1326        1.817%
MAIN_BRANCH_RESOLVE_AT_EXEC_LAT_45                 312        1.314%              911        1.248%
MAIN_BRANCH_RESOLVE_AT_EXEC_LAT_46                 270        1.137%              617        0.845%
MAIN_BRANCH_RESOLVE_AT_EXEC_LAT_47                 161        0.678%              341        0.467%
MAIN_BRANCH_RESOLVE_AT_EXEC_LAT_48                 150        0.632%              443        0.607%
MAIN_BRANCH_RESOLVE_AT_EXEC_LAT_49                 135        0.569%              332        0.455%
MAIN_BRANCH_RESOLVE_AT_EXEC_LAT_50                  71        0.299%              193        0.264%
MAIN_BRANCH_RESOLVE_AT_EXEC_LAT_51                 154        0.649%              411        0.563%
MAIN_BRANCH_RESOLVE_AT_EXEC_LAT_52                 125        0.527%              289        0.396%
MAIN_BRANCH_RESOLVE_AT_EXEC_LAT_53                 104        0.438%              411        0.563%
MAIN_BRANCH_RESOLVE_AT_EXEC_LAT_54                 150        0.632%              832        1.140%
MAIN_BRANCH_RESOLVE_AT_EXEC_LAT_55                 193        0.813%              864        1.184%
MAIN_BRANCH_RESOLVE_AT_EXEC_LAT_56                 133        0.560%              604        0.827%
MAIN_BRANCH_RESOLVE_AT_EXEC_LAT_57                 127        0.535%              440        0.603%
MAIN_BRANCH_RESOLVE_AT_EXEC_LAT_58                  51        0.215%              156        0.214%
MAIN_BRANCH_RESOLVE_AT_EXEC_LAT_59                  23        0.097%              178        0.244%
MAIN_BRANCH_RESOLVE_AT_EXEC_LAT_60                  51        0.215%              156        0.214%
MAIN_BRANCH_RESOLVE_AT_EXEC_LAT_61                  30        0.126%               96        0.132%
MAIN_BRANCH_RESOLVE_AT_EXEC_LAT_62                  22        0.093%               63        0.086%
MAIN_BRANCH_RESOLVE_AT_EXEC_LAT_63                  23        0.097%               73        0.100%
MAIN_BRANCH_RESOLVE_AT_EXEC_LAT_64                  17        0.072%               68        0.093%
MAIN_BRANCH_RESOLVE_AT_EXEC_LAT_65                  38        0.160%              106        0.145%
MAIN_BRANCH_RESOLVE_AT_EXEC_LAT_66                  34        0.143%               87        0.119%
MAIN_BRANCH_RESOLVE_AT_EXEC_LAT_67                  38        0.160%              109        0.149%
MAIN_BRANCH_RESOLVE_AT_EXEC_LAT_68                  45        0.190%              204        0.279%
MAIN_BRANCH_RESOLVE_AT_EXEC_LAT_69                  55        0.232%              244        0.334%
MAIN_BRANCH_RESOLVE_AT_EXEC_LAT_70                  86        0.362%              231        0.316%
MAIN_BRANCH_RESOLVE_AT_EXEC_LAT_71                  55        0.232%              154        0.211%
MAIN_BRANCH_RESOLVE_AT_EXEC_LAT_72                  58        0.244%              159        0.218%
MAIN_BRANCH_RESOLVE_AT_EXEC_LAT_73                  41        0.173%              144        0.197%
MAIN_BRANCH_RESOLVE_AT_EXEC_LAT_74                  79        0.333%              273        0.374%
MAIN_BRANCH_RESOLVE_AT_EXEC_LAT_75                  71        0.299%              173        0.237%
MAIN_BRANCH_RESOLVE_AT_EXEC_LAT_76                 112        0.472%              265        0.363%
MAIN_BRANCH_RESOLVE_AT_EXEC_LAT_77                  78        0.329%              198        0.271%
MAIN_BRANCH_RESOLVE_AT_EXEC_LAT_78                 119        0.501%              315        0.432%
MAIN_BRANCH_RESOLVE_AT_EXEC_LAT_79                 175        0.737%              619        0.848%
MAIN_BRANCH_RESOLVE_AT_EXEC_LAT_80                 138        0.581%              461        0.632%
MAIN_BRANCH_RESOLVE_AT_EXEC_LAT_81                 136        0.573%              567        0.777%
MAIN_BRANCH_RESOLVE_AT_EXEC_LAT_82                 106        0.446%              313        0.429%
MAIN_BRANCH_RESOLVE_AT_EXEC_LAT_83                 139        0.585%              360        0.493%
MAIN_BRANCH_RESOLVE_AT_EXEC_LAT_84                  89        0.375%              335        0.459%
MAIN_BRANCH_RESOLVE_AT_EXEC_LAT_85                 106        0.446%              252        0.345%
MAIN_BRANCH_RESOLVE_AT_EXEC_LAT_86                  59        0.249%              180        0.247%
MAIN_BRANCH_RESOLVE_AT_EXEC_LAT_87                  71        0.299%              207        0.284%
MAIN_BRANCH_RESOLVE_AT_EXEC_LAT_88                  46        0.194%              132        0.181%
MAIN_BRANCH_RESOLVE_AT_EXEC_LAT_89                  61        0.257%              179        0.245%
MAIN_BRANCH_RESOLVE_AT_EXEC_LAT_90                  51        0.215%              141        0.193%
MAIN_BRANCH_RESOLVE_AT_EXEC_LAT_91                  51        0.215%              116        0.159%
MAIN_BRANCH_RESOLVE_AT_EXEC_LAT_92                  48        0.202%              111        0.152%
MAIN_BRANCH_RESOLVE_AT_EXEC_LAT_93                  48        0.202%              151        0.207%
MAIN_BRANCH_RESOLVE_AT_EXEC_LAT_94                  46        0.194%              201        0.275%
MAIN_BRANCH_RESOLVE_AT_EXEC_LAT_95                  22        0.093%              111        0.152%
MAIN_BRANCH_RESOLVE_AT_EXEC_LAT_96                  19        0.080%               80        0.110%
MAIN_BRANCH_RESOLVE_AT_EXEC_LAT_97                  32        0.135%              115        0.158%
MAIN_BRANCH_RESOLVE_AT_EXEC_LAT_98                  47        0.198%              177        0.242%
MAIN_BRANCH_RESOLVE_AT_EXEC_LAT_99                  86        0.362%              324        0.444%
MAIN_BRANCH_RESOLVE_AT_EXEC_LAT_100                 32        0.135%              138        0.189%
MAIN_BRANCH_RESOLVE_AT_EXEC_LAT_GT100             9892       41.666%            28968       39.686%
                                                 23741      100.000%            72993      100.000%
                                                 66.24        53.92             64.88        52.63

PRED_TO_UPDATE_CYCLES_0                              0         -nan%                0         -nan%
PRED_TO_UPDATE_CYCLES_1                              0         -nan%                0         -nan%
PRED_TO_UPDATE_CYCLES_2                              0         -nan%                0         -nan%
PRED_TO_UPDATE_CYCLES_3                              0         -nan%                0         -nan%
PRED_TO_UPDATE_CYCLES_4                              0         -nan%                0         -nan%
PRED_TO_UPDATE_CYCLES_5                              0         -nan%                0         -nan%
PRED_TO_UPDATE_CYCLES_6                              0         -nan%                0         -nan%
PRED_TO_UPDATE_CYCLES_7                              0         -nan%                0         -nan%
PRED_TO_UPDATE_CYCLES_8                              0         -nan%                0         -nan%
PRED_TO_UPDATE_CYCLES_9                              0         -nan%                0         -nan%
PRED_TO_UPDATE_CYCLES_10                             0         -nan%                0         -nan%
PRED_TO_UPDATE_CYCLES_11                             0         -nan%                0         -nan%
PRED_TO_UPDATE_CYCLES_12                             0         -nan%                0         -nan%
PRED_TO_UPDATE_CYCLES_13                             0         -nan%                0         -nan%
PRED_TO_UPDATE_CYCLES_14                             0         -nan%                0         -nan%
PRED_TO_UPDATE_CYCLES_15                             0         -nan%                0         -nan%
PRED_TO_UPDATE_CYCLES_16                             0         -nan%                0         -nan%
PRED_TO_UPDATE_CYCLES_17                             0         -nan%                0         -nan%
PRED_TO_UPDATE_CYCLES_18                             0         -nan%                0         -nan%
PRED_TO_UPDATE_CYCLES_19                             0         -nan%                0         -nan%
PRED_TO_UPDATE_CYCLES_20                             0         -nan%                0         -nan%
PRED_TO_UPDATE_CYCLES_21                             0         -nan%                0         -nan%
PRED_TO_UPDATE_CYCLES_22                             0         -nan%                0         -nan%
PRED_TO_UPDATE_CYCLES_23                             0         -nan%                0         -nan%
PRED_TO_UPDATE_CYCLES_24                             0         -nan%                0         -nan%
PRED_TO_UPDATE_CYCLES_25                             0         -nan%                0         -nan%
PRED_TO_UPDATE_CYCLES_26                             0         -nan%                0         -nan%
PRED_TO_UPDATE_CYCLES_27                             0         -nan%                0         -nan%
PRED_TO_UPDATE_CYCLES_28                             0         -nan%                0         -nan%
PRED_TO_UPDATE_CYCLES_29                             0         -nan%                0         -nan%
PRED_TO_UPDATE_CYCLES_30                             0         -nan%                0         -nan%
                                                     0         -nan%                0         -nan%
                                                  -nan         -nan              -nan         -nan

BP_ON_PATH_CONF_RECOVER_AT_EXEC                      0         -nan%                0         -nan%
BP_ON_PATH_CONF_CORRECT                              0         -nan%                0         -nan%
                                                     0         -nan%                0         -nan%
                                                  -nan         -nan              -nan         -nan

BP_OFF_PATH_CONF_RECOVER_AT_EXEC                     0         -nan%                0         -nan%
BP_OFF_PATH_CONF_CORRECT                             0         -nan%                0         -nan%
                                                     0         -nan%                0         -nan%
                                                  -nan         -nan              -nan         -nan

BP_ON_PATH_PRED_MIS_CONF_RECOVER_AT_EXEC             0         -nan%                0         -nan%
BP_ON_PATH_PRED_MIS_CONF_CORRECT                     0         -nan%                0         -nan%
                                                     0         -nan%                0         -nan%
                                                  -nan         -nan              -nan         -nan

BP_ON_PATH_PRED_COR_CONF_RECOVER_AT_EXEC             0         -nan%                0         -nan%
BP_ON_PATH_PRED_COR_CONF_CORRECT                     0         -nan%                0         -nan%
                                                     0         -nan%                0         -nan%
                                                  -nan         -nan              -nan         -nan

BP_OFF_PATH_PRED_MIS_CONF_RECOVER_AT_EXEC             0         -nan%                0         -nan%
BP_OFF_PATH_PRED_MIS_CONF_CORRECT                    0         -nan%                0         -nan%
                                                     0         -nan%                0         -nan%
                                                  -nan         -nan              -nan         -nan

BP_OFF_PATH_PRED_COR_CONF_RECOVER_AT_EXEC             0         -nan%                0         -nan%
BP_OFF_PATH_PRED_COR_CONF_CORRECT                    0         -nan%                0         -nan%
                                                     0         -nan%                0         -nan%
                                                  -nan         -nan              -nan         -nan

ONPATH_CONF_RECOVER_AT_EXEC                          0         -nan%                0         -nan%
ONPATH_CONF_CORRECT                                  0         -nan%                0         -nan%
                                                     0         -nan%                0         -nan%
                                                  -nan         -nan              -nan         -nan

ONPATH_ON_PATH_CONF_RECOVER_AT_EXEC                  0         -nan%                0         -nan%
ONPATH_ON_PATH_CONF_CORRECT                          0         -nan%                0         -nan%
                                                     0         -nan%                0         -nan%
                                                  -nan         -nan              -nan         -nan

ONPATH_OFF_PATH_CONF_RECOVER_AT_EXEC                 0         -nan%                0         -nan%
ONPATH_OFF_PATH_CONF_CORRECT                         0         -nan%                0         -nan%
                                                     0         -nan%                0         -nan%
                                                  -nan         -nan              -nan         -nan

PRED_ONPATH_CONF_RECOVER_AT_EXEC                     0         -nan%                0         -nan%
PRED_ONPATH_CONF_CORRECT                             0         -nan%                0         -nan%
                                                     0         -nan%                0         -nan%
                                                  -nan         -nan              -nan         -nan

PRED_OFFPATH_CONF_RECOVER_AT_EXEC                    0         -nan%                0         -nan%
PRED_OFFPATH_CONF_CORRECT                            0         -nan%                0         -nan%
                                                     0         -nan%                0         -nan%
                                                  -nan         -nan              -nan         -nan

LONG_OVWT_MIS                                        0         -nan%                0         -nan%
LONG_OVWT_COR                                        0         -nan%                0         -nan%
                                                     0         -nan%                0         -nan%
                                                  -nan         -nan              -nan         -nan

OPC_LENGTH_0_7_MIS                                   0         -nan%                0         -nan%
OPC_LENGTH_0_7_COR                                   0         -nan%                0         -nan%
                                                     0         -nan%                0         -nan%
                                                  -nan         -nan              -nan         -nan

OPC_LENGTH_8_15_MIS                                  0         -nan%                0         -nan%
OPC_LENGTH_8_15_COR                                  0         -nan%                0         -nan%
                                                     0         -nan%                0         -nan%
                                                  -nan         -nan              -nan         -nan

OPC_LENGTH_16_23_MIS                                 0         -nan%                0         -nan%
OPC_LENGTH_16_23_COR                                 0         -nan%                0         -nan%
                                                     0         -nan%                0         -nan%
                                                  -nan         -nan              -nan         -nan

OPC_LENGTH_24_31_MIS                                 0         -nan%                0         -nan%
OPC_LENGTH_24_31_COR                                 0         -nan%                0         -nan%
                                                     0         -nan%                0         -nan%
                                                  -nan         -nan              -nan         -nan

OPC_LENGTH_32_39_MIS                                 0         -nan%                0         -nan%
OPC_LENGTH_32_39_COR                                 0         -nan%                0         -nan%
                                                     0         -nan%                0         -nan%
                                                  -nan         -nan              -nan         -nan

OPC_LENGTH_40_47_MIS                                 0         -nan%                0         -nan%
OPC_LENGTH_40_47_COR                                 0         -nan%                0         -nan%
                                                     0         -nan%                0         -nan%
                                                  -nan         -nan              -nan         -nan

OPC_LENGTH_48_55_MIS                                 0         -nan%                0         -nan%
OPC_LENGTH_48_55_COR                                 0         -nan%                0         -nan%
                                                     0         -nan%                0         -nan%
                                                  -nan         -nan              -nan         -nan

OPC_LENGTH_56_63_MIS                                 0         -nan%                0         -nan%
OPC_LENGTH_56_63_COR                                 0         -nan%                0         -nan%
                                                     0         -nan%                0         -nan%
                                                  -nan         -nan              -nan         -nan

OPC_LENGTH_64_71_MIS                                 0         -nan%                0         -nan%
OPC_LENGTH_64_71_COR                                 0         -nan%                0         -nan%
                                                     0         -nan%                0         -nan%
                                                  -nan         -nan              -nan         -nan

OPC_LENGTH_72_79_MIS                                 0         -nan%                0         -nan%
OPC_LENGTH_72_79_COR                                 0         -nan%                0         -nan%
                                                     0         -nan%                0         -nan%
                                                  -nan         -nan              -nan         -nan

OPC_LENGTH_80_MIS                                    0         -nan%                0         -nan%
OPC_LENGTH_80_COR                                    0         -nan%                0         -nan%
                                                     0         -nan%                0         -nan%
                                                  -nan         -nan              -nan         -nan

ALL_ONES_MIS                                         0         -nan%                0         -nan%
ALL_ONES_COR                                         0         -nan%                0         -nan%
                                                     0         -nan%                0         -nan%
                                                  -nan         -nan              -nan         -nan

FIRST_ONE_MIS                                        0         -nan%                0         -nan%
FIRST_ONE_COR                                        0         -nan%                0         -nan%
                                                     0         -nan%                0         -nan%
                                                  -nan         -nan              -nan         -nan

ZEROS_0_1_MIS                                        0         -nan%                0         -nan%
ZEROS_0_1_COR                                        0         -nan%                0         -nan%
                                                     0         -nan%                0         -nan%
                                                  -nan         -nan              -nan         -nan

ZEROS_2_3_MIS                                        0         -nan%                0         -nan%
ZEROS_2_3_COR                                        0         -nan%                0         -nan%
                                                     0         -nan%                0         -nan%
                                                  -nan         -nan              -nan         -nan

ZEROS_4_5_MIS                                        0         -nan%                0         -nan%
ZEROS_4_5_COR                                        0         -nan%                0         -nan%
                                                     0         -nan%                0         -nan%
                                                  -nan         -nan              -nan         -nan

ZEROS_6_7_MIS                                        0         -nan%                0         -nan%
ZEROS_6_7_COR                                        0         -nan%                0         -nan%
                                                     0         -nan%                0         -nan%
                                                  -nan         -nan              -nan         -nan

ZEROS_8_9_MIS                                        0         -nan%                0         -nan%
ZEROS_8_9_COR                                        0         -nan%                0         -nan%
                                                     0         -nan%                0         -nan%
                                                  -nan         -nan              -nan         -nan

ZEROS_10_11_MIS                                      0         -nan%                0         -nan%
ZEROS_10_11_COR                                      0         -nan%                0         -nan%
                                                     0         -nan%                0         -nan%
                                                  -nan         -nan              -nan         -nan

ZEROS_12_13_MIS                                      0         -nan%                0         -nan%
ZEROS_12_13_COR                                      0         -nan%                0         -nan%
                                                     0         -nan%                0         -nan%
                                                  -nan         -nan              -nan         -nan

ZEROS_14_15_MIS                                      0         -nan%                0         -nan%
ZEROS_14_15_COR                                      0         -nan%                0         -nan%
                                                     0         -nan%                0         -nan%
                                                  -nan         -nan              -nan         -nan

ZEROS_16_MIS                                         0         -nan%                0         -nan%
ZEROS_16_COR                                         0         -nan%                0         -nan%
                                                     0         -nan%                0         -nan%
                                                  -nan         -nan              -nan         -nan

GS2BC_GSHARE                                         0         -nan%                0         -nan%
GS2BC_2BC                                            0         -nan%                0         -nan%
                                                     0         -nan%                0         -nan%
                                                  -nan         -nan              -nan         -nan

GSKEW2BC_VOTE                                        0         -nan%                0         -nan%
GSKEW2BC_2BC                                         0         -nan%                0         -nan%
                                                     0         -nan%                0         -nan%
                                                  -nan         -nan              -nan         -nan

FUTGSHARE_INIT_ON_PATH_CORRECT                       0         -nan%                0         -nan%
FUTGSHARE_INIT_ON_PATH_RECOVER_AT_EXEC               0         -nan%                0         -nan%
                                                     0         -nan%                0         -nan%
                                                  -nan         -nan              -nan         -nan

FUTGSHARE_INIT_OFF_PATH_CORRECT                      0         -nan%                0         -nan%
FUTGSHARE_INIT_OFF_PATH_RECOVER_AT_EXEC              0         -nan%                0         -nan%
                                                     0         -nan%                0         -nan%
                                                  -nan         -nan              -nan         -nan

FUTGSHARE_CHANGED_CORRECTED_ON_PATH                  0         -nan%                0         -nan%
FUTGSHARE_CHANGED_SCREWED_ON_PATH                    0         -nan%                0         -nan%
                                                     0         -nan%                0         -nan%
                                                  -nan         -nan              -nan         -nan

FUTGSHARE_CHANGED_CORRECTED_OFF_PATH                 0         -nan%                0         -nan%
FUTGSHARE_CHANGED_SCREWED_OFF_PATH                   0         -nan%                0         -nan%
                                                     0         -nan%                0         -nan%
                                                  -nan         -nan              -nan         -nan

FUTGSHARE_ORIG_CORRECT_FUT_CORRECT_ON_PATH             0         -nan%                0         -nan%
FUTGSHARE_ORIG_RECOVER_AT_EXEC_FUT_CORRECT_ON_PATH             0         -nan%                0         -nan%
FUTGSHARE_ORIG_CORRECT_FUT_RECOVER_AT_EXEC_ON_PATH             0         -nan%                0         -nan%
FUTGSHARE_ORIG_RECOVER_AT_EXEC_FUT_RECOVER_AT_EXEC_ON_PATH             0         -nan%                0         -nan%
                                                     0         -nan%                0         -nan%
                                                  -nan         -nan              -nan         -nan

FUTGSHARE_ORIG_CORRECT_FUT_CORRECT_OFF_PATH             0         -nan%                0         -nan%
FUTGSHARE_ORIG_RECOVER_AT_EXEC_FUT_CORRECT_OFF_PATH             0         -nan%                0         -nan%
FUTGSHARE_ORIG_CORRECT_FUT_RECOVER_AT_EXEC_OFF_PATH             0         -nan%                0         -nan%
FUTGSHARE_ORIG_RECOVER_AT_EXEC_FUT_RECOVER_AT_EXEC_OFF_PATH             0         -nan%                0         -nan%
                                                     0         -nan%                0         -nan%
                                                  -nan         -nan              -nan         -nan

FUTGSHARE_ON_PATH_CORRECT_0                          0         -nan%                0         -nan%
FUTGSHARE_ON_PATH_RECOVER_AT_EXEC_0                  0         -nan%                0         -nan%
                                                     0         -nan%                0         -nan%
                                                  -nan         -nan              -nan         -nan

FUTGSHARE_OFF_PATH_CORRECT_0                         0         -nan%                0         -nan%
FUTGSHARE_OFF_PATH_RECOVER_AT_EXEC_0                 0         -nan%                0         -nan%
                                                     0         -nan%                0         -nan%
                                                  -nan         -nan              -nan         -nan

FUTGSHARE_ON_PATH_CORRECT_1                          0         -nan%                0         -nan%
FUTGSHARE_ON_PATH_RECOVER_AT_EXEC_1                  0         -nan%                0         -nan%
                                                     0         -nan%                0         -nan%
                                                  -nan         -nan              -nan         -nan

FUTGSHARE_OFF_PATH_CORRECT_1                         0         -nan%                0         -nan%
FUTGSHARE_OFF_PATH_RECOVER_AT_EXEC_1                 0         -nan%                0         -nan%
                                                     0         -nan%                0         -nan%
                                                  -nan         -nan              -nan         -nan

FUTGSHARE_ON_PATH_CORRECT_2                          0         -nan%                0         -nan%
FUTGSHARE_ON_PATH_RECOVER_AT_EXEC_2                  0         -nan%                0         -nan%
                                                     0         -nan%                0         -nan%
                                                  -nan         -nan              -nan         -nan

FUTGSHARE_OFF_PATH_CORRECT_2                         0         -nan%                0         -nan%
FUTGSHARE_OFF_PATH_RECOVER_AT_EXEC_2                 0         -nan%                0         -nan%
                                                     0         -nan%                0         -nan%
                                                  -nan         -nan              -nan         -nan

FUTGSHARE_ON_PATH_CORRECT_3                          0         -nan%                0         -nan%
FUTGSHARE_ON_PATH_RECOVER_AT_EXEC_3                  0         -nan%                0         -nan%
                                                     0         -nan%                0         -nan%
                                                  -nan         -nan              -nan         -nan

FUTGSHARE_OFF_PATH_CORRECT_3                         0         -nan%                0         -nan%
FUTGSHARE_OFF_PATH_RECOVER_AT_EXEC_3                 0         -nan%                0         -nan%
                                                     0         -nan%                0         -nan%
                                                  -nan         -nan              -nan         -nan

FUTGSHARE_ON_PATH_CORRECT_4                          0         -nan%                0         -nan%
FUTGSHARE_ON_PATH_RECOVER_AT_EXEC_4                  0         -nan%                0         -nan%
                                                     0         -nan%                0         -nan%
                                                  -nan         -nan              -nan         -nan

FUTGSHARE_OFF_PATH_CORRECT_4                         0         -nan%                0         -nan%
FUTGSHARE_OFF_PATH_RECOVER_AT_EXEC_4                 0         -nan%                0         -nan%
                                                     0         -nan%                0         -nan%
                                                  -nan         -nan              -nan         -nan

FUTGSHARE_ON_PATH_CORRECT_5                          0         -nan%                0         -nan%
FUTGSHARE_ON_PATH_RECOVER_AT_EXEC_5                  0         -nan%                0         -nan%
                                                     0         -nan%                0         -nan%
                                                  -nan         -nan              -nan         -nan

FUTGSHARE_OFF_PATH_CORRECT_5                         0         -nan%                0         -nan%
FUTGSHARE_OFF_PATH_RECOVER_AT_EXEC_5                 0         -nan%                0         -nan%
                                                     0         -nan%                0         -nan%
                                                  -nan         -nan              -nan         -nan

FUTGSHARE_ON_PATH_CORRECT_6                          0         -nan%                0         -nan%
FUTGSHARE_ON_PATH_RECOVER_AT_EXEC_6                  0         -nan%                0         -nan%
                                                     0         -nan%                0         -nan%
                                                  -nan         -nan              -nan         -nan

FUTGSHARE_OFF_PATH_CORRECT_6                         0         -nan%                0         -nan%
FUTGSHARE_OFF_PATH_RECOVER_AT_EXEC_6                 0         -nan%                0         -nan%
                                                     0         -nan%                0         -nan%
                                                  -nan         -nan              -nan         -nan

FUTGSHARE_ON_PATH_CORRECT_7                          0         -nan%                0         -nan%
FUTGSHARE_ON_PATH_RECOVER_AT_EXEC_7                  0         -nan%                0         -nan%
                                                     0         -nan%                0         -nan%
                                                  -nan         -nan              -nan         -nan

FUTGSHARE_OFF_PATH_CORRECT_7                         0         -nan%                0         -nan%
FUTGSHARE_OFF_PATH_RECOVER_AT_EXEC_7                 0         -nan%                0         -nan%
                                                     0         -nan%                0         -nan%
                                                  -nan         -nan              -nan         -nan

FUTGSHARE_ON_PATH_CORRECT_8                          0         -nan%                0         -nan%
FUTGSHARE_ON_PATH_RECOVER_AT_EXEC_8                  0         -nan%                0         -nan%
                                                     0         -nan%                0         -nan%
                                                  -nan         -nan              -nan         -nan

FUTGSHARE_OFF_PATH_CORRECT_8                         0         -nan%                0         -nan%
FUTGSHARE_OFF_PATH_RECOVER_AT_EXEC_8                 0         -nan%                0         -nan%
                                                     0         -nan%                0         -nan%
                                                  -nan         -nan              -nan         -nan

FUTGSHARE_ON_PATH_CORRECT_9                          0         -nan%                0         -nan%
FUTGSHARE_ON_PATH_RECOVER_AT_EXEC_9                  0         -nan%                0         -nan%
                                                     0         -nan%                0         -nan%
                                                  -nan         -nan              -nan         -nan

FUTGSHARE_OFF_PATH_CORRECT_9                         0         -nan%                0         -nan%
FUTGSHARE_OFF_PATH_RECOVER_AT_EXEC_9                 0         -nan%                0         -nan%
                                                     0         -nan%                0         -nan%
                                                  -nan         -nan              -nan         -nan

FUTGSHARE_ON_PATH_CORRECT_10                         0         -nan%                0         -nan%
FUTGSHARE_ON_PATH_RECOVER_AT_EXEC_10                 0         -nan%                0         -nan%
                                                     0         -nan%                0         -nan%
                                                  -nan         -nan              -nan         -nan

FUTGSHARE_OFF_PATH_CORRECT_10                        0         -nan%                0         -nan%
FUTGSHARE_OFF_PATH_RECOVER_AT_EXEC_10                0         -nan%                0         -nan%
                                                     0         -nan%                0         -nan%
                                                  -nan         -nan              -nan         -nan

FUTGSHARE_ON_PATH_CORRECT_11                         0         -nan%                0         -nan%
FUTGSHARE_ON_PATH_RECOVER_AT_EXEC_11                 0         -nan%                0         -nan%
                                                     0         -nan%                0         -nan%
                                                  -nan         -nan              -nan         -nan

FUTGSHARE_OFF_PATH_CORRECT_11                        0         -nan%                0         -nan%
FUTGSHARE_OFF_PATH_RECOVER_AT_EXEC_11                0         -nan%                0         -nan%
                                                     0         -nan%                0         -nan%
                                                  -nan         -nan              -nan         -nan

FUTGSHARE_ON_PATH_CORRECT_12                         0         -nan%                0         -nan%
FUTGSHARE_ON_PATH_RECOVER_AT_EXEC_12                 0         -nan%                0         -nan%
                                                     0         -nan%                0         -nan%
                                                  -nan         -nan              -nan         -nan

FUTGSHARE_OFF_PATH_CORRECT_12                        0         -nan%                0         -nan%
FUTGSHARE_OFF_PATH_RECOVER_AT_EXEC_12                0         -nan%                0         -nan%
                                                     0         -nan%                0         -nan%
                                                  -nan         -nan              -nan         -nan

FUTGSHARE_ON_PATH_CORRECT_13                         0         -nan%                0         -nan%
FUTGSHARE_ON_PATH_RECOVER_AT_EXEC_13                 0         -nan%                0         -nan%
                                                     0         -nan%                0         -nan%
                                                  -nan         -nan              -nan         -nan

FUTGSHARE_OFF_PATH_CORRECT_13                        0         -nan%                0         -nan%
FUTGSHARE_OFF_PATH_RECOVER_AT_EXEC_13                0         -nan%                0         -nan%
                                                     0         -nan%                0         -nan%
                                                  -nan         -nan              -nan         -nan

FUTGSHARE_ON_PATH_CORRECT_14                         0         -nan%                0         -nan%
FUTGSHARE_ON_PATH_RECOVER_AT_EXEC_14                 0         -nan%                0         -nan%
                                                     0         -nan%                0         -nan%
                                                  -nan         -nan              -nan         -nan

FUTGSHARE_OFF_PATH_CORRECT_14                        0         -nan%                0         -nan%
FUTGSHARE_OFF_PATH_RECOVER_AT_EXEC_14                0         -nan%                0         -nan%
                                                     0         -nan%                0         -nan%
                                                  -nan         -nan              -nan         -nan

FUTGSHARE_ON_PATH_CORRECT_15                         0         -nan%                0         -nan%
FUTGSHARE_ON_PATH_RECOVER_AT_EXEC_15                 0         -nan%                0         -nan%
                                                     0         -nan%                0         -nan%
                                                  -nan         -nan              -nan         -nan

FUTGSHARE_OFF_PATH_CORRECT_15                        0         -nan%                0         -nan%
FUTGSHARE_OFF_PATH_RECOVER_AT_EXEC_15                0         -nan%                0         -nan%
                                                     0         -nan%                0         -nan%
                                                  -nan         -nan              -nan         -nan

FUTGSHARE_CHANGED_CORRECTED_ON_PATH_0                0         -nan%                0         -nan%
FUTGSHARE_CHANGED_SCREWED_ON_PATH_0                  0         -nan%                0         -nan%
                                                     0         -nan%                0         -nan%
                                                  -nan         -nan              -nan         -nan

FUTGSHARE_CHANGED_CORRECTED_OFF_PATH_0               0         -nan%                0         -nan%
FUTGSHARE_CHANGED_SCREWED_OFF_PATH_0                 0         -nan%                0         -nan%
                                                     0         -nan%                0         -nan%
                                                  -nan         -nan              -nan         -nan

FUTGSHARE_CHANGED_CORRECTED_ON_PATH_1                0         -nan%                0         -nan%
FUTGSHARE_CHANGED_SCREWED_ON_PATH_1                  0         -nan%                0         -nan%
                                                     0         -nan%                0         -nan%
                                                  -nan         -nan              -nan         -nan

FUTGSHARE_CHANGED_CORRECTED_OFF_PATH_1               0         -nan%                0         -nan%
FUTGSHARE_CHANGED_SCREWED_OFF_PATH_1                 0         -nan%                0         -nan%
                                                     0         -nan%                0         -nan%
                                                  -nan         -nan              -nan         -nan

FUTGSHARE_CHANGED_CORRECTED_ON_PATH_2                0         -nan%                0         -nan%
FUTGSHARE_CHANGED_SCREWED_ON_PATH_2                  0         -nan%                0         -nan%
                                                     0         -nan%                0         -nan%
                                                  -nan         -nan              -nan         -nan

FUTGSHARE_CHANGED_CORRECTED_OFF_PATH_2               0         -nan%                0         -nan%
FUTGSHARE_CHANGED_SCREWED_OFF_PATH_2                 0         -nan%                0         -nan%
                                                     0         -nan%                0         -nan%
                                                  -nan         -nan              -nan         -nan

FUTGSHARE_CHANGED_CORRECTED_ON_PATH_3                0         -nan%                0         -nan%
FUTGSHARE_CHANGED_SCREWED_ON_PATH_3                  0         -nan%                0         -nan%
                                                     0         -nan%                0         -nan%
                                                  -nan         -nan              -nan         -nan

FUTGSHARE_CHANGED_CORRECTED_OFF_PATH_3               0         -nan%                0         -nan%
FUTGSHARE_CHANGED_SCREWED_OFF_PATH_3                 0         -nan%                0         -nan%
                                                     0         -nan%                0         -nan%
                                                  -nan         -nan              -nan         -nan

FUTGSHARE_CHANGED_CORRECTED_ON_PATH_4                0         -nan%                0         -nan%
FUTGSHARE_CHANGED_SCREWED_ON_PATH_4                  0         -nan%                0         -nan%
                                                     0         -nan%                0         -nan%
                                                  -nan         -nan              -nan         -nan

FUTGSHARE_CHANGED_CORRECTED_OFF_PATH_4               0         -nan%                0         -nan%
FUTGSHARE_CHANGED_SCREWED_OFF_PATH_4                 0         -nan%                0         -nan%
                                                     0         -nan%                0         -nan%
                                                  -nan         -nan              -nan         -nan

FUTGSHARE_CHANGED_CORRECTED_ON_PATH_5                0         -nan%                0         -nan%
FUTGSHARE_CHANGED_SCREWED_ON_PATH_5                  0         -nan%                0         -nan%
                                                     0         -nan%                0         -nan%
                                                  -nan         -nan              -nan         -nan

FUTGSHARE_CHANGED_CORRECTED_OFF_PATH_5               0         -nan%                0         -nan%
FUTGSHARE_CHANGED_SCREWED_OFF_PATH_5                 0         -nan%                0         -nan%
                                                     0         -nan%                0         -nan%
                                                  -nan         -nan              -nan         -nan

FUTGSHARE_CHANGED_CORRECTED_ON_PATH_6                0         -nan%                0         -nan%
FUTGSHARE_CHANGED_SCREWED_ON_PATH_6                  0         -nan%                0         -nan%
                                                     0         -nan%                0         -nan%
                                                  -nan         -nan              -nan         -nan

FUTGSHARE_CHANGED_CORRECTED_OFF_PATH_6               0         -nan%                0         -nan%
FUTGSHARE_CHANGED_SCREWED_OFF_PATH_6                 0         -nan%                0         -nan%
                                                     0         -nan%                0         -nan%
                                                  -nan         -nan              -nan         -nan

FUTGSHARE_CHANGED_CORRECTED_ON_PATH_7                0         -nan%                0         -nan%
FUTGSHARE_CHANGED_SCREWED_ON_PATH_7                  0         -nan%                0         -nan%
                                                     0         -nan%                0         -nan%
                                                  -nan         -nan              -nan         -nan

FUTGSHARE_CHANGED_CORRECTED_OFF_PATH_7               0         -nan%                0         -nan%
FUTGSHARE_CHANGED_SCREWED_OFF_PATH_7                 0         -nan%                0         -nan%
                                                     0         -nan%                0         -nan%
                                                  -nan         -nan              -nan         -nan

FUTGSHARE_CHANGED_CORRECTED_ON_PATH_8                0         -nan%                0         -nan%
FUTGSHARE_CHANGED_SCREWED_ON_PATH_8                  0         -nan%                0         -nan%
                                                     0         -nan%                0         -nan%
                                                  -nan         -nan              -nan         -nan

FUTGSHARE_CHANGED_CORRECTED_OFF_PATH_8               0         -nan%                0         -nan%
FUTGSHARE_CHANGED_SCREWED_OFF_PATH_8                 0         -nan%                0         -nan%
                                                     0         -nan%                0         -nan%
                                                  -nan         -nan              -nan         -nan

FUTGSHARE_CHANGED_CORRECTED_ON_PATH_9                0         -nan%                0         -nan%
FUTGSHARE_CHANGED_SCREWED_ON_PATH_9                  0         -nan%                0         -nan%
                                                     0         -nan%                0         -nan%
                                                  -nan         -nan              -nan         -nan

FUTGSHARE_CHANGED_CORRECTED_OFF_PATH_9               0         -nan%                0         -nan%
FUTGSHARE_CHANGED_SCREWED_OFF_PATH_9                 0         -nan%                0         -nan%
                                                     0         -nan%                0         -nan%
                                                  -nan         -nan              -nan         -nan

FUTGSHARE_CHANGED_CORRECTED_ON_PATH_10               0         -nan%                0         -nan%
FUTGSHARE_CHANGED_SCREWED_ON_PATH_10                 0         -nan%                0         -nan%
                                                     0         -nan%                0         -nan%
                                                  -nan         -nan              -nan         -nan

FUTGSHARE_CHANGED_CORRECTED_OFF_PATH_10              0         -nan%                0         -nan%
FUTGSHARE_CHANGED_SCREWED_OFF_PATH_10                0         -nan%                0         -nan%
                                                     0         -nan%                0         -nan%
                                                  -nan         -nan              -nan         -nan

FUTGSHARE_CHANGED_CORRECTED_ON_PATH_11               0         -nan%                0         -nan%
FUTGSHARE_CHANGED_SCREWED_ON_PATH_11                 0         -nan%                0         -nan%
                                                     0         -nan%                0         -nan%
                                                  -nan         -nan              -nan         -nan

FUTGSHARE_CHANGED_CORRECTED_OFF_PATH_11              0         -nan%                0         -nan%
FUTGSHARE_CHANGED_SCREWED_OFF_PATH_11                0         -nan%                0         -nan%
                                                     0         -nan%                0         -nan%
                                                  -nan         -nan              -nan         -nan

FUTGSHARE_CHANGED_CORRECTED_ON_PATH_12               0         -nan%                0         -nan%
FUTGSHARE_CHANGED_SCREWED_ON_PATH_12                 0         -nan%                0         -nan%
                                                     0         -nan%                0         -nan%
                                                  -nan         -nan              -nan         -nan

FUTGSHARE_CHANGED_CORRECTED_OFF_PATH_12              0         -nan%                0         -nan%
FUTGSHARE_CHANGED_SCREWED_OFF_PATH_12                0         -nan%                0         -nan%
                                                     0         -nan%                0         -nan%
                                                  -nan         -nan              -nan         -nan

FUTGSHARE_CHANGED_CORRECTED_ON_PATH_13               0         -nan%                0         -nan%
FUTGSHARE_CHANGED_SCREWED_ON_PATH_13                 0         -nan%                0         -nan%
                                                     0         -nan%                0         -nan%
                                                  -nan         -nan              -nan         -nan

FUTGSHARE_CHANGED_CORRECTED_OFF_PATH_13              0         -nan%                0         -nan%
FUTGSHARE_CHANGED_SCREWED_OFF_PATH_13                0         -nan%                0         -nan%
                                                     0         -nan%                0         -nan%
                                                  -nan         -nan              -nan         -nan

FUTGSHARE_CHANGED_CORRECTED_ON_PATH_14               0         -nan%                0         -nan%
FUTGSHARE_CHANGED_SCREWED_ON_PATH_14                 0         -nan%                0         -nan%
                                                     0         -nan%                0         -nan%
                                                  -nan         -nan              -nan         -nan

FUTGSHARE_CHANGED_CORRECTED_OFF_PATH_14              0         -nan%                0         -nan%
FUTGSHARE_CHANGED_SCREWED_OFF_PATH_14                0         -nan%                0         -nan%
                                                     0         -nan%                0         -nan%
                                                  -nan         -nan              -nan         -nan

FUTGSHARE_CHANGED_CORRECTED_ON_PATH_15               0         -nan%                0         -nan%
FUTGSHARE_CHANGED_SCREWED_ON_PATH_15                 0         -nan%                0         -nan%
                                                     0         -nan%                0         -nan%
                                                  -nan         -nan              -nan         -nan

FUTGSHARE_CHANGED_CORRECTED_OFF_PATH_15              0         -nan%                0         -nan%
FUTGSHARE_CHANGED_SCREWED_OFF_PATH_15                0         -nan%                0         -nan%
                                                     0         -nan%                0         -nan%
                                                  -nan         -nan              -nan         -nan

FRAGHIST_BIN_0                                       0         -nan%                0         -nan%
FRAGHIST_BIN_1                                       0         -nan%                0         -nan%
FRAGHIST_BIN_2                                       0         -nan%                0         -nan%
FRAGHIST_BIN_3                                       0         -nan%                0         -nan%
FRAGHIST_BIN_4                                       0         -nan%                0         -nan%
FRAGHIST_BIN_5                                       0         -nan%                0         -nan%
FRAGHIST_BIN_6                                       0         -nan%                0         -nan%
FRAGHIST_BIN_7                                       0         -nan%                0         -nan%
FRAGHIST_BIN_8                                       0         -nan%                0         -nan%
FRAGHIST_BIN_9                                       0         -nan%                0         -nan%
FRAGHIST_BIN_10                                      0         -nan%                0         -nan%
FRAGHIST_BIN_11                                      0         -nan%                0         -nan%
FRAGHIST_BIN_12                                      0         -nan%                0         -nan%
FRAGHIST_BIN_13                                      0         -nan%                0         -nan%
FRAGHIST_BIN_14                                      0         -nan%                0         -nan%
FRAGHIST_BIN_15                                      0         -nan%                0         -nan%
FRAGHIST_BIN_16                                      0         -nan%                0         -nan%
FRAGHIST_BIN_17                                      0         -nan%                0         -nan%
FRAGHIST_BIN_18                                      0         -nan%                0         -nan%
FRAGHIST_BIN_19                                      0         -nan%                0         -nan%
FRAGHIST_BIN_20                                      0         -nan%                0         -nan%
FRAGHIST_BIN_21                                      0         -nan%                0         -nan%
FRAGHIST_BIN_22                                      0         -nan%                0         -nan%
FRAGHIST_BIN_23                                      0         -nan%                0         -nan%
FRAGHIST_BIN_24                                      0         -nan%                0         -nan%
FRAGHIST_BIN_25                                      0         -nan%                0         -nan%
FRAGHIST_BIN_26                                      0         -nan%                0         -nan%
FRAGHIST_BIN_27                                      0         -nan%                0         -nan%
FRAGHIST_BIN_28                                      0         -nan%                0         -nan%
FRAGHIST_BIN_29                                      0         -nan%                0         -nan%
FRAGHIST_BIN_30                                      0         -nan%                0         -nan%
FRAGHIST_BIN_31                                      0         -nan%                0         -nan%
FRAGHIST_BIN_32                                      0         -nan%                0         -nan%
                                                     0         -nan%                0         -nan%
                                                  -nan         -nan              -nan         -nan

BTB_UPDATE_BTB_HIT_JITTED_NOT_CF                     0        0.000%                0        0.000%
BTB_UPDATE_BTB_HIT_JITTED_CF_BR                      0        0.000%                0        0.000%
BTB_UPDATE_BTB_HIT_JITTED_CF_CBR                     0        0.000%                0        0.000%
BTB_UPDATE_BTB_HIT_JITTED_CF_CALL                    0        0.000%                0        0.000%
BTB_UPDATE_BTB_HIT_JITTED_CF_IBR                     0        0.000%                0        0.000%
BTB_UPDATE_BTB_HIT_JITTED_CF_ICALL                  35      100.000%              229      100.000%
BTB_UPDATE_BTB_HIT_JITTED_CF_ICO                     0        0.000%                0        0.000%
BTB_UPDATE_BTB_HIT_JITTED_CF_RET                     0        0.000%                0        0.000%
                                                    35      100.000%              229      100.000%
                                                  5.00         0.00              5.00         0.00

RESTEER_BTB_MISS_NOT_CF                          48365       67.057%           113341       60.723%
RESTEER_BTB_MISS_CF_BR                               0        0.000%                0        0.000%
RESTEER_BTB_MISS_CF_CBR                              8        0.011%              144        0.077%
RESTEER_BTB_MISS_CF_REP                              4        0.006%               14        0.008%
RESTEER_BTB_MISS_CF_CALL                             0        0.000%                0        0.000%
RESTEER_BTB_MISS_CF_IBR                              7        0.010%              161        0.086%
RESTEER_BTB_MISS_CF_ICALL                            0        0.000%                0        0.000%
RESTEER_BTB_MISS_CF_ICO                              0        0.000%                0        0.000%
RESTEER_BTB_MISS_CF_RET                              0        0.000%                0        0.000%
RESTEER_RECOVER_AT_EXEC_NOT_CF                       0        0.000%                0        0.000%
RESTEER_RECOVER_AT_EXEC_CF_BR                        0        0.000%                0        0.000%
RESTEER_RECOVER_AT_EXEC_CF_CBR                   19836       27.502%            63845       34.205%
RESTEER_RECOVER_AT_EXEC_CF_REP                       0        0.000%                4        0.002%
RESTEER_RECOVER_AT_EXEC_CF_CALL                      0        0.000%                0        0.000%
RESTEER_RECOVER_AT_EXEC_CF_IBR                      13        0.018%              115        0.062%
RESTEER_RECOVER_AT_EXEC_CF_ICALL                     8        0.011%               58        0.031%
RESTEER_RECOVER_AT_EXEC_CF_ICO                       0        0.000%                0        0.000%
RESTEER_RECOVER_AT_EXEC_CF_RET                    3884        5.385%             8971        4.806%
RESTEER_RECOVER_AT_DECODE_NOT_CF                     0        0.000%                0        0.000%
RESTEER_RECOVER_AT_DECODE_CF_BR                      0        0.000%                0        0.000%
RESTEER_RECOVER_AT_DECODE_CF_CBR                     0        0.000%                0        0.000%
RESTEER_RECOVER_AT_DECODE_CF_REP                     0        0.000%                0        0.000%
RESTEER_RECOVER_AT_DECODE_CF_CALL                    0        0.000%                0        0.000%
RESTEER_RECOVER_AT_DECODE_CF_IBR                     0        0.000%                0        0.000%
RESTEER_RECOVER_AT_DECODE_CF_ICALL                   0        0.000%                0        0.000%
RESTEER_RECOVER_AT_DECODE_CF_ICO                     0        0.000%                0        0.000%
RESTEER_RECOVER_AT_DECODE_CF_RET                     0        0.000%                0        0.000%
RESTEER_NO_TARGET_CF_IBR                             0        0.000%                0        0.000%
RESTEER_NO_TARGET_CF_ICALL                           0        0.000%                0        0.000%
RESTEER_NO_TARGET_CF_ICO                             0        0.000%                0        0.000%
RESTEER_NO_TARGET_CF_RET                             0        0.000%                0        0.000%
                                                 72125      100.000%           186653      100.000%
                                                  3.95         4.78              4.60         4.64

TAGESCL_COMP_TAGE_BASE_CORRECT                  670662       46.718%          2125095       47.828%
TAGESCL_COMP_TAGE_BASE_RECOVER_AT_EXEC              59        0.004%              766        0.017%
TAGESCL_COMP_TAGE_SHORT_CORRECT                 333296       23.217%          1087865       24.484%
TAGESCL_COMP_TAGE_SHORT_RECOVER_AT_EXEC            636        0.044%             3916        0.088%
TAGESCL_COMP_TAGE_LONG_CORRECT                  406517       28.318%          1151355       25.913%
TAGESCL_COMP_TAGE_LONG_RECOVER_AT_EXEC           15774        1.099%            49354        1.111%
TAGESCL_COMP_LOOP_CORRECT                          432        0.030%              844        0.019%
TAGESCL_COMP_LOOP_RECOVER_AT_EXEC                    6        0.000%               17        0.000%
TAGESCL_COMP_SC_CORRECT                           4798        0.334%            14233        0.320%
TAGESCL_COMP_SC_RECOVER_AT_EXEC                   3361        0.234%             9796        0.220%
                                               1435541      100.000%          4443241      100.000%
                                                  1.70         1.38              1.63         1.37

TAGESCL_COMP_BTB_MISS_TAGE_BASE_CORRECT         487107       93.538%          1394202       94.737%
TAGESCL_COMP_BTB_MISS_TAGE_BASE_RECOVER_AT_EXEC            37        0.007%              395        0.027%
TAGESCL_COMP_BTB_MISS_TAGE_SHORT_CORRECT         27371        5.256%            63919        4.343%
TAGESCL_COMP_BTB_MISS_TAGE_SHORT_RECOVER_AT_EXEC             4        0.001%               32        0.002%
TAGESCL_COMP_BTB_MISS_TAGE_LONG_CORRECT           6125        1.176%            12833        0.872%
TAGESCL_COMP_BTB_MISS_TAGE_LONG_RECOVER_AT_EXEC            60        0.012%              154        0.010%
TAGESCL_COMP_BTB_MISS_LOOP_CORRECT                   0        0.000%                0        0.000%
TAGESCL_COMP_BTB_MISS_LOOP_RECOVER_AT_EXEC             0        0.000%                0        0.000%
TAGESCL_COMP_BTB_MISS_SC_CORRECT                    52        0.010%              117        0.008%
TAGESCL_COMP_BTB_MISS_SC_RECOVER_AT_EXEC             4        0.001%               10        0.001%
                                                520760      100.000%          1471662      100.000%
                                                  0.15         0.60              0.12         0.54

TAGESCL_CONF_0_PER_BASE_RECOVER_AT_EXEC              0        0.000%                0        0.000%
TAGESCL_CONF_1_PER_BASE_RECOVER_AT_EXEC             36        0.181%              454        0.711%
TAGESCL_CONF_2_PER_BASE_RECOVER_AT_EXEC              0        0.000%                0        0.000%
TAGESCL_CONF_3_PER_BASE_RECOVER_AT_EXEC             23        0.116%              312        0.489%
TAGESCL_CONF_0_PER_SHORT_RECOVER_AT_EXEC            63        0.318%              428        0.670%
TAGESCL_CONF_1_PER_SHORT_RECOVER_AT_EXEC           198        0.998%             1359        2.128%
TAGESCL_CONF_2_PER_SHORT_RECOVER_AT_EXEC            81        0.408%              467        0.731%
TAGESCL_CONF_3_PER_SHORT_RECOVER_AT_EXEC           294        1.482%             1662        2.603%
TAGESCL_CONF_0_PER_LONG_RECOVER_AT_EXEC           2269       11.439%             6466       10.127%
TAGESCL_CONF_1_PER_LONG_RECOVER_AT_EXEC           2909       14.665%             9431       14.771%
TAGESCL_CONF_2_PER_LONG_RECOVER_AT_EXEC           3282       16.546%             9141       14.317%
TAGESCL_CONF_3_PER_LONG_RECOVER_AT_EXEC           7314       36.872%            24316       38.084%
TAGESCL_CONF_0_PER_LOOP_RECOVER_AT_EXEC              0        0.000%                0        0.000%
TAGESCL_CONF_1_PER_LOOP_RECOVER_AT_EXEC              0        0.000%                1        0.002%
TAGESCL_CONF_2_PER_LOOP_RECOVER_AT_EXEC              0        0.000%                1        0.002%
TAGESCL_CONF_3_PER_LOOP_RECOVER_AT_EXEC              6        0.030%               15        0.023%
TAGESCL_CONF_0_PER_SC_RECOVER_AT_EXEC              991        4.996%             2844        4.454%
TAGESCL_CONF_1_PER_SC_RECOVER_AT_EXEC             1372        6.917%             4279        6.702%
TAGESCL_CONF_2_PER_SC_RECOVER_AT_EXEC              590        2.974%             1787        2.799%
TAGESCL_CONF_3_PER_SC_RECOVER_AT_EXEC              408        2.057%              886        1.388%
                                                 19836      100.000%            63849      100.000%
                                                 11.05         3.45             10.76         3.42

TAGESCL_SC_SMALLLSUM                              5682        0.397%            17544        0.396%
TAGESCL_SC_SMALLLFIRST                               0        0.000%              428        0.010%
TAGESCL_SC_SMALLLSECOND                            367        0.026%              411        0.009%
TAGESCL_SC_IDENTICAL                           1426353       99.578%          4416381       99.585%
                                               1432402      100.000%          4434764      100.000%
                                                  2.99         2.98              2.99         2.98

CRS_UNDERFLOW_ON_PATH                                0        0.000%                0        0.000%
CRS_UNDERFLOW_OFF_PATH                            1648      100.000%             3934      100.000%
                                                  1648      100.000%             3934      100.000%
                                                  1.00         1.00              1.00         1.00



