/* -*- Mode: c -*- */
####################################################################################################
Core 0
####################################################################################################
Cumulative:        Cycles: 18001269              Instructions: 30000000              IPC: 1.66655

Periodic:          Cycles: 6148855               Instructions: 9999994               IPC: 1.62632

ICACHE_MISS                                      37272        4.290%            88705        3.874%
ICACHE_HIT                                      831468       95.710%          2201026       96.126%
                                                868740      100.000%          2289731      100.000%
                                                  0.96         0.94              0.96         0.94

ICACHE_MISS_ONPATH                               30898       82.899%            73197       82.517%
ICACHE_MISS_OFFPATH                               6374       17.101%            15508       17.483%
                                                 37272      100.000%            88705      100.000%
                                                  0.17         0.35              0.17         0.35

ICACHE_MISS_NOT_PREFETCHED                          65        0.174%              308        0.348%
ICACHE_MISS_PREFETCHED_AND_EVICTED_BY_IFETCH             0        0.000%                0        0.000%
ICACHE_MISS_PREFETCHED_AND_EVICTED_BY_FDIP             0        0.000%                0        0.000%
ICACHE_MISS_MSHR_HIT_PREFETCHED_OFFPATH           6989       18.760%            16836       18.999%
ICACHE_MISS_MSHR_HIT_PREFETCHED_ONPATH           30200       81.065%            71470       80.653%
                                                 37254      100.000%            88614      100.000%
                                                  3.81         3.45              3.80         3.43

ICACHE_HIT_ONPATH                               456450       54.897%          1226318       55.716%
ICACHE_HIT_OFFPATH                              375018       45.103%           974708       44.284%
                                                831468      100.000%          2201026      100.000%
                                                  0.45         0.48              0.44         0.47

ICACHE_HIT_ONPATH_SAT_BY_OFFPATH                     0         -nan%                0         -nan%
ICACHE_HIT_ONPATH_SAT_BY_ONPATH                      0         -nan%                0         -nan%
                                                     0         -nan%                0         -nan%
                                                  -nan         -nan              -nan         -nan

ICACHE_HIT_OFFPATH_SAT_BY_OFFPATH                    0         -nan%                0         -nan%
ICACHE_HIT_OFFPATH_SAT_BY_ONPATH                     0         -nan%                0         -nan%
                                                     0         -nan%                0         -nan%
                                                  -nan         -nan              -nan         -nan

ICACHE_HIT_BY_FDIP_ONPATH                            0         -nan%                0         -nan%
ICACHE_HIT_BY_FDIP_OFFPATH                           0         -nan%                0         -nan%
                                                     0         -nan%                0         -nan%
                                                  -nan         -nan              -nan         -nan

ICACHE_MISS_MSHR_HIT_BY_FDIP_ONPATH              27738       74.587%            65684       74.382%
ICACHE_MISS_MSHR_HIT_BY_FDIP_OFFPATH              9451       25.413%            22622       25.618%
                                                 37189      100.000%            88306      100.000%
                                                  0.25         0.40              0.26         0.40

ICACHE_HIT_ONPATH_BY_FDIP                            0        0.000%                0        0.000%
ICACHE_HIT_OFFPATH_BY_FDIP                           0        0.000%                0        0.000%
ICACHE_MISS_MSHR_HIT_ONPATH_BY_FDIP              30833       82.724%            72889       82.170%
ICACHE_MISS_MSHR_HIT_OFFPATH_BY_FDIP              6356       17.053%            15417       17.380%
ICACHE_MISS_TOO_EARLY_ONPATH                         0        0.000%                0        0.000%
ICACHE_MISS_TOO_EARLY_OFFPATH                        0        0.000%                0        0.000%
ICACHE_MISS_NOT_PREFETCHED_ONPATH                   65        0.174%              308        0.347%
ICACHE_MISS_NOT_PREFETCHED_OFFPATH                  18        0.048%               91        0.103%
                                                 37272      100.000%            88705      100.000%
                                                  2.18         0.42              2.19         0.47

ICACHE_MISS_MEM_REQ_FAIL_ON_PATH                   150       69.767%              562       64.598%
ICACHE_MISS_MEM_REQ_SUCCESS_ON_PATH                 65       30.233%              308       35.402%
                                                   215      100.000%              870      100.000%
                                                  0.30         0.42              0.35         0.44

ICACHE_UNIQUE_MISSED_LINES                       30833                          72889              

ICACHE_UNIQUE_HIT_LINES                              0                              0              

ICACHE_OVERTAKE_FDIP                                 0                              0              

FT_UOP_CACHE_HIT_ON_PATH                        956358       66.243%          2984606       69.667%
FT_UOP_CACHE_MISS_ICACHE_HIT_ON_PATH            456450       31.617%          1226318       28.625%
FT_UOP_CACHE_MISS_ICACHE_MISS_ON_PATH            30898        2.140%            73197        1.709%
                                               1443706      100.000%          4284121      100.000%
                                                  0.36         0.44              0.32         0.43

FT_UOP_CACHE_HIT_OFF_PATH                      1260010       76.764%          3492902       77.912%
FT_UOP_CACHE_MISS_ICACHE_HIT_OFF_PATH           375018       22.847%           974708       21.742%
FT_UOP_CACHE_MISS_ICACHE_MISS_OFF_PATH            6374        0.388%            15508        0.346%
                                               1641402      100.000%          4483118      100.000%
                                                  0.24         0.38              0.22         0.38

UOPS_SERVED_BY_ICACHE_ON_PATH                  3850568       34.227%         10343905       30.690%
UOPS_SERVED_BY_UOP_CACHE_ON_PATH               7399530       65.773%         23360823       69.310%
                                              11250098      100.000%         33704728      100.000%
                                                  0.66         0.60              0.69         0.63

UOPS_SERVED_BY_ICACHE_OFF_PATH                 3484651       24.128%          9061663       23.193%
UOPS_SERVED_BY_UOP_CACHE_OFF_PATH             10957532       75.872%         30008678       76.807%
                                              14442183      100.000%         39070341      100.000%
                                                  0.76         0.69              0.77         0.70

UOP_CACHE_FT_INSERTED_ONPATH_USED_ONPATH        132636                         358630              

UOP_CACHE_FT_INSERTED_OFFPATH_USED_ONPATH         83363                         231555              

UOP_CACHE_LINE_INSERTED_ONPATH_USED_ONPATH        200187                         543019              

UOP_CACHE_LINE_INSERTED_OFFPATH_USED_ONPATH        127533                         351485              

UOP_CACHE_PREFETCH                                   0                              0              

UOP_CACHE_FT_INSERT_FAILED_INST_TOO_BIG_ON_PATH             0        0.000%                0        0.000%
UOP_CACHE_FT_INSERT_FAILED_FT_TOO_BIG_ON_PATH             0        0.000%                0        0.000%
UOP_CACHE_FT_SHORT_REUSE_CONFLICTED_ON_PATH         29312        6.015%            79259        6.099%
UOP_CACHE_FT_INSERT_SUCCEEDED_ON_PATH           458026       93.985%          1220198       93.901%
                                                487338      100.000%          1299457      100.000%
                                                  2.94         2.86              2.94         2.86

UOP_CACHE_FT_INSERT_FAILED_INST_TOO_BIG_OFF_PATH             0        0.000%                0        0.000%
UOP_CACHE_FT_INSERT_FAILED_FT_TOO_BIG_OFF_PATH             0        0.000%                0        0.000%
UOP_CACHE_FT_SHORT_REUSE_CONFLICTED_OFF_PATH          8390        3.152%            24557        3.516%
UOP_CACHE_FT_INSERT_SUCCEEDED_OFF_PATH          257829       96.848%           673883       96.484%
                                                266219      100.000%           698440      100.000%
                                                  2.97         2.93              2.96         2.92

UOP_CACHE_LINE_INSERT_FAILED_INST_TOO_BIG_ON_PATH             0        0.000%                0        0.000%
UOP_CACHE_LINE_INSERT_FAILED_FT_TOO_BIG_ON_PATH             0        0.000%                0        0.000%
UOP_CACHE_LINE_SHORT_REUSE_CONFLICTED_ON_PATH         47578        6.445%           132547        6.687%
UOP_CACHE_LINE_INSERT_SUCCEEDED_ON_PATH         690611       93.555%          1849502       93.313%
                                                738189      100.000%          1982049      100.000%
                                                  2.94         2.85              2.93         2.84

UOP_CACHE_LINE_INSERT_FAILED_INST_TOO_BIG_OFF_PATH             0        0.000%                0        0.000%
UOP_CACHE_LINE_INSERT_FAILED_FT_TOO_BIG_OFF_PATH             0        0.000%                0        0.000%
UOP_CACHE_LINE_SHORT_REUSE_CONFLICTED_OFF_PATH         12421        2.817%            35751        3.103%
UOP_CACHE_LINE_INSERT_SUCCEEDED_OFF_PATH        428492       97.183%          1116400       96.897%
                                                440913      100.000%          1152151      100.000%
                                                  2.97         2.93              2.97         2.93

UOP_CACHE_ICACHE_SWITCH_BR_NOT_TAKEN_RESTEERED             0         -nan%                0         -nan%
UOP_CACHE_ICACHE_SWITCH_BR_NOT_TAKEN_CORRECT_PRED             0         -nan%                0         -nan%
UOP_CACHE_ICACHE_SWITCH_BR_TAKEN_RESTEERED             0         -nan%                0         -nan%
UOP_CACHE_ICACHE_SWITCH_BR_TAKEN_CORRECT_PRED             0         -nan%                0         -nan%
                                                     0         -nan%                0         -nan%
                                                  -nan         -nan              -nan         -nan

UOP_CACHE_FT_LINES_1_ON_PATH                    277171       56.874%           731066       56.259%
UOP_CACHE_FT_LINES_2_ON_PATH                    169796       34.842%           455777       35.074%
UOP_CACHE_FT_LINES_3_ON_PATH                     40058        8.220%           111027        8.544%
UOP_CACHE_FT_LINES_4_ON_PATH                       313        0.064%             1587        0.122%
UOP_CACHE_FT_LINES_5_ON_PATH                         0        0.000%                0        0.000%
UOP_CACHE_FT_LINES_6_ON_PATH                         0        0.000%                0        0.000%
UOP_CACHE_FT_LINES_7_ON_PATH                         0        0.000%                0        0.000%
UOP_CACHE_FT_LINES_8_ON_PATH                         0        0.000%                0        0.000%
UOP_CACHE_FT_LINES_9_AND_MORE_ON_PATH                0        0.000%                0        0.000%
                                                487338      100.000%          1299457      100.000%
                                                  0.51         0.52              0.53         0.52

UOP_CACHE_FT_LINES_1_OFF_PATH                   127668       47.956%           338448       48.458%
UOP_CACHE_FT_LINES_2_OFF_PATH                   102746       38.595%           266861       38.208%
UOP_CACHE_FT_LINES_3_OFF_PATH                    35467       13.322%            92543       13.250%
UOP_CACHE_FT_LINES_4_OFF_PATH                      338        0.127%              588        0.084%
UOP_CACHE_FT_LINES_5_OFF_PATH                        0        0.000%                0        0.000%
UOP_CACHE_FT_LINES_6_OFF_PATH                        0        0.000%                0        0.000%
UOP_CACHE_FT_LINES_7_OFF_PATH                        0        0.000%                0        0.000%
UOP_CACHE_FT_LINES_8_OFF_PATH                        0        0.000%                0        0.000%
UOP_CACHE_FT_LINES_9_AND_MORE_OFF_PATH               0        0.000%                0        0.000%
                                                266219      100.000%           698440      100.000%
                                                  0.66         0.54              0.65         0.54

UOP_CACHE_PREFETCH_PW_LENGTH_1                       0         -nan%                0         -nan%
UOP_CACHE_PREFETCH_PW_LENGTH_2                       0         -nan%                0         -nan%
UOP_CACHE_PREFETCH_PW_LENGTH_3                       0         -nan%                0         -nan%
UOP_CACHE_PREFETCH_PW_LENGTH_4                       0         -nan%                0         -nan%
UOP_CACHE_PREFETCH_PW_LENGTH_5                       0         -nan%                0         -nan%
UOP_CACHE_PREFETCH_PW_LENGTH_6                       0         -nan%                0         -nan%
UOP_CACHE_PREFETCH_PW_LENGTH_7                       0         -nan%                0         -nan%
UOP_CACHE_PREFETCH_PW_LENGTH_8                       0         -nan%                0         -nan%
UOP_CACHE_PREFETCH_PW_LENGTH_9                       0         -nan%                0         -nan%
UOP_CACHE_PREFETCH_PW_LENGTH_10                      0         -nan%                0         -nan%
UOP_CACHE_PREFETCH_PW_LENGTH_11                      0         -nan%                0         -nan%
UOP_CACHE_PREFETCH_PW_LENGTH_12                      0         -nan%                0         -nan%
UOP_CACHE_PREFETCH_PW_LENGTH_13                      0         -nan%                0         -nan%
UOP_CACHE_PREFETCH_PW_LENGTH_14                      0         -nan%                0         -nan%
UOP_CACHE_PREFETCH_PW_LENGTH_15                      0         -nan%                0         -nan%
UOP_CACHE_PREFETCH_PW_LENGTH_16                      0         -nan%                0         -nan%
UOP_CACHE_PREFETCH_PW_LENGTH_17                      0         -nan%                0         -nan%
UOP_CACHE_PREFETCH_PW_LENGTH_18                      0         -nan%                0         -nan%
UOP_CACHE_PREFETCH_PW_LENGTH_19                      0         -nan%                0         -nan%
UOP_CACHE_PREFETCH_PW_LENGTH_20                      0         -nan%                0         -nan%
UOP_CACHE_PREFETCH_PW_LENGTH_21                      0         -nan%                0         -nan%
UOP_CACHE_PREFETCH_PW_LENGTH_22                      0         -nan%                0         -nan%
UOP_CACHE_PREFETCH_PW_LENGTH_23                      0         -nan%                0         -nan%
UOP_CACHE_PREFETCH_PW_LENGTH_24                      0         -nan%                0         -nan%
                                                     0         -nan%                0         -nan%
                                                  -nan         -nan              -nan         -nan

DCACHE_MISS                                     186847        4.486%           509644        4.063%
DCACHE_ST_BUFFER_HIT                              4981        0.120%            15698        0.125%
DCACHE_HIT                                     3973063       95.394%         12017705       95.812%
                                               4164891      100.000%         12543047      100.000%
                                                  1.91         1.87              1.92         1.88

DCACHE_ACCESS_ONPATH                           4165409                       12550500              

DCACHE_ACCESS_OFFPATH                          1011353                        2423671              

DCACHE_MISS_ONPATH                              186847       92.826%           509644       94.089%
DCACHE_MISS_OFFPATH                              14441        7.174%            32015        5.911%
                                                201288      100.000%           541659      100.000%
                                                  0.07         0.25              0.06         0.23

DCACHE_ST_BUFFER_HIT_ONPATH                       4981       92.481%            15698       94.726%
DCACHE_ST_BUFFER_HIT_OFFPATH                       405        7.519%              874        5.274%
                                                  5386      100.000%            16572      100.000%
                                                  0.08         0.25              0.05         0.22

DCACHE_HIT_ONPATH                              3973063       79.948%         12017705       83.407%
DCACHE_HIT_OFFPATH                              996468       20.052%          2390727       16.593%
                                               4969531      100.000%         14408432      100.000%
                                                  0.20         0.37              0.17         0.35

DCACHE_HIT_ONPATH_SAT_BY_OFFPATH                  1652        0.042%             3673        0.031%
DCACHE_HIT_ONPATH_SAT_BY_ONPATH                3971411       99.958%         12014032       99.969%
                                               3973063      100.000%         12017705      100.000%
                                                  1.00         1.00              1.00         1.00

DCACHE_HIT_OFFPATH_SAT_BY_OFFPATH                 7952        0.798%            18348        0.767%
DCACHE_HIT_OFFPATH_SAT_BY_ONPATH                988516       99.202%          2372379       99.233%
                                                996468      100.000%          2390727      100.000%
                                                  0.99         0.99              0.99         0.99

DCACHE_MISS_LD                                  148114       79.270%           386818       75.900%
DCACHE_MISS_ST                                   38733       20.730%           122826       24.100%
                                                186847      100.000%           509644      100.000%
                                                  0.21         0.37              0.24         0.39

DCACHE_MISS_LD_ONPATH                           148114       92.449%           386818       93.512%
DCACHE_MISS_LD_OFFPATH                           12098        7.551%            26836        6.488%
                                                160212      100.000%           413654      100.000%
                                                  0.08         0.25              0.06         0.24

DCACHE_MISS_ST_ONPATH                            38733       94.296%           122826       95.954%
DCACHE_MISS_ST_OFFPATH                            2343        5.704%             5179        4.046%
                                                 41076      100.000%           128005      100.000%
                                                  0.06         0.23              0.04         0.19

DCACHE_MISS_WAITMEM                                557                           7508              

MEM_REQ_ROW_BUFFER_HITS                              0         -nan%                0         -nan%
MEM_REQ_ROW_BUFFER_MISSES                            0         -nan%                0         -nan%
MEM_REQ_ROW_BUFFER_CONFLICTS                         0         -nan%                0         -nan%
                                                     0         -nan%                0         -nan%
                                                  -nan         -nan              -nan         -nan

SHADOW_ROW_BUFFER_HITS                               0                              0              

SHADOW_ROW_HIT_STALL_TIME                            0                              0              

CHANNEL0_BUS_BUSY_CYCLES                             0         -nan%                0         -nan%
CHANNEL1_BUS_BUSY_CYCLES                             0         -nan%                0         -nan%
CHANNEL2_BUS_BUSY_CYCLES                             0         -nan%                0         -nan%
CHANNEL3_BUS_BUSY_CYCLES                             0         -nan%                0         -nan%
CHANNEL4_BUS_BUSY_CYCLES                             0         -nan%                0         -nan%
CHANNEL5_BUS_BUSY_CYCLES                             0         -nan%                0         -nan%
CHANNEL6_BUS_BUSY_CYCLES                             0         -nan%                0         -nan%
CHANNEL7_BUS_BUSY_CYCLES                             0         -nan%                0         -nan%
                                                     0         -nan%                0         -nan%
                                                  -nan         -nan              -nan         -nan

CHANNEL_IDLE_DESPITE_READY_CMD                       0                              0              

MEM_NUM_TOTAL_BUS_CYCLES                             0                              0              

MEM_NUM_BANK_BUSY_PER_BUS_CYCLE                      0          -nan                0          -nan

CORE_NUM_BANK_BUSY_PER_BUS_CYCLE                     0          -nan                0          -nan

CHANNEL0_MEM_NUM_TOTAL_BUS_CYCLES                    0         -nan%                0         -nan%
CHANNEL1_MEM_NUM_TOTAL_BUS_CYCLES                    0         -nan%                0         -nan%
CHANNEL2_MEM_NUM_TOTAL_BUS_CYCLES                    0         -nan%                0         -nan%
CHANNEL3_MEM_NUM_TOTAL_BUS_CYCLES                    0         -nan%                0         -nan%
CHANNEL4_MEM_NUM_TOTAL_BUS_CYCLES                    0         -nan%                0         -nan%
CHANNEL5_MEM_NUM_TOTAL_BUS_CYCLES                    0         -nan%                0         -nan%
CHANNEL6_MEM_NUM_TOTAL_BUS_CYCLES                    0         -nan%                0         -nan%
CHANNEL7_MEM_NUM_TOTAL_BUS_CYCLES                    0         -nan%                0         -nan%
                                                     0         -nan%                0         -nan%
                                                  -nan         -nan              -nan         -nan

CHANNEL0_MEM_NUM_BANK_BUSY_PER_BUS_CYCLE             0          -nan                0          -nan

CHANNEL1_MEM_NUM_BANK_BUSY_PER_BUS_CYCLE             0          -nan                0          -nan

CHANNEL2_MEM_NUM_BANK_BUSY_PER_BUS_CYCLE             0          -nan                0          -nan

CHANNEL3_MEM_NUM_BANK_BUSY_PER_BUS_CYCLE             0          -nan                0          -nan

CHANNEL4_MEM_NUM_BANK_BUSY_PER_BUS_CYCLE             0          -nan                0          -nan

CHANNEL5_MEM_NUM_BANK_BUSY_PER_BUS_CYCLE             0          -nan                0          -nan

CHANNEL6_MEM_NUM_BANK_BUSY_PER_BUS_CYCLE             0          -nan                0          -nan

CHANNEL7_MEM_NUM_BANK_BUSY_PER_BUS_CYCLE             0          -nan                0          -nan

RAMULATOR_QUEUE_ENQUEUED                             0                              0              

RAMULATOR_QUEUE_FULL                                 0                              0              

BUS_DEMAND_ACCESS                                 9525                          36187              

BUS_PREF_ACCESS                                   4787                          15254              

BUS_ACCESS                                           0                              0              

L1_DEMAND_ACCESS                                 57471                         152515              

L1_PREF_ACCESS                                   18048                          56277              

L1_ACCESS                                        60079                         171322              

MLC_DEMAND_ACCESS                               133406                         345626              

MLC_PREF_ACCESS                                 259258                         626581              

MLC_ACCESS                                      392664                         972207              

L1_HIT                                            9288       58.703%            24066       52.228%
L1_MISS                                           6534       41.297%            22013       47.772%
                                                 15822      100.000%            46079      100.000%
                                                  0.41         0.46              0.48         0.49

L1_HIT_ALL                                       23217       61.497%            52663       50.455%
L1_MISS_ALL                                      14536       38.503%            51714       49.545%
                                                 37753      100.000%           104377      100.000%
                                                  0.39         0.45              0.50         0.50

L1_DEMAND_MISS                                    6513       44.806%            21939       42.424%
L1_PREF_REQ_MISS                                  4787       32.932%            15254       29.497%
L1_WB_MISS                                        3236       22.262%            14521       28.079%
                                                 14536      100.000%            51714      100.000%
                                                  0.77         0.70              0.86         0.76

L1_DEMAND_HIT                                     9286       39.997%            24054       45.675%
L1_PREF_REQ_HIT                                    768        3.308%             1955        3.712%
L1_WB_HIT                                        13163       56.696%            26654       50.612%
                                                 23217      100.000%            52663      100.000%
                                                  1.17         1.08              1.05         1.01

L1_MISS_ONPATH                                    6440       98.561%            21826       99.151%
L1_MISS_OFFPATH                                     94        1.439%              187        0.849%
                                                  6534      100.000%            22013      100.000%
                                                  0.01         0.12              0.01         0.09

L1_MISS_ALL_ONPATH                               11525       79.286%            37507       72.528%
L1_MISS_ALL_OFFPATH                               3011       20.714%            14207       27.472%
                                                 14536      100.000%            51714      100.000%
                                                  0.21         0.37              0.27         0.41

L1_HIT_ONPATH                                     8882       95.629%            23236       96.551%
L1_HIT_OFFPATH                                     406        4.371%              830        3.449%
                                                  9288      100.000%            24066      100.000%
                                                  0.04         0.20              0.03         0.18

L1_HIT_ALL_ONPATH                                19449       83.771%            45433       86.271%
L1_HIT_ALL_OFFPATH                                3768       16.229%             7230       13.729%
                                                 23217      100.000%            52663      100.000%
                                                  0.16         0.34              0.14         0.32

L1_HIT_ONPATH_SAT_BY_OFFPATH                       556        2.859%             1284        2.826%
L1_HIT_ONPATH_SAT_BY_ONPATH                      18893       97.141%            44149       97.174%
                                                 19449      100.000%            45433      100.000%
                                                  0.97         0.96              0.97         0.96

L1_HIT_OFFPATH_SAT_BY_OFFPATH                     3017       80.069%             6108       84.481%
L1_HIT_OFFPATH_SAT_BY_ONPATH                       751       19.931%             1122       15.519%
                                                  3768      100.000%             7230      100.000%
                                                  0.20         0.37              0.16         0.34

L1_HIT_ONPATH_IFETCH_SAT_BY_OFFPATH                237       37.799%              703       53.828%
L1_HIT_ONPATH_IFETCH_SAT_BY_ONPATH                 390       62.201%              603       46.172%
                                                   627      100.000%             1306      100.000%
                                                  0.62         0.57              0.46         0.48

L1_HIT_ONPATH_DATA_SAT_BY_OFFPATH                    0        0.000%                0        0.000%
L1_HIT_ONPATH_DATA_SAT_BY_ONPATH                  8255      100.000%            21930      100.000%
                                                  8255      100.000%            21930      100.000%
                                                  1.00         1.00              1.00         1.00

L1_FILL_OFFPATH_IFETCH                              65                            140              

L1_FILL_OFFPATH_DATA                                13                             16              

L1_FILL_OFFPATH                                   2995                          14176              

L1_USE_OFFPATH_IFETCH                              237        3.6462              703        5.0214

L1_USE_OFFPATH_DATA                                  3        0.2308                4        0.2500

L1_USE_OFFPATH                                     559        0.1866             1288        0.0909

JUST_L1_USE_OFFPATH                                557        0.1860             1286        0.0907

L1_FILL_ONPATH_IFETCH                              353                            859              

L1_FILL_ONPATH_DATA                               6150                          21353              

L1_FILL_ONPATH                                    6598                          22440              

L1_USE_ONPATH_IFETCH                               390        1.1048              603        0.7020

L1_USE_ONPATH_DATA                                8255        1.3423            21930        1.0270

L1_USE_ONPATH                                    18893        2.8634            44149        1.9674

L1_CYCLE                                       6148855                       18001269              

L1_LINES                                  199638070706    32467.5197     480230539665    26677.5937

MLC_HIT                                         117874       88.496%           288877       86.536%
MLC_MISS                                         15323       11.504%            44945       13.464%
                                                133197      100.000%           333822      100.000%
                                                  0.12         0.30              0.13         0.32

MLC_HIT_ALL                                     369296       94.299%           902759       93.097%
MLC_MISS_ALL                                     22325        5.701%            66938        6.903%
                                                391621      100.000%           969697      100.000%
                                                  0.06         0.23              0.07         0.25

MLC_DEMAND_MISS                                  15323       68.636%            44945       67.144%
MLC_PREF_REQ_MISS                                    0        0.000%                0        0.000%
MLC_WB_MISS                                       7002       31.364%            21993       32.856%
                                                 22325      100.000%            66938      100.000%
                                                  0.63         0.85              0.66         0.86

MLC_DEMAND_HIT                                  117874       31.919%           288877       31.999%
MLC_PREF_REQ_HIT                                     0        0.000%                0        0.000%
MLC_WB_HIT                                      251422       68.081%           613882       68.001%
                                                369296      100.000%           902759      100.000%
                                                  1.36         1.24              1.36         1.24

MLC_MISS_ONPATH                                  15010       97.957%            44332       98.636%
MLC_MISS_OFFPATH                                   313        2.043%              613        1.364%
                                                 15323      100.000%            44945      100.000%
                                                  0.02         0.14              0.01         0.12

MLC_MISS_ALL_ONPATH                              15373       68.860%            45133       67.425%
MLC_MISS_ALL_OFFPATH                              6952       31.140%            21805       32.575%
                                                 22325      100.000%            66938      100.000%
                                                  0.31         0.42              0.33         0.43

MLC_HIT_ONPATH                                  105474       89.480%           260835       90.293%
MLC_HIT_OFFPATH                                  12400       10.520%            28042        9.707%
                                                117874      100.000%           288877      100.000%
                                                  0.11         0.29              0.10         0.28

MLC_HIT_ALL_ONPATH                              206952       56.040%           517345       57.307%
MLC_HIT_ALL_OFFPATH                             162344       43.960%           385414       42.693%
                                                369296      100.000%           902759      100.000%
                                                  0.44         0.47              0.43         0.47

L1_QUEUE_OCCUPANCY                             1412309        0.0785          3899446        0.2166

MLC_QUEUE_OCCUPANCY                            1374556        0.0764          3795069        0.2108

DCACHE_FILL_PORT_UNAVAILABLE_ONPATH               5693                          16092              

DCACHE_FILL_PORT_UNAVAILABLE_OFFPATH               791                           1543              

DCACHE_READ_PORT_UNAVAILABLE_ONPATH             270212                         782661              

DCACHE_READ_PORT_UNAVAILABLE_OFFPATH            105513                         248410              

DCACHE_FILL_OFFPATH                               7259                          15643              

DCACHE_USE_OFFPATH                                1652        0.2276             3673        0.2348

DCACHE_FILL_ONPATH                               90110                         233578              

DCACHE_USE_ONPATH                              3971411       44.0729         12014032       51.4348

ICACHE_FILL_OFFPATH                             161831                         391142              

ICACHE_USE_OFFPATH                                   0        0.0000                0        0.0000

ICACHE_FILL_ONPATH                               96794                         234217              

ICACHE_USE_ONPATH                                    0        0.0000                0        0.0000

REQBUF_CREATE_ONPATH                            239335                         598923              

REQBUF_ONPATH_MATCH_OFFPATH                        354        0.0015              844        0.0014

REQBUF_CREATE_ONPATH_DATA                        89953                         232915              

REQBUF_ONPATH_MATCH_OFFPATH_DATA                    84        0.0009              219        0.0009

REQBUF_CREATE_ONPATH_IFETCH                         65                            308              

REQBUF_ONPATH_MATCH_OFFPATH_IFETCH                 270        4.1538              625        2.0292

REQBUF_CREATE_OFFPATH                           171521                         412373              

ONPATH_KICKED_OUT_OFFPATH                            0                              0              

ONPATH_KICKED_OUT_PREFETCH                           0                              0              

DIST_ICACHE_FILL_OFFPATH_USED                        0        0.000%                0        0.000%
DIST_ICACHE_FILL_OFFPATH_NOTUSED                     0        0.000%                0        0.000%
DIST_ICACHE_FILL_ONPATH_PARTIAL                    270        0.279%              625        0.267%
DIST_ICACHE_FILL_ONPATH                          96524       99.721%           233592       99.733%
                                                 96794      100.000%           234217      100.000%
                                                  3.00         2.99              3.00         2.99

DIST_DCACHE_FILL_OFFPATH_USED                     1652        1.800%             3673        1.548%
DIST_DCACHE_FILL_OFFPATH_NOTUSED                     0        0.000%                0        0.000%
DIST_DCACHE_FILL_ONPATH_PARTIAL                     84        0.092%              219        0.092%
DIST_DCACHE_FILL_ONPATH                          90026       98.108%           233359       98.360%
                                                 91762      100.000%           237251      100.000%
                                                  2.95         2.92              2.95         2.93

DIST_L1_FILL_OFFPATH_USED                          559        7.811%             1288        5.428%
DIST_L1_FILL_OFFPATH_NOTUSED                         0        0.000%                0        0.000%
DIST_L1_FILL_ONPATH_PARTIAL                         41        0.573%               95        0.400%
DIST_L1_FILL_ONPATH                               6557       91.617%            22345       94.171%
                                                  7157      100.000%            23728      100.000%
                                                  2.76         2.65              2.83         2.75

DIST_JUST_L1_FILL_OFFPATH_USED                       0         -nan%                0         -nan%
DIST_JUST_L1_FILL_OFFPATH_NOTUSED                    0         -nan%                0         -nan%
DIST_JUST_L1_FILL_ONPATH_PARTIAL                     0         -nan%                0         -nan%
DIST_JUST_L1_FILL_ONPATH                             0         -nan%                0         -nan%
                                                     0         -nan%                0         -nan%
                                                  -nan         -nan              -nan         -nan

DIST_REQBUF_OFFPATH_USED                          2562        1.331%             5801        1.197%
DIST_REQBUF_OFFPATH_NOTUSED                          0        0.000%                0        0.000%
DIST_REQBUF_ONPATH                              189955       98.669%           478972       98.803%
                                                192517      100.000%           484773      100.000%
                                                  1.97         1.96              1.98         1.96

DIST2_REQBUF_OFFPATH_USED_PARTIAL                  354        0.184%              844        0.174%
DIST2_REQBUF_OFFPATH_USED_FULL                    2208        1.147%             4957        1.023%
DIST2_REQBUF_OFFPATH_NOTUSED                         0        0.000%                0        0.000%
DIST2_REQBUF_ONPATH                             189955       98.669%           478972       98.803%
                                                192517      100.000%           484773      100.000%
                                                  2.97         2.96              2.97         2.96

DIST_ICACHE_FILL                                258625                         625359              

DIST_DCACHE_FILL                                 97369                         249221              

DIST_L1_FILL                                      9593                          36616              

DIST_USED_OFFPATH_ICACHE                             0         -nan%                0         -nan%
DIST_NOTUSED_OFFPATH_ICACHE                          0         -nan%                0         -nan%
                                                     0         -nan%                0         -nan%
                                                  -nan         -nan              -nan         -nan

DIST_USED_OFFPATH_DCACHE                             0         -nan%                0         -nan%
DIST_NOTUSED_OFFPATH_DCACHE                          0         -nan%                0         -nan%
                                                     0         -nan%                0         -nan%
                                                  -nan         -nan              -nan         -nan

DIST_USED_OFFPATH_L1                                 0         -nan%                0         -nan%
DIST_NOTUSED_OFFPATH_L1                              0         -nan%                0         -nan%
                                                     0         -nan%                0         -nan%
                                                  -nan         -nan              -nan         -nan

DIST_USED_OFFPATH_JUST_L1                            0         -nan%                0         -nan%
DIST_NOTUSED_OFFPATH_JUST_L1                         0         -nan%                0         -nan%
                                                     0         -nan%                0         -nan%
                                                  -nan         -nan              -nan         -nan

DIST_OFFPATH_ICACHE_FULL                             0         -nan%                0         -nan%
DIST_OFFPATH_ICACHE_PARTIAL                          0         -nan%                0         -nan%
DIST_OFFPATH_ICACHE_NOTUSED                          0         -nan%                0         -nan%
                                                     0         -nan%                0         -nan%
                                                  -nan         -nan              -nan         -nan

DIST_OFFPATH_DCACHE_FULL                             0         -nan%                0         -nan%
DIST_OFFPATH_DCACHE_PARTIAL                          0         -nan%                0         -nan%
DIST_OFFPATH_DCACHE_NOTUSED                          0         -nan%                0         -nan%
                                                     0         -nan%                0         -nan%
                                                  -nan         -nan              -nan         -nan

DIST_OFFPATH_L1_FULL                                 0         -nan%                0         -nan%
DIST_OFFPATH_L1_PARTIAL                              0         -nan%                0         -nan%
DIST_OFFPATH_L1_NOTUSED                              0         -nan%                0         -nan%
                                                     0         -nan%                0         -nan%
                                                  -nan         -nan              -nan         -nan

DIST_OFFPATH_JUST_L1_FULL                            0         -nan%                0         -nan%
DIST_OFFPATH_JUST_L1_PARTIAL                         0         -nan%                0         -nan%
DIST_OFFPATH_JUST_L1_NOTUSED                         0         -nan%                0         -nan%
                                                     0         -nan%                0         -nan%
                                                  -nan         -nan              -nan         -nan

MLC_MISS_ONPATH_IFETCH                             683        4.443%             1522        3.372%
MLC_MISS_ONPATH_DFETCH                           11218       72.972%            30291       67.115%
MLC_MISS_ONPATH_DSTORE                            3109       20.224%            12519       27.738%
MLC_MISS_ONPATH_IPRF                                 0        0.000%                0        0.000%
MLC_MISS_ONPATH_DPRF                                 0        0.000%                0        0.000%
MLC_MISS_ONPATH_WB                                 351        2.283%              770        1.706%
MLC_MISS_ONPATH_WB_NODIRTY                          12        0.078%               31        0.069%
                                                 15373      100.000%            45133      100.000%
                                                  1.25         0.71              1.32         0.67

MLC_MISS_OFFPATH_IFETCH                            120        1.726%              263        1.206%
MLC_MISS_OFFPATH_DFETCH                            160        2.301%              308        1.413%
MLC_MISS_OFFPATH_DSTORE                             33        0.475%               42        0.193%
MLC_MISS_OFFPATH_IPRF                                0        0.000%                0        0.000%
MLC_MISS_OFFPATH_DPRF                                0        0.000%                0        0.000%
MLC_MISS_OFFPATH_WB                               6639       95.498%            21192       97.189%
MLC_MISS_OFFPATH_WB_NODIRTY                          0        0.000%                0        0.000%
                                                  6952      100.000%            21805      100.000%
                                                  4.81         0.64              4.88         0.49

MLC_HIT_ONPATH_IFETCH                            29769       14.384%            70544       13.636%
MLC_HIT_ONPATH_DFETCH                            70486       34.059%           177418       34.294%
MLC_HIT_ONPATH_DSTORE                             5219        2.522%            12873        2.488%
MLC_HIT_ONPATH_IPRF                                  0        0.000%                0        0.000%
MLC_HIT_ONPATH_DPRF                                  0        0.000%                0        0.000%
MLC_HIT_ONPATH_WB                                65793       31.791%           160980       31.117%
MLC_HIT_ONPATH_WB_NODIRTY                        35685       17.243%            95530       18.465%
                                                206952      100.000%           517345      100.000%
                                                  3.02         2.40              3.06         2.45

MLC_HIT_OFFPATH_IFETCH                            5326        3.281%            12716        3.299%
MLC_HIT_OFFPATH_DFETCH                            5913        3.642%            12840        3.331%
MLC_HIT_OFFPATH_DSTORE                            1161        0.715%             2486        0.645%
MLC_HIT_OFFPATH_IPRF                                 0        0.000%                0        0.000%
MLC_HIT_OFFPATH_DPRF                                 0        0.000%                0        0.000%
MLC_HIT_OFFPATH_WB                              149944       92.362%           357372       92.724%
MLC_HIT_OFFPATH_WB_NODIRTY                           0        0.000%                0        0.000%
                                                162344      100.000%           385414      100.000%
                                                  4.67         0.80              4.68         0.77

L1_MISS_ONPATH_IFETCH                              338        2.933%              834        2.224%
L1_MISS_ONPATH_DFETCH                             4993       43.323%            16135       43.019%
L1_MISS_ONPATH_DSTORE                             1109        9.623%             4857       12.950%
L1_MISS_ONPATH_IPRF                                  0        0.000%                0        0.000%
L1_MISS_ONPATH_DPRF                                  0        0.000%                0        0.000%
L1_MISS_ONPATH_WB                                   95        0.824%              228        0.608%
L1_MISS_ONPATH_WB_NODIRTY                         4990       43.297%            15453       41.200%
                                                 11525      100.000%            37507      100.000%
                                                  3.26         3.20              3.19         3.12

L1_MISS_OFFPATH_IFETCH                              80        2.657%              165        1.161%
L1_MISS_OFFPATH_DFETCH                              12        0.399%               20        0.141%
L1_MISS_OFFPATH_DSTORE                               2        0.066%                2        0.014%
L1_MISS_OFFPATH_IPRF                                 0        0.000%                0        0.000%
L1_MISS_OFFPATH_DPRF                                 0        0.000%                0        0.000%
L1_MISS_OFFPATH_WB                                2917       96.878%            14020       98.684%
L1_MISS_OFFPATH_WB_NODIRTY                           0        0.000%                0        0.000%
                                                  3011      100.000%            14207      100.000%
                                                  4.85         0.29              4.94         0.16

L1_HIT_ONPATH_IFETCH                               627        3.224%             1306        2.875%
L1_HIT_ONPATH_DFETCH                              6256       32.166%            14268       31.404%
L1_HIT_ONPATH_DSTORE                              1999       10.278%             7662       16.864%
L1_HIT_ONPATH_IPRF                                   0        0.000%                0        0.000%
L1_HIT_ONPATH_DPRF                                   0        0.000%                0        0.000%
L1_HIT_ONPATH_WB                                   140        0.720%              266        0.585%
L1_HIT_ONPATH_WB_NODIRTY                         10427       53.612%            21931       48.271%
                                                 19449      100.000%            45433      100.000%
                                                  3.78         3.62              3.58         3.40

L1_HIT_OFFPATH_IFETCH                              234        6.210%              528        7.303%
L1_HIT_OFFPATH_DFETCH                              141        3.742%              263        3.638%
L1_HIT_OFFPATH_DSTORE                               31        0.823%               39        0.539%
L1_HIT_OFFPATH_IPRF                                  0        0.000%                0        0.000%
L1_HIT_OFFPATH_DPRF                                  0        0.000%                0        0.000%
L1_HIT_OFFPATH_WB                                 3362       89.225%             6400       88.520%
L1_HIT_OFFPATH_WB_NODIRTY                            0        0.000%                0        0.000%
                                                  3768      100.000%             7230      100.000%
                                                  4.52         0.85              4.47         0.85

DRAM_CYCLES                                          0                              0              

DRAM_UNBLOCK_CYCLES                                  0          -nan                0          -nan

DRAM_UNBLOCK_PERIODS                                 0                              0              

MEM_REQ_BUFFER_FULL                               5089                          27468              

MEM_REQ_BUFFER_FULL_DENIED_DEMAND                  722                           8765              

CORE_MEM_BLOCKED                                   452                           4310              

MEM_REQ_BUFFER_FULL_DENIED_IFETCH                  165       19.504%             1257       13.454%
MEM_REQ_BUFFER_FULL_DENIED_DFETCH                  277       32.742%             4972       53.216%
MEM_REQ_BUFFER_FULL_DENIED_DSTORE                  280       33.097%             2536       27.143%
MEM_REQ_BUFFER_FULL_DENIED_IPRF                      0        0.000%                0        0.000%
MEM_REQ_BUFFER_FULL_DENIED_DPRF                      0        0.000%                0        0.000%
MEM_REQ_BUFFER_FULL_DENIED_WB                      124       14.657%              578        6.186%
MEM_REQ_BUFFER_FULL_DENIED_WB_NODIRTY                0        0.000%                0        0.000%
                                                   846      100.000%             9343      100.000%
                                                  1.72         1.33              1.38         1.00

MEM_QUEUE_FULL                                    4218                          17832              

MEM_REQ_BUFFER_MISS                             410881       63.370%          1011589       62.464%
MEM_REQ_BUFFER_HIT                              237504       36.630%           607893       37.536%
                                                648385      100.000%          1619482      100.000%
                                                  0.37         0.44              0.38         0.45

MEM_REQ_FDIP_BUFFER_HIT                         133396                         314304              

MEM_REQ_FDIP_CYCLE_DELTA                       1638292                        4801992              

MEM_REQ_DEMAND_ICACHE_BUFFER_HIT                    30                            149              

MEM_REQ_DEMAND_ICACHE_CYCLE_DELTA                 1047                           5649              

MEM_REQ_IFETCH                                      82        0.020%              396        0.039%
MEM_REQ_DFETCH                                   87699       21.345%           220686       21.822%
MEM_REQ_DSTORE                                    9597        2.336%            28091        2.778%
MEM_REQ_IPRF                                         0        0.000%                0        0.000%
MEM_REQ_DPRF                                         0        0.000%                0        0.000%
MEM_REQ_WB                                      258543       62.928%           624963       61.798%
MEM_REQ_WB_NODIRTY                               54935       13.371%           137160       13.563%
                                                410856      100.000%          1011296      100.000%
                                                  4.21         2.35              4.18         2.36

LD_NO_FORWARD                                  3533958       73.181%          9696226       71.183%
FORWARDED_LD                                   1295125       26.819%          3925256       28.817%
                                               4829083      100.000%         13621482      100.000%
                                                  0.27         0.40              0.29         0.41

WRONGPATH_L1Q_REMOVALS                               0         -nan%                0         -nan%
WRONGPATH_BUSQ_REMOVALS                              0         -nan%                0         -nan%
WRONGPATH_MEMQ_REMOVALS                              0         -nan%                0         -nan%
WRONGPATH_L1FILLQ_REMOVALS                           0         -nan%                0         -nan%
                                                     0         -nan%                0         -nan%
                                                  -nan         -nan              -nan         -nan

WRONGPATH_L1Q_DEMOTIONS                              0         -nan%                0         -nan%
WRONGPATH_BUSQ_DEMOTIONS                             0         -nan%                0         -nan%
WRONGPATH_MEMQ_DEMOTIONS                             0         -nan%                0         -nan%
WRONGPATH_L1FILLQ_DEMOTIONS                          0         -nan%                0         -nan%
                                                     0         -nan%                0         -nan%
                                                  -nan         -nan              -nan         -nan

PROMOTION_QMLC                                   35894       98.621%            84820       98.674%
PROMOTION_QL1                                      502        1.379%             1140        1.326%
                                                 36396      100.000%            85960      100.000%
                                                  0.01         0.12              0.01         0.11

PROMOTION_QBUSOUT                                    0                              0              

PROMOTION_QMEM                                       0                              0              

PROMOTION_QL1FILL                                    8                             29              

PROMOTION_QMLC_FILL                                 47                            125              

NOPROMOTION_QMEM                                     0                              0              

NOPROMOTION_QL1FILL                                  0         -nan%                0         -nan%
NOPROMOTION_QMLC_FILL                                0         -nan%                0         -nan%
                                                     0         -nan%                0         -nan%
                                                  -nan         -nan              -nan         -nan

PROMOTION_FROM_FDIP_OFF_TO_ON                        0                              0              

ICACHE_FILL_CORRECT_REQ                          35149       13.591%            83577       13.365%
ICACHE_FILL_INCORRECT_REQ                       223476       86.409%           541782       86.635%
                                                258625      100.000%           625359      100.000%
                                                  0.86         0.81              0.87         0.82

ICACHE_FILL_CORRECT_REQ_BY_FDIP                  35072       13.561%            83229       13.309%
ICACHE_FILL_INCORRECT_REQ_BY_FDIP               223471       86.407%           541734       86.628%
ICACHE_FILL_CORRECT_REQ_BY_ICACHE_DEMAND            77        0.030%              348        0.056%
ICACHE_FILL_INCORRECT_REQ_BY_ICACHE_DEMAND             5        0.002%               48        0.008%
                                                258625      100.000%           625359      100.000%
                                                  0.86         0.13              0.87         0.13

ICACHE_FILL_CORRECT_REQ_BY_ON_FDIP_HIT_BY_DEMAND_LOAD         26290                          62463              

ICACHE_FILL_CORRECT_REQ_BY_OFF_FDIP_HIT_BY_DEMAND_LOAD             1                              6              

ICACHE_FILL_INCORRECT_REQ_BY_ON_FDIP_HIT_BY_DEMAND_LOAD          4540                          10409              

ICACHE_FILL_INCORRECT_REQ_BY_OFF_FDIP_HIT_BY_DEMAND_LOAD             0                              0              

ICACHE_FILL_CORRECT_REQ_CYCLE_DELTA       525513668899                   808213505431              

ICACHE_FILL_CORRECT_REQ_CYCLE_DELTA_BY_ICACHE_DEMAND          6803                          38467              

ICACHE_FILL_CORRECT_REQ_CYCLE_DELTA_BY_FDIP        774875                        1942213              

ICACHE_FILL_CORRECT_REQ_CYCLE_DELTA_BY_ON_FDIP_HIT_BY_DEMAND_LOAD        317508                         758153              

ICACHE_FILL_CORRECT_REQ_CYCLE_DELTA_BY_OFF_FDIP_HIT_BY_DEMAND_LOAD            44                            924              

ICACHE_FILL_INCORRECT_REQ_CYCLE_DELTA    3350066544962                  5159075226389              

ICACHE_FILL_INCORRECT_REQ_CYCLE_DELTA_BY_ICACHE_DEMAND           163                           7312              

ICACHE_FILL_INCORRECT_REQ_CYCLE_DELTA_BY_FDIP       4875035                       14068122              

ICACHE_FILL_INCORRECT_REQ_CYCLE_DELTA_BY_ON_FDIP_HIT_BY_DEMAND_LOAD             0                              0              

ICACHE_FILL_INCORRECT_REQ_CYCLE_DELTA_BY_OFF_FDIP_HIT_BY_DEMAND_LOAD             0                              0              

MEM_REQ_INIT                                    410856                        1011296              

MEM_REQ_COMPLETE                                407061        0.9908          1007167        0.9959

MEM_REQ_KILLED                                    3798        0.0092             4129        0.0041

MEM_REQ_COMPLETE_MLC                            369308        0.8989           902790        0.8927

MEM_REQ_COMPLETE_L1                              10651        0.0259            22204        0.0220

MEM_REQ_COMPLETE_MEM                             27102        0.0660            82173        0.0813

MEM_REQ_INIT_ONPATH                             239335        0.5825           598923        0.5922

MEM_REQ_INIT_OFFPATH                            171521        0.4175           412373        0.4078

MEM_REQ_COMPLETE_ONPATH                         237971        0.5846           600382        0.5961

MEM_REQ_COMPLETE_OFFPATH                        169090        0.4154           406785        0.4039

MEM_REQ_INIT_IFETCH                                 82        0.023%              396        0.045%
MEM_REQ_INIT_DFETCH                              87699       24.640%           220686       25.246%
MEM_REQ_INIT_DSTORE                               9597        2.696%            28091        3.214%
MEM_REQ_INIT_IPRF                                    0        0.000%                0        0.000%
MEM_REQ_INIT_DPRF                                    0        0.000%                0        0.000%
MEM_REQ_INIT_WB                                 258543       72.641%           624963       71.495%
MEM_REQ_INIT_WB_NODIRTY                              0        0.000%                0        0.000%
                                                355921      100.000%           874136      100.000%
                                                  3.93         1.75              3.89         1.76

MEM_REQ_COMPLETE_IFETCH                          41981       10.216%           103447       10.225%
MEM_REQ_COMPLETE_DFETCH                         137217       33.392%           341233       33.727%
MEM_REQ_COMPLETE_DSTORE                           9532        2.320%            27939        2.761%
MEM_REQ_COMPLETE_IPRF                                0        0.000%                0        0.000%
MEM_REQ_COMPLETE_DPRF                                0        0.000%                0        0.000%
MEM_REQ_COMPLETE_WB                             222199       54.072%           539121       53.287%
MEM_REQ_COMPLETE_WB_NODIRTY                          0        0.000%                0        0.000%
                                                410929      100.000%          1011740      100.000%
                                                  3.08         1.86              3.06         1.86

MEM_REQ_KILLED_IFETCH                            51067      100.000%           132587      100.000%
MEM_REQ_KILLED_DFETCH                                0        0.000%                0        0.000%
MEM_REQ_KILLED_DSTORE                                0        0.000%                0        0.000%
MEM_REQ_KILLED_IPRF                                  0        0.000%                0        0.000%
MEM_REQ_KILLED_DPRF                                  0        0.000%                0        0.000%
MEM_REQ_KILLED_WB                                    0        0.000%                0        0.000%
MEM_REQ_KILLED_WB_NODIRTY                            0        0.000%                0        0.000%
                                                 51067      100.000%           132587      100.000%
                                                  0.00         0.00              0.00         0.00

MEM_REQ_INIT_OFFPATH_IFETCH                       3815        2.176%             4217        1.012%
MEM_REQ_INIT_OFFPATH_DFETCH                       6146        3.506%            13327        3.200%
MEM_REQ_INIT_OFFPATH_DSTORE                       1197        0.683%             2535        0.609%
MEM_REQ_INIT_OFFPATH_IPRF                            0        0.000%                0        0.000%
MEM_REQ_INIT_OFFPATH_DPRF                            0        0.000%                0        0.000%
MEM_REQ_INIT_OFFPATH_WB                         164161       93.636%           396423       95.179%
MEM_REQ_INIT_OFFPATH_WB_NODIRTY                      0        0.000%                0        0.000%
                                                175319      100.000%           416502      100.000%
                                                  4.73         0.78              4.80         0.74

MEM_REQ_INIT_ONPATH_IFETCH                          65        0.035%              308        0.067%
MEM_REQ_INIT_ONPATH_DFETCH                       81553       44.226%           207359       44.906%
MEM_REQ_INIT_ONPATH_DSTORE                        8400        4.555%            25556        5.534%
MEM_REQ_INIT_ONPATH_IPRF                             0        0.000%                0        0.000%
MEM_REQ_INIT_ONPATH_DPRF                             0        0.000%                0        0.000%
MEM_REQ_INIT_ONPATH_WB                           94382       51.183%           228540       49.493%
MEM_REQ_INIT_ONPATH_WB_NODIRTY                       0        0.000%                0        0.000%
                                                184400      100.000%           461763      100.000%
                                                  3.09         1.96              3.03         1.96

MEM_REQ_MATCH_IFETCH                             20887        4.990%            52597        5.105%
MEM_REQ_MATCH_DFETCH                            129215       30.872%           330454       32.073%
MEM_REQ_MATCH_DSTORE                             22103        5.281%            74509        7.232%
MEM_REQ_MATCH_IPRF                                   0        0.000%                0        0.000%
MEM_REQ_MATCH_DPRF                                   0        0.000%                0        0.000%
MEM_REQ_MATCH_WB                                246318       58.851%           572662       55.581%
MEM_REQ_MATCH_WB_NODIRTY                            24        0.006%               90        0.009%
                                                418547      100.000%          1030312      100.000%
                                                  3.36         1.84              3.24         1.86

MEM_REQ_COMPLETE_OFFPATH_IFETCH                   5650        3.341%            13462        3.309%
MEM_REQ_COMPLETE_OFFPATH_DFETCH                   6065        3.587%            13116        3.224%
MEM_REQ_COMPLETE_OFFPATH_DSTORE                   1194        0.706%             2527        0.621%
MEM_REQ_COMPLETE_OFFPATH_IPRF                        0        0.000%                0        0.000%
MEM_REQ_COMPLETE_OFFPATH_DPRF                        0        0.000%                0        0.000%
MEM_REQ_COMPLETE_OFFPATH_WB                     156181       92.366%           377680       92.845%
MEM_REQ_COMPLETE_OFFPATH_WB_NODIRTY                  0        0.000%                0        0.000%
                                                169090      100.000%           406785      100.000%
                                                  4.67         0.80              4.69         0.76

MEM_REQ_COMPLETE_ONPATH_IFETCH                   30776       16.466%            72776       15.557%
MEM_REQ_COMPLETE_ONPATH_DFETCH                   81772       43.751%           208166       44.499%
MEM_REQ_COMPLETE_ONPATH_DSTORE                    8338        4.461%            25412        5.432%
MEM_REQ_COMPLETE_ONPATH_IPRF                         0        0.000%                0        0.000%
MEM_REQ_COMPLETE_ONPATH_DPRF                         0        0.000%                0        0.000%
MEM_REQ_COMPLETE_ONPATH_WB                       66018       35.322%           161441       34.511%
MEM_REQ_COMPLETE_ONPATH_WB_NODIRTY                   0        0.000%                0        0.000%
                                                186904      100.000%           467795      100.000%
                                                  2.29         1.82              2.28         1.81

MEM_REQ_COMPLETE_MEM_IFETCH                      52398       71.338%           135565       67.804%
MEM_REQ_COMPLETE_MEM_DFETCH                      11438       15.572%            31024       15.517%
MEM_REQ_COMPLETE_MEM_DSTORE                       3152        4.291%            12580        6.292%
MEM_REQ_COMPLETE_MEM_IPRF                            0        0.000%                0        0.000%
MEM_REQ_COMPLETE_MEM_DPRF                            0        0.000%                0        0.000%
MEM_REQ_COMPLETE_MEM_WB                           6462        8.798%            20769       10.388%
MEM_REQ_COMPLETE_MEM_WB_NODIRTY                      0        0.000%                0        0.000%
                                                 73450      100.000%           199938      100.000%
                                                  0.68         1.32              0.80         1.39

MEM_REQ_COMPLETE_MEM_BW_PREFETCHABLE              5605                          21073              

MEM_REQ_COMPLETE_MEM_MATCHED_BW_PREF                23                            289              

MEM_REQ_COMPLETE_L1_IFETCH                           0         -nan%                0         -nan%
MEM_REQ_COMPLETE_L1_DFETCH                           0         -nan%                0         -nan%
MEM_REQ_COMPLETE_L1_DSTORE                           0         -nan%                0         -nan%
MEM_REQ_COMPLETE_L1_IPRF                             0         -nan%                0         -nan%
MEM_REQ_COMPLETE_L1_DPRF                             0         -nan%                0         -nan%
MEM_REQ_COMPLETE_L1_WB                               0         -nan%                0         -nan%
MEM_REQ_COMPLETE_L1_WB_NODIRTY                       0         -nan%                0         -nan%
                                                     0         -nan%                0         -nan%
                                                  -nan         -nan              -nan         -nan

MEM_REQ_COMPLETE_MLC_IFETCH                      45746       13.288%           105464       12.715%
MEM_REQ_COMPLETE_MLC_DFETCH                      76399       22.192%           190258       22.938%
MEM_REQ_COMPLETE_MLC_DSTORE                       6380        1.853%            15359        1.852%
MEM_REQ_COMPLETE_MLC_IPRF                            0        0.000%                0        0.000%
MEM_REQ_COMPLETE_MLC_DPRF                            0        0.000%                0        0.000%
MEM_REQ_COMPLETE_MLC_WB                         215737       62.667%           518352       62.495%
MEM_REQ_COMPLETE_MLC_WB_NODIRTY                      0        0.000%                0        0.000%
                                                344262      100.000%           829433      100.000%
                                                  3.39         1.71              3.39         1.72

CORE_MLP_CLUSTERS                                35697                          95561              

CORE_MLP                                       2622637                        9382978              

CORE_MLP_IFETCH                                      0                              0              

CORE_MLP_DFETCH                                      0                              0              

CORE_MLP_DSTORE                                      0                              0              

CORE_MLP_IPRF                                        0                              0              

CORE_MLP_DPRF                                        0                              0              

CORE_MLP_WB                                          0                              0              

CORE_MLP_WB_NODIRTY                                  0                              0              

CORE_MLP_0                                     5336793       86.793%         15431361       85.724%
CORE_MLP_1                                      403053        6.555%          1254108        6.967%
CORE_MLP_2                                      154156        2.507%           535448        2.975%
CORE_MLP_3                                       69903        1.137%           217865        1.210%
CORE_MLP_4                                       51770        0.842%           134123        0.745%
CORE_MLP_5                                       26069        0.424%            61850        0.344%
CORE_MLP_6                                       15375        0.250%            42361        0.235%
CORE_MLP_7                                        9761        0.159%            27764        0.154%
CORE_MLP_8                                       10836        0.176%            26088        0.145%
CORE_MLP_9                                        9062        0.147%            24357        0.135%
CORE_MLP_10                                       8739        0.142%            20109        0.112%
CORE_MLP_11                                       8576        0.139%            16879        0.094%
CORE_MLP_12                                       5369        0.087%            14648        0.081%
CORE_MLP_13                                       3558        0.058%            11932        0.066%
CORE_MLP_14                                       3981        0.065%            11422        0.063%
CORE_MLP_15                                       3751        0.061%            11041        0.061%
CORE_MLP_16                                       2438        0.040%             9222        0.051%
CORE_MLP_17                                       1479        0.024%             9104        0.051%
CORE_MLP_18                                       1269        0.021%             8034        0.045%
CORE_MLP_19                                       2623        0.043%             8618        0.048%
CORE_MLP_20                                       2084        0.034%             8277        0.046%
CORE_MLP_21                                       1479        0.024%             8778        0.049%
CORE_MLP_22                                       2342        0.038%            14726        0.082%
CORE_MLP_23                                       2784        0.045%            20676        0.115%
CORE_MLP_24                                       2395        0.039%            23949        0.133%
CORE_MLP_25                                       1855        0.030%            13398        0.074%
CORE_MLP_26                                       1409        0.023%             6135        0.034%
CORE_MLP_27                                       1266        0.021%             6633        0.037%
CORE_MLP_28                                       4608        0.075%            18110        0.101%
CORE_MLP_29                                         72        0.001%             4037        0.022%
CORE_MLP_30                                          0        0.000%              216        0.001%
CORE_MLP_31                                          0        0.000%                0        0.000%
CORE_MLP_32                                          0        0.000%                0        0.000%
                                               6148855      100.000%         18001269      100.000%
                                                  0.43         1.93              0.52         2.41

MEM_QUEUE_OCC_0                                      0         -nan%                0         -nan%
MEM_QUEUE_OCC_4                                      0         -nan%                0         -nan%
MEM_QUEUE_OCC_8                                      0         -nan%                0         -nan%
MEM_QUEUE_OCC_12                                     0         -nan%                0         -nan%
MEM_QUEUE_OCC_16                                     0         -nan%                0         -nan%
MEM_QUEUE_OCC_20                                     0         -nan%                0         -nan%
MEM_QUEUE_OCC_24                                     0         -nan%                0         -nan%
MEM_QUEUE_OCC_28                                     0         -nan%                0         -nan%
MEM_QUEUE_OCC_32                                     0         -nan%                0         -nan%
MEM_QUEUE_OCC_36                                     0         -nan%                0         -nan%
MEM_QUEUE_OCC_40                                     0         -nan%                0         -nan%
MEM_QUEUE_OCC_44                                     0         -nan%                0         -nan%
MEM_QUEUE_OCC_48                                     0         -nan%                0         -nan%
MEM_QUEUE_OCC_52                                     0         -nan%                0         -nan%
MEM_QUEUE_OCC_56                                     0         -nan%                0         -nan%
MEM_QUEUE_OCC_60                                     0         -nan%                0         -nan%
MEM_QUEUE_OCC_64                                     0         -nan%                0         -nan%
MEM_QUEUE_OCC_68                                     0         -nan%                0         -nan%
MEM_QUEUE_OCC_72                                     0         -nan%                0         -nan%
MEM_QUEUE_OCC_76                                     0         -nan%                0         -nan%
MEM_QUEUE_OCC_80                                     0         -nan%                0         -nan%
MEM_QUEUE_OCC_84                                     0         -nan%                0         -nan%
MEM_QUEUE_OCC_88                                     0         -nan%                0         -nan%
MEM_QUEUE_OCC_92                                     0         -nan%                0         -nan%
MEM_QUEUE_OCC_96                                     0         -nan%                0         -nan%
MEM_QUEUE_OCC_100                                    0         -nan%                0         -nan%
MEM_QUEUE_OCC_104                                    0         -nan%                0         -nan%
MEM_QUEUE_OCC_108                                    0         -nan%                0         -nan%
MEM_QUEUE_OCC_112                                    0         -nan%                0         -nan%
MEM_QUEUE_OCC_116                                    0         -nan%                0         -nan%
MEM_QUEUE_OCC_120                                    0         -nan%                0         -nan%
MEM_QUEUE_OCC_124                                    0         -nan%                0         -nan%
MEM_QUEUE_OCC_128                                    0         -nan%                0         -nan%
                                                     0         -nan%                0         -nan%
                                                  -nan         -nan              -nan         -nan

OPEN_PAGE_HIT                                        0         -nan%                0         -nan%
CLOSED_PAGE_MISS                                     0         -nan%                0         -nan%
WRONG_PAGE_MISS                                      0         -nan%                0         -nan%
                                                     0         -nan%                0         -nan%
                                                  -nan         -nan              -nan         -nan

L0_LD_BANK_BLOCK                                     0         -nan%                0         -nan%
L0_LD_BANK_AVAIL                                     0         -nan%                0         -nan%
                                                     0         -nan%                0         -nan%
                                                  -nan         -nan              -nan         -nan

L0_ST_BANK_BLOCK                                     0         -nan%                0         -nan%
L0_ST_BANK_AVAIL                                     0         -nan%                0         -nan%
                                                     0         -nan%                0         -nan%
                                                  -nan         -nan              -nan         -nan

L0_LD_CACHE_BLOCK                                    0         -nan%                0         -nan%
L0_LD_CACHE_AVAIL                                    0         -nan%                0         -nan%
                                                     0         -nan%                0         -nan%
                                                  -nan         -nan              -nan         -nan

MLC_LD_BANK_BLOCK                                 1046        0.293%             2510        0.286%
MLC_LD_BANK_AVAIL                               355921       99.707%           874136       99.714%
                                                356967      100.000%           876646      100.000%
                                                  1.00         1.00              1.00         1.00

MLC_ST_BANK_BLOCK                                    0        0.000%                0        0.000%
MLC_ST_BANK_AVAIL                                35697      100.000%            95561      100.000%
                                                 35697      100.000%            95561      100.000%
                                                  1.00         1.00              1.00         1.00

MLC_LD_CACHE_BLOCK                                   0         -nan%                0         -nan%
MLC_LD_CACHE_AVAIL                                   0         -nan%                0         -nan%
                                                     0         -nan%                0         -nan%
                                                  -nan         -nan              -nan         -nan

MLC_ST_CACHE_BLOCK                                   0         -nan%                0         -nan%
MLC_ST_CACHE_AVAIL                                   0         -nan%                0         -nan%
                                                     0         -nan%                0         -nan%
                                                  -nan         -nan              -nan         -nan

L1_LD_BANK_BLOCK                                    13        0.047%               37        0.044%
L1_LD_BANK_AVAIL                                 27868       99.953%            84116       99.956%
                                                 27881      100.000%            84153      100.000%
                                                  1.00         1.00              1.00         1.00

L1_ST_BANK_BLOCK                                     0        0.000%                1        0.005%
L1_ST_BANK_AVAIL                                  9885      100.000%            20261       99.995%
                                                  9885      100.000%            20262      100.000%
                                                  1.00         1.00              1.00         1.00

L1_LD_CACHE_BLOCK                                    0         -nan%                0         -nan%
L1_LD_CACHE_AVAIL                                    0         -nan%                0         -nan%
                                                     0         -nan%                0         -nan%
                                                  -nan         -nan              -nan         -nan

L1_ST_CACHE_BLOCK                                    0         -nan%                0         -nan%
L1_ST_CACHE_AVAIL                                    0         -nan%                0         -nan%
                                                     0         -nan%                0         -nan%
                                                  -nan         -nan              -nan         -nan

MEM_LD_BANK_BLOCK                                    0         -nan%                0         -nan%
MEM_LD_BANK_AVAIL                                    0         -nan%                0         -nan%
                                                     0         -nan%                0         -nan%
                                                  -nan         -nan              -nan         -nan

MEM_ST_BANK_BLOCK                                    0         -nan%                0         -nan%
MEM_ST_BANK_AVAIL                                    0         -nan%                0         -nan%
                                                     0         -nan%                0         -nan%
                                                  -nan         -nan              -nan         -nan

MEM_PF_BANK_BLOCK                                    0         -nan%                0         -nan%
MEM_PF_BANK_AVAIL                                    0         -nan%                0         -nan%
                                                     0         -nan%                0         -nan%
                                                  -nan         -nan              -nan         -nan

L0_FILL                                              0                              0              

L1_FILL                                          14312       98.459%            51441       99.472%
L1_WB_FILL                                         224        1.541%              273        0.528%
                                                 14536      100.000%            51714      100.000%
                                                  0.02         0.12              0.01         0.07

L1_DEMAND_FILL                                    9525       66.553%            36187       70.347%
L1_PREF_FILL                                      4787       33.447%            15254       29.653%
                                                 14312      100.000%            51441      100.000%
                                                  0.33         0.43              0.30         0.42

MLC_FILL                                         22383       99.946%            67348       99.954%
MLC_WB_FILL                                         12        0.054%               31        0.046%
                                                 22395      100.000%            67379      100.000%
                                                  0.00         0.02              0.00         0.02

MLC_DEMAND_FILL                                  22313       99.687%            66907       99.345%
MLC_PREF_FILL                                       70        0.313%              441        0.655%
                                                 22383      100.000%            67348      100.000%
                                                  0.00         0.06              0.01         0.08

NORESET_L1_FILL                                  14536                          51714              

NORESET_L1_FILL_NONPREF                           6737                          22212              

NORESET_L1_FILL_PREF                              7799                          29502              

NORESET_L1_EVICT                                 13635                          18962              

NORESET_L1_EVICT_NONPREF                         10160                          14843              

NORESET_L1_EVICT_PREF_USED                        2773                           3136              

NORESET_L1_EVICT_PREF_UNUSED                       702                            983              

NORESET_L1_PREF_USED                              2804                          11457              

ORACLE_OFFPATH_DC_FILL                               0                              0              

ORACLE_OFFPATH_IC_FILL                               0                              0              

ORACLE_OFFPATH_L1_FILL                               0                              0              

UPDATE_EVENT_QUEUE_PROCESS                           0                              0              

INSERT_EVENT_QUEUE_PROCESS                           0                              0              

ICFILL_AFTER_REDIRECT                                0                              0              

EVENT_QUEUE_MATCH_ADD_REQ                            0                              0              

DC_PREF_CACHE_INSERT_REQ                             0                              0              

DC_PREF_REQ_DCACHE_HIT                               0         -nan%                0         -nan%
DC_PREF_REQ_PREF_CACHE_HIT                           0         -nan%                0         -nan%
DC_PREF_REQ_L1_MISS                                  0         -nan%                0         -nan%
DC_PREF_REQ_CORR                                     0         -nan%                0         -nan%
                                                     0         -nan%                0         -nan%
                                                  -nan         -nan              -nan         -nan

DC_PREF_CACHE_INSERT                                 0                              0              

DC_PREF_CACHE_HIT_PER                                0        0.000%                0        0.000%

DC_PREF_CACHE_HIT_PER_OFFPATH                        0        0.000%                0        0.000%

DC_PREF_CACHE_HIT                                    0                              0              

DC_PREF_CACHE_HIT_OFFPATH                            0                              0              

DC_PREF_HIT_L1_MISS                                  0                              0              

IC_PREF_CACHE_HIT_PER                                0        0.000%                0        0.000%

IC_PREF_CACHE_HIT_PER_OFFPATH                        0        0.000%                0        0.000%

IC_PREF_CACHE_HIT                                    0                              0              

IC_PREF_CACHE_HIT_OFFPATH                            0                              0              

L1_PREF_CACHE_HIT_PER                                0        0.000%                0        0.000%

L1_PREF_CACHE_HIT_PER_OFFPATH                        0        0.000%                0        0.000%

L1_PREF_CACHE_HIT                                    0                              0              

L1_PREF_CACHE_HIT_OFFPATH                            0                              0              

DC_PREF_CACHE_FILL                                   0                              0              

DC_PREF_MOVE_DC                                      0         -nan%                0         -nan%

DC_PREF_MOVE_L1                                      0         -nan%                0         -nan%

IC_PREF_CACHE_FILL                                   0                              0              

IC_PREF_MOVE_IC                                      0         -nan%                0         -nan%

IC_PREF_MOVE_L1                                      0         -nan%                0         -nan%

L1_PREF_CACHE_FILL                                   0                              0              

L1_PREF_MOVE_L1                                      0         -nan%                0         -nan%

OFF_PATH_CONFIRMED                              808878                        2067289              

OFF_PATH_NO_FILL_L1                                  0                              0              

WB_L1_MISS_FILL_L1                                 224                            273              

WB_MLC_MISS_FILL_MLC                                12                             31              

ICACHE_EVICT_REQ_WB_L1                               0                              0              

DCACHE_EVICT_REQ_WB_L1                               0                              0              

DCACHE_EVICT_REQ_WB_L1_NOREAD                        0                              0              

L1_FILL_SKIPPED                                      0                              0              

MLC_FILL_SKIPPED                                     0                              0              

DCACHE_FILL                                      97369                         249221              

DCACHE_WB_REQ                                    35698        0.3666            95562        0.3834

DCACHE_WB_REQ_DIRTY                              35698      100.000%            95562      100.000%
DCACHE_WB_REQ_NODIRTY                                0        0.000%                0        0.000%
                                                 35698      100.000%            95562      100.000%
                                                  0.00         0.00              0.00         0.00

ICACHE_FILL                                     258625                         625359              

ICACHE_WB_REQ                                        0        0.0000                0        0.0000

L1_FILL_DIRTY                                     3798        0.2654             4129        0.0803

MLC_FILL_DIRTY                                    9885        0.4416            20261        0.3008

ICACHE_UNUSEFUL_CL_CYC                      2737440260                     7988665159              

ICACHE_UNUSEFUL_CL                              227758                         551999              

ICACHE_EVICT_MISS_ONPATH_BY_FDIP                146958       64.543%           355885       64.508%
ICACHE_EVICT_MISS_OFFPATH_BY_FDIP                80733       35.457%           195803       35.492%
                                                227691      100.000%           551688      100.000%
                                                  0.35         0.44              0.35         0.44

ICACHE_EVICT_MISS_BY_FDIP_ONPATH                 76811       33.735%           186698       33.841%
ICACHE_EVICT_MISS_BY_FDIP_OFFPATH               150880       66.265%           364990       66.159%
                                                227691      100.000%           551688      100.000%
                                                  0.66         0.61              0.66         0.60

ICACHE_EVICT_HIT_ONPATH_BY_FDIP                  19844       64.289%            46759       64.187%
ICACHE_EVICT_HIT_OFFPATH_BY_FDIP                 11023       35.711%            26089       35.813%
                                                 30867      100.000%            72848      100.000%
                                                  0.36         0.44              0.36         0.44

ICACHE_EVICT_HIT_BY_FDIP_ONPATH                  30866       99.997%            72842       99.992%
ICACHE_EVICT_HIT_BY_FDIP_OFFPATH                     1        0.003%                6        0.008%
                                                 30867      100.000%            72848      100.000%
                                                  0.00         0.01              0.00         0.01

MEM_REQ_DENIED_NULL                                  0         -nan%                0         -nan%
MEM_REQ_DENIED_INST_OUTOF_CS                         0         -nan%                0         -nan%
MEM_REQ_DENIED_DATA_IN_CS                            0         -nan%                0         -nan%
MEM_REQ_DENIED_DATA_OUTOF_RANGE                      0         -nan%                0         -nan%
                                                     0         -nan%                0         -nan%
                                                  -nan         -nan              -nan         -nan

MEM_REQ_DENIED                                       0         -nan%                0         -nan%
MEM_REQ_NOT_DENIED                                   0         -nan%                0         -nan%
                                                     0         -nan%                0         -nan%
                                                  -nan         -nan              -nan         -nan

DEMAND_HIT_WB_STALL                                  0                              0              

EXCLUSION_VIOLATED_OSR                               0         -nan%                0         -nan%
EXCLUSION_VIOLATED_NOTOSR                            0         -nan%                0         -nan%
EXCLUSION_NOT_VIOLATED                               0         -nan%                0         -nan%
                                                     0         -nan%                0         -nan%
                                                  -nan         -nan              -nan         -nan

DIRTY_WRITE_TO_ICACHE                                0                              0              

STREAM_DC_HIT_NOSEND                                 0         -nan%                0         -nan%
STREAM_WBQDC_HIT_NOSEND                              0         -nan%                0         -nan%
                                                     0         -nan%                0         -nan%
                                                  -nan         -nan              -nan         -nan

STREAM_DCACHE_PREF_HIT                               0                              0              

PREF_DC_HIT_ON_INSERT                                0         -nan%                0         -nan%
PREF_L1_HIT_ON_INSERT                                0         -nan%                0         -nan%
                                                     0         -nan%                0         -nan%
                                                  -nan         -nan              -nan         -nan

L1_NEWREQ_MATCHED_MLC_REQ                            6                            170              

MLC_NEWREQ_MATCHED_L2_PREF                          70                            444              

MLC_NEWREQ_MATCHED_L2_PREF_MLC_HIT                   1        0.0143                6        0.0135

NEWREQ_WB_MATCH_IGNORED                              0                              0              

DEMAND_MATCH_WB_NEW_DONE_FUNC                        0         -nan%                0         -nan%
DEMAND_MATCH_WB_NEW_DONE_FUNC_NULL                   0         -nan%                0         -nan%
DEMAND_MATCH_WB_DONE_FUNC_NOT_SAME                   0         -nan%                0         -nan%
DEMAND_MATCH_WB_DONE_FUNC_SAME                       0         -nan%                0         -nan%
                                                     0         -nan%                0         -nan%
                                                  -nan         -nan              -nan         -nan

DEMAND_MATCH_WB                                      0         -nan%                0         -nan%
DEMAND_MATCH_WB_NODIRTY                              0         -nan%                0         -nan%
                                                     0         -nan%                0         -nan%
                                                  -nan         -nan              -nan         -nan

DEMAND_MATCH_WBALL_IFETCH                            0         -nan%                0         -nan%
DEMAND_MATCH_WBALL_DFETCH                            0         -nan%                0         -nan%
DEMAND_MATCH_WBALL_DSTORE                            0         -nan%                0         -nan%
DEMAND_MATCH_WBALL_IPRF                              0         -nan%                0         -nan%
DEMAND_MATCH_WBALL_DPRF                              0         -nan%                0         -nan%
DEMAND_MATCH_WBALL_WB                                0         -nan%                0         -nan%
DEMAND_MATCH_WBALL_WB_NODIRTY                        0         -nan%                0         -nan%
                                                     0         -nan%                0         -nan%
                                                  -nan         -nan              -nan         -nan

DEMAND_MATCH_WB_IFETCH                               0         -nan%                0         -nan%
DEMAND_MATCH_WB_DFETCH                               0         -nan%                0         -nan%
DEMAND_MATCH_WB_DSTORE                               0         -nan%                0         -nan%
DEMAND_MATCH_WB_IPRF                                 0         -nan%                0         -nan%
DEMAND_MATCH_WB_DPRF                                 0         -nan%                0         -nan%
DEMAND_MATCH_WB_WB                                   0         -nan%                0         -nan%
DEMAND_MATCH_WB_WB_NODIRTY                           0         -nan%                0         -nan%
                                                     0         -nan%                0         -nan%
                                                  -nan         -nan              -nan         -nan

DEMAND_MATCH_WB_ND_IFETCH                            0         -nan%                0         -nan%
DEMAND_MATCH_WB_ND_DFETCH                            0         -nan%                0         -nan%
DEMAND_MATCH_WB_ND_DSTORE                            0         -nan%                0         -nan%
DEMAND_MATCH_WB_ND_IPRF                              0         -nan%                0         -nan%
DEMAND_MATCH_WB_ND_DPRF                              0         -nan%                0         -nan%
DEMAND_MATCH_WB_ND_WB                                0         -nan%                0         -nan%
DEMAND_MATCH_WB_ND_WB_NODIRTY                        0         -nan%                0         -nan%
                                                     0         -nan%                0         -nan%
                                                  -nan         -nan              -nan         -nan

WB_MATCH_DEMAND                                      0        0.000%                0        0.000%
WB_MATCH_PREF                                        0        0.000%                0        0.000%
WB_MATCH_WB                                          0        0.000%                0        0.000%
WB_MATCH_WB_FILTERED                            303488      100.000%           749552      100.000%
                                                303488      100.000%           749552      100.000%
                                                  3.00         3.00              3.00         3.00

WB_COMING_BACK_FROM_MEM                              0                              0              

WB_COMING_BACK_FROM_L1                               0                              0              

WB_COMING_BACK_FROM_MLC                              0                              0              

MEM_REQ_MATCH_OFF_PATH_HIT_BY_ON_PATH               84        0.081%              219        0.075%
MEM_REQ_MATCH_OFF_PATH_HIT_BY_ON_PATH_ETC        103908       99.919%           292663       99.925%
                                                103992      100.000%           292882      100.000%
                                                  1.00         1.00              1.00         1.00

TOTAL_ONPATH_ICACHE_FILLS                            0                              0              

TOTAL_ONPATH_DCACHE_FILLS                            0                              0              

TOTAL_ONPATH_L1_FILLS                                0                              0              

PER1K_ONPATH_ICACHE_FILLS                            0        0.0000                0        0.0000

PER1K_ONPATH_DCACHE_FILLS                            0        0.0000                0        0.0000

PER1K_ONPATH_L1_FILLS                                0        0.0000                0        0.0000

PER1K_L1_DEMAND_MISS_ONPATH                       6440        0.2131            21826        0.7223

PER1K_L1_DEMAND_MISS_OFFPATH                        94        0.0031              187        0.0062

L2_IDEAL_FILL_L1                                     0         -nan%                0         -nan%
L2_IDEAL_MISS_L2                                     0         -nan%                0         -nan%
                                                     0         -nan%                0         -nan%
                                                  -nan         -nan              -nan         -nan

L2_IDEAL_FILL_ICACHE                                 0         -nan%                0         -nan%
L2_IDEAL_MISS_ICACHE                                 0         -nan%                0         -nan%
                                                     0         -nan%                0         -nan%
                                                  -nan         -nan              -nan         -nan

HPS_MISS_DELTA__0                                    0         -nan%                0         -nan%
HPS_MISS_DELTA__1                                    0         -nan%                0         -nan%
HPS_MISS_DELTA__2                                    0         -nan%                0         -nan%
HPS_MISS_DELTA__3                                    0         -nan%                0         -nan%
HPS_MISS_DELTA__4                                    0         -nan%                0         -nan%
HPS_MISS_DELTA__5                                    0         -nan%                0         -nan%
HPS_MISS_DELTA__6                                    0         -nan%                0         -nan%
HPS_MISS_DELTA__7                                    0         -nan%                0         -nan%
HPS_MISS_DELTA__8                                    0         -nan%                0         -nan%
HPS_MISS_DELTA__9                                    0         -nan%                0         -nan%
                                                     0         -nan%                0         -nan%
                                                  -nan         -nan              -nan         -nan

HPS_HIT_DELTA__0                                     0         -nan%                0         -nan%
HPS_HIT_DELTA__1                                     0         -nan%                0         -nan%
HPS_HIT_DELTA__2                                     0         -nan%                0         -nan%
HPS_HIT_DELTA__3                                     0         -nan%                0         -nan%
HPS_HIT_DELTA__4                                     0         -nan%                0         -nan%
HPS_HIT_DELTA__5                                     0         -nan%                0         -nan%
HPS_HIT_DELTA__6                                     0         -nan%                0         -nan%
HPS_HIT_DELTA__7                                     0         -nan%                0         -nan%
HPS_HIT_DELTA__8                                     0         -nan%                0         -nan%
HPS_HIT_DELTA__9                                     0         -nan%                0         -nan%
                                                     0         -nan%                0         -nan%
                                                  -nan         -nan              -nan         -nan

DC_MISS_DELTA__0                                     0         -nan%                0         -nan%
DC_MISS_DELTA__1                                     0         -nan%                0         -nan%
DC_MISS_DELTA__2                                     0         -nan%                0         -nan%
DC_MISS_DELTA__3                                     0         -nan%                0         -nan%
DC_MISS_DELTA__4                                     0         -nan%                0         -nan%
DC_MISS_DELTA__5                                     0         -nan%                0         -nan%
DC_MISS_DELTA__6                                     0         -nan%                0         -nan%
DC_MISS_DELTA__7                                     0         -nan%                0         -nan%
DC_MISS_DELTA__8                                     0         -nan%                0         -nan%
DC_MISS_DELTA__9                                     0         -nan%                0         -nan%
                                                     0         -nan%                0         -nan%
                                                  -nan         -nan              -nan         -nan

ONE_MORE_SUCESS                                      0         -nan%                0         -nan%
ONE_MORE_DISCARDED_L0CACHE                           0         -nan%                0         -nan%
ONE_MORE_DISCARDED_MEM_REQ_FULL                      0         -nan%                0         -nan%
                                                     0         -nan%                0         -nan%
                                                  -nan         -nan              -nan         -nan

PREF_L1_TOTAL_SENT                                4787                          15254              

PREF_L1_TOTAL_USED                                2804       58.575%            11457       83.016%
PREF_L1_TOTAL_PARTIAL_USED                          68        1.421%              429        3.108%
PREF_L1_TOTAL_NOT_USED                            1915       40.004%             1915       13.876%
PREF_L1_TOTAL_DROPPED                                0        0.000%                0        0.000%
                                                  4787      100.000%            13801      100.000%
                                                  0.81         0.75              0.31         0.64

PREF_MLC_TOTAL_SENT                                  0                              0              

PREF_MLC_TOTAL_USED                               3394       97.979%            10743       96.057%
PREF_MLC_TOTAL_PARTIAL_USED                         70        2.021%              441        3.943%
PREF_MLC_TOTAL_NOT_USED                              0        0.000%                0        0.000%
PREF_MLC_TOTAL_DROPPED                               0        0.000%                0        0.000%
                                                  3464      100.000%            11184      100.000%
                                                  0.02         0.14              0.04         0.19

CORE_MLC_PREF_REQ_MISS                               0        0.000%                0        0.000%
CORE_MLC_DEMAND_MISS                             15323       68.636%            44945       67.144%
CORE_MLC_WB_MISS                                  7002       31.364%            21993       32.856%
                                                 22325      100.000%            66938      100.000%
                                                  1.31         0.87              1.33         0.89

CORE_MLC_PREF_REQ_HIT                                0        0.000%                0        0.000%
CORE_MLC_DEMAND_HIT                             117874       31.919%           288877       31.999%
CORE_MLC_WB_HIT                                 251422       68.081%           613882       68.001%
                                                369296      100.000%           902759      100.000%
                                                  1.68         1.46              1.68         1.46

CORE_MLC_HIT                                    117874       88.496%           288877       86.536%
CORE_MLC_MISS                                    15323       11.504%            44945       13.464%
                                                133197      100.000%           333822      100.000%
                                                  0.12         0.30              0.13         0.32

CORE_MLC_FILL                                    22383       99.946%            67348       99.954%
CORE_MLC_WB_FILL                                    12        0.054%               31        0.046%
                                                 22395      100.000%            67379      100.000%
                                                  0.00         0.02              0.00         0.02

CORE_MLC_DEMAND_FILL                             22313       99.687%            66907       99.345%
CORE_MLC_PREF_FILL                                  70        0.313%              441        0.655%
                                                 22383      100.000%            67348      100.000%
                                                  0.00         0.06              0.01         0.08

CORE_MLC_PREF_FILL_USED                           3394       97.979%            10743       96.057%
CORE_MLC_PREF_FILL_PARTIAL_USED                     70        2.021%              441        3.943%
CORE_MLC_PREF_FILL_NOT_USED                          0        0.000%                0        0.000%
                                                  3464      100.000%            11184      100.000%
                                                  0.02         0.14              0.04         0.19

CORE_L1_PREF_REQ_MISS                             4787       32.932%            15254       29.497%
CORE_L1_DEMAND_MISS                               6513       44.806%            21939       42.424%
CORE_L1_WB_MISS                                   3236       22.262%            14521       28.079%
                                                 14536      100.000%            51714      100.000%
                                                  0.89         0.67              0.99         0.75

CORE_L1_PREF_REQ_HIT                               768        3.308%             1955        3.712%
CORE_L1_DEMAND_HIT                                9286       39.997%            24054       45.675%
CORE_L1_WB_HIT                                   13163       56.696%            26654       50.612%
                                                 23217      100.000%            52663      100.000%
                                                  1.53         1.25              1.47         1.16

CORE_L1_HIT                                       9288       58.703%            24066       52.228%
CORE_L1_MISS                                      6534       41.297%            22013       47.772%
                                                 15822      100.000%            46079      100.000%
                                                  0.41         0.46              0.48         0.49

CORE_L1_FILL                                     14312       98.459%            51441       99.472%
CORE_L1_WB_FILL                                    224        1.541%              273        0.528%
                                                 14536      100.000%            51714      100.000%
                                                  0.02         0.12              0.01         0.07

CORE_L1_DEMAND_FILL                               9525       66.553%            36187       70.347%
CORE_L1_PREF_FILL                                 4787       33.447%            15254       29.653%
                                                 14312      100.000%            51441      100.000%
                                                  0.33         0.43              0.30         0.42

CORE_L1_PREF_FILL_USED                            2804       58.575%            11457       83.016%
CORE_L1_PREF_FILL_PARTIAL_USED                      68        1.421%              429        3.108%
CORE_L1_PREF_FILL_NOT_USED                        1915       40.004%             1915       13.876%
                                                  4787      100.000%            13801      100.000%
                                                  0.81         0.91              0.31         0.65

CORE_L1_DEMAND_USED_POS0                             0         -nan%                0         -nan%
CORE_L1_DEMAND_USED_POS1                             0         -nan%                0         -nan%
CORE_L1_DEMAND_USED_POS2                             0         -nan%                0         -nan%
CORE_L1_DEMAND_USED_POS3                             0         -nan%                0         -nan%
CORE_L1_DEMAND_USED_POS4                             0         -nan%                0         -nan%
CORE_L1_DEMAND_USED_POS5                             0         -nan%                0         -nan%
CORE_L1_DEMAND_USED_POS6                             0         -nan%                0         -nan%
CORE_L1_DEMAND_USED_POS7                             0         -nan%                0         -nan%
CORE_L1_DEMAND_USED_POS8                             0         -nan%                0         -nan%
CORE_L1_DEMAND_USED_POS9                             0         -nan%                0         -nan%
CORE_L1_DEMAND_USED_POS10                            0         -nan%                0         -nan%
CORE_L1_DEMAND_USED_POS11                            0         -nan%                0         -nan%
CORE_L1_DEMAND_USED_POS12                            0         -nan%                0         -nan%
CORE_L1_DEMAND_USED_POS13                            0         -nan%                0         -nan%
CORE_L1_DEMAND_USED_POS14                            0         -nan%                0         -nan%
CORE_L1_DEMAND_USED_POS15                            0         -nan%                0         -nan%
CORE_L1_DEMAND_USED_POS16                            0         -nan%                0         -nan%
CORE_L1_DEMAND_USED_POS17                            0         -nan%                0         -nan%
CORE_L1_DEMAND_USED_POS18                            0         -nan%                0         -nan%
CORE_L1_DEMAND_USED_POS19                            0         -nan%                0         -nan%
CORE_L1_DEMAND_USED_POS20                            0         -nan%                0         -nan%
CORE_L1_DEMAND_USED_POS21                            0         -nan%                0         -nan%
CORE_L1_DEMAND_USED_POS22                            0         -nan%                0         -nan%
CORE_L1_DEMAND_USED_POS23                            0         -nan%                0         -nan%
CORE_L1_DEMAND_USED_POS24                            0         -nan%                0         -nan%
CORE_L1_DEMAND_USED_POS25                            0         -nan%                0         -nan%
CORE_L1_DEMAND_USED_POS26                            0         -nan%                0         -nan%
CORE_L1_DEMAND_USED_POS27                            0         -nan%                0         -nan%
CORE_L1_DEMAND_USED_POS28                            0         -nan%                0         -nan%
CORE_L1_DEMAND_USED_POS29                            0         -nan%                0         -nan%
CORE_L1_DEMAND_USED_POS30                            0         -nan%                0         -nan%
CORE_L1_DEMAND_USED_POS31                            0         -nan%                0         -nan%
CORE_L1_DEMAND_USED_POS32                            0         -nan%                0         -nan%
CORE_L1_DEMAND_USED_POS33                            0         -nan%                0         -nan%
CORE_L1_DEMAND_USED_POS34                            0         -nan%                0         -nan%
CORE_L1_DEMAND_USED_POS35                            0         -nan%                0         -nan%
CORE_L1_DEMAND_USED_POS36                            0         -nan%                0         -nan%
CORE_L1_DEMAND_USED_POS37                            0         -nan%                0         -nan%
CORE_L1_DEMAND_USED_POS38                            0         -nan%                0         -nan%
CORE_L1_DEMAND_USED_POS39                            0         -nan%                0         -nan%
CORE_L1_DEMAND_USED_POS40                            0         -nan%                0         -nan%
CORE_L1_DEMAND_USED_POS41                            0         -nan%                0         -nan%
CORE_L1_DEMAND_USED_POS42                            0         -nan%                0         -nan%
CORE_L1_DEMAND_USED_POS43                            0         -nan%                0         -nan%
CORE_L1_DEMAND_USED_POS44                            0         -nan%                0         -nan%
CORE_L1_DEMAND_USED_POS45                            0         -nan%                0         -nan%
CORE_L1_DEMAND_USED_POS46                            0         -nan%                0         -nan%
CORE_L1_DEMAND_USED_POS47                            0         -nan%                0         -nan%
CORE_L1_DEMAND_USED_POS48                            0         -nan%                0         -nan%
CORE_L1_DEMAND_USED_POS49                            0         -nan%                0         -nan%
CORE_L1_DEMAND_USED_POS50                            0         -nan%                0         -nan%
CORE_L1_DEMAND_USED_POS51                            0         -nan%                0         -nan%
CORE_L1_DEMAND_USED_POS52                            0         -nan%                0         -nan%
CORE_L1_DEMAND_USED_POS53                            0         -nan%                0         -nan%
CORE_L1_DEMAND_USED_POS54                            0         -nan%                0         -nan%
CORE_L1_DEMAND_USED_POS55                            0         -nan%                0         -nan%
CORE_L1_DEMAND_USED_POS56                            0         -nan%                0         -nan%
CORE_L1_DEMAND_USED_POS57                            0         -nan%                0         -nan%
CORE_L1_DEMAND_USED_POS58                            0         -nan%                0         -nan%
CORE_L1_DEMAND_USED_POS59                            0         -nan%                0         -nan%
CORE_L1_DEMAND_USED_POS60                            0         -nan%                0         -nan%
CORE_L1_DEMAND_USED_POS61                            0         -nan%                0         -nan%
CORE_L1_DEMAND_USED_POS62                            0         -nan%                0         -nan%
CORE_L1_DEMAND_USED_POS63                            0         -nan%                0         -nan%
CORE_L1_DEMAND_USED_POS64                            0         -nan%                0         -nan%
CORE_L1_DEMAND_USED_POS65                            0         -nan%                0         -nan%
CORE_L1_DEMAND_USED_POS66                            0         -nan%                0         -nan%
CORE_L1_DEMAND_USED_POS67                            0         -nan%                0         -nan%
CORE_L1_DEMAND_USED_POS68                            0         -nan%                0         -nan%
CORE_L1_DEMAND_USED_POS69                            0         -nan%                0         -nan%
CORE_L1_DEMAND_USED_POS70                            0         -nan%                0         -nan%
CORE_L1_DEMAND_USED_POS71                            0         -nan%                0         -nan%
CORE_L1_DEMAND_USED_POS72                            0         -nan%                0         -nan%
CORE_L1_DEMAND_USED_POS73                            0         -nan%                0         -nan%
CORE_L1_DEMAND_USED_POS74                            0         -nan%                0         -nan%
CORE_L1_DEMAND_USED_POS75                            0         -nan%                0         -nan%
CORE_L1_DEMAND_USED_POS76                            0         -nan%                0         -nan%
CORE_L1_DEMAND_USED_POS77                            0         -nan%                0         -nan%
CORE_L1_DEMAND_USED_POS78                            0         -nan%                0         -nan%
CORE_L1_DEMAND_USED_POS79                            0         -nan%                0         -nan%
CORE_L1_DEMAND_USED_POS80                            0         -nan%                0         -nan%
CORE_L1_DEMAND_USED_POS81                            0         -nan%                0         -nan%
CORE_L1_DEMAND_USED_POS82                            0         -nan%                0         -nan%
CORE_L1_DEMAND_USED_POS83                            0         -nan%                0         -nan%
CORE_L1_DEMAND_USED_POS84                            0         -nan%                0         -nan%
CORE_L1_DEMAND_USED_POS85                            0         -nan%                0         -nan%
CORE_L1_DEMAND_USED_POS86                            0         -nan%                0         -nan%
CORE_L1_DEMAND_USED_POS87                            0         -nan%                0         -nan%
CORE_L1_DEMAND_USED_POS88                            0         -nan%                0         -nan%
CORE_L1_DEMAND_USED_POS89                            0         -nan%                0         -nan%
CORE_L1_DEMAND_USED_POS90                            0         -nan%                0         -nan%
CORE_L1_DEMAND_USED_POS91                            0         -nan%                0         -nan%
CORE_L1_DEMAND_USED_POS92                            0         -nan%                0         -nan%
CORE_L1_DEMAND_USED_POS93                            0         -nan%                0         -nan%
CORE_L1_DEMAND_USED_POS94                            0         -nan%                0         -nan%
CORE_L1_DEMAND_USED_POS95                            0         -nan%                0         -nan%
CORE_L1_DEMAND_USED_POS96                            0         -nan%                0         -nan%
CORE_L1_DEMAND_USED_POS97                            0         -nan%                0         -nan%
CORE_L1_DEMAND_USED_POS98                            0         -nan%                0         -nan%
CORE_L1_DEMAND_USED_POS99                            0         -nan%                0         -nan%
CORE_L1_DEMAND_USED_POS100                           0         -nan%                0         -nan%
CORE_L1_DEMAND_USED_POS101                           0         -nan%                0         -nan%
CORE_L1_DEMAND_USED_POS102                           0         -nan%                0         -nan%
CORE_L1_DEMAND_USED_POS103                           0         -nan%                0         -nan%
CORE_L1_DEMAND_USED_POS104                           0         -nan%                0         -nan%
CORE_L1_DEMAND_USED_POS105                           0         -nan%                0         -nan%
CORE_L1_DEMAND_USED_POS106                           0         -nan%                0         -nan%
CORE_L1_DEMAND_USED_POS107                           0         -nan%                0         -nan%
CORE_L1_DEMAND_USED_POS108                           0         -nan%                0         -nan%
CORE_L1_DEMAND_USED_POS109                           0         -nan%                0         -nan%
CORE_L1_DEMAND_USED_POS110                           0         -nan%                0         -nan%
CORE_L1_DEMAND_USED_POS111                           0         -nan%                0         -nan%
CORE_L1_DEMAND_USED_POS112                           0         -nan%                0         -nan%
CORE_L1_DEMAND_USED_POS113                           0         -nan%                0         -nan%
CORE_L1_DEMAND_USED_POS114                           0         -nan%                0         -nan%
CORE_L1_DEMAND_USED_POS115                           0         -nan%                0         -nan%
CORE_L1_DEMAND_USED_POS116                           0         -nan%                0         -nan%
CORE_L1_DEMAND_USED_POS117                           0         -nan%                0         -nan%
CORE_L1_DEMAND_USED_POS118                           0         -nan%                0         -nan%
CORE_L1_DEMAND_USED_POS119                           0         -nan%                0         -nan%
CORE_L1_DEMAND_USED_POS120                           0         -nan%                0         -nan%
CORE_L1_DEMAND_USED_POS121                           0         -nan%                0         -nan%
CORE_L1_DEMAND_USED_POS122                           0         -nan%                0         -nan%
CORE_L1_DEMAND_USED_POS123                           0         -nan%                0         -nan%
CORE_L1_DEMAND_USED_POS124                           0         -nan%                0         -nan%
CORE_L1_DEMAND_USED_POS125                           0         -nan%                0         -nan%
CORE_L1_DEMAND_USED_POS126                           0         -nan%                0         -nan%
CORE_L1_DEMAND_USED_POS127                           0         -nan%                0         -nan%
                                                     0         -nan%                0         -nan%
                                                  -nan         -nan              -nan         -nan

CORE_L1_PREF_USED_POS0                               0         -nan%                0         -nan%
CORE_L1_PREF_USED_POS1                               0         -nan%                0         -nan%
CORE_L1_PREF_USED_POS2                               0         -nan%                0         -nan%
CORE_L1_PREF_USED_POS3                               0         -nan%                0         -nan%
CORE_L1_PREF_USED_POS4                               0         -nan%                0         -nan%
CORE_L1_PREF_USED_POS5                               0         -nan%                0         -nan%
CORE_L1_PREF_USED_POS6                               0         -nan%                0         -nan%
CORE_L1_PREF_USED_POS7                               0         -nan%                0         -nan%
CORE_L1_PREF_USED_POS8                               0         -nan%                0         -nan%
CORE_L1_PREF_USED_POS9                               0         -nan%                0         -nan%
CORE_L1_PREF_USED_POS10                              0         -nan%                0         -nan%
CORE_L1_PREF_USED_POS11                              0         -nan%                0         -nan%
CORE_L1_PREF_USED_POS12                              0         -nan%                0         -nan%
CORE_L1_PREF_USED_POS13                              0         -nan%                0         -nan%
CORE_L1_PREF_USED_POS14                              0         -nan%                0         -nan%
CORE_L1_PREF_USED_POS15                              0         -nan%                0         -nan%
CORE_L1_PREF_USED_POS16                              0         -nan%                0         -nan%
CORE_L1_PREF_USED_POS17                              0         -nan%                0         -nan%
CORE_L1_PREF_USED_POS18                              0         -nan%                0         -nan%
CORE_L1_PREF_USED_POS19                              0         -nan%                0         -nan%
CORE_L1_PREF_USED_POS20                              0         -nan%                0         -nan%
CORE_L1_PREF_USED_POS21                              0         -nan%                0         -nan%
CORE_L1_PREF_USED_POS22                              0         -nan%                0         -nan%
CORE_L1_PREF_USED_POS23                              0         -nan%                0         -nan%
CORE_L1_PREF_USED_POS24                              0         -nan%                0         -nan%
CORE_L1_PREF_USED_POS25                              0         -nan%                0         -nan%
CORE_L1_PREF_USED_POS26                              0         -nan%                0         -nan%
CORE_L1_PREF_USED_POS27                              0         -nan%                0         -nan%
CORE_L1_PREF_USED_POS28                              0         -nan%                0         -nan%
CORE_L1_PREF_USED_POS29                              0         -nan%                0         -nan%
CORE_L1_PREF_USED_POS30                              0         -nan%                0         -nan%
CORE_L1_PREF_USED_POS31                              0         -nan%                0         -nan%
CORE_L1_PREF_USED_POS32                              0         -nan%                0         -nan%
CORE_L1_PREF_USED_POS33                              0         -nan%                0         -nan%
CORE_L1_PREF_USED_POS34                              0         -nan%                0         -nan%
CORE_L1_PREF_USED_POS35                              0         -nan%                0         -nan%
CORE_L1_PREF_USED_POS36                              0         -nan%                0         -nan%
CORE_L1_PREF_USED_POS37                              0         -nan%                0         -nan%
CORE_L1_PREF_USED_POS38                              0         -nan%                0         -nan%
CORE_L1_PREF_USED_POS39                              0         -nan%                0         -nan%
CORE_L1_PREF_USED_POS40                              0         -nan%                0         -nan%
CORE_L1_PREF_USED_POS41                              0         -nan%                0         -nan%
CORE_L1_PREF_USED_POS42                              0         -nan%                0         -nan%
CORE_L1_PREF_USED_POS43                              0         -nan%                0         -nan%
CORE_L1_PREF_USED_POS44                              0         -nan%                0         -nan%
CORE_L1_PREF_USED_POS45                              0         -nan%                0         -nan%
CORE_L1_PREF_USED_POS46                              0         -nan%                0         -nan%
CORE_L1_PREF_USED_POS47                              0         -nan%                0         -nan%
CORE_L1_PREF_USED_POS48                              0         -nan%                0         -nan%
CORE_L1_PREF_USED_POS49                              0         -nan%                0         -nan%
CORE_L1_PREF_USED_POS50                              0         -nan%                0         -nan%
CORE_L1_PREF_USED_POS51                              0         -nan%                0         -nan%
CORE_L1_PREF_USED_POS52                              0         -nan%                0         -nan%
CORE_L1_PREF_USED_POS53                              0         -nan%                0         -nan%
CORE_L1_PREF_USED_POS54                              0         -nan%                0         -nan%
CORE_L1_PREF_USED_POS55                              0         -nan%                0         -nan%
CORE_L1_PREF_USED_POS56                              0         -nan%                0         -nan%
CORE_L1_PREF_USED_POS57                              0         -nan%                0         -nan%
CORE_L1_PREF_USED_POS58                              0         -nan%                0         -nan%
CORE_L1_PREF_USED_POS59                              0         -nan%                0         -nan%
CORE_L1_PREF_USED_POS60                              0         -nan%                0         -nan%
CORE_L1_PREF_USED_POS61                              0         -nan%                0         -nan%
CORE_L1_PREF_USED_POS62                              0         -nan%                0         -nan%
CORE_L1_PREF_USED_POS63                              0         -nan%                0         -nan%
CORE_L1_PREF_USED_POS64                              0         -nan%                0         -nan%
CORE_L1_PREF_USED_POS65                              0         -nan%                0         -nan%
CORE_L1_PREF_USED_POS66                              0         -nan%                0         -nan%
CORE_L1_PREF_USED_POS67                              0         -nan%                0         -nan%
CORE_L1_PREF_USED_POS68                              0         -nan%                0         -nan%
CORE_L1_PREF_USED_POS69                              0         -nan%                0         -nan%
CORE_L1_PREF_USED_POS70                              0         -nan%                0         -nan%
CORE_L1_PREF_USED_POS71                              0         -nan%                0         -nan%
CORE_L1_PREF_USED_POS72                              0         -nan%                0         -nan%
CORE_L1_PREF_USED_POS73                              0         -nan%                0         -nan%
CORE_L1_PREF_USED_POS74                              0         -nan%                0         -nan%
CORE_L1_PREF_USED_POS75                              0         -nan%                0         -nan%
CORE_L1_PREF_USED_POS76                              0         -nan%                0         -nan%
CORE_L1_PREF_USED_POS77                              0         -nan%                0         -nan%
CORE_L1_PREF_USED_POS78                              0         -nan%                0         -nan%
CORE_L1_PREF_USED_POS79                              0         -nan%                0         -nan%
CORE_L1_PREF_USED_POS80                              0         -nan%                0         -nan%
CORE_L1_PREF_USED_POS81                              0         -nan%                0         -nan%
CORE_L1_PREF_USED_POS82                              0         -nan%                0         -nan%
CORE_L1_PREF_USED_POS83                              0         -nan%                0         -nan%
CORE_L1_PREF_USED_POS84                              0         -nan%                0         -nan%
CORE_L1_PREF_USED_POS85                              0         -nan%                0         -nan%
CORE_L1_PREF_USED_POS86                              0         -nan%                0         -nan%
CORE_L1_PREF_USED_POS87                              0         -nan%                0         -nan%
CORE_L1_PREF_USED_POS88                              0         -nan%                0         -nan%
CORE_L1_PREF_USED_POS89                              0         -nan%                0         -nan%
CORE_L1_PREF_USED_POS90                              0         -nan%                0         -nan%
CORE_L1_PREF_USED_POS91                              0         -nan%                0         -nan%
CORE_L1_PREF_USED_POS92                              0         -nan%                0         -nan%
CORE_L1_PREF_USED_POS93                              0         -nan%                0         -nan%
CORE_L1_PREF_USED_POS94                              0         -nan%                0         -nan%
CORE_L1_PREF_USED_POS95                              0         -nan%                0         -nan%
CORE_L1_PREF_USED_POS96                              0         -nan%                0         -nan%
CORE_L1_PREF_USED_POS97                              0         -nan%                0         -nan%
CORE_L1_PREF_USED_POS98                              0         -nan%                0         -nan%
CORE_L1_PREF_USED_POS99                              0         -nan%                0         -nan%
CORE_L1_PREF_USED_POS100                             0         -nan%                0         -nan%
CORE_L1_PREF_USED_POS101                             0         -nan%                0         -nan%
CORE_L1_PREF_USED_POS102                             0         -nan%                0         -nan%
CORE_L1_PREF_USED_POS103                             0         -nan%                0         -nan%
CORE_L1_PREF_USED_POS104                             0         -nan%                0         -nan%
CORE_L1_PREF_USED_POS105                             0         -nan%                0         -nan%
CORE_L1_PREF_USED_POS106                             0         -nan%                0         -nan%
CORE_L1_PREF_USED_POS107                             0         -nan%                0         -nan%
CORE_L1_PREF_USED_POS108                             0         -nan%                0         -nan%
CORE_L1_PREF_USED_POS109                             0         -nan%                0         -nan%
CORE_L1_PREF_USED_POS110                             0         -nan%                0         -nan%
CORE_L1_PREF_USED_POS111                             0         -nan%                0         -nan%
CORE_L1_PREF_USED_POS112                             0         -nan%                0         -nan%
CORE_L1_PREF_USED_POS113                             0         -nan%                0         -nan%
CORE_L1_PREF_USED_POS114                             0         -nan%                0         -nan%
CORE_L1_PREF_USED_POS115                             0         -nan%                0         -nan%
CORE_L1_PREF_USED_POS116                             0         -nan%                0         -nan%
CORE_L1_PREF_USED_POS117                             0         -nan%                0         -nan%
CORE_L1_PREF_USED_POS118                             0         -nan%                0         -nan%
CORE_L1_PREF_USED_POS119                             0         -nan%                0         -nan%
CORE_L1_PREF_USED_POS120                             0         -nan%                0         -nan%
CORE_L1_PREF_USED_POS121                             0         -nan%                0         -nan%
CORE_L1_PREF_USED_POS122                             0         -nan%                0         -nan%
CORE_L1_PREF_USED_POS123                             0         -nan%                0         -nan%
CORE_L1_PREF_USED_POS124                             0         -nan%                0         -nan%
CORE_L1_PREF_USED_POS125                             0         -nan%                0         -nan%
CORE_L1_PREF_USED_POS126                             0         -nan%                0         -nan%
CORE_L1_PREF_USED_POS127                             0         -nan%                0         -nan%
                                                     0         -nan%                0         -nan%
                                                  -nan         -nan              -nan         -nan

CORE_TOTAL_SETS_ALL_INTERVALS                        0                              0              

CORE_L1_AVG_NUM_WAYS                                 0          -nan                0          -nan

L1_PARTITION_INTERVALS                               0                              0              

NORESET_L1_PARTITION                                 0                              0              

L1_SHADOW_ACCESS                                     0                              0              

L1_SHADOW_ACCESS_STALLING                            0                              0              

L1_SHADOW_ACCESS_DEMAND                              0                              0              

L1_SHADOW_HIT                                        0                              0              

L1_SHADOW_HIT_STALLING                               0                              0              

L1_SHADOW_HIT_DEMAND                                 0                              0              

L1_SHADOW_UNTIMELY_HIT                               0                              0              

L1_SHADOW_UNTIMELY_HIT_STALLING                      0                              0              

L1_SHADOW_UNTIMELY_HIT_DEMAND                        0                              0              

L1_SHADOW_HIT_POS0                                   0         -nan%                0         -nan%
L1_SHADOW_HIT_POS1                                   0         -nan%                0         -nan%
L1_SHADOW_HIT_POS2                                   0         -nan%                0         -nan%
L1_SHADOW_HIT_POS3                                   0         -nan%                0         -nan%
L1_SHADOW_HIT_POS4                                   0         -nan%                0         -nan%
L1_SHADOW_HIT_POS5                                   0         -nan%                0         -nan%
L1_SHADOW_HIT_POS6                                   0         -nan%                0         -nan%
L1_SHADOW_HIT_POS7                                   0         -nan%                0         -nan%
L1_SHADOW_HIT_POS8                                   0         -nan%                0         -nan%
L1_SHADOW_HIT_POS9                                   0         -nan%                0         -nan%
L1_SHADOW_HIT_POS10                                  0         -nan%                0         -nan%
L1_SHADOW_HIT_POS11                                  0         -nan%                0         -nan%
L1_SHADOW_HIT_POS12                                  0         -nan%                0         -nan%
L1_SHADOW_HIT_POS13                                  0         -nan%                0         -nan%
L1_SHADOW_HIT_POS14                                  0         -nan%                0         -nan%
L1_SHADOW_HIT_POS15                                  0         -nan%                0         -nan%
L1_SHADOW_HIT_POS16                                  0         -nan%                0         -nan%
L1_SHADOW_HIT_POS17                                  0         -nan%                0         -nan%
L1_SHADOW_HIT_POS18                                  0         -nan%                0         -nan%
L1_SHADOW_HIT_POS19                                  0         -nan%                0         -nan%
L1_SHADOW_HIT_POS20                                  0         -nan%                0         -nan%
L1_SHADOW_HIT_POS21                                  0         -nan%                0         -nan%
L1_SHADOW_HIT_POS22                                  0         -nan%                0         -nan%
L1_SHADOW_HIT_POS23                                  0         -nan%                0         -nan%
L1_SHADOW_HIT_POS24                                  0         -nan%                0         -nan%
L1_SHADOW_HIT_POS25                                  0         -nan%                0         -nan%
L1_SHADOW_HIT_POS26                                  0         -nan%                0         -nan%
L1_SHADOW_HIT_POS27                                  0         -nan%                0         -nan%
L1_SHADOW_HIT_POS28                                  0         -nan%                0         -nan%
L1_SHADOW_HIT_POS29                                  0         -nan%                0         -nan%
L1_SHADOW_HIT_POS30                                  0         -nan%                0         -nan%
L1_SHADOW_HIT_POS31                                  0         -nan%                0         -nan%
L1_SHADOW_HIT_POS32                                  0         -nan%                0         -nan%
L1_SHADOW_HIT_POS33                                  0         -nan%                0         -nan%
L1_SHADOW_HIT_POS34                                  0         -nan%                0         -nan%
L1_SHADOW_HIT_POS35                                  0         -nan%                0         -nan%
L1_SHADOW_HIT_POS36                                  0         -nan%                0         -nan%
L1_SHADOW_HIT_POS37                                  0         -nan%                0         -nan%
L1_SHADOW_HIT_POS38                                  0         -nan%                0         -nan%
L1_SHADOW_HIT_POS39                                  0         -nan%                0         -nan%
L1_SHADOW_HIT_POS40                                  0         -nan%                0         -nan%
L1_SHADOW_HIT_POS41                                  0         -nan%                0         -nan%
L1_SHADOW_HIT_POS42                                  0         -nan%                0         -nan%
L1_SHADOW_HIT_POS43                                  0         -nan%                0         -nan%
L1_SHADOW_HIT_POS44                                  0         -nan%                0         -nan%
L1_SHADOW_HIT_POS45                                  0         -nan%                0         -nan%
L1_SHADOW_HIT_POS46                                  0         -nan%                0         -nan%
L1_SHADOW_HIT_POS47                                  0         -nan%                0         -nan%
L1_SHADOW_HIT_POS48                                  0         -nan%                0         -nan%
L1_SHADOW_HIT_POS49                                  0         -nan%                0         -nan%
L1_SHADOW_HIT_POS50                                  0         -nan%                0         -nan%
L1_SHADOW_HIT_POS51                                  0         -nan%                0         -nan%
L1_SHADOW_HIT_POS52                                  0         -nan%                0         -nan%
L1_SHADOW_HIT_POS53                                  0         -nan%                0         -nan%
L1_SHADOW_HIT_POS54                                  0         -nan%                0         -nan%
L1_SHADOW_HIT_POS55                                  0         -nan%                0         -nan%
L1_SHADOW_HIT_POS56                                  0         -nan%                0         -nan%
L1_SHADOW_HIT_POS57                                  0         -nan%                0         -nan%
L1_SHADOW_HIT_POS58                                  0         -nan%                0         -nan%
L1_SHADOW_HIT_POS59                                  0         -nan%                0         -nan%
L1_SHADOW_HIT_POS60                                  0         -nan%                0         -nan%
L1_SHADOW_HIT_POS61                                  0         -nan%                0         -nan%
L1_SHADOW_HIT_POS62                                  0         -nan%                0         -nan%
L1_SHADOW_HIT_POS63                                  0         -nan%                0         -nan%
L1_SHADOW_HIT_POS64                                  0         -nan%                0         -nan%
L1_SHADOW_HIT_POS65                                  0         -nan%                0         -nan%
L1_SHADOW_HIT_POS66                                  0         -nan%                0         -nan%
L1_SHADOW_HIT_POS67                                  0         -nan%                0         -nan%
L1_SHADOW_HIT_POS68                                  0         -nan%                0         -nan%
L1_SHADOW_HIT_POS69                                  0         -nan%                0         -nan%
L1_SHADOW_HIT_POS70                                  0         -nan%                0         -nan%
L1_SHADOW_HIT_POS71                                  0         -nan%                0         -nan%
L1_SHADOW_HIT_POS72                                  0         -nan%                0         -nan%
L1_SHADOW_HIT_POS73                                  0         -nan%                0         -nan%
L1_SHADOW_HIT_POS74                                  0         -nan%                0         -nan%
L1_SHADOW_HIT_POS75                                  0         -nan%                0         -nan%
L1_SHADOW_HIT_POS76                                  0         -nan%                0         -nan%
L1_SHADOW_HIT_POS77                                  0         -nan%                0         -nan%
L1_SHADOW_HIT_POS78                                  0         -nan%                0         -nan%
L1_SHADOW_HIT_POS79                                  0         -nan%                0         -nan%
L1_SHADOW_HIT_POS80                                  0         -nan%                0         -nan%
L1_SHADOW_HIT_POS81                                  0         -nan%                0         -nan%
L1_SHADOW_HIT_POS82                                  0         -nan%                0         -nan%
L1_SHADOW_HIT_POS83                                  0         -nan%                0         -nan%
L1_SHADOW_HIT_POS84                                  0         -nan%                0         -nan%
L1_SHADOW_HIT_POS85                                  0         -nan%                0         -nan%
L1_SHADOW_HIT_POS86                                  0         -nan%                0         -nan%
L1_SHADOW_HIT_POS87                                  0         -nan%                0         -nan%
L1_SHADOW_HIT_POS88                                  0         -nan%                0         -nan%
L1_SHADOW_HIT_POS89                                  0         -nan%                0         -nan%
L1_SHADOW_HIT_POS90                                  0         -nan%                0         -nan%
L1_SHADOW_HIT_POS91                                  0         -nan%                0         -nan%
L1_SHADOW_HIT_POS92                                  0         -nan%                0         -nan%
L1_SHADOW_HIT_POS93                                  0         -nan%                0         -nan%
L1_SHADOW_HIT_POS94                                  0         -nan%                0         -nan%
L1_SHADOW_HIT_POS95                                  0         -nan%                0         -nan%
L1_SHADOW_HIT_POS96                                  0         -nan%                0         -nan%
L1_SHADOW_HIT_POS97                                  0         -nan%                0         -nan%
L1_SHADOW_HIT_POS98                                  0         -nan%                0         -nan%
L1_SHADOW_HIT_POS99                                  0         -nan%                0         -nan%
L1_SHADOW_HIT_POS100                                 0         -nan%                0         -nan%
L1_SHADOW_HIT_POS101                                 0         -nan%                0         -nan%
L1_SHADOW_HIT_POS102                                 0         -nan%                0         -nan%
L1_SHADOW_HIT_POS103                                 0         -nan%                0         -nan%
L1_SHADOW_HIT_POS104                                 0         -nan%                0         -nan%
L1_SHADOW_HIT_POS105                                 0         -nan%                0         -nan%
L1_SHADOW_HIT_POS106                                 0         -nan%                0         -nan%
L1_SHADOW_HIT_POS107                                 0         -nan%                0         -nan%
L1_SHADOW_HIT_POS108                                 0         -nan%                0         -nan%
L1_SHADOW_HIT_POS109                                 0         -nan%                0         -nan%
L1_SHADOW_HIT_POS110                                 0         -nan%                0         -nan%
L1_SHADOW_HIT_POS111                                 0         -nan%                0         -nan%
L1_SHADOW_HIT_POS112                                 0         -nan%                0         -nan%
L1_SHADOW_HIT_POS113                                 0         -nan%                0         -nan%
L1_SHADOW_HIT_POS114                                 0         -nan%                0         -nan%
L1_SHADOW_HIT_POS115                                 0         -nan%                0         -nan%
L1_SHADOW_HIT_POS116                                 0         -nan%                0         -nan%
L1_SHADOW_HIT_POS117                                 0         -nan%                0         -nan%
L1_SHADOW_HIT_POS118                                 0         -nan%                0         -nan%
L1_SHADOW_HIT_POS119                                 0         -nan%                0         -nan%
L1_SHADOW_HIT_POS120                                 0         -nan%                0         -nan%
L1_SHADOW_HIT_POS121                                 0         -nan%                0         -nan%
L1_SHADOW_HIT_POS122                                 0         -nan%                0         -nan%
L1_SHADOW_HIT_POS123                                 0         -nan%                0         -nan%
L1_SHADOW_HIT_POS124                                 0         -nan%                0         -nan%
L1_SHADOW_HIT_POS125                                 0         -nan%                0         -nan%
L1_SHADOW_HIT_POS126                                 0         -nan%                0         -nan%
L1_SHADOW_HIT_POS127                                 0         -nan%                0         -nan%
                                                     0         -nan%                0         -nan%
                                                  -nan         -nan              -nan         -nan

L1_SHADOW_STALLING_HIT_POS0                          0         -nan%                0         -nan%
L1_SHADOW_STALLING_HIT_POS1                          0         -nan%                0         -nan%
L1_SHADOW_STALLING_HIT_POS2                          0         -nan%                0         -nan%
L1_SHADOW_STALLING_HIT_POS3                          0         -nan%                0         -nan%
L1_SHADOW_STALLING_HIT_POS4                          0         -nan%                0         -nan%
L1_SHADOW_STALLING_HIT_POS5                          0         -nan%                0         -nan%
L1_SHADOW_STALLING_HIT_POS6                          0         -nan%                0         -nan%
L1_SHADOW_STALLING_HIT_POS7                          0         -nan%                0         -nan%
L1_SHADOW_STALLING_HIT_POS8                          0         -nan%                0         -nan%
L1_SHADOW_STALLING_HIT_POS9                          0         -nan%                0         -nan%
L1_SHADOW_STALLING_HIT_POS10                         0         -nan%                0         -nan%
L1_SHADOW_STALLING_HIT_POS11                         0         -nan%                0         -nan%
L1_SHADOW_STALLING_HIT_POS12                         0         -nan%                0         -nan%
L1_SHADOW_STALLING_HIT_POS13                         0         -nan%                0         -nan%
L1_SHADOW_STALLING_HIT_POS14                         0         -nan%                0         -nan%
L1_SHADOW_STALLING_HIT_POS15                         0         -nan%                0         -nan%
L1_SHADOW_STALLING_HIT_POS16                         0         -nan%                0         -nan%
L1_SHADOW_STALLING_HIT_POS17                         0         -nan%                0         -nan%
L1_SHADOW_STALLING_HIT_POS18                         0         -nan%                0         -nan%
L1_SHADOW_STALLING_HIT_POS19                         0         -nan%                0         -nan%
L1_SHADOW_STALLING_HIT_POS20                         0         -nan%                0         -nan%
L1_SHADOW_STALLING_HIT_POS21                         0         -nan%                0         -nan%
L1_SHADOW_STALLING_HIT_POS22                         0         -nan%                0         -nan%
L1_SHADOW_STALLING_HIT_POS23                         0         -nan%                0         -nan%
L1_SHADOW_STALLING_HIT_POS24                         0         -nan%                0         -nan%
L1_SHADOW_STALLING_HIT_POS25                         0         -nan%                0         -nan%
L1_SHADOW_STALLING_HIT_POS26                         0         -nan%                0         -nan%
L1_SHADOW_STALLING_HIT_POS27                         0         -nan%                0         -nan%
L1_SHADOW_STALLING_HIT_POS28                         0         -nan%                0         -nan%
L1_SHADOW_STALLING_HIT_POS29                         0         -nan%                0         -nan%
L1_SHADOW_STALLING_HIT_POS30                         0         -nan%                0         -nan%
L1_SHADOW_STALLING_HIT_POS31                         0         -nan%                0         -nan%
L1_SHADOW_STALLING_HIT_POS32                         0         -nan%                0         -nan%
L1_SHADOW_STALLING_HIT_POS33                         0         -nan%                0         -nan%
L1_SHADOW_STALLING_HIT_POS34                         0         -nan%                0         -nan%
L1_SHADOW_STALLING_HIT_POS35                         0         -nan%                0         -nan%
L1_SHADOW_STALLING_HIT_POS36                         0         -nan%                0         -nan%
L1_SHADOW_STALLING_HIT_POS37                         0         -nan%                0         -nan%
L1_SHADOW_STALLING_HIT_POS38                         0         -nan%                0         -nan%
L1_SHADOW_STALLING_HIT_POS39                         0         -nan%                0         -nan%
L1_SHADOW_STALLING_HIT_POS40                         0         -nan%                0         -nan%
L1_SHADOW_STALLING_HIT_POS41                         0         -nan%                0         -nan%
L1_SHADOW_STALLING_HIT_POS42                         0         -nan%                0         -nan%
L1_SHADOW_STALLING_HIT_POS43                         0         -nan%                0         -nan%
L1_SHADOW_STALLING_HIT_POS44                         0         -nan%                0         -nan%
L1_SHADOW_STALLING_HIT_POS45                         0         -nan%                0         -nan%
L1_SHADOW_STALLING_HIT_POS46                         0         -nan%                0         -nan%
L1_SHADOW_STALLING_HIT_POS47                         0         -nan%                0         -nan%
L1_SHADOW_STALLING_HIT_POS48                         0         -nan%                0         -nan%
L1_SHADOW_STALLING_HIT_POS49                         0         -nan%                0         -nan%
L1_SHADOW_STALLING_HIT_POS50                         0         -nan%                0         -nan%
L1_SHADOW_STALLING_HIT_POS51                         0         -nan%                0         -nan%
L1_SHADOW_STALLING_HIT_POS52                         0         -nan%                0         -nan%
L1_SHADOW_STALLING_HIT_POS53                         0         -nan%                0         -nan%
L1_SHADOW_STALLING_HIT_POS54                         0         -nan%                0         -nan%
L1_SHADOW_STALLING_HIT_POS55                         0         -nan%                0         -nan%
L1_SHADOW_STALLING_HIT_POS56                         0         -nan%                0         -nan%
L1_SHADOW_STALLING_HIT_POS57                         0         -nan%                0         -nan%
L1_SHADOW_STALLING_HIT_POS58                         0         -nan%                0         -nan%
L1_SHADOW_STALLING_HIT_POS59                         0         -nan%                0         -nan%
L1_SHADOW_STALLING_HIT_POS60                         0         -nan%                0         -nan%
L1_SHADOW_STALLING_HIT_POS61                         0         -nan%                0         -nan%
L1_SHADOW_STALLING_HIT_POS62                         0         -nan%                0         -nan%
L1_SHADOW_STALLING_HIT_POS63                         0         -nan%                0         -nan%
L1_SHADOW_STALLING_HIT_POS64                         0         -nan%                0         -nan%
L1_SHADOW_STALLING_HIT_POS65                         0         -nan%                0         -nan%
L1_SHADOW_STALLING_HIT_POS66                         0         -nan%                0         -nan%
L1_SHADOW_STALLING_HIT_POS67                         0         -nan%                0         -nan%
L1_SHADOW_STALLING_HIT_POS68                         0         -nan%                0         -nan%
L1_SHADOW_STALLING_HIT_POS69                         0         -nan%                0         -nan%
L1_SHADOW_STALLING_HIT_POS70                         0         -nan%                0         -nan%
L1_SHADOW_STALLING_HIT_POS71                         0         -nan%                0         -nan%
L1_SHADOW_STALLING_HIT_POS72                         0         -nan%                0         -nan%
L1_SHADOW_STALLING_HIT_POS73                         0         -nan%                0         -nan%
L1_SHADOW_STALLING_HIT_POS74                         0         -nan%                0         -nan%
L1_SHADOW_STALLING_HIT_POS75                         0         -nan%                0         -nan%
L1_SHADOW_STALLING_HIT_POS76                         0         -nan%                0         -nan%
L1_SHADOW_STALLING_HIT_POS77                         0         -nan%                0         -nan%
L1_SHADOW_STALLING_HIT_POS78                         0         -nan%                0         -nan%
L1_SHADOW_STALLING_HIT_POS79                         0         -nan%                0         -nan%
L1_SHADOW_STALLING_HIT_POS80                         0         -nan%                0         -nan%
L1_SHADOW_STALLING_HIT_POS81                         0         -nan%                0         -nan%
L1_SHADOW_STALLING_HIT_POS82                         0         -nan%                0         -nan%
L1_SHADOW_STALLING_HIT_POS83                         0         -nan%                0         -nan%
L1_SHADOW_STALLING_HIT_POS84                         0         -nan%                0         -nan%
L1_SHADOW_STALLING_HIT_POS85                         0         -nan%                0         -nan%
L1_SHADOW_STALLING_HIT_POS86                         0         -nan%                0         -nan%
L1_SHADOW_STALLING_HIT_POS87                         0         -nan%                0         -nan%
L1_SHADOW_STALLING_HIT_POS88                         0         -nan%                0         -nan%
L1_SHADOW_STALLING_HIT_POS89                         0         -nan%                0         -nan%
L1_SHADOW_STALLING_HIT_POS90                         0         -nan%                0         -nan%
L1_SHADOW_STALLING_HIT_POS91                         0         -nan%                0         -nan%
L1_SHADOW_STALLING_HIT_POS92                         0         -nan%                0         -nan%
L1_SHADOW_STALLING_HIT_POS93                         0         -nan%                0         -nan%
L1_SHADOW_STALLING_HIT_POS94                         0         -nan%                0         -nan%
L1_SHADOW_STALLING_HIT_POS95                         0         -nan%                0         -nan%
L1_SHADOW_STALLING_HIT_POS96                         0         -nan%                0         -nan%
L1_SHADOW_STALLING_HIT_POS97                         0         -nan%                0         -nan%
L1_SHADOW_STALLING_HIT_POS98                         0         -nan%                0         -nan%
L1_SHADOW_STALLING_HIT_POS99                         0         -nan%                0         -nan%
L1_SHADOW_STALLING_HIT_POS100                        0         -nan%                0         -nan%
L1_SHADOW_STALLING_HIT_POS101                        0         -nan%                0         -nan%
L1_SHADOW_STALLING_HIT_POS102                        0         -nan%                0         -nan%
L1_SHADOW_STALLING_HIT_POS103                        0         -nan%                0         -nan%
L1_SHADOW_STALLING_HIT_POS104                        0         -nan%                0         -nan%
L1_SHADOW_STALLING_HIT_POS105                        0         -nan%                0         -nan%
L1_SHADOW_STALLING_HIT_POS106                        0         -nan%                0         -nan%
L1_SHADOW_STALLING_HIT_POS107                        0         -nan%                0         -nan%
L1_SHADOW_STALLING_HIT_POS108                        0         -nan%                0         -nan%
L1_SHADOW_STALLING_HIT_POS109                        0         -nan%                0         -nan%
L1_SHADOW_STALLING_HIT_POS110                        0         -nan%                0         -nan%
L1_SHADOW_STALLING_HIT_POS111                        0         -nan%                0         -nan%
L1_SHADOW_STALLING_HIT_POS112                        0         -nan%                0         -nan%
L1_SHADOW_STALLING_HIT_POS113                        0         -nan%                0         -nan%
L1_SHADOW_STALLING_HIT_POS114                        0         -nan%                0         -nan%
L1_SHADOW_STALLING_HIT_POS115                        0         -nan%                0         -nan%
L1_SHADOW_STALLING_HIT_POS116                        0         -nan%                0         -nan%
L1_SHADOW_STALLING_HIT_POS117                        0         -nan%                0         -nan%
L1_SHADOW_STALLING_HIT_POS118                        0         -nan%                0         -nan%
L1_SHADOW_STALLING_HIT_POS119                        0         -nan%                0         -nan%
L1_SHADOW_STALLING_HIT_POS120                        0         -nan%                0         -nan%
L1_SHADOW_STALLING_HIT_POS121                        0         -nan%                0         -nan%
L1_SHADOW_STALLING_HIT_POS122                        0         -nan%                0         -nan%
L1_SHADOW_STALLING_HIT_POS123                        0         -nan%                0         -nan%
L1_SHADOW_STALLING_HIT_POS124                        0         -nan%                0         -nan%
L1_SHADOW_STALLING_HIT_POS125                        0         -nan%                0         -nan%
L1_SHADOW_STALLING_HIT_POS126                        0         -nan%                0         -nan%
L1_SHADOW_STALLING_HIT_POS127                        0         -nan%                0         -nan%
                                                     0         -nan%                0         -nan%
                                                  -nan         -nan              -nan         -nan

L1_SHADOW_DEMAND_HIT_POS0                            0         -nan%                0         -nan%
L1_SHADOW_DEMAND_HIT_POS1                            0         -nan%                0         -nan%
L1_SHADOW_DEMAND_HIT_POS2                            0         -nan%                0         -nan%
L1_SHADOW_DEMAND_HIT_POS3                            0         -nan%                0         -nan%
L1_SHADOW_DEMAND_HIT_POS4                            0         -nan%                0         -nan%
L1_SHADOW_DEMAND_HIT_POS5                            0         -nan%                0         -nan%
L1_SHADOW_DEMAND_HIT_POS6                            0         -nan%                0         -nan%
L1_SHADOW_DEMAND_HIT_POS7                            0         -nan%                0         -nan%
L1_SHADOW_DEMAND_HIT_POS8                            0         -nan%                0         -nan%
L1_SHADOW_DEMAND_HIT_POS9                            0         -nan%                0         -nan%
L1_SHADOW_DEMAND_HIT_POS10                           0         -nan%                0         -nan%
L1_SHADOW_DEMAND_HIT_POS11                           0         -nan%                0         -nan%
L1_SHADOW_DEMAND_HIT_POS12                           0         -nan%                0         -nan%
L1_SHADOW_DEMAND_HIT_POS13                           0         -nan%                0         -nan%
L1_SHADOW_DEMAND_HIT_POS14                           0         -nan%                0         -nan%
L1_SHADOW_DEMAND_HIT_POS15                           0         -nan%                0         -nan%
L1_SHADOW_DEMAND_HIT_POS16                           0         -nan%                0         -nan%
L1_SHADOW_DEMAND_HIT_POS17                           0         -nan%                0         -nan%
L1_SHADOW_DEMAND_HIT_POS18                           0         -nan%                0         -nan%
L1_SHADOW_DEMAND_HIT_POS19                           0         -nan%                0         -nan%
L1_SHADOW_DEMAND_HIT_POS20                           0         -nan%                0         -nan%
L1_SHADOW_DEMAND_HIT_POS21                           0         -nan%                0         -nan%
L1_SHADOW_DEMAND_HIT_POS22                           0         -nan%                0         -nan%
L1_SHADOW_DEMAND_HIT_POS23                           0         -nan%                0         -nan%
L1_SHADOW_DEMAND_HIT_POS24                           0         -nan%                0         -nan%
L1_SHADOW_DEMAND_HIT_POS25                           0         -nan%                0         -nan%
L1_SHADOW_DEMAND_HIT_POS26                           0         -nan%                0         -nan%
L1_SHADOW_DEMAND_HIT_POS27                           0         -nan%                0         -nan%
L1_SHADOW_DEMAND_HIT_POS28                           0         -nan%                0         -nan%
L1_SHADOW_DEMAND_HIT_POS29                           0         -nan%                0         -nan%
L1_SHADOW_DEMAND_HIT_POS30                           0         -nan%                0         -nan%
L1_SHADOW_DEMAND_HIT_POS31                           0         -nan%                0         -nan%
L1_SHADOW_DEMAND_HIT_POS32                           0         -nan%                0         -nan%
L1_SHADOW_DEMAND_HIT_POS33                           0         -nan%                0         -nan%
L1_SHADOW_DEMAND_HIT_POS34                           0         -nan%                0         -nan%
L1_SHADOW_DEMAND_HIT_POS35                           0         -nan%                0         -nan%
L1_SHADOW_DEMAND_HIT_POS36                           0         -nan%                0         -nan%
L1_SHADOW_DEMAND_HIT_POS37                           0         -nan%                0         -nan%
L1_SHADOW_DEMAND_HIT_POS38                           0         -nan%                0         -nan%
L1_SHADOW_DEMAND_HIT_POS39                           0         -nan%                0         -nan%
L1_SHADOW_DEMAND_HIT_POS40                           0         -nan%                0         -nan%
L1_SHADOW_DEMAND_HIT_POS41                           0         -nan%                0         -nan%
L1_SHADOW_DEMAND_HIT_POS42                           0         -nan%                0         -nan%
L1_SHADOW_DEMAND_HIT_POS43                           0         -nan%                0         -nan%
L1_SHADOW_DEMAND_HIT_POS44                           0         -nan%                0         -nan%
L1_SHADOW_DEMAND_HIT_POS45                           0         -nan%                0         -nan%
L1_SHADOW_DEMAND_HIT_POS46                           0         -nan%                0         -nan%
L1_SHADOW_DEMAND_HIT_POS47                           0         -nan%                0         -nan%
L1_SHADOW_DEMAND_HIT_POS48                           0         -nan%                0         -nan%
L1_SHADOW_DEMAND_HIT_POS49                           0         -nan%                0         -nan%
L1_SHADOW_DEMAND_HIT_POS50                           0         -nan%                0         -nan%
L1_SHADOW_DEMAND_HIT_POS51                           0         -nan%                0         -nan%
L1_SHADOW_DEMAND_HIT_POS52                           0         -nan%                0         -nan%
L1_SHADOW_DEMAND_HIT_POS53                           0         -nan%                0         -nan%
L1_SHADOW_DEMAND_HIT_POS54                           0         -nan%                0         -nan%
L1_SHADOW_DEMAND_HIT_POS55                           0         -nan%                0         -nan%
L1_SHADOW_DEMAND_HIT_POS56                           0         -nan%                0         -nan%
L1_SHADOW_DEMAND_HIT_POS57                           0         -nan%                0         -nan%
L1_SHADOW_DEMAND_HIT_POS58                           0         -nan%                0         -nan%
L1_SHADOW_DEMAND_HIT_POS59                           0         -nan%                0         -nan%
L1_SHADOW_DEMAND_HIT_POS60                           0         -nan%                0         -nan%
L1_SHADOW_DEMAND_HIT_POS61                           0         -nan%                0         -nan%
L1_SHADOW_DEMAND_HIT_POS62                           0         -nan%                0         -nan%
L1_SHADOW_DEMAND_HIT_POS63                           0         -nan%                0         -nan%
L1_SHADOW_DEMAND_HIT_POS64                           0         -nan%                0         -nan%
L1_SHADOW_DEMAND_HIT_POS65                           0         -nan%                0         -nan%
L1_SHADOW_DEMAND_HIT_POS66                           0         -nan%                0         -nan%
L1_SHADOW_DEMAND_HIT_POS67                           0         -nan%                0         -nan%
L1_SHADOW_DEMAND_HIT_POS68                           0         -nan%                0         -nan%
L1_SHADOW_DEMAND_HIT_POS69                           0         -nan%                0         -nan%
L1_SHADOW_DEMAND_HIT_POS70                           0         -nan%                0         -nan%
L1_SHADOW_DEMAND_HIT_POS71                           0         -nan%                0         -nan%
L1_SHADOW_DEMAND_HIT_POS72                           0         -nan%                0         -nan%
L1_SHADOW_DEMAND_HIT_POS73                           0         -nan%                0         -nan%
L1_SHADOW_DEMAND_HIT_POS74                           0         -nan%                0         -nan%
L1_SHADOW_DEMAND_HIT_POS75                           0         -nan%                0         -nan%
L1_SHADOW_DEMAND_HIT_POS76                           0         -nan%                0         -nan%
L1_SHADOW_DEMAND_HIT_POS77                           0         -nan%                0         -nan%
L1_SHADOW_DEMAND_HIT_POS78                           0         -nan%                0         -nan%
L1_SHADOW_DEMAND_HIT_POS79                           0         -nan%                0         -nan%
L1_SHADOW_DEMAND_HIT_POS80                           0         -nan%                0         -nan%
L1_SHADOW_DEMAND_HIT_POS81                           0         -nan%                0         -nan%
L1_SHADOW_DEMAND_HIT_POS82                           0         -nan%                0         -nan%
L1_SHADOW_DEMAND_HIT_POS83                           0         -nan%                0         -nan%
L1_SHADOW_DEMAND_HIT_POS84                           0         -nan%                0         -nan%
L1_SHADOW_DEMAND_HIT_POS85                           0         -nan%                0         -nan%
L1_SHADOW_DEMAND_HIT_POS86                           0         -nan%                0         -nan%
L1_SHADOW_DEMAND_HIT_POS87                           0         -nan%                0         -nan%
L1_SHADOW_DEMAND_HIT_POS88                           0         -nan%                0         -nan%
L1_SHADOW_DEMAND_HIT_POS89                           0         -nan%                0         -nan%
L1_SHADOW_DEMAND_HIT_POS90                           0         -nan%                0         -nan%
L1_SHADOW_DEMAND_HIT_POS91                           0         -nan%                0         -nan%
L1_SHADOW_DEMAND_HIT_POS92                           0         -nan%                0         -nan%
L1_SHADOW_DEMAND_HIT_POS93                           0         -nan%                0         -nan%
L1_SHADOW_DEMAND_HIT_POS94                           0         -nan%                0         -nan%
L1_SHADOW_DEMAND_HIT_POS95                           0         -nan%                0         -nan%
L1_SHADOW_DEMAND_HIT_POS96                           0         -nan%                0         -nan%
L1_SHADOW_DEMAND_HIT_POS97                           0         -nan%                0         -nan%
L1_SHADOW_DEMAND_HIT_POS98                           0         -nan%                0         -nan%
L1_SHADOW_DEMAND_HIT_POS99                           0         -nan%                0         -nan%
L1_SHADOW_DEMAND_HIT_POS100                          0         -nan%                0         -nan%
L1_SHADOW_DEMAND_HIT_POS101                          0         -nan%                0         -nan%
L1_SHADOW_DEMAND_HIT_POS102                          0         -nan%                0         -nan%
L1_SHADOW_DEMAND_HIT_POS103                          0         -nan%                0         -nan%
L1_SHADOW_DEMAND_HIT_POS104                          0         -nan%                0         -nan%
L1_SHADOW_DEMAND_HIT_POS105                          0         -nan%                0         -nan%
L1_SHADOW_DEMAND_HIT_POS106                          0         -nan%                0         -nan%
L1_SHADOW_DEMAND_HIT_POS107                          0         -nan%                0         -nan%
L1_SHADOW_DEMAND_HIT_POS108                          0         -nan%                0         -nan%
L1_SHADOW_DEMAND_HIT_POS109                          0         -nan%                0         -nan%
L1_SHADOW_DEMAND_HIT_POS110                          0         -nan%                0         -nan%
L1_SHADOW_DEMAND_HIT_POS111                          0         -nan%                0         -nan%
L1_SHADOW_DEMAND_HIT_POS112                          0         -nan%                0         -nan%
L1_SHADOW_DEMAND_HIT_POS113                          0         -nan%                0         -nan%
L1_SHADOW_DEMAND_HIT_POS114                          0         -nan%                0         -nan%
L1_SHADOW_DEMAND_HIT_POS115                          0         -nan%                0         -nan%
L1_SHADOW_DEMAND_HIT_POS116                          0         -nan%                0         -nan%
L1_SHADOW_DEMAND_HIT_POS117                          0         -nan%                0         -nan%
L1_SHADOW_DEMAND_HIT_POS118                          0         -nan%                0         -nan%
L1_SHADOW_DEMAND_HIT_POS119                          0         -nan%                0         -nan%
L1_SHADOW_DEMAND_HIT_POS120                          0         -nan%                0         -nan%
L1_SHADOW_DEMAND_HIT_POS121                          0         -nan%                0         -nan%
L1_SHADOW_DEMAND_HIT_POS122                          0         -nan%                0         -nan%
L1_SHADOW_DEMAND_HIT_POS123                          0         -nan%                0         -nan%
L1_SHADOW_DEMAND_HIT_POS124                          0         -nan%                0         -nan%
L1_SHADOW_DEMAND_HIT_POS125                          0         -nan%                0         -nan%
L1_SHADOW_DEMAND_HIT_POS126                          0         -nan%                0         -nan%
L1_SHADOW_DEMAND_HIT_POS127                          0         -nan%                0         -nan%
                                                     0         -nan%                0         -nan%
                                                  -nan         -nan              -nan         -nan

CORE_PREF_MLC_SENT                                   0                              0              

CORE_PREF_MLC_USED                                3394       97.979%            10743       96.057%
CORE_PREF_MLC_PARTIAL_USED                          70        2.021%              441        3.943%
CORE_PREF_MLC_NOT_USED                               0        0.000%                0        0.000%
CORE_PREF_MLC_DROPPED                                0        0.000%                0        0.000%
                                                  3464      100.000%            11184      100.000%
                                                  0.02         0.14              0.04         0.19

CORE_PREF_L1_SENT                                 4787                          15254              

CORE_PREF_L1_USED                                 2804       51.084%            11457       77.496%
CORE_PREF_L1_PARTIAL_USED                           68        1.239%              429        2.902%
CORE_PREF_L1_NOT_USED                             2617       47.677%             2898       19.602%
CORE_PREF_L1_DROPPED                                 0        0.000%                0        0.000%
                                                  5489      100.000%            14784      100.000%
                                                  0.97         0.71              0.42         0.71

TOTAL_MEM_LATENCY                              5323852      371.9852         19434010      377.7922

TOTAL_MEM_LATENCY_DEMAND                       3585331      376.4127         12983460      358.7880

TOTAL_MEM_LATENCY_PREF                         1738521      363.1755          6450550      422.8760

CORE_MEM_LATENCY                               5323852      371.9852         19434010      377.7922

CORE_MEM_LATENCY_DEMAND                        3585331      376.4127         12983460      358.7880

CORE_MEM_LATENCY_PREF                          1738521      363.1755          6450550      422.8760

CORE_MEM_LATENCY_IFETCH                          64166        2.433%           158415        1.679%
CORE_MEM_LATENCY_DFETCH                         718919       27.263%          2261038       23.966%
CORE_MEM_LATENCY_DSTORE                         161797        6.136%           720493        7.637%
CORE_MEM_LATENCY_IPRF                                0        0.000%                0        0.000%
CORE_MEM_LATENCY_UOCPRF                              0        0.000%                0        0.000%
CORE_MEM_LATENCY_FDIPPRF                        887979       33.674%          4323514       45.827%
CORE_MEM_LATENCY_DPRF                                0        0.000%                0        0.000%
CORE_MEM_LATENCY_WB                             804088       30.493%          1970959       20.891%
CORE_MEM_LATENCY_WB_NODIRTY                          0        0.000%                0        0.000%
                                               2636949      100.000%          9434419      100.000%
                                                  4.21         2.39              4.15         2.18

CORE_MEM_STALLING_LATENCY_IFETCH                     0         -nan%                0         -nan%
CORE_MEM_STALLING_LATENCY_DFETCH                     0         -nan%                0         -nan%
CORE_MEM_STALLING_LATENCY_DSTORE                     0         -nan%                0         -nan%
CORE_MEM_STALLING_LATENCY_IPRF                       0         -nan%                0         -nan%
CORE_MEM_STALLING_LATENCY_DPRF                       0         -nan%                0         -nan%
CORE_MEM_STALLING_LATENCY_WB                         0         -nan%                0         -nan%
CORE_MEM_STALLING_LATENCY_WB_NODIRTY                 0         -nan%                0         -nan%
                                                     0         -nan%                0         -nan%
                                                  -nan         -nan              -nan         -nan

TOTAL_L1_MISS_LATENCY                          2636949      184.2474          9434419      183.4027

TOTAL_L1_MISS_LATENCY_DEMAND                   1807945      189.8105          7364160      203.5029

TOTAL_L1_MISS_LATENCY_PREF                      829004      173.1782          2070259      135.7191

CORE_L1_MISS_LATENCY                           2636949      184.2474          9434419      183.4027

CORE_L1_MISS_LATENCY_DEMAND                    1807945      189.8105          7364160      203.5029

CORE_L1_MISS_LATENCY_PREF                       829004      173.1782          2070259      135.7191

CORE_EVICTED_L1_DEMAND                           10160       74.514%            14843       78.278%
CORE_EVICTED_L1_PREF_USED                         2773       20.337%             3136       16.538%
CORE_EVICTED_L1_PREF_NOT_USED                      702        5.149%              983        5.184%
                                                 13635      100.000%            18962      100.000%
                                                  0.31         0.50              0.27         0.50

CORE_EVICTED_MLC_DEMAND                          16742       74.758%            36561       68.928%
CORE_EVICTED_MLC_PREF_USED                        3086       13.780%             8023       15.126%
CORE_EVICTED_MLC_PREF_NOT_USED                    2567       11.462%             8458       15.946%
                                                 22395      100.000%            53042      100.000%
                                                  0.37         0.61              0.47         0.67

CORE_MEM_LATENCY_AVE_DEMAND                    3681355      362.3381          6992404      471.0910

CORE_MEM_LATENCY_AVE_PREF_USED                  871211      314.1763          2317151      738.8874

CORE_MEM_LATENCY_AVE_PREF_NOT_USED              493548      703.0598          2246561     2285.4130

DRAM_LATENCY                                         0                              0              

TOTAL_DRAM_LATENCY                                   0                              0              

DRAM_CLOSED_PAGE_POLICY_CMD                          0                              0              

DRAM_ACTIVATE_STALLING                               0                              0              

DRAM_PRECHARGE_STALLING                              0                              0              

DRAM_PRECHARGE_STALLING_WAIT_CYCLES                  0                              0              

L1_STAY_DEMAND                            120984997846 11907972.2289     160373027418 10804623.5544

L1_STAY_PREF_USED                          31058142252 11200195.5471      34044340004 10855975.7666

L1_STAY_PREF_NOT_USED                       7532497495 10730053.4117       9706646725  9874513.4537

TOTAL_DATA_MISS_LATENCY                        2035083                        6381089              

TOTAL_DATA_MISS_COUNT                            17601                          52391              

CORE_PREF_L1_NOT_USED_LATENCY200                   613       87.322%              853       86.775%
CORE_PREF_L1_NOT_USED_LATENCY400                    67        9.544%               96        9.766%
CORE_PREF_L1_NOT_USED_LATENCY600                    13        1.852%               17        1.729%
CORE_PREF_L1_NOT_USED_LATENCY800                     2        0.285%                5        0.509%
CORE_PREF_L1_NOT_USED_LATENCY1000                    1        0.142%                3        0.305%
CORE_PREF_L1_NOT_USED_LATENCY1200                    1        0.142%                2        0.203%
CORE_PREF_L1_NOT_USED_LATENCY1400                    3        0.427%                5        0.509%
CORE_PREF_L1_NOT_USED_LATENCY1600                    2        0.285%                2        0.203%
CORE_PREF_L1_NOT_USED_LATENCY1600MORE                0        0.000%                0        0.000%
                                                   702      100.000%              983      100.000%
                                                  0.20         0.69              0.21         0.71

CORE_PREF_L1_NOT_USED_DISTANCE_1                     0        0.000%                0        0.000%
CORE_PREF_L1_NOT_USED_DISTANCE_2                     4        0.570%                5        0.509%
CORE_PREF_L1_NOT_USED_DISTANCE_4                    82       11.681%              125       12.716%
CORE_PREF_L1_NOT_USED_DISTANCE_8                   259       36.895%              373       37.945%
CORE_PREF_L1_NOT_USED_DISTANCE_16                  353       50.285%              476       48.423%
CORE_PREF_L1_NOT_USED_DISTANCE_32                    4        0.570%                4        0.407%
CORE_PREF_L1_NOT_USED_DISTANCE_MORE                  0        0.000%                0        0.000%
                                                   702      100.000%              983      100.000%
                                                  3.39         0.72              3.36         0.72

CORE_PREF_L1_USED_LATENCY200                      2560       92.319%             2884       91.964%
CORE_PREF_L1_USED_LATENCY400                       129        4.652%              151        4.815%
CORE_PREF_L1_USED_LATENCY600                        24        0.865%               34        1.084%
CORE_PREF_L1_USED_LATENCY800                        20        0.721%               20        0.638%
CORE_PREF_L1_USED_LATENCY1000                        6        0.216%                7        0.223%
CORE_PREF_L1_USED_LATENCY1200                       19        0.685%               20        0.638%
CORE_PREF_L1_USED_LATENCY1400                        8        0.288%               13        0.415%
CORE_PREF_L1_USED_LATENCY1600                        4        0.144%                4        0.128%
CORE_PREF_L1_USED_LATENCY1600MORE                    3        0.108%                3        0.096%
                                                  2773      100.000%             3136      100.000%
                                                  0.16         0.74              0.17         0.75

CORE_PREF_L1_USED_DISTANCE_1                         0        0.000%                0        0.000%
CORE_PREF_L1_USED_DISTANCE_2                         8        0.288%                8        0.255%
CORE_PREF_L1_USED_DISTANCE_4                       220        7.934%              253        8.068%
CORE_PREF_L1_USED_DISTANCE_8                       553       19.942%              664       21.173%
CORE_PREF_L1_USED_DISTANCE_16                     1992       71.836%             2211       70.504%
CORE_PREF_L1_USED_DISTANCE_32                        0        0.000%                0        0.000%
CORE_PREF_L1_USED_DISTANCE_MORE                      0        0.000%                0        0.000%
                                                  2773      100.000%             3136      100.000%
                                                  3.63         0.64              3.62         0.64

CORE_PREF_L1_DEMAND_LATENCY300                    8147       80.187%            11579       78.010%
CORE_PREF_L1_DEMAND_LATENCY400                    1001        9.852%             1645       11.083%
CORE_PREF_L1_DEMAND_LATENCY500                     556        5.472%              871        5.868%
CORE_PREF_L1_DEMAND_LATENCY600                     166        1.634%              310        2.089%
CORE_PREF_L1_DEMAND_LATENCY700                      82        0.807%              150        1.011%
CORE_PREF_L1_DEMAND_LATENCY800                      38        0.374%               47        0.317%
CORE_PREF_L1_DEMAND_LATENCY900                      24        0.236%               28        0.189%
CORE_PREF_L1_DEMAND_LATENCY1000                     28        0.276%               35        0.236%
CORE_PREF_L1_DEMAND_LATENCY1000MORE                118        1.161%              178        1.199%
                                                 10160      100.000%            14843      100.000%
                                                  0.43         1.15              0.47         1.15

CORE_PREF_MLC_NOT_USED_LATENCY200                 1850       72.069%             3836       45.354%
CORE_PREF_MLC_NOT_USED_LATENCY400                  490       19.088%             3028       35.800%
CORE_PREF_MLC_NOT_USED_LATENCY600                  138        5.376%             1273       15.051%
CORE_PREF_MLC_NOT_USED_LATENCY800                   40        1.558%              164        1.939%
CORE_PREF_MLC_NOT_USED_LATENCY1000                  27        1.052%               40        0.473%
CORE_PREF_MLC_NOT_USED_LATENCY1200                  17        0.662%               26        0.307%
CORE_PREF_MLC_NOT_USED_LATENCY1400                   3        0.117%               15        0.177%
CORE_PREF_MLC_NOT_USED_LATENCY1600                   1        0.039%               28        0.331%
CORE_PREF_MLC_NOT_USED_LATENCY1600MORE               1        0.039%               48        0.568%
                                                  2567      100.000%             8458      100.000%
                                                  0.43         0.80              0.83         0.94

CORE_PREF_MLC_USED_LATENCY200                     2088       67.660%             3965       49.420%
CORE_PREF_MLC_USED_LATENCY400                      615       19.929%             2549       31.771%
CORE_PREF_MLC_USED_LATENCY600                      270        8.749%             1156       14.409%
CORE_PREF_MLC_USED_LATENCY800                       41        1.329%              174        2.169%
CORE_PREF_MLC_USED_LATENCY1000                      42        1.361%               61        0.760%
CORE_PREF_MLC_USED_LATENCY1200                      18        0.583%               20        0.249%
CORE_PREF_MLC_USED_LATENCY1400                       4        0.130%               13        0.162%
CORE_PREF_MLC_USED_LATENCY1600                       5        0.162%               28        0.349%
CORE_PREF_MLC_USED_LATENCY1600MORE                   3        0.097%               57        0.710%
                                                  3086      100.000%             8023      100.000%
                                                  0.52         0.87              0.80         1.00

CORE_PREF_MLC_DEMAND_LATENCY300                  16407       97.999%            35722       97.705%
CORE_PREF_MLC_DEMAND_LATENCY400                    100        0.597%              290        0.793%
CORE_PREF_MLC_DEMAND_LATENCY500                     72        0.430%              157        0.429%
CORE_PREF_MLC_DEMAND_LATENCY600                     36        0.215%               73        0.200%
CORE_PREF_MLC_DEMAND_LATENCY700                     16        0.096%               33        0.090%
CORE_PREF_MLC_DEMAND_LATENCY800                     16        0.096%               34        0.093%
CORE_PREF_MLC_DEMAND_LATENCY900                      9        0.054%               21        0.057%
CORE_PREF_MLC_DEMAND_LATENCY1000                    11        0.066%               24        0.066%
CORE_PREF_MLC_DEMAND_LATENCY1000MORE                75        0.448%              207        0.566%
                                                 16742      100.000%            36561      100.000%
                                                  0.07         0.64              0.08         0.69

TOTAL_BATCH_FORMED                                   0                              0              

TOTAL_BATCH_MEM_REQ_MARKED                           0          -nan                0          -nan

CORE_BATCH_MEM_REQ_MARKED                            0          -nan                0          -nan

CORE_BATCH_MEM_REQ_MARKED_DEMAND                     0          -nan                0          -nan

CORE_BATCH_MEM_REQ_MARKED_PREF                       0          -nan                0          -nan

DRAM_ROW_BATCHES                                     0                              0              

REJECTED_QUEUE_MLC                                   0                              0              

REJECTED_QUEUE_L1                                    0                              0              

REJECTED_QUEUE_BUS_OUT                               0                              0              

LEADING_LOAD_LATENCY                                 0        0.0000                0        0.0000

LEADING_LOADS                                        0        0.0000                0        0.0000

MEM_REQ_CRITICAL_PATH_LENGTH                         0        0.0000                0        0.0000

TOTAL_MEM_REQ_LATENCY                                0                              0              

TOTAL_CRITICAL_MEM_REQ_LATENCY                       0          -nan                0          -nan

TOTAL_CRITICAL_BANK_LATENCY                          0          -nan                0          -nan

TOTAL_MEMORY_SLACK                                   0        0.0000                0        0.0000

TOTAL_CHIP_UTILIZATION                               0        0.0000                0        0.0000

CHIP_BUSY_UNDER_CRITICAL_REQS                        0        0.0000                0        0.0000

PERF_PRED_NUM_STAT_RESETS                            0                              0              

PERF_PRED_RESET_STATS_CYCLE                          0                              0              

PERF_PRED_CYCLE                               18001269                       29853683              

ESTIMATED_ALONE_CYCLES                               0        0.0000                0        0.0000

NUM_WINDOWS_WITH_DCACHE_MISS                     13950                          37294              

LONGEST_DCACHE_MISS_CHAIN                        80199                         198966              

NUM_DCACHE_MISSES_IN_WINDOW_1                     1446       10.366%             4680       12.549%
NUM_DCACHE_MISSES_IN_WINDOW_2                     1682       12.057%             5003       13.415%
NUM_DCACHE_MISSES_IN_WINDOW_3                     1189        8.523%             3342        8.961%
NUM_DCACHE_MISSES_IN_WINDOW_4                     1084        7.771%             3049        8.176%
NUM_DCACHE_MISSES_IN_WINDOW_5                      860        6.165%             2329        6.245%
NUM_DCACHE_MISSES_IN_WINDOW_6                      781        5.599%             1998        5.357%
NUM_DCACHE_MISSES_IN_WINDOW_7                      681        4.882%             1834        4.918%
NUM_DCACHE_MISSES_IN_WINDOW_8                      584        4.186%             1595        4.277%
NUM_DCACHE_MISSES_IN_WINDOW_9                      576        4.129%             1413        3.789%
NUM_DCACHE_MISSES_IN_WINDOW_10                     521        3.735%             1326        3.556%
NUM_DCACHE_MISSES_IN_WINDOW_11                     524        3.756%             1241        3.328%
NUM_DCACHE_MISSES_IN_WINDOW_12                     414        2.968%             1027        2.754%
NUM_DCACHE_MISSES_IN_WINDOW_13                     393        2.817%              991        2.657%
NUM_DCACHE_MISSES_IN_WINDOW_14                     372        2.667%              894        2.397%
NUM_DCACHE_MISSES_IN_WINDOW_15                     382        2.738%              848        2.274%
NUM_DCACHE_MISSES_IN_WINDOW_16_OR_MORE            2461       17.642%             5724       15.348%
                                                 13950      100.000%            37294      100.000%
                                                  6.72         5.67              6.18         5.40

DCACHE_MLP_IN_WINDOW_1_0                          6280       45.018%            17802       47.734%
DCACHE_MLP_IN_WINDOW_1_5                          4669       33.470%            11847       31.767%
DCACHE_MLP_IN_WINDOW_2_0                          1926       13.806%             4789       12.841%
DCACHE_MLP_IN_WINDOW_2_5                           611        4.380%             1505        4.036%
DCACHE_MLP_IN_WINDOW_3_0                           250        1.792%              649        1.740%
DCACHE_MLP_IN_WINDOW_3_5                            76        0.545%              229        0.614%
DCACHE_MLP_IN_WINDOW_4_0                            50        0.358%              155        0.416%
DCACHE_MLP_IN_WINDOW_4_5                            22        0.158%               86        0.231%
DCACHE_MLP_IN_WINDOW_5_0                            13        0.093%               55        0.147%
DCACHE_MLP_IN_WINDOW_5_5                            13        0.093%               48        0.129%
DCACHE_MLP_IN_WINDOW_6_0                            17        0.122%               38        0.102%
DCACHE_MLP_IN_WINDOW_6_5                             7        0.050%               25        0.067%
DCACHE_MLP_IN_WINDOW_7_0                             6        0.043%               23        0.062%
DCACHE_MLP_IN_WINDOW_7_5                             5        0.036%               15        0.040%
DCACHE_MLP_IN_WINDOW_8_0                             1        0.007%                8        0.021%
DCACHE_MLP_IN_WINDOW_8_5_OR_MORE                     4        0.029%               20        0.054%
                                                 13950      100.000%            37294      100.000%
                                                  0.92         1.09              0.90         1.18

PARAM_CHIP_CYCLE_TIME                                0                              0              

PARAM_CORE_CYCLE_TIME                                0                         312500              

PARAM_L1_CYCLE_TIME                                  0                         312500              

PARAM_MEMORY_CYCLE_TIME                              0                         833333              

MEM_REQ_NON_SCHEDULED__0                             0         -nan%                0         -nan%
MEM_REQ_NON_SCHEDULED__4                             0         -nan%                0         -nan%
MEM_REQ_NON_SCHEDULED__8                             0         -nan%                0         -nan%
MEM_REQ_NON_SCHEDULED_12                             0         -nan%                0         -nan%
MEM_REQ_NON_SCHEDULED_16                             0         -nan%                0         -nan%
MEM_REQ_NON_SCHEDULED_20                             0         -nan%                0         -nan%
MEM_REQ_NON_SCHEDULED_24                             0         -nan%                0         -nan%
MEM_REQ_NON_SCHEDULED_28                             0         -nan%                0         -nan%
MEM_REQ_NON_SCHEDULED_32                             0         -nan%                0         -nan%
MEM_REQ_NON_SCHEDULED_36                             0         -nan%                0         -nan%
MEM_REQ_NON_SCHEDULED_40                             0         -nan%                0         -nan%
MEM_REQ_NON_SCHEDULED_44                             0         -nan%                0         -nan%
MEM_REQ_NON_SCHEDULED_48                             0         -nan%                0         -nan%
MEM_REQ_NON_SCHEDULED_52                             0         -nan%                0         -nan%
MEM_REQ_NON_SCHEDULED_56                             0         -nan%                0         -nan%
MEM_REQ_NON_SCHEDULED_60                             0         -nan%                0         -nan%
MEM_REQ_NON_SCHEDULED_64                             0         -nan%                0         -nan%
                                                     0         -nan%                0         -nan%
                                                  -nan         -nan              -nan         -nan

MEM_REQ_DEMANDS__0                             6016007       97.839%         17605023       97.799%
MEM_REQ_DEMANDS__4                              123826        2.014%           358484        1.991%
MEM_REQ_DEMANDS__8                                6032        0.098%            24520        0.136%
MEM_REQ_DEMANDS_12                                1460        0.024%             5963        0.033%
MEM_REQ_DEMANDS_16                                 692        0.011%             2134        0.012%
MEM_REQ_DEMANDS_20                                 433        0.007%             1302        0.007%
MEM_REQ_DEMANDS_24                                 405        0.007%             1626        0.009%
MEM_REQ_DEMANDS_28                                   0        0.000%             2217        0.012%
MEM_REQ_DEMANDS_32                                   0        0.000%                0        0.000%
MEM_REQ_DEMANDS_36                                   0        0.000%                0        0.000%
MEM_REQ_DEMANDS_40                                   0        0.000%                0        0.000%
MEM_REQ_DEMANDS_44                                   0        0.000%                0        0.000%
MEM_REQ_DEMANDS_48                                   0        0.000%                0        0.000%
MEM_REQ_DEMANDS_52                                   0        0.000%                0        0.000%
MEM_REQ_DEMANDS_56                                   0        0.000%                0        0.000%
MEM_REQ_DEMANDS_60                                   0        0.000%                0        0.000%
MEM_REQ_DEMANDS_64                                   0        0.000%                0        0.000%
                                               6148855      100.000%         18001269      100.000%
                                                  0.02         0.18              0.03         0.20

MEM_REQ_PREFS__0                               5522648       89.816%         16446245       91.362%
MEM_REQ_PREFS__4                                419897        6.829%           970953        5.394%
MEM_REQ_PREFS__8                                128725        2.093%           296991        1.650%
MEM_REQ_PREFS_12                                 39941        0.650%           100633        0.559%
MEM_REQ_PREFS_16                                 12765        0.208%            44778        0.249%
MEM_REQ_PREFS_20                                  7716        0.125%            31492        0.175%
MEM_REQ_PREFS_24                                 15631        0.254%            97706        0.543%
MEM_REQ_PREFS_28                                  1532        0.025%            12471        0.069%
MEM_REQ_PREFS_32                                     0        0.000%                0        0.000%
MEM_REQ_PREFS_36                                     0        0.000%                0        0.000%
MEM_REQ_PREFS_40                                     0        0.000%                0        0.000%
MEM_REQ_PREFS_44                                     0        0.000%                0        0.000%
MEM_REQ_PREFS_48                                     0        0.000%                0        0.000%
MEM_REQ_PREFS_52                                     0        0.000%                0        0.000%
MEM_REQ_PREFS_56                                     0        0.000%                0        0.000%
MEM_REQ_PREFS_60                                     0        0.000%                0        0.000%
MEM_REQ_PREFS_64                                     0        0.000%                0        0.000%
                                               6148855      100.000%         18001269      100.000%
                                                  0.16         0.57              0.16         0.66

MEM_REQ_WRITEBACKS__0                          6136081       99.792%         17971768       99.836%
MEM_REQ_WRITEBACKS__4                            11343        0.184%            26774        0.149%
MEM_REQ_WRITEBACKS__8                             1098        0.018%             2133        0.012%
MEM_REQ_WRITEBACKS_12                              302        0.005%              499        0.003%
MEM_REQ_WRITEBACKS_16                               31        0.001%               83        0.000%
MEM_REQ_WRITEBACKS_20                                0        0.000%               12        0.000%
MEM_REQ_WRITEBACKS_24                                0        0.000%                0        0.000%
MEM_REQ_WRITEBACKS_28                                0        0.000%                0        0.000%
MEM_REQ_WRITEBACKS_32                                0        0.000%                0        0.000%
MEM_REQ_WRITEBACKS_36                                0        0.000%                0        0.000%
MEM_REQ_WRITEBACKS_40                                0        0.000%                0        0.000%
MEM_REQ_WRITEBACKS_44                                0        0.000%                0        0.000%
MEM_REQ_WRITEBACKS_48                                0        0.000%                0        0.000%
MEM_REQ_WRITEBACKS_52                                0        0.000%                0        0.000%
MEM_REQ_WRITEBACKS_56                                0        0.000%                0        0.000%
MEM_REQ_WRITEBACKS_60                                0        0.000%                0        0.000%
MEM_REQ_WRITEBACKS_64                                0        0.000%                0        0.000%
                                               6148855      100.000%         18001269      100.000%
                                                  0.00         0.06              0.00         0.05

MEM_REQ_DEMAND_CYCLES                          3869974                       10748694              

MEM_REQ_PREF_CYCLES                            6212860                       17628481              

MEM_REQ_WB_CYCLES                               972594                        2374195              

DRAM_CHANNEL_REQS                                    0                              0              

DRAM_CHANNEL_CRIT_REQS                               0                              0              

DRAM_CHANNEL_CRIT_DIR_SWITCHES                       0                              0              

DRAM_BANK_CRIT_REQS                                  0                              0              

DRAM_INSTA_MLP_SAMPLES                               0                              0              

DRAM_INSTA_MLP_UNIQUE_REQS                           0          -nan                0          -nan

DRAM_INST_MLP_HITS_NORM_SPREAD_TIMES_1000             0          -nan                0          -nan

DRAM_GLOBAL_MLP                                      0          -nan                0          -nan

DRAM_GLOBAL_MLP_0                                    0         -nan%                0         -nan%
DRAM_GLOBAL_MLP_1                                    0         -nan%                0         -nan%
DRAM_GLOBAL_MLP_2                                    0         -nan%                0         -nan%
DRAM_GLOBAL_MLP_3                                    0         -nan%                0         -nan%
DRAM_GLOBAL_MLP_4                                    0         -nan%                0         -nan%
DRAM_GLOBAL_MLP_5                                    0         -nan%                0         -nan%
DRAM_GLOBAL_MLP_6                                    0         -nan%                0         -nan%
DRAM_GLOBAL_MLP_7                                    0         -nan%                0         -nan%
DRAM_GLOBAL_MLP_8                                    0         -nan%                0         -nan%
DRAM_GLOBAL_MLP_9                                    0         -nan%                0         -nan%
DRAM_GLOBAL_MLP_10                                   0         -nan%                0         -nan%
DRAM_GLOBAL_MLP_11                                   0         -nan%                0         -nan%
DRAM_GLOBAL_MLP_12                                   0         -nan%                0         -nan%
DRAM_GLOBAL_MLP_13                                   0         -nan%                0         -nan%
DRAM_GLOBAL_MLP_14                                   0         -nan%                0         -nan%
DRAM_GLOBAL_MLP_15                                   0         -nan%                0         -nan%
DRAM_GLOBAL_MLP_16                                   0         -nan%                0         -nan%
                                                     0         -nan%                0         -nan%
                                                  -nan         -nan              -nan         -nan

DRAM_TOTAL_GLOBAL_MLP_0                              0         -nan%                0         -nan%
DRAM_TOTAL_GLOBAL_MLP_1                              0         -nan%                0         -nan%
DRAM_TOTAL_GLOBAL_MLP_2                              0         -nan%                0         -nan%
DRAM_TOTAL_GLOBAL_MLP_3                              0         -nan%                0         -nan%
DRAM_TOTAL_GLOBAL_MLP_4                              0         -nan%                0         -nan%
DRAM_TOTAL_GLOBAL_MLP_5                              0         -nan%                0         -nan%
DRAM_TOTAL_GLOBAL_MLP_6                              0         -nan%                0         -nan%
DRAM_TOTAL_GLOBAL_MLP_7                              0         -nan%                0         -nan%
DRAM_TOTAL_GLOBAL_MLP_8                              0         -nan%                0         -nan%
DRAM_TOTAL_GLOBAL_MLP_9                              0         -nan%                0         -nan%
DRAM_TOTAL_GLOBAL_MLP_10                             0         -nan%                0         -nan%
DRAM_TOTAL_GLOBAL_MLP_11                             0         -nan%                0         -nan%
DRAM_TOTAL_GLOBAL_MLP_12                             0         -nan%                0         -nan%
DRAM_TOTAL_GLOBAL_MLP_13                             0         -nan%                0         -nan%
DRAM_TOTAL_GLOBAL_MLP_14                             0         -nan%                0         -nan%
DRAM_TOTAL_GLOBAL_MLP_15                             0         -nan%                0         -nan%
DRAM_TOTAL_GLOBAL_MLP_16                             0         -nan%                0         -nan%
DRAM_TOTAL_GLOBAL_MLP_17                             0         -nan%                0         -nan%
DRAM_TOTAL_GLOBAL_MLP_18                             0         -nan%                0         -nan%
DRAM_TOTAL_GLOBAL_MLP_19                             0         -nan%                0         -nan%
DRAM_TOTAL_GLOBAL_MLP_20                             0         -nan%                0         -nan%
DRAM_TOTAL_GLOBAL_MLP_21                             0         -nan%                0         -nan%
DRAM_TOTAL_GLOBAL_MLP_22                             0         -nan%                0         -nan%
DRAM_TOTAL_GLOBAL_MLP_23                             0         -nan%                0         -nan%
DRAM_TOTAL_GLOBAL_MLP_24                             0         -nan%                0         -nan%
DRAM_TOTAL_GLOBAL_MLP_25                             0         -nan%                0         -nan%
DRAM_TOTAL_GLOBAL_MLP_26                             0         -nan%                0         -nan%
DRAM_TOTAL_GLOBAL_MLP_27                             0         -nan%                0         -nan%
DRAM_TOTAL_GLOBAL_MLP_28                             0         -nan%                0         -nan%
DRAM_TOTAL_GLOBAL_MLP_29                             0         -nan%                0         -nan%
DRAM_TOTAL_GLOBAL_MLP_30                             0         -nan%                0         -nan%
DRAM_TOTAL_GLOBAL_MLP_31                             0         -nan%                0         -nan%
DRAM_TOTAL_GLOBAL_MLP_32                             0         -nan%                0         -nan%
                                                     0         -nan%                0         -nan%
                                                  -nan         -nan              -nan         -nan

UNIQUE_ROWS_PER_BANK_0                               0         -nan%                0         -nan%
UNIQUE_ROWS_PER_BANK_1                               0         -nan%                0         -nan%
UNIQUE_ROWS_PER_BANK_2                               0         -nan%                0         -nan%
UNIQUE_ROWS_PER_BANK_3                               0         -nan%                0         -nan%
UNIQUE_ROWS_PER_BANK_4                               0         -nan%                0         -nan%
UNIQUE_ROWS_PER_BANK_5                               0         -nan%                0         -nan%
UNIQUE_ROWS_PER_BANK_6                               0         -nan%                0         -nan%
UNIQUE_ROWS_PER_BANK_7                               0         -nan%                0         -nan%
UNIQUE_ROWS_PER_BANK_MORE                            0         -nan%                0         -nan%
                                                     0         -nan%                0         -nan%
                                                  -nan         -nan              -nan         -nan

CORE_UNIQUE_ROWS_PER_BANK_0                          0         -nan%                0         -nan%
CORE_UNIQUE_ROWS_PER_BANK_1                          0         -nan%                0         -nan%
CORE_UNIQUE_ROWS_PER_BANK_2                          0         -nan%                0         -nan%
CORE_UNIQUE_ROWS_PER_BANK_3                          0         -nan%                0         -nan%
CORE_UNIQUE_ROWS_PER_BANK_4                          0         -nan%                0         -nan%
CORE_UNIQUE_ROWS_PER_BANK_5                          0         -nan%                0         -nan%
CORE_UNIQUE_ROWS_PER_BANK_6                          0         -nan%                0         -nan%
CORE_UNIQUE_ROWS_PER_BANK_7                          0         -nan%                0         -nan%
CORE_UNIQUE_ROWS_PER_BANK_MORE                       0         -nan%                0         -nan%
                                                     0         -nan%                0         -nan%
                                                  -nan         -nan              -nan         -nan

CORES_PER_BANK_0                                     0         -nan%                0         -nan%
CORES_PER_BANK_1                                     0         -nan%                0         -nan%
CORES_PER_BANK_2                                     0         -nan%                0         -nan%
CORES_PER_BANK_3                                     0         -nan%                0         -nan%
CORES_PER_BANK_4                                     0         -nan%                0         -nan%
CORES_PER_BANK_5                                     0         -nan%                0         -nan%
CORES_PER_BANK_6                                     0         -nan%                0         -nan%
CORES_PER_BANK_7                                     0         -nan%                0         -nan%
CORES_PER_BANK_MORE                                  0         -nan%                0         -nan%
                                                     0         -nan%                0         -nan%
                                                  -nan         -nan              -nan         -nan

MEM_BANKS_WITH_REQS_0                                0         -nan%                0         -nan%
MEM_BANKS_WITH_REQS_1                                0         -nan%                0         -nan%
MEM_BANKS_WITH_REQS_2                                0         -nan%                0         -nan%
MEM_BANKS_WITH_REQS_3                                0         -nan%                0         -nan%
MEM_BANKS_WITH_REQS_4                                0         -nan%                0         -nan%
MEM_BANKS_WITH_REQS_5                                0         -nan%                0         -nan%
MEM_BANKS_WITH_REQS_6                                0         -nan%                0         -nan%
MEM_BANKS_WITH_REQS_7                                0         -nan%                0         -nan%
MEM_BANKS_WITH_REQS_8                                0         -nan%                0         -nan%
MEM_BANKS_WITH_REQS_9                                0         -nan%                0         -nan%
MEM_BANKS_WITH_REQS_10                               0         -nan%                0         -nan%
MEM_BANKS_WITH_REQS_11                               0         -nan%                0         -nan%
MEM_BANKS_WITH_REQS_12                               0         -nan%                0         -nan%
MEM_BANKS_WITH_REQS_13                               0         -nan%                0         -nan%
MEM_BANKS_WITH_REQS_14                               0         -nan%                0         -nan%
MEM_BANKS_WITH_REQS_15                               0         -nan%                0         -nan%
MEM_BANKS_WITH_REQS_16                               0         -nan%                0         -nan%
                                                     0         -nan%                0         -nan%
                                                  -nan         -nan              -nan         -nan

MEM_BANKS_WITH_REQS                                  0                              0              

DRAM_CHANNEL_IN_DEMAND                               0                              0              

DRAM_BUS_IN_DEMAND                                   0                              0              

DRAM_BANK_IN_DEMAND                                  0                              0              

DRAM_BANK_IN_DEMAND_STALLING                         0                              0              

DRAM_ANY_BANK_IN_DEMAND                              0                              0              

DRAM_BANK_IN_DEMAND_BANK_0                           0         -nan%                0         -nan%
DRAM_BANK_IN_DEMAND_BANK_1                           0         -nan%                0         -nan%
DRAM_BANK_IN_DEMAND_BANK_2                           0         -nan%                0         -nan%
DRAM_BANK_IN_DEMAND_BANK_3                           0         -nan%                0         -nan%
DRAM_BANK_IN_DEMAND_BANK_4                           0         -nan%                0         -nan%
DRAM_BANK_IN_DEMAND_BANK_5                           0         -nan%                0         -nan%
DRAM_BANK_IN_DEMAND_BANK_6                           0         -nan%                0         -nan%
DRAM_BANK_IN_DEMAND_BANK_7                           0         -nan%                0         -nan%
DRAM_BANK_IN_DEMAND_BANK_8                           0         -nan%                0         -nan%
DRAM_BANK_IN_DEMAND_BANK_9                           0         -nan%                0         -nan%
DRAM_BANK_IN_DEMAND_BANK_10                          0         -nan%                0         -nan%
DRAM_BANK_IN_DEMAND_BANK_11                          0         -nan%                0         -nan%
DRAM_BANK_IN_DEMAND_BANK_12                          0         -nan%                0         -nan%
DRAM_BANK_IN_DEMAND_BANK_13                          0         -nan%                0         -nan%
DRAM_BANK_IN_DEMAND_BANK_14                          0         -nan%                0         -nan%
DRAM_BANK_IN_DEMAND_BANK_15                          0         -nan%                0         -nan%
DRAM_BANK_IN_DEMAND_BANK_16                          0         -nan%                0         -nan%
                                                     0         -nan%                0         -nan%
                                                  -nan         -nan              -nan         -nan

DRAM_CONTENTION_BUS                                  0          -nan                0          -nan

DRAM_CONTENTION_BANKS                                0          -nan                0          -nan

DRAM_CONTENTION_FAW                                  0          -nan                0          -nan

DRAM_CONTENTION_BANKS_TIMES_1000                     0          -nan                0          -nan

DRAM_STALL_OTHER_CORE                                0                              0              

DRAM_STALLED_BY_OTHER_CORE                           0                              0              

DRAM_MP_CRIT_PATH                                    0                              0              

DRAM_MP_CRIT_PATH_BUS                                0          -nan                0          -nan

DRAM_MP_CRIT_PATH_BANK                               0          -nan                0          -nan

DRAM_MP_CRIT_PATH_BANK_TRAS                          0          -nan                0          -nan

DRAM_MP_CRIT_PATH_FAW                                0          -nan                0          -nan

DRAM_BLACK_BOX_SERVICE_TIMES_1000                    0                              0              

DRAM_BLACK_BOX_REQS_BUSY_0                           0         -nan%                0         -nan%
DRAM_BLACK_BOX_REQS_BUSY_1                           0         -nan%                0         -nan%
DRAM_BLACK_BOX_REQS_BUSY_2                           0         -nan%                0         -nan%
DRAM_BLACK_BOX_REQS_BUSY_3                           0         -nan%                0         -nan%
DRAM_BLACK_BOX_REQS_BUSY_4                           0         -nan%                0         -nan%
DRAM_BLACK_BOX_REQS_BUSY_5                           0         -nan%                0         -nan%
DRAM_BLACK_BOX_REQS_BUSY_6                           0         -nan%                0         -nan%
DRAM_BLACK_BOX_REQS_BUSY_7                           0         -nan%                0         -nan%
DRAM_BLACK_BOX_REQS_BUSY_8                           0         -nan%                0         -nan%
                                                     0         -nan%                0         -nan%
                                                  -nan         -nan              -nan         -nan

NUM_MEM_SCHED_DECISIONS                              0                              0              

MEM_REQ_NON_SCHEDULED_CANDIDATES                     0          -nan                0          -nan

NUM_MEM_SCHED_DECISIONS_PER_BANK                     0                              0              

MEM_REQ_NON_SCHEDULED_CANDIDATES_PER_BANK             0          -nan                0          -nan

ROW_BUFFER_HITS_BANK_0                               0         -nan%                0         -nan%
ROW_BUFFER_HITS_BANK_1                               0         -nan%                0         -nan%
ROW_BUFFER_HITS_BANK_2                               0         -nan%                0         -nan%
ROW_BUFFER_HITS_BANK_3                               0         -nan%                0         -nan%
ROW_BUFFER_HITS_BANK_4                               0         -nan%                0         -nan%
ROW_BUFFER_HITS_BANK_5                               0         -nan%                0         -nan%
ROW_BUFFER_HITS_BANK_6                               0         -nan%                0         -nan%
ROW_BUFFER_HITS_BANK_7                               0         -nan%                0         -nan%
                                                     0         -nan%                0         -nan%
                                                  -nan         -nan              -nan         -nan

ROW_BUFFER_CONFLICTS_BANK_0                          0         -nan%                0         -nan%
ROW_BUFFER_CONFLICTS_BANK_1                          0         -nan%                0         -nan%
ROW_BUFFER_CONFLICTS_BANK_2                          0         -nan%                0         -nan%
ROW_BUFFER_CONFLICTS_BANK_3                          0         -nan%                0         -nan%
ROW_BUFFER_CONFLICTS_BANK_4                          0         -nan%                0         -nan%
ROW_BUFFER_CONFLICTS_BANK_5                          0         -nan%                0         -nan%
ROW_BUFFER_CONFLICTS_BANK_6                          0         -nan%                0         -nan%
ROW_BUFFER_CONFLICTS_BANK_7                          0         -nan%                0         -nan%
                                                     0         -nan%                0         -nan%
                                                  -nan         -nan              -nan         -nan

MEM_BANK_WAITING_CYCLES                              0                              0              

MEM_WAITING_CYCLES_TIMES_840                         0                              0              

MEM_PROB_WAITING_CYCLES                              0                              0              

DRAM_SCHED_QUANTA                                    0                              0              

DRAM_SCHED_CORE_PRIORITY_0                           0         -nan%                0         -nan%
DRAM_SCHED_CORE_PRIORITY_1                           0         -nan%                0         -nan%
DRAM_SCHED_CORE_PRIORITY_2                           0         -nan%                0         -nan%
DRAM_SCHED_CORE_PRIORITY_3                           0         -nan%                0         -nan%
DRAM_SCHED_CORE_PRIORITY_4                           0         -nan%                0         -nan%
DRAM_SCHED_CORE_PRIORITY_5                           0         -nan%                0         -nan%
DRAM_SCHED_CORE_PRIORITY_6                           0         -nan%                0         -nan%
DRAM_SCHED_CORE_PRIORITY_7                           0         -nan%                0         -nan%
                                                     0         -nan%                0         -nan%
                                                  -nan         -nan              -nan         -nan

DRAM_SCHED_CMD_SCHEDULED                             0          -nan                0          -nan

DRAM_SCHED_DIFF_CORE_AVAILABLE                       0          -nan                0          -nan

DRAM_SCHED_DIFF_CORE_DECIDING_INPUT_1                0         -nan%                0         -nan%
DRAM_SCHED_DIFF_CORE_DECIDING_INPUT_2                0         -nan%                0         -nan%
DRAM_SCHED_DIFF_CORE_DECIDING_INPUT_3                0         -nan%                0         -nan%
DRAM_SCHED_DIFF_CORE_DECIDING_INPUT_4                0         -nan%                0         -nan%
DRAM_SCHED_DIFF_CORE_DECIDING_INPUT_5                0         -nan%                0         -nan%
DRAM_SCHED_DIFF_CORE_DECIDING_INPUT_6                0         -nan%                0         -nan%
DRAM_SCHED_DIFF_CORE_DECIDING_INPUT_7                0         -nan%                0         -nan%
DRAM_SCHED_DIFF_CORE_DECIDING_INPUT_8                0         -nan%                0         -nan%
                                                     0         -nan%                0         -nan%
                                                  -nan         -nan              -nan         -nan

DRAM_BANK_WAIT_CYCLES_ROW_CONFLICT                   0                              0              

DRAM_BANK_WAIT_CYCLES_ROW_MISS                       0                              0              

DRAM_BANK_WAIT_CYCLES_ROW_HIT                        0                              0              

DRAM_ROW_OPEN_WAIT                                   0                              0              

MEM_QUEUE_ARRIVAL_DISTANCE_0                         0         -nan%                0         -nan%
MEM_QUEUE_ARRIVAL_DISTANCE_10                        0         -nan%                0         -nan%
MEM_QUEUE_ARRIVAL_DISTANCE_20                        0         -nan%                0         -nan%
MEM_QUEUE_ARRIVAL_DISTANCE_30                        0         -nan%                0         -nan%
MEM_QUEUE_ARRIVAL_DISTANCE_40                        0         -nan%                0         -nan%
MEM_QUEUE_ARRIVAL_DISTANCE_50                        0         -nan%                0         -nan%
MEM_QUEUE_ARRIVAL_DISTANCE_60                        0         -nan%                0         -nan%
MEM_QUEUE_ARRIVAL_DISTANCE_70                        0         -nan%                0         -nan%
MEM_QUEUE_ARRIVAL_DISTANCE_80                        0         -nan%                0         -nan%
MEM_QUEUE_ARRIVAL_DISTANCE_90                        0         -nan%                0         -nan%
MEM_QUEUE_ARRIVAL_DISTANCE_100                       0         -nan%                0         -nan%
MEM_QUEUE_ARRIVAL_DISTANCE_110                       0         -nan%                0         -nan%
MEM_QUEUE_ARRIVAL_DISTANCE_120                       0         -nan%                0         -nan%
MEM_QUEUE_ARRIVAL_DISTANCE_130                       0         -nan%                0         -nan%
MEM_QUEUE_ARRIVAL_DISTANCE_140                       0         -nan%                0         -nan%
MEM_QUEUE_ARRIVAL_DISTANCE_150                       0         -nan%                0         -nan%
MEM_QUEUE_ARRIVAL_DISTANCE_160                       0         -nan%                0         -nan%
MEM_QUEUE_ARRIVAL_DISTANCE_170                       0         -nan%                0         -nan%
MEM_QUEUE_ARRIVAL_DISTANCE_180                       0         -nan%                0         -nan%
MEM_QUEUE_ARRIVAL_DISTANCE_190                       0         -nan%                0         -nan%
MEM_QUEUE_ARRIVAL_DISTANCE_200                       0         -nan%                0         -nan%
MEM_QUEUE_ARRIVAL_DISTANCE_210                       0         -nan%                0         -nan%
MEM_QUEUE_ARRIVAL_DISTANCE_220                       0         -nan%                0         -nan%
MEM_QUEUE_ARRIVAL_DISTANCE_230                       0         -nan%                0         -nan%
MEM_QUEUE_ARRIVAL_DISTANCE_240                       0         -nan%                0         -nan%
MEM_QUEUE_ARRIVAL_DISTANCE_250                       0         -nan%                0         -nan%
MEM_QUEUE_ARRIVAL_DISTANCE_260                       0         -nan%                0         -nan%
MEM_QUEUE_ARRIVAL_DISTANCE_270                       0         -nan%                0         -nan%
MEM_QUEUE_ARRIVAL_DISTANCE_280                       0         -nan%                0         -nan%
MEM_QUEUE_ARRIVAL_DISTANCE_290                       0         -nan%                0         -nan%
MEM_QUEUE_ARRIVAL_DISTANCE_300                       0         -nan%                0         -nan%
MEM_QUEUE_ARRIVAL_DISTANCE_310                       0         -nan%                0         -nan%
MEM_QUEUE_ARRIVAL_DISTANCE_320                       0         -nan%                0         -nan%
MEM_QUEUE_ARRIVAL_DISTANCE_330                       0         -nan%                0         -nan%
MEM_QUEUE_ARRIVAL_DISTANCE_340                       0         -nan%                0         -nan%
MEM_QUEUE_ARRIVAL_DISTANCE_350                       0         -nan%                0         -nan%
MEM_QUEUE_ARRIVAL_DISTANCE_360                       0         -nan%                0         -nan%
MEM_QUEUE_ARRIVAL_DISTANCE_370                       0         -nan%                0         -nan%
MEM_QUEUE_ARRIVAL_DISTANCE_380                       0         -nan%                0         -nan%
MEM_QUEUE_ARRIVAL_DISTANCE_390                       0         -nan%                0         -nan%
MEM_QUEUE_ARRIVAL_DISTANCE_400                       0         -nan%                0         -nan%
MEM_QUEUE_ARRIVAL_DISTANCE_410                       0         -nan%                0         -nan%
MEM_QUEUE_ARRIVAL_DISTANCE_420                       0         -nan%                0         -nan%
MEM_QUEUE_ARRIVAL_DISTANCE_430                       0         -nan%                0         -nan%
MEM_QUEUE_ARRIVAL_DISTANCE_440                       0         -nan%                0         -nan%
MEM_QUEUE_ARRIVAL_DISTANCE_450                       0         -nan%                0         -nan%
MEM_QUEUE_ARRIVAL_DISTANCE_460                       0         -nan%                0         -nan%
MEM_QUEUE_ARRIVAL_DISTANCE_470                       0         -nan%                0         -nan%
MEM_QUEUE_ARRIVAL_DISTANCE_480                       0         -nan%                0         -nan%
MEM_QUEUE_ARRIVAL_DISTANCE_490                       0         -nan%                0         -nan%
MEM_QUEUE_ARRIVAL_DISTANCE_500                       0         -nan%                0         -nan%
MEM_QUEUE_ARRIVAL_DISTANCE_510                       0         -nan%                0         -nan%
MEM_QUEUE_ARRIVAL_DISTANCE_520                       0         -nan%                0         -nan%
MEM_QUEUE_ARRIVAL_DISTANCE_530                       0         -nan%                0         -nan%
MEM_QUEUE_ARRIVAL_DISTANCE_540                       0         -nan%                0         -nan%
MEM_QUEUE_ARRIVAL_DISTANCE_550                       0         -nan%                0         -nan%
MEM_QUEUE_ARRIVAL_DISTANCE_560                       0         -nan%                0         -nan%
MEM_QUEUE_ARRIVAL_DISTANCE_570                       0         -nan%                0         -nan%
MEM_QUEUE_ARRIVAL_DISTANCE_580                       0         -nan%                0         -nan%
MEM_QUEUE_ARRIVAL_DISTANCE_590                       0         -nan%                0         -nan%
MEM_QUEUE_ARRIVAL_DISTANCE_600                       0         -nan%                0         -nan%
MEM_QUEUE_ARRIVAL_DISTANCE_610                       0         -nan%                0         -nan%
MEM_QUEUE_ARRIVAL_DISTANCE_620                       0         -nan%                0         -nan%
MEM_QUEUE_ARRIVAL_DISTANCE_630                       0         -nan%                0         -nan%
MEM_QUEUE_ARRIVAL_DISTANCE_640                       0         -nan%                0         -nan%
MEM_QUEUE_ARRIVAL_DISTANCE_650                       0         -nan%                0         -nan%
MEM_QUEUE_ARRIVAL_DISTANCE_660                       0         -nan%                0         -nan%
MEM_QUEUE_ARRIVAL_DISTANCE_670                       0         -nan%                0         -nan%
MEM_QUEUE_ARRIVAL_DISTANCE_680                       0         -nan%                0         -nan%
MEM_QUEUE_ARRIVAL_DISTANCE_690                       0         -nan%                0         -nan%
MEM_QUEUE_ARRIVAL_DISTANCE_700                       0         -nan%                0         -nan%
MEM_QUEUE_ARRIVAL_DISTANCE_710                       0         -nan%                0         -nan%
MEM_QUEUE_ARRIVAL_DISTANCE_720                       0         -nan%                0         -nan%
MEM_QUEUE_ARRIVAL_DISTANCE_730                       0         -nan%                0         -nan%
MEM_QUEUE_ARRIVAL_DISTANCE_740                       0         -nan%                0         -nan%
MEM_QUEUE_ARRIVAL_DISTANCE_750                       0         -nan%                0         -nan%
MEM_QUEUE_ARRIVAL_DISTANCE_760                       0         -nan%                0         -nan%
MEM_QUEUE_ARRIVAL_DISTANCE_770                       0         -nan%                0         -nan%
MEM_QUEUE_ARRIVAL_DISTANCE_780                       0         -nan%                0         -nan%
MEM_QUEUE_ARRIVAL_DISTANCE_790                       0         -nan%                0         -nan%
MEM_QUEUE_ARRIVAL_DISTANCE_800                       0         -nan%                0         -nan%
MEM_QUEUE_ARRIVAL_DISTANCE_810                       0         -nan%                0         -nan%
MEM_QUEUE_ARRIVAL_DISTANCE_820                       0         -nan%                0         -nan%
MEM_QUEUE_ARRIVAL_DISTANCE_830                       0         -nan%                0         -nan%
MEM_QUEUE_ARRIVAL_DISTANCE_840                       0         -nan%                0         -nan%
MEM_QUEUE_ARRIVAL_DISTANCE_850                       0         -nan%                0         -nan%
MEM_QUEUE_ARRIVAL_DISTANCE_860                       0         -nan%                0         -nan%
MEM_QUEUE_ARRIVAL_DISTANCE_870                       0         -nan%                0         -nan%
MEM_QUEUE_ARRIVAL_DISTANCE_880                       0         -nan%                0         -nan%
MEM_QUEUE_ARRIVAL_DISTANCE_890                       0         -nan%                0         -nan%
MEM_QUEUE_ARRIVAL_DISTANCE_900                       0         -nan%                0         -nan%
MEM_QUEUE_ARRIVAL_DISTANCE_910                       0         -nan%                0         -nan%
MEM_QUEUE_ARRIVAL_DISTANCE_920                       0         -nan%                0         -nan%
MEM_QUEUE_ARRIVAL_DISTANCE_930                       0         -nan%                0         -nan%
MEM_QUEUE_ARRIVAL_DISTANCE_940                       0         -nan%                0         -nan%
MEM_QUEUE_ARRIVAL_DISTANCE_950                       0         -nan%                0         -nan%
MEM_QUEUE_ARRIVAL_DISTANCE_960                       0         -nan%                0         -nan%
MEM_QUEUE_ARRIVAL_DISTANCE_970                       0         -nan%                0         -nan%
MEM_QUEUE_ARRIVAL_DISTANCE_980                       0         -nan%                0         -nan%
MEM_QUEUE_ARRIVAL_DISTANCE_990                       0         -nan%                0         -nan%
MEM_QUEUE_ARRIVAL_DISTANCE_1000                      0         -nan%                0         -nan%
                                                     0         -nan%                0         -nan%
                                                  -nan         -nan              -nan         -nan

EQUAL_USE_QUANTUMS                                   0                              0              

EQUAL_USE_BW_MEASURE_PERIODS                         0                              0              

EQUAL_USE_BW                                         0                              0              

EQUAL_USE_BOTTLENECK_BUS                             0         -nan%                0         -nan%
EQUAL_USE_BOTTLENECK_BANK                            0         -nan%                0         -nan%
EQUAL_USE_BOTTLENECK_FAW                             0         -nan%                0         -nan%
EQUAL_USE_BOTTLENECK_BUS_PLUS_FAW                    0         -nan%                0         -nan%
                                                     0         -nan%                0         -nan%
                                                  -nan         -nan              -nan         -nan

EQUAL_USE_BW_BUS                                     0                              0              

EQUAL_USE_BW_BANK                                    0                              0              

EQUAL_USE_BW_FAW                                     0                              0              

EQUAL_USE_BW_BUS_PLUS_FAW                            0                              0              

EQUAL_USE_BW_BUS_PLUS_FAW2                           0                              0              

EQUAL_USE_BW_BUS_PLUS_FAW3                           0                              0              

EQUAL_USE_BW_CRIT_PATH                               0                              0              

EQUAL_USE_BW_BLACK_BOX                               0                              0              

DRAM_BANK_SERVICE                                    0                              0              

DRAM_CONTENDED_BANK_SERVICE                          0                              0              

DRAM_BUS_DIR_SWITCHES                                0                              0              

DRAM_ACTIVATE_TO_COLUMN_LATENCY                      0                              0              

DRAM_ACTIVATE_TO_READ                                0                              0              

DRAM_ACTIVATE_TO_READ_LATENCY                        0          -nan                0          -nan

DRAM_ACTIVATE_TO_WRITE                               0                              0              

DRAM_ACTIVATE_TO_WRITE_LATENCY                       0          -nan                0          -nan

EQUAL_USE_PRIORITY_0                                 0         -nan%                0         -nan%
EQUAL_USE_PRIORITY_1                                 0         -nan%                0         -nan%
EQUAL_USE_PRIORITY_2                                 0         -nan%                0         -nan%
EQUAL_USE_PRIORITY_3                                 0         -nan%                0         -nan%
EQUAL_USE_PRIORITY_4                                 0         -nan%                0         -nan%
EQUAL_USE_PRIORITY_5                                 0         -nan%                0         -nan%
EQUAL_USE_PRIORITY_6                                 0         -nan%                0         -nan%
EQUAL_USE_PRIORITY_7                                 0         -nan%                0         -nan%
EQUAL_USE_PRIORITY_8                                 0         -nan%                0         -nan%
EQUAL_USE_PRIORITY_9                                 0         -nan%                0         -nan%
EQUAL_USE_PRIORITY_10                                0         -nan%                0         -nan%
EQUAL_USE_PRIORITY_11                                0         -nan%                0         -nan%
EQUAL_USE_PRIORITY_12                                0         -nan%                0         -nan%
EQUAL_USE_PRIORITY_13                                0         -nan%                0         -nan%
EQUAL_USE_PRIORITY_14                                0         -nan%                0         -nan%
EQUAL_USE_PRIORITY_15                                0         -nan%                0         -nan%
                                                     0         -nan%                0         -nan%
                                                  -nan         -nan              -nan         -nan

DRAM_ROW_ACCESSES_0                                  0         -nan%                0         -nan%
DRAM_ROW_ACCESSES_1                                  0         -nan%                0         -nan%
DRAM_ROW_ACCESSES_2                                  0         -nan%                0         -nan%
DRAM_ROW_ACCESSES_3                                  0         -nan%                0         -nan%
DRAM_ROW_ACCESSES_4                                  0         -nan%                0         -nan%
DRAM_ROW_ACCESSES_5                                  0         -nan%                0         -nan%
DRAM_ROW_ACCESSES_6                                  0         -nan%                0         -nan%
DRAM_ROW_ACCESSES_7                                  0         -nan%                0         -nan%
DRAM_ROW_ACCESSES_8                                  0         -nan%                0         -nan%
DRAM_ROW_ACCESSES_9                                  0         -nan%                0         -nan%
DRAM_ROW_ACCESSES_10                                 0         -nan%                0         -nan%
DRAM_ROW_ACCESSES_11                                 0         -nan%                0         -nan%
DRAM_ROW_ACCESSES_12                                 0         -nan%                0         -nan%
DRAM_ROW_ACCESSES_13                                 0         -nan%                0         -nan%
DRAM_ROW_ACCESSES_14                                 0         -nan%                0         -nan%
DRAM_ROW_ACCESSES_15                                 0         -nan%                0         -nan%
DRAM_ROW_ACCESSES_16                                 0         -nan%                0         -nan%
DRAM_ROW_ACCESSES_17                                 0         -nan%                0         -nan%
DRAM_ROW_ACCESSES_18                                 0         -nan%                0         -nan%
DRAM_ROW_ACCESSES_19                                 0         -nan%                0         -nan%
DRAM_ROW_ACCESSES_20                                 0         -nan%                0         -nan%
DRAM_ROW_ACCESSES_21                                 0         -nan%                0         -nan%
DRAM_ROW_ACCESSES_22                                 0         -nan%                0         -nan%
DRAM_ROW_ACCESSES_23                                 0         -nan%                0         -nan%
DRAM_ROW_ACCESSES_24                                 0         -nan%                0         -nan%
DRAM_ROW_ACCESSES_25                                 0         -nan%                0         -nan%
DRAM_ROW_ACCESSES_26                                 0         -nan%                0         -nan%
DRAM_ROW_ACCESSES_27                                 0         -nan%                0         -nan%
DRAM_ROW_ACCESSES_28                                 0         -nan%                0         -nan%
DRAM_ROW_ACCESSES_29                                 0         -nan%                0         -nan%
DRAM_ROW_ACCESSES_30                                 0         -nan%                0         -nan%
DRAM_ROW_ACCESSES_31                                 0         -nan%                0         -nan%
DRAM_ROW_ACCESSES_32                                 0         -nan%                0         -nan%
DRAM_ROW_ACCESSES_33                                 0         -nan%                0         -nan%
DRAM_ROW_ACCESSES_34                                 0         -nan%                0         -nan%
DRAM_ROW_ACCESSES_35                                 0         -nan%                0         -nan%
DRAM_ROW_ACCESSES_36                                 0         -nan%                0         -nan%
DRAM_ROW_ACCESSES_37                                 0         -nan%                0         -nan%
DRAM_ROW_ACCESSES_38                                 0         -nan%                0         -nan%
DRAM_ROW_ACCESSES_39                                 0         -nan%                0         -nan%
DRAM_ROW_ACCESSES_40                                 0         -nan%                0         -nan%
DRAM_ROW_ACCESSES_41                                 0         -nan%                0         -nan%
DRAM_ROW_ACCESSES_42                                 0         -nan%                0         -nan%
DRAM_ROW_ACCESSES_43                                 0         -nan%                0         -nan%
DRAM_ROW_ACCESSES_44                                 0         -nan%                0         -nan%
DRAM_ROW_ACCESSES_45                                 0         -nan%                0         -nan%
DRAM_ROW_ACCESSES_46                                 0         -nan%                0         -nan%
DRAM_ROW_ACCESSES_47                                 0         -nan%                0         -nan%
DRAM_ROW_ACCESSES_48                                 0         -nan%                0         -nan%
DRAM_ROW_ACCESSES_49                                 0         -nan%                0         -nan%
DRAM_ROW_ACCESSES_50                                 0         -nan%                0         -nan%
DRAM_ROW_ACCESSES_51                                 0         -nan%                0         -nan%
DRAM_ROW_ACCESSES_52                                 0         -nan%                0         -nan%
DRAM_ROW_ACCESSES_53                                 0         -nan%                0         -nan%
DRAM_ROW_ACCESSES_54                                 0         -nan%                0         -nan%
DRAM_ROW_ACCESSES_55                                 0         -nan%                0         -nan%
DRAM_ROW_ACCESSES_56                                 0         -nan%                0         -nan%
DRAM_ROW_ACCESSES_57                                 0         -nan%                0         -nan%
DRAM_ROW_ACCESSES_58                                 0         -nan%                0         -nan%
DRAM_ROW_ACCESSES_59                                 0         -nan%                0         -nan%
DRAM_ROW_ACCESSES_60                                 0         -nan%                0         -nan%
DRAM_ROW_ACCESSES_61                                 0         -nan%                0         -nan%
DRAM_ROW_ACCESSES_62                                 0         -nan%                0         -nan%
DRAM_ROW_ACCESSES_63                                 0         -nan%                0         -nan%
DRAM_ROW_ACCESSES_64                                 0         -nan%                0         -nan%
                                                     0         -nan%                0         -nan%
                                                  -nan         -nan              -nan         -nan

DRAM_NUM_REQS_0_TOTAL                                0                              0              

DRAM_NUM_REQS_1_TOTAL                                0                              0              

DRAM_NUM_REQS_2_TOTAL                                0                              0              

DRAM_NUM_REQS_3_TOTAL                                0                              0              

DRAM_NUM_REQS_4_TOTAL                                0                              0              

DRAM_NUM_REQS_5_TOTAL                                0                              0              

DRAM_NUM_REQS_6_TOTAL                                0                              0              

DRAM_NUM_REQS_7_TOTAL                                0                              0              

DRAM_NUM_REQS_8_TOTAL                                0                              0              

DRAM_NUM_REQS_9_TOTAL                                0                              0              

DRAM_NUM_REQS_10_TOTAL                               0                              0              

DRAM_NUM_REQS_11_TOTAL                               0                              0              

DRAM_NUM_REQS_12_TOTAL                               0                              0              

DRAM_NUM_REQS_13_TOTAL                               0                              0              

DRAM_NUM_REQS_14_TOTAL                               0                              0              

DRAM_NUM_REQS_15_TOTAL                               0                              0              

DRAM_NUM_REQS_16_TOTAL                               0                              0              

DRAM_NUM_REQS_17_TOTAL                               0                              0              

DRAM_NUM_REQS_18_TOTAL                               0                              0              

DRAM_NUM_REQS_19_TOTAL                               0                              0              

DRAM_NUM_REQS_20_TOTAL                               0                              0              

DRAM_NUM_REQS_21_TOTAL                               0                              0              

DRAM_NUM_REQS_22_TOTAL                               0                              0              

DRAM_NUM_REQS_23_TOTAL                               0                              0              

DRAM_NUM_REQS_24_TOTAL                               0                              0              

DRAM_NUM_REQS_25_TOTAL                               0                              0              

DRAM_NUM_REQS_26_TOTAL                               0                              0              

DRAM_NUM_REQS_27_TOTAL                               0                              0              

DRAM_NUM_REQS_28_TOTAL                               0                              0              

DRAM_NUM_REQS_29_TOTAL                               0                              0              

DRAM_NUM_REQS_30_TOTAL                               0                              0              

DRAM_NUM_REQS_31_TOTAL                               0                              0              

DRAM_NUM_REQS_32_TOTAL                               0                              0              

DRAM_NUM_REQS_0_IFETCH                               0          -nan                0          -nan

DRAM_NUM_REQS_0_DFETCH                               0          -nan                0          -nan

DRAM_NUM_REQS_0_DSTORE                               0          -nan                0          -nan

DRAM_NUM_REQS_0_IPRF                                 0          -nan                0          -nan

DRAM_NUM_REQS_0_DPRF                                 0          -nan                0          -nan

DRAM_NUM_REQS_0_WB                                   0          -nan                0          -nan

DRAM_NUM_REQS_0_WB_NODIRTY                           0          -nan                0          -nan

DRAM_NUM_REQS_1_IFETCH                               0          -nan                0          -nan

DRAM_NUM_REQS_1_DFETCH                               0          -nan                0          -nan

DRAM_NUM_REQS_1_DSTORE                               0          -nan                0          -nan

DRAM_NUM_REQS_1_IPRF                                 0          -nan                0          -nan

DRAM_NUM_REQS_1_DPRF                                 0          -nan                0          -nan

DRAM_NUM_REQS_1_WB                                   0          -nan                0          -nan

DRAM_NUM_REQS_1_WB_NODIRTY                           0          -nan                0          -nan

DRAM_NUM_REQS_2_IFETCH                               0          -nan                0          -nan

DRAM_NUM_REQS_2_DFETCH                               0          -nan                0          -nan

DRAM_NUM_REQS_2_DSTORE                               0          -nan                0          -nan

DRAM_NUM_REQS_2_IPRF                                 0          -nan                0          -nan

DRAM_NUM_REQS_2_DPRF                                 0          -nan                0          -nan

DRAM_NUM_REQS_2_WB                                   0          -nan                0          -nan

DRAM_NUM_REQS_2_WB_NODIRTY                           0          -nan                0          -nan

DRAM_NUM_REQS_3_IFETCH                               0          -nan                0          -nan

DRAM_NUM_REQS_3_DFETCH                               0          -nan                0          -nan

DRAM_NUM_REQS_3_DSTORE                               0          -nan                0          -nan

DRAM_NUM_REQS_3_IPRF                                 0          -nan                0          -nan

DRAM_NUM_REQS_3_DPRF                                 0          -nan                0          -nan

DRAM_NUM_REQS_3_WB                                   0          -nan                0          -nan

DRAM_NUM_REQS_3_WB_NODIRTY                           0          -nan                0          -nan

DRAM_NUM_REQS_4_IFETCH                               0          -nan                0          -nan

DRAM_NUM_REQS_4_DFETCH                               0          -nan                0          -nan

DRAM_NUM_REQS_4_DSTORE                               0          -nan                0          -nan

DRAM_NUM_REQS_4_IPRF                                 0          -nan                0          -nan

DRAM_NUM_REQS_4_DPRF                                 0          -nan                0          -nan

DRAM_NUM_REQS_4_WB                                   0          -nan                0          -nan

DRAM_NUM_REQS_4_WB_NODIRTY                           0          -nan                0          -nan

DRAM_NUM_REQS_5_IFETCH                               0          -nan                0          -nan

DRAM_NUM_REQS_5_DFETCH                               0          -nan                0          -nan

DRAM_NUM_REQS_5_DSTORE                               0          -nan                0          -nan

DRAM_NUM_REQS_5_IPRF                                 0          -nan                0          -nan

DRAM_NUM_REQS_5_DPRF                                 0          -nan                0          -nan

DRAM_NUM_REQS_5_WB                                   0          -nan                0          -nan

DRAM_NUM_REQS_5_WB_NODIRTY                           0          -nan                0          -nan

DRAM_NUM_REQS_6_IFETCH                               0          -nan                0          -nan

DRAM_NUM_REQS_6_DFETCH                               0          -nan                0          -nan

DRAM_NUM_REQS_6_DSTORE                               0          -nan                0          -nan

DRAM_NUM_REQS_6_IPRF                                 0          -nan                0          -nan

DRAM_NUM_REQS_6_DPRF                                 0          -nan                0          -nan

DRAM_NUM_REQS_6_WB                                   0          -nan                0          -nan

DRAM_NUM_REQS_6_WB_NODIRTY                           0          -nan                0          -nan

DRAM_NUM_REQS_7_IFETCH                               0          -nan                0          -nan

DRAM_NUM_REQS_7_DFETCH                               0          -nan                0          -nan

DRAM_NUM_REQS_7_DSTORE                               0          -nan                0          -nan

DRAM_NUM_REQS_7_IPRF                                 0          -nan                0          -nan

DRAM_NUM_REQS_7_DPRF                                 0          -nan                0          -nan

DRAM_NUM_REQS_7_WB                                   0          -nan                0          -nan

DRAM_NUM_REQS_7_WB_NODIRTY                           0          -nan                0          -nan

DRAM_NUM_REQS_8_IFETCH                               0          -nan                0          -nan

DRAM_NUM_REQS_8_DFETCH                               0          -nan                0          -nan

DRAM_NUM_REQS_8_DSTORE                               0          -nan                0          -nan

DRAM_NUM_REQS_8_IPRF                                 0          -nan                0          -nan

DRAM_NUM_REQS_8_DPRF                                 0          -nan                0          -nan

DRAM_NUM_REQS_8_WB                                   0          -nan                0          -nan

DRAM_NUM_REQS_8_WB_NODIRTY                           0          -nan                0          -nan

DRAM_NUM_REQS_9_IFETCH                               0          -nan                0          -nan

DRAM_NUM_REQS_9_DFETCH                               0          -nan                0          -nan

DRAM_NUM_REQS_9_DSTORE                               0          -nan                0          -nan

DRAM_NUM_REQS_9_IPRF                                 0          -nan                0          -nan

DRAM_NUM_REQS_9_DPRF                                 0          -nan                0          -nan

DRAM_NUM_REQS_9_WB                                   0          -nan                0          -nan

DRAM_NUM_REQS_9_WB_NODIRTY                           0          -nan                0          -nan

DRAM_NUM_REQS_10_IFETCH                              0          -nan                0          -nan

DRAM_NUM_REQS_10_DFETCH                              0          -nan                0          -nan

DRAM_NUM_REQS_10_DSTORE                              0          -nan                0          -nan

DRAM_NUM_REQS_10_IPRF                                0          -nan                0          -nan

DRAM_NUM_REQS_10_DPRF                                0          -nan                0          -nan

DRAM_NUM_REQS_10_WB                                  0          -nan                0          -nan

DRAM_NUM_REQS_10_WB_NODIRTY                          0          -nan                0          -nan

DRAM_NUM_REQS_11_IFETCH                              0          -nan                0          -nan

DRAM_NUM_REQS_11_DFETCH                              0          -nan                0          -nan

DRAM_NUM_REQS_11_DSTORE                              0          -nan                0          -nan

DRAM_NUM_REQS_11_IPRF                                0          -nan                0          -nan

DRAM_NUM_REQS_11_DPRF                                0          -nan                0          -nan

DRAM_NUM_REQS_11_WB                                  0          -nan                0          -nan

DRAM_NUM_REQS_11_WB_NODIRTY                          0          -nan                0          -nan

DRAM_NUM_REQS_12_IFETCH                              0          -nan                0          -nan

DRAM_NUM_REQS_12_DFETCH                              0          -nan                0          -nan

DRAM_NUM_REQS_12_DSTORE                              0          -nan                0          -nan

DRAM_NUM_REQS_12_IPRF                                0          -nan                0          -nan

DRAM_NUM_REQS_12_DPRF                                0          -nan                0          -nan

DRAM_NUM_REQS_12_WB                                  0          -nan                0          -nan

DRAM_NUM_REQS_12_WB_NODIRTY                          0          -nan                0          -nan

DRAM_NUM_REQS_13_IFETCH                              0          -nan                0          -nan

DRAM_NUM_REQS_13_DFETCH                              0          -nan                0          -nan

DRAM_NUM_REQS_13_DSTORE                              0          -nan                0          -nan

DRAM_NUM_REQS_13_IPRF                                0          -nan                0          -nan

DRAM_NUM_REQS_13_DPRF                                0          -nan                0          -nan

DRAM_NUM_REQS_13_WB                                  0          -nan                0          -nan

DRAM_NUM_REQS_13_WB_NODIRTY                          0          -nan                0          -nan

DRAM_NUM_REQS_14_IFETCH                              0          -nan                0          -nan

DRAM_NUM_REQS_14_DFETCH                              0          -nan                0          -nan

DRAM_NUM_REQS_14_DSTORE                              0          -nan                0          -nan

DRAM_NUM_REQS_14_IPRF                                0          -nan                0          -nan

DRAM_NUM_REQS_14_DPRF                                0          -nan                0          -nan

DRAM_NUM_REQS_14_WB                                  0          -nan                0          -nan

DRAM_NUM_REQS_14_WB_NODIRTY                          0          -nan                0          -nan

DRAM_NUM_REQS_15_IFETCH                              0          -nan                0          -nan

DRAM_NUM_REQS_15_DFETCH                              0          -nan                0          -nan

DRAM_NUM_REQS_15_DSTORE                              0          -nan                0          -nan

DRAM_NUM_REQS_15_IPRF                                0          -nan                0          -nan

DRAM_NUM_REQS_15_DPRF                                0          -nan                0          -nan

DRAM_NUM_REQS_15_WB                                  0          -nan                0          -nan

DRAM_NUM_REQS_15_WB_NODIRTY                          0          -nan                0          -nan

DRAM_NUM_REQS_16_IFETCH                              0          -nan                0          -nan

DRAM_NUM_REQS_16_DFETCH                              0          -nan                0          -nan

DRAM_NUM_REQS_16_DSTORE                              0          -nan                0          -nan

DRAM_NUM_REQS_16_IPRF                                0          -nan                0          -nan

DRAM_NUM_REQS_16_DPRF                                0          -nan                0          -nan

DRAM_NUM_REQS_16_WB                                  0          -nan                0          -nan

DRAM_NUM_REQS_16_WB_NODIRTY                          0          -nan                0          -nan

DRAM_NUM_REQS_17_IFETCH                              0          -nan                0          -nan

DRAM_NUM_REQS_17_DFETCH                              0          -nan                0          -nan

DRAM_NUM_REQS_17_DSTORE                              0          -nan                0          -nan

DRAM_NUM_REQS_17_IPRF                                0          -nan                0          -nan

DRAM_NUM_REQS_17_DPRF                                0          -nan                0          -nan

DRAM_NUM_REQS_17_WB                                  0          -nan                0          -nan

DRAM_NUM_REQS_17_WB_NODIRTY                          0          -nan                0          -nan

DRAM_NUM_REQS_18_IFETCH                              0          -nan                0          -nan

DRAM_NUM_REQS_18_DFETCH                              0          -nan                0          -nan

DRAM_NUM_REQS_18_DSTORE                              0          -nan                0          -nan

DRAM_NUM_REQS_18_IPRF                                0          -nan                0          -nan

DRAM_NUM_REQS_18_DPRF                                0          -nan                0          -nan

DRAM_NUM_REQS_18_WB                                  0          -nan                0          -nan

DRAM_NUM_REQS_18_WB_NODIRTY                          0          -nan                0          -nan

DRAM_NUM_REQS_19_IFETCH                              0          -nan                0          -nan

DRAM_NUM_REQS_19_DFETCH                              0          -nan                0          -nan

DRAM_NUM_REQS_19_DSTORE                              0          -nan                0          -nan

DRAM_NUM_REQS_19_IPRF                                0          -nan                0          -nan

DRAM_NUM_REQS_19_DPRF                                0          -nan                0          -nan

DRAM_NUM_REQS_19_WB                                  0          -nan                0          -nan

DRAM_NUM_REQS_19_WB_NODIRTY                          0          -nan                0          -nan

DRAM_NUM_REQS_20_IFETCH                              0          -nan                0          -nan

DRAM_NUM_REQS_20_DFETCH                              0          -nan                0          -nan

DRAM_NUM_REQS_20_DSTORE                              0          -nan                0          -nan

DRAM_NUM_REQS_20_IPRF                                0          -nan                0          -nan

DRAM_NUM_REQS_20_DPRF                                0          -nan                0          -nan

DRAM_NUM_REQS_20_WB                                  0          -nan                0          -nan

DRAM_NUM_REQS_20_WB_NODIRTY                          0          -nan                0          -nan

DRAM_NUM_REQS_21_IFETCH                              0          -nan                0          -nan

DRAM_NUM_REQS_21_DFETCH                              0          -nan                0          -nan

DRAM_NUM_REQS_21_DSTORE                              0          -nan                0          -nan

DRAM_NUM_REQS_21_IPRF                                0          -nan                0          -nan

DRAM_NUM_REQS_21_DPRF                                0          -nan                0          -nan

DRAM_NUM_REQS_21_WB                                  0          -nan                0          -nan

DRAM_NUM_REQS_21_WB_NODIRTY                          0          -nan                0          -nan

DRAM_NUM_REQS_22_IFETCH                              0          -nan                0          -nan

DRAM_NUM_REQS_22_DFETCH                              0          -nan                0          -nan

DRAM_NUM_REQS_22_DSTORE                              0          -nan                0          -nan

DRAM_NUM_REQS_22_IPRF                                0          -nan                0          -nan

DRAM_NUM_REQS_22_DPRF                                0          -nan                0          -nan

DRAM_NUM_REQS_22_WB                                  0          -nan                0          -nan

DRAM_NUM_REQS_22_WB_NODIRTY                          0          -nan                0          -nan

DRAM_NUM_REQS_23_IFETCH                              0          -nan                0          -nan

DRAM_NUM_REQS_23_DFETCH                              0          -nan                0          -nan

DRAM_NUM_REQS_23_DSTORE                              0          -nan                0          -nan

DRAM_NUM_REQS_23_IPRF                                0          -nan                0          -nan

DRAM_NUM_REQS_23_DPRF                                0          -nan                0          -nan

DRAM_NUM_REQS_23_WB                                  0          -nan                0          -nan

DRAM_NUM_REQS_23_WB_NODIRTY                          0          -nan                0          -nan

DRAM_NUM_REQS_24_IFETCH                              0          -nan                0          -nan

DRAM_NUM_REQS_24_DFETCH                              0          -nan                0          -nan

DRAM_NUM_REQS_24_DSTORE                              0          -nan                0          -nan

DRAM_NUM_REQS_24_IPRF                                0          -nan                0          -nan

DRAM_NUM_REQS_24_DPRF                                0          -nan                0          -nan

DRAM_NUM_REQS_24_WB                                  0          -nan                0          -nan

DRAM_NUM_REQS_24_WB_NODIRTY                          0          -nan                0          -nan

DRAM_NUM_REQS_25_IFETCH                              0          -nan                0          -nan

DRAM_NUM_REQS_25_DFETCH                              0          -nan                0          -nan

DRAM_NUM_REQS_25_DSTORE                              0          -nan                0          -nan

DRAM_NUM_REQS_25_IPRF                                0          -nan                0          -nan

DRAM_NUM_REQS_25_DPRF                                0          -nan                0          -nan

DRAM_NUM_REQS_25_WB                                  0          -nan                0          -nan

DRAM_NUM_REQS_25_WB_NODIRTY                          0          -nan                0          -nan

DRAM_NUM_REQS_26_IFETCH                              0          -nan                0          -nan

DRAM_NUM_REQS_26_DFETCH                              0          -nan                0          -nan

DRAM_NUM_REQS_26_DSTORE                              0          -nan                0          -nan

DRAM_NUM_REQS_26_IPRF                                0          -nan                0          -nan

DRAM_NUM_REQS_26_DPRF                                0          -nan                0          -nan

DRAM_NUM_REQS_26_WB                                  0          -nan                0          -nan

DRAM_NUM_REQS_26_WB_NODIRTY                          0          -nan                0          -nan

DRAM_NUM_REQS_27_IFETCH                              0          -nan                0          -nan

DRAM_NUM_REQS_27_DFETCH                              0          -nan                0          -nan

DRAM_NUM_REQS_27_DSTORE                              0          -nan                0          -nan

DRAM_NUM_REQS_27_IPRF                                0          -nan                0          -nan

DRAM_NUM_REQS_27_DPRF                                0          -nan                0          -nan

DRAM_NUM_REQS_27_WB                                  0          -nan                0          -nan

DRAM_NUM_REQS_27_WB_NODIRTY                          0          -nan                0          -nan

DRAM_NUM_REQS_28_IFETCH                              0          -nan                0          -nan

DRAM_NUM_REQS_28_DFETCH                              0          -nan                0          -nan

DRAM_NUM_REQS_28_DSTORE                              0          -nan                0          -nan

DRAM_NUM_REQS_28_IPRF                                0          -nan                0          -nan

DRAM_NUM_REQS_28_DPRF                                0          -nan                0          -nan

DRAM_NUM_REQS_28_WB                                  0          -nan                0          -nan

DRAM_NUM_REQS_28_WB_NODIRTY                          0          -nan                0          -nan

DRAM_NUM_REQS_29_IFETCH                              0          -nan                0          -nan

DRAM_NUM_REQS_29_DFETCH                              0          -nan                0          -nan

DRAM_NUM_REQS_29_DSTORE                              0          -nan                0          -nan

DRAM_NUM_REQS_29_IPRF                                0          -nan                0          -nan

DRAM_NUM_REQS_29_DPRF                                0          -nan                0          -nan

DRAM_NUM_REQS_29_WB                                  0          -nan                0          -nan

DRAM_NUM_REQS_29_WB_NODIRTY                          0          -nan                0          -nan

DRAM_NUM_REQS_30_IFETCH                              0          -nan                0          -nan

DRAM_NUM_REQS_30_DFETCH                              0          -nan                0          -nan

DRAM_NUM_REQS_30_DSTORE                              0          -nan                0          -nan

DRAM_NUM_REQS_30_IPRF                                0          -nan                0          -nan

DRAM_NUM_REQS_30_DPRF                                0          -nan                0          -nan

DRAM_NUM_REQS_30_WB                                  0          -nan                0          -nan

DRAM_NUM_REQS_30_WB_NODIRTY                          0          -nan                0          -nan

DRAM_NUM_REQS_31_IFETCH                              0          -nan                0          -nan

DRAM_NUM_REQS_31_DFETCH                              0          -nan                0          -nan

DRAM_NUM_REQS_31_DSTORE                              0          -nan                0          -nan

DRAM_NUM_REQS_31_IPRF                                0          -nan                0          -nan

DRAM_NUM_REQS_31_DPRF                                0          -nan                0          -nan

DRAM_NUM_REQS_31_WB                                  0          -nan                0          -nan

DRAM_NUM_REQS_31_WB_NODIRTY                          0          -nan                0          -nan

DRAM_NUM_REQS_32_IFETCH                              0          -nan                0          -nan

DRAM_NUM_REQS_32_DFETCH                              0          -nan                0          -nan

DRAM_NUM_REQS_32_DSTORE                              0          -nan                0          -nan

DRAM_NUM_REQS_32_IPRF                                0          -nan                0          -nan

DRAM_NUM_REQS_32_DPRF                                0          -nan                0          -nan

DRAM_NUM_REQS_32_WB                                  0          -nan                0          -nan

DRAM_NUM_REQS_32_WB_NODIRTY                          0          -nan                0          -nan

DRAM_BOTTLENECK_BUS_0                                0         -nan%                0         -nan%
DRAM_BOTTLENECK_BUS_10                               0         -nan%                0         -nan%
DRAM_BOTTLENECK_BUS_20                               0         -nan%                0         -nan%
DRAM_BOTTLENECK_BUS_30                               0         -nan%                0         -nan%
DRAM_BOTTLENECK_BUS_40                               0         -nan%                0         -nan%
DRAM_BOTTLENECK_BUS_50                               0         -nan%                0         -nan%
DRAM_BOTTLENECK_BUS_60                               0         -nan%                0         -nan%
DRAM_BOTTLENECK_BUS_70                               0         -nan%                0         -nan%
DRAM_BOTTLENECK_BUS_80                               0         -nan%                0         -nan%
DRAM_BOTTLENECK_BUS_90                               0         -nan%                0         -nan%
DRAM_BOTTLENECK_BUS_100                              0         -nan%                0         -nan%
                                                     0         -nan%                0         -nan%
                                                  -nan         -nan              -nan         -nan

DRAM_BOTTLENECK_BANKS_0                              0         -nan%                0         -nan%
DRAM_BOTTLENECK_BANKS_10                             0         -nan%                0         -nan%
DRAM_BOTTLENECK_BANKS_20                             0         -nan%                0         -nan%
DRAM_BOTTLENECK_BANKS_30                             0         -nan%                0         -nan%
DRAM_BOTTLENECK_BANKS_40                             0         -nan%                0         -nan%
DRAM_BOTTLENECK_BANKS_50                             0         -nan%                0         -nan%
DRAM_BOTTLENECK_BANKS_60                             0         -nan%                0         -nan%
DRAM_BOTTLENECK_BANKS_70                             0         -nan%                0         -nan%
DRAM_BOTTLENECK_BANKS_80                             0         -nan%                0         -nan%
DRAM_BOTTLENECK_BANKS_90                             0         -nan%                0         -nan%
DRAM_BOTTLENECK_BANKS_100                            0         -nan%                0         -nan%
                                                     0         -nan%                0         -nan%
                                                  -nan         -nan              -nan         -nan

DRAM_BOTTLENECK_FAW_0                                0         -nan%                0         -nan%
DRAM_BOTTLENECK_FAW_10                               0         -nan%                0         -nan%
DRAM_BOTTLENECK_FAW_20                               0         -nan%                0         -nan%
DRAM_BOTTLENECK_FAW_30                               0         -nan%                0         -nan%
DRAM_BOTTLENECK_FAW_40                               0         -nan%                0         -nan%
DRAM_BOTTLENECK_FAW_50                               0         -nan%                0         -nan%
DRAM_BOTTLENECK_FAW_60                               0         -nan%                0         -nan%
DRAM_BOTTLENECK_FAW_70                               0         -nan%                0         -nan%
DRAM_BOTTLENECK_FAW_80                               0         -nan%                0         -nan%
DRAM_BOTTLENECK_FAW_90                               0         -nan%                0         -nan%
DRAM_BOTTLENECK_FAW_100                              0         -nan%                0         -nan%
                                                     0         -nan%                0         -nan%
                                                  -nan         -nan              -nan         -nan

DRAM_ROW_HIT_GEN_AFTER_ROW_OPEN_STALLING             0                              0              

KNOWN_BAD_ADDRESS                                    0        0.000%                0        0.000%
GOOD_ADDRESS                                   8966322      100.000%         24845713      100.000%
                                               8966322      100.000%         24845713      100.000%
                                                  1.00         1.00              1.00         1.00

BBL_LENGTH_1                                         0         -nan%                0         -nan%
BBL_LENGTH_2                                         0         -nan%                0         -nan%
BBL_LENGTH_3                                         0         -nan%                0         -nan%
BBL_LENGTH_4                                         0         -nan%                0         -nan%
BBL_LENGTH_5                                         0         -nan%                0         -nan%
BBL_LENGTH_6                                         0         -nan%                0         -nan%
BBL_LENGTH_7                                         0         -nan%                0         -nan%
BBL_LENGTH_8                                         0         -nan%                0         -nan%
BBL_LENGTH_9                                         0         -nan%                0         -nan%
BBL_LENGTH_10                                        0         -nan%                0         -nan%
BBL_LENGTH_11                                        0         -nan%                0         -nan%
BBL_LENGTH_12                                        0         -nan%                0         -nan%
BBL_LENGTH_13                                        0         -nan%                0         -nan%
BBL_LENGTH_14                                        0         -nan%                0         -nan%
BBL_LENGTH_15                                        0         -nan%                0         -nan%
BBL_LENGTH_16                                        0         -nan%                0         -nan%
BBL_LENGTH_17                                        0         -nan%                0         -nan%
BBL_LENGTH_18                                        0         -nan%                0         -nan%
BBL_LENGTH_19                                        0         -nan%                0         -nan%
BBL_LENGTH_20                                        0         -nan%                0         -nan%
BBL_LENGTH_21                                        0         -nan%                0         -nan%
BBL_LENGTH_22                                        0         -nan%                0         -nan%
BBL_LENGTH_23                                        0         -nan%                0         -nan%
BBL_LENGTH_24                                        0         -nan%                0         -nan%
                                                     0         -nan%                0         -nan%
                                                  -nan         -nan              -nan         -nan

BBL_DONT_END_PRED_NT_LENGTH_1                        0         -nan%                0         -nan%
BBL_DONT_END_PRED_NT_LENGTH_2                        0         -nan%                0         -nan%
BBL_DONT_END_PRED_NT_LENGTH_3                        0         -nan%                0         -nan%
BBL_DONT_END_PRED_NT_LENGTH_4                        0         -nan%                0         -nan%
BBL_DONT_END_PRED_NT_LENGTH_5                        0         -nan%                0         -nan%
BBL_DONT_END_PRED_NT_LENGTH_6                        0         -nan%                0         -nan%
BBL_DONT_END_PRED_NT_LENGTH_7                        0         -nan%                0         -nan%
BBL_DONT_END_PRED_NT_LENGTH_8                        0         -nan%                0         -nan%
BBL_DONT_END_PRED_NT_LENGTH_9                        0         -nan%                0         -nan%
BBL_DONT_END_PRED_NT_LENGTH_10                       0         -nan%                0         -nan%
BBL_DONT_END_PRED_NT_LENGTH_11                       0         -nan%                0         -nan%
BBL_DONT_END_PRED_NT_LENGTH_12                       0         -nan%                0         -nan%
BBL_DONT_END_PRED_NT_LENGTH_13                       0         -nan%                0         -nan%
BBL_DONT_END_PRED_NT_LENGTH_14                       0         -nan%                0         -nan%
BBL_DONT_END_PRED_NT_LENGTH_15                       0         -nan%                0         -nan%
BBL_DONT_END_PRED_NT_LENGTH_16                       0         -nan%                0         -nan%
BBL_DONT_END_PRED_NT_LENGTH_17                       0         -nan%                0         -nan%
BBL_DONT_END_PRED_NT_LENGTH_18                       0         -nan%                0         -nan%
BBL_DONT_END_PRED_NT_LENGTH_19                       0         -nan%                0         -nan%
BBL_DONT_END_PRED_NT_LENGTH_20                       0         -nan%                0         -nan%
BBL_DONT_END_PRED_NT_LENGTH_21                       0         -nan%                0         -nan%
BBL_DONT_END_PRED_NT_LENGTH_22                       0         -nan%                0         -nan%
BBL_DONT_END_PRED_NT_LENGTH_23                       0         -nan%                0         -nan%
BBL_DONT_END_PRED_NT_LENGTH_24                       0         -nan%                0         -nan%
                                                     0         -nan%                0         -nan%
                                                  -nan         -nan              -nan         -nan

DATA_LD_CYCLES_ONPATH                          3253217                        9368729              

DATA_LD_CYCLES_OFFPATH                          155459                         329394              

DATA_LD_MLC_CYCLES_ONPATH                      1519875                        3822119              

DATA_LD_MLC_CYCLES_OFFPATH                      142309                         308151              

DATA_LD_MLC_ACCESSES_ONPATH                      75705                         190291              

DATA_LD_MLC_ACCESSES_OFFPATH                      7074                          15326              

DATA_LD_L1_CYCLES_ONPATH                        487176                        1294125              

DATA_LD_L1_CYCLES_OFFPATH                        10160                          17836              

DATA_LD_L1_ACCESSES_ONPATH                        8255                          21930              

DATA_LD_L1_ACCESSES_OFFPATH                        172                            302              

DATA_LD_MEM_CYCLES_ONPATH                      1246166                        4252485              

DATA_LD_MEM_CYCLES_OFFPATH                        2990                           3407              

DATA_LD_MEM_ACCESSES_ONPATH                       6150                          21357              

DATA_LD_MEM_ACCESSES_OFFPATH                        13                             15              

DATA_LD_PREF_CYCLES_ONPATH                           0                              0              

DATA_LD_PREF_CYCLES_OFFPATH                          0                              0              

DATA_LD_PREF_MLC_CYCLES_ONPATH                       0                              0              

DATA_LD_PREF_MLC_CYCLES_OFFPATH                      0                              0              

DATA_LD_PREF_L1_CYCLES_ONPATH                        0                              0              

DATA_LD_PREF_L1_CYCLES_OFFPATH                       0                              0              

DATA_LD_PREF_MEM_CYCLES_ONPATH                       0                              0              

DATA_LD_PREF_MEM_CYCLES_OFFPATH                      0                              0              

UOP_CACHE_LINE_EVICTED_USEFUL                   327710       29.283%           894328       30.158%
UOP_CACHE_LINE_EVICTED_USELESS                  791403       70.717%          2071102       69.842%
                                               1119113      100.000%          2965430      100.000%
                                                  0.71         0.64              0.70         0.64



