/* -*- Mode: c -*- */
####################################################################################################
Core 0
####################################################################################################
Cumulative:        Cycles: 14811559              Instructions: 30000000              IPC: 2.02545

Periodic:          Cycles: 4924452               Instructions: 9999998               IPC: 2.03068

L0_ALL_PREDICTIONS                             1672847       50.000%          5018537       50.000%
MAIN_ALL_PREDICTIONS                           1672847       50.000%          5018537       50.000%
                                               3345694      100.000%         10037074      100.000%
                                                  0.50         0.50              0.50         0.50

L0_ALL_RECOVER_AT_EXEC                          601339       97.206%          1799358       97.121%
MAIN_ALL_RECOVER_AT_EXEC                         17284        2.794%            53346        2.879%
                                                618623      100.000%          1852704      100.000%
                                                  0.03         0.16              0.03         0.16

L0_ALL_RECOVER_AT_DECODE                             0        0.000%                0        0.000%
MAIN_ALL_RECOVER_AT_DECODE                          64      100.000%              607      100.000%
                                                    64      100.000%              607      100.000%
                                                  1.00         1.01              1.00         1.00

L0_ALL_PREDICTIONS_OFFPATH                     1955794       50.000%          5885799       50.000%
MAIN_ALL_PREDICTIONS_OFFPATH                   1955794       50.000%          5885799       50.000%
                                               3911588      100.000%         11771598      100.000%
                                                  0.50         0.50              0.50         0.50

L0_ALL_RECOVER_AT_EXEC_OFFPATH                  686475       74.439%          2047579       74.579%
MAIN_ALL_RECOVER_AT_EXEC_OFFPATH                235719       25.561%           697924       25.421%
                                                922194      100.000%          2745503      100.000%
                                                  0.26         0.40              0.25         0.40

L0_ALL_RECOVER_AT_DECODE_OFFPATH                     0        0.000%                0        0.000%
MAIN_ALL_RECOVER_AT_DECODE_OFFPATH                 484      100.000%             1627      100.000%
                                                   484      100.000%             1627      100.000%
                                                  1.00         1.00              1.00         1.00

MAIN_CBR_CORRECT                                614888       56.848%          1837346       56.601%
MAIN_CBR_CORRECT_BTB_MISS_NT_NT                 456145       42.172%          1375404       42.371%
MAIN_CBR_RECOVER_AT_EXEC                         10541        0.975%            32638        1.005%
MAIN_CBR_RECOVER_AT_DECODE                           0        0.000%                0        0.000%
MAIN_CBR_RECOVER_BTB_MISS_T_T                       42        0.004%              162        0.005%
MAIN_CBR_RECOVER_BTB_MISS_T_NT                      16        0.001%               92        0.003%
MAIN_CBR_RECOVER_BTB_MISS_NT_T                       3        0.000%              486        0.015%
                                               1081635      100.000%          3246128      100.000%
                                                  0.44         0.40              0.45         0.40

MAIN_BR_CORRECT                                  98136       99.999%           294245       99.953%
MAIN_BR_RECOVER                                      1        0.001%              138        0.047%
                                                 98137      100.000%           294383      100.000%
                                                  0.00         0.00              0.00         0.02

MAIN_ICALL_CORRECT_IBTB                          54922       99.982%           165289       99.901%
MAIN_ICALL_CORRECT_BTB                              10        0.018%              123        0.074%
MAIN_ICALL_RECOVER_AT_EXEC_IBTB                      0        0.000%                0        0.000%
MAIN_ICALL_RECOVER_AT_EXEC_BTB                       0        0.000%                0        0.000%
MAIN_ICALL_RECOVER_AT_EXEC_XBTB_MISS                 0        0.000%               40        0.024%
                                                 54932      100.000%           165452      100.000%
                                                  0.00         0.01              0.00         0.07

MAIN_IBR_CORRECT_IBTB                            46110       99.967%           138299       99.843%
MAIN_IBR_CORRECT_BTB                                15        0.033%              200        0.144%
MAIN_IBR_RECOVER_AT_EXEC_IBTB                        0        0.000%                0        0.000%
MAIN_IBR_RECOVER_AT_EXEC_BTB                         0        0.000%                1        0.001%
MAIN_IBR_RECOVER_AT_EXEC_XBTB_MISS                   0        0.000%               16        0.012%
                                                 46125      100.000%           138516      100.000%
                                                  0.00         0.02              0.00         0.06

MAIN_ICO_CORRECT                                     0         -nan%                0         -nan%
MAIN_ICO_RECOVER                                     0         -nan%                0         -nan%
                                                     0         -nan%                0         -nan%
                                                  -nan         -nan              -nan         -nan

MAIN_RET_CORRECT                                216753       96.991%           649684       97.003%
MAIN_RET_RECOVER                                  6724        3.009%            20064        2.996%
MAIN_RET_RECOVER_UFLOW                               0        0.000%                9        0.001%
                                                223477      100.000%           669757      100.000%
                                                  0.03         0.17              0.03         0.17

MAIN_CALL_CORRECT                               168520       99.988%           503994       99.939%
MAIN_CALL_RECOVER                                   21        0.012%              307        0.061%
                                                168541      100.000%           504301      100.000%
                                                  0.00         0.01              0.00         0.02

L0_CBR_CORRECT                                  256614       23.725%           774676       23.865%
L0_CBR_CORRECT_BTB_MISS_NT_NT                   492057       45.492%          1475001       45.439%
L0_CBR_RECOVER_AT_EXEC                           17059        1.577%            50909        1.568%
L0_CBR_RECOVER_AT_DECODE                             0        0.000%                0        0.000%
L0_CBR_RECOVER_BTB_MISS_T_T                     267692       24.749%           800831       24.670%
L0_CBR_RECOVER_BTB_MISS_T_NT                     23875        2.207%            71804        2.212%
L0_CBR_RECOVER_BTB_MISS_NT_T                     24338        2.250%            72907        2.246%
                                               1081635      100.000%          3246128      100.000%
                                                  1.72         1.50              1.72         1.50

L0_BR_CORRECT                                    38943       39.682%           117812       40.020%
L0_BR_RECOVER                                    59194       60.318%           176571       59.980%
                                                 98137      100.000%           294383      100.000%
                                                  0.60         0.56              0.60         0.56

L0_ICALL_CORRECT_IBTB                                0        0.000%                0        0.000%
L0_ICALL_CORRECT_BTB                                 1        0.002%               52        0.031%
L0_ICALL_RECOVER_AT_EXEC_IBTB                    54922       99.982%           165289       99.901%
L0_ICALL_RECOVER_AT_EXEC_BTB                         0        0.000%                0        0.000%
L0_ICALL_RECOVER_AT_EXEC_XBTB_MISS                   9        0.016%              111        0.067%
                                                 54932      100.000%           165452      100.000%
                                                  2.00         0.04              2.00         0.08

L0_IBR_CORRECT_IBTB                                 26        0.056%               74        0.053%
L0_IBR_CORRECT_BTB                                   2        0.004%              136        0.098%
L0_IBR_RECOVER_AT_EXEC_IBTB                      46084       99.911%           138225       99.790%
L0_IBR_RECOVER_AT_EXEC_BTB                           0        0.000%                0        0.000%
L0_IBR_RECOVER_AT_EXEC_XBTB_MISS                    13        0.028%               81        0.058%
                                                 46125      100.000%           138516      100.000%
                                                  2.00         0.05              2.00         0.08

L0_ICO_CORRECT                                       0         -nan%                0         -nan%
L0_ICO_RECOVER                                       0         -nan%                0         -nan%
                                                     0         -nan%                0         -nan%
                                                  -nan         -nan              -nan         -nan

L0_RET_CORRECT                                  216753       96.991%           649684       97.003%
L0_RET_RECOVER                                    6724        3.009%            20064        2.996%
L0_RET_RECOVER_UFLOW                                 0        0.000%                9        0.001%
                                                223477      100.000%           669757      100.000%
                                                  0.03         0.17              0.03         0.17

L0_CALL_CORRECT                                  67112       39.819%           201744       40.005%
L0_CALL_RECOVER                                 101429       60.181%           302557       59.995%
                                                168541      100.000%           504301      100.000%
                                                  0.60         0.56              0.60         0.56

MAIN_CBR_CORRECT_OFFPATH                        556629       42.527%          1676347       42.549%
MAIN_CBR_CORRECT_BTB_MISS_NT_NT_OFFPATH         604812       46.208%          1825712       46.340%
MAIN_CBR_RECOVER_AT_EXEC_OFFPATH                143222       10.942%           421985       10.711%
MAIN_CBR_RECOVER_AT_DECODE_OFFPATH                   0        0.000%                0        0.000%
MAIN_CBR_RECOVER_BTB_MISS_T_T_OFFPATH              442        0.034%             1207        0.031%
MAIN_CBR_RECOVER_BTB_MISS_T_NT_OFFPATH            3791        0.290%            14176        0.360%
MAIN_CBR_RECOVER_BTB_MISS_NT_T_OFFPATH               2        0.000%              391        0.010%
                                               1308898      100.000%          3939818      100.000%
                                                  0.70         0.53              0.70         0.54

MAIN_BR_CORRECT_OFFPATH                         117918      100.000%           356688       99.961%
MAIN_BR_RECOVER_OFFPATH                              0        0.000%              139        0.039%
                                                117918      100.000%           356827      100.000%
                                                  0.00         0.00              0.00         0.02

MAIN_ICALL_CORRECT_IBTB_OFFPATH                  24923       49.975%            73817       48.727%
MAIN_ICALL_CORRECT_BTB_OFFPATH                   24948       50.025%            77616       51.235%
MAIN_ICALL_RECOVER_AT_EXEC_IBTB_OFFPATH              0        0.000%                0        0.000%
MAIN_ICALL_RECOVER_AT_EXEC_BTB_OFFPATH               0        0.000%                0        0.000%
MAIN_ICALL_RECOVER_AT_EXEC_XBTB_MISS_OFFPATH             0        0.000%               58        0.038%
                                                 49871      100.000%           151491      100.000%
                                                  0.50         0.35              0.51         0.35

MAIN_IBR_CORRECT_IBTB_OFFPATH                    17697       54.550%            51434       52.158%
MAIN_IBR_CORRECT_BTB_OFFPATH                     14701       45.315%            47038       47.701%
MAIN_IBR_RECOVER_AT_EXEC_IBTB_OFFPATH               44        0.136%              137        0.139%
MAIN_IBR_RECOVER_AT_EXEC_BTB_OFFPATH                 0        0.000%                0        0.000%
MAIN_IBR_RECOVER_AT_EXEC_XBTB_MISS_OFFPATH             0        0.000%                2        0.002%
                                                 32442      100.000%            98611      100.000%
                                                  0.46         0.37              0.48         0.36

MAIN_ICO_CORRECT_OFFPATH                             0         -nan%                0         -nan%
MAIN_ICO_RECOVER_OFFPATH                             0         -nan%                0         -nan%
                                                     0         -nan%                0         -nan%
                                                  -nan         -nan              -nan         -nan

MAIN_RET_CORRECT_OFFPATH                        155716       63.720%           472862       64.419%
MAIN_RET_RECOVER_OFFPATH                         83234       34.060%           245527       33.449%
MAIN_RET_RECOVER_UFLOW_OFFPATH                    5426        2.220%            15648        2.132%
                                                244376      100.000%           734037      100.000%
                                                  0.39         0.44              0.38         0.43

MAIN_CALL_CORRECT_OFFPATH                       202247       99.979%           604734       99.954%
MAIN_CALL_RECOVER_OFFPATH                           42        0.021%              281        0.046%
                                                202289      100.000%           605015      100.000%
                                                  0.00         0.01              0.00         0.02

L0_CBR_CORRECT_OFFPATH                          284255       21.717%           858548       21.792%
L0_CBR_CORRECT_BTB_MISS_NT_NT_OFFPATH           660284       50.446%          1992579       50.575%
L0_CBR_RECOVER_AT_EXEC_OFFPATH                   76094        5.814%           223085        5.662%
L0_CBR_RECOVER_AT_DECODE_OFFPATH                     0        0.000%                0        0.000%
L0_CBR_RECOVER_BTB_MISS_T_T_OFFPATH             228415       17.451%           686865       17.434%
L0_CBR_RECOVER_BTB_MISS_T_NT_OFFPATH             38168        2.916%           114342        2.902%
L0_CBR_RECOVER_BTB_MISS_NT_T_OFFPATH             21682        1.657%            64399        1.635%
                                               1308898      100.000%          3939818      100.000%
                                                  1.56         1.38              1.56         1.38

L0_BR_CORRECT_OFFPATH                            53721       45.558%           163379       45.787%
L0_BR_RECOVER_OFFPATH                            64197       54.442%           193448       54.213%
                                                117918      100.000%           356827      100.000%
                                                  0.54         0.52              0.54         0.52

L0_ICALL_CORRECT_IBTB_OFFPATH                        0        0.000%                0        0.000%
L0_ICALL_CORRECT_BTB_OFFPATH                      8909       17.864%            29221       19.289%
L0_ICALL_RECOVER_AT_EXEC_IBTB_OFFPATH            24923       49.975%            73817       48.727%
L0_ICALL_RECOVER_AT_EXEC_BTB_OFFPATH                 0        0.000%                0        0.000%
L0_ICALL_RECOVER_AT_EXEC_XBTB_MISS_OFFPATH         16039       32.161%            48453       31.984%
                                                 49871      100.000%           151491      100.000%
                                                  2.46         1.79              2.45         1.79

L0_IBR_CORRECT_IBTB_OFFPATH                          0        0.000%                0        0.000%
L0_IBR_CORRECT_BTB_OFFPATH                        9653       29.755%            31354       31.796%
L0_IBR_RECOVER_AT_EXEC_IBTB_OFFPATH              17741       54.685%            51571       52.297%
L0_IBR_RECOVER_AT_EXEC_BTB_OFFPATH                   0        0.000%                0        0.000%
L0_IBR_RECOVER_AT_EXEC_XBTB_MISS_OFFPATH          5048       15.560%            15686       15.907%
                                                 32442      100.000%            98611      100.000%
                                                  2.01         1.25              2.00         1.26

L0_ICO_CORRECT_OFFPATH                               0         -nan%                0         -nan%
L0_ICO_RECOVER_OFFPATH                               0         -nan%                0         -nan%
                                                     0         -nan%                0         -nan%
                                                  -nan         -nan              -nan         -nan

L0_RET_CORRECT_OFFPATH                          155716       63.720%           472862       64.419%
L0_RET_RECOVER_OFFPATH                           83234       34.060%           245527       33.449%
L0_RET_RECOVER_UFLOW_OFFPATH                      5426        2.220%            15648        2.132%
                                                244376      100.000%           734037      100.000%
                                                  0.39         0.44              0.38         0.43

L0_CALL_CORRECT_OFFPATH                          96781       47.843%           290277       47.978%
L0_CALL_RECOVER_OFFPATH                         105508       52.157%           314738       52.022%
                                                202289      100.000%           605015      100.000%
                                                  0.52         0.51              0.52         0.51

ALL_BTB_CORRECT                                 989022       68.238%          2967160       68.230%
ALL_BTB_INCORRECT_BUT_TARGET_CORRECT                26        0.002%               75        0.002%
ALL_BTB_INCORRECT                               460322       31.760%          1381545       31.769%
                                               1449370      100.000%          4348780      100.000%
                                                  0.64         0.85              0.64         0.85

ALL_IBTB_CORRECT                                101032       99.975%           303588       99.875%
ALL_IBTB_INCORRECT                                  25        0.025%              380        0.125%
                                                101057      100.000%           303968      100.000%
                                                  0.00         0.02              0.00         0.04

ALL_BTB_CORRECT_OFFPATH                        1100303       64.292%          3306832       64.188%
ALL_BTB_INCORRECT_BUT_TARGET_CORRECT_OFFPATH            26        0.002%               75        0.001%
ALL_BTB_INCORRECT_OFFPATH                       611089       35.707%          1844855       35.810%
                                               1711418      100.000%          5151762      100.000%
                                                  0.71         0.88              0.72         0.88

ALL_IBTB_CORRECT_OFFPATH                         42620       51.778%           125251       50.080%
ALL_IBTB_INCORRECT_OFFPATH                       39693       48.222%           124851       49.920%
                                                 82313      100.000%           250102      100.000%
                                                  0.48         0.49              0.50         0.50

CRS_MISS                                         13448        3.009%            40146        2.997%
CRS_HIT                                         433506       96.991%          1299368       97.003%
                                                446954      100.000%          1339514      100.000%
                                                  0.97         0.96              0.97         0.96

CRS_MISS_OFFPATH                                177320       36.280%           522350       35.581%
CRS_HIT_OFFPATH                                 311432       63.720%           945724       64.419%
                                                488752      100.000%          1468074      100.000%
                                                  0.64         0.59              0.64         0.59

CRS_CLOBBER                                          0                              0              

IBTB_TARG_CACHE_MISS                                25        0.025%              380        0.125%
IBTB_TARG_CACHE_HIT                             101032       99.975%           303588       99.875%
                                                101057      100.000%           303968      100.000%
                                                  1.00         1.00              1.00         1.00

IBTB_TARG_CACHE_MISS_OFFPATH                     39693       48.222%           124851       49.920%
IBTB_TARG_CACHE_HIT_OFFPATH                      42620       51.778%           125251       50.080%
                                                 82313      100.000%           250102      100.000%
                                                  0.52         0.51              0.50         0.50

IBTB_TARG_CACHE_WRITE                           101064       98.356%           303968       98.330%
IBTB_TARG_CACHE_WRITE_OFFPATH                     1689        1.644%             5162        1.670%
                                                102753      100.000%           309130      100.000%
                                                  0.02         0.13              0.02         0.13

BTB_WRITE                                        72259       99.691%           216078       99.633%
BTB_WRITE_OFFPATH                                  224        0.309%              796        0.367%
                                                 72483      100.000%           216874      100.000%
                                                  0.00         0.06              0.00         0.06

BTB_L0_CORRECT                                  437975       30.218%          1321064       30.378%
BTB_L0_INCORRECT_BUT_TARGET_CORRECT                 26        0.002%               75        0.002%
BTB_L0_INCORRECT                               1011369       69.780%          3027641       69.620%
                                               1449370      100.000%          4348780      100.000%
                                                  1.40         1.27              1.39         1.27

BTB_L1_CORRECT                                  988829       68.225%          2966563       68.216%
BTB_L1_INCORRECT_BUT_TARGET_CORRECT                  0        0.000%                1        0.000%
BTB_L1_INCORRECT                                460541       31.775%          1382216       31.784%
                                               1449370      100.000%          4348780      100.000%
                                                  0.64         0.85              0.64         0.85

BTB_MAIN_CORRECT                                989022       68.238%          2967160       68.230%
BTB_MAIN_INCORRECT_BUT_TARGET_CORRECT               26        0.002%               75        0.002%
BTB_MAIN_INCORRECT                              460322       31.760%          1381545       31.769%
                                               1449370      100.000%          4348780      100.000%
                                                  0.64         0.85              0.64         0.85

BTB_L0_CORRECT_OFFPATH                          551132       32.203%          1657324       32.170%
BTB_L0_INCORRECT_BUT_TARGET_CORRECT_OFFPATH            26        0.002%               74        0.001%
BTB_L0_INCORRECT_OFFPATH                       1160260       67.795%          3494364       67.829%
                                               1711418      100.000%          5151762      100.000%
                                                  1.36         1.24              1.36         1.24

BTB_L1_CORRECT_OFFPATH                         1100038       64.276%          3306177       64.176%
BTB_L1_INCORRECT_BUT_TARGET_CORRECT_OFFPATH             0        0.000%                0        0.000%
BTB_L1_INCORRECT_OFFPATH                        611380       35.724%          1845585       35.824%
                                               1711418      100.000%          5151762      100.000%
                                                  0.71         0.88              0.72         0.88

BTB_MAIN_CORRECT_OFFPATH                       1100303       64.292%          3306832       64.188%
BTB_MAIN_INCORRECT_BUT_TARGET_CORRECT_OFFPATH            26        0.002%               75        0.001%
BTB_MAIN_INCORRECT_OFFPATH                      611089       35.707%          1844855       35.810%
                                               1711418      100.000%          5151762      100.000%
                                                  0.71         0.88              0.72         0.88

TARG_HYBRID_CORRECT_TAGLESS                          0         -nan%                0         -nan%
TARG_HYBRID_CORRECT_TAGGED                           0         -nan%                0         -nan%
TARG_HYBRID_RECOVER_AT_EXEC_TAGLESS                  0         -nan%                0         -nan%
TARG_HYBRID_RECOVER_AT_EXEC_TAGGED                   0         -nan%                0         -nan%
TARG_HYBRID_NO_PRED                                  0         -nan%                0         -nan%
                                                     0         -nan%                0         -nan%
                                                  -nan         -nan              -nan         -nan

BP_L0_EARLY_RECOVERIES                          601339       97.196%          1799358       97.089%
BP_MAIN_EXEC_RECOVERIES                          17284        2.794%            53346        2.878%
BP_MAIN_DECODE_RECOVERIES                           64        0.010%              607        0.033%
                                                618687      100.000%          1853311      100.000%
                                                  0.03         0.16              0.03         0.17

SCHEDULED_L0_EARLY_RECOVERIES                   587295       97.131%          1755125       97.018%
SCHEDULED_MAIN_EXEC_RECOVERIES                   17284        2.859%            53346        2.949%
SCHEDULED_MAIN_DECODE_RECOVERIES                    64        0.011%              607        0.034%
                                                604643      100.000%          1809078      100.000%
                                                  0.03         0.17              0.03         0.17

PERFORMED_RECOVERIES                            604643                        1809078              

PERFORMED_RECOVERY_LAT                         2940743                        8952408              

SCHEDULED_MAIN_DECODE_LAT                         5394                          47591              

SCHEDULED_MAIN_EXEC_LAT                        1565753                        4807016              

SCHEDULED_L0_EARLY_LAT                               0                              0              

MAIN_BRANCH_RESOLVE_AT_DECODE_LAT_1                  0        0.000%                0        0.000%
MAIN_BRANCH_RESOLVE_AT_DECODE_LAT_2                  0        0.000%                2        0.329%
MAIN_BRANCH_RESOLVE_AT_DECODE_LAT_3                  0        0.000%                2        0.329%
MAIN_BRANCH_RESOLVE_AT_DECODE_LAT_4                  0        0.000%                0        0.000%
MAIN_BRANCH_RESOLVE_AT_DECODE_LAT_5                  0        0.000%                0        0.000%
MAIN_BRANCH_RESOLVE_AT_DECODE_LAT_6                  0        0.000%                0        0.000%
MAIN_BRANCH_RESOLVE_AT_DECODE_LAT_7                  0        0.000%                0        0.000%
MAIN_BRANCH_RESOLVE_AT_DECODE_LAT_8                  0        0.000%              178       29.325%
MAIN_BRANCH_RESOLVE_AT_DECODE_LAT_9                  0        0.000%               50        8.237%
MAIN_BRANCH_RESOLVE_AT_DECODE_LAT_10                 0        0.000%               21        3.460%
MAIN_BRANCH_RESOLVE_AT_DECODE_LAT_11                 0        0.000%                8        1.318%
MAIN_BRANCH_RESOLVE_AT_DECODE_LAT_12                 0        0.000%                3        0.494%
MAIN_BRANCH_RESOLVE_AT_DECODE_LAT_13                 0        0.000%                0        0.000%
MAIN_BRANCH_RESOLVE_AT_DECODE_LAT_14                 0        0.000%                0        0.000%
MAIN_BRANCH_RESOLVE_AT_DECODE_LAT_15                 0        0.000%                1        0.165%
MAIN_BRANCH_RESOLVE_AT_DECODE_LAT_16                 0        0.000%                0        0.000%
MAIN_BRANCH_RESOLVE_AT_DECODE_LAT_17                 0        0.000%                1        0.165%
MAIN_BRANCH_RESOLVE_AT_DECODE_LAT_18                 0        0.000%                2        0.329%
MAIN_BRANCH_RESOLVE_AT_DECODE_LAT_19                 0        0.000%                2        0.329%
MAIN_BRANCH_RESOLVE_AT_DECODE_LAT_20                 0        0.000%                0        0.000%
MAIN_BRANCH_RESOLVE_AT_DECODE_LAT_21                19       29.688%               60        9.885%
MAIN_BRANCH_RESOLVE_AT_DECODE_LAT_22                 0        0.000%                3        0.494%
MAIN_BRANCH_RESOLVE_AT_DECODE_LAT_23                 0        0.000%                2        0.329%
MAIN_BRANCH_RESOLVE_AT_DECODE_LAT_24                21       32.812%               68       11.203%
MAIN_BRANCH_RESOLVE_AT_DECODE_LAT_25                 0        0.000%               13        2.142%
MAIN_BRANCH_RESOLVE_AT_DECODE_LAT_26                 0        0.000%                4        0.659%
MAIN_BRANCH_RESOLVE_AT_DECODE_LAT_27                 0        0.000%                3        0.494%
MAIN_BRANCH_RESOLVE_AT_DECODE_LAT_28                 0        0.000%                0        0.000%
MAIN_BRANCH_RESOLVE_AT_DECODE_LAT_29                 0        0.000%                2        0.329%
MAIN_BRANCH_RESOLVE_AT_DECODE_LAT_30                 0        0.000%                0        0.000%
MAIN_BRANCH_RESOLVE_AT_DECODE_LAT_31                 0        0.000%                1        0.165%
MAIN_BRANCH_RESOLVE_AT_DECODE_LAT_32                 0        0.000%                0        0.000%
MAIN_BRANCH_RESOLVE_AT_DECODE_LAT_33                 0        0.000%                1        0.165%
MAIN_BRANCH_RESOLVE_AT_DECODE_LAT_34                 0        0.000%                2        0.329%
MAIN_BRANCH_RESOLVE_AT_DECODE_LAT_35                 0        0.000%                0        0.000%
MAIN_BRANCH_RESOLVE_AT_DECODE_LAT_36                 0        0.000%                1        0.165%
MAIN_BRANCH_RESOLVE_AT_DECODE_LAT_37                 0        0.000%                1        0.165%
MAIN_BRANCH_RESOLVE_AT_DECODE_LAT_38                 0        0.000%                0        0.000%
MAIN_BRANCH_RESOLVE_AT_DECODE_LAT_39                 0        0.000%                0        0.000%
MAIN_BRANCH_RESOLVE_AT_DECODE_LAT_40                 2        3.125%                5        0.824%
MAIN_BRANCH_RESOLVE_AT_DECODE_LAT_41                 0        0.000%                1        0.165%
MAIN_BRANCH_RESOLVE_AT_DECODE_LAT_42                 0        0.000%                0        0.000%
MAIN_BRANCH_RESOLVE_AT_DECODE_LAT_43                 0        0.000%                0        0.000%
MAIN_BRANCH_RESOLVE_AT_DECODE_LAT_44                 0        0.000%                2        0.329%
MAIN_BRANCH_RESOLVE_AT_DECODE_LAT_45                 0        0.000%                0        0.000%
MAIN_BRANCH_RESOLVE_AT_DECODE_LAT_46                 0        0.000%                1        0.165%
MAIN_BRANCH_RESOLVE_AT_DECODE_LAT_47                 0        0.000%                2        0.329%
MAIN_BRANCH_RESOLVE_AT_DECODE_LAT_48                 0        0.000%                0        0.000%
MAIN_BRANCH_RESOLVE_AT_DECODE_LAT_49                 0        0.000%                1        0.165%
MAIN_BRANCH_RESOLVE_AT_DECODE_LAT_50                 0        0.000%                0        0.000%
MAIN_BRANCH_RESOLVE_AT_DECODE_LAT_51                 0        0.000%                3        0.494%
MAIN_BRANCH_RESOLVE_AT_DECODE_LAT_52                 0        0.000%                0        0.000%
MAIN_BRANCH_RESOLVE_AT_DECODE_LAT_53                 0        0.000%                1        0.165%
MAIN_BRANCH_RESOLVE_AT_DECODE_LAT_54                 0        0.000%                2        0.329%
MAIN_BRANCH_RESOLVE_AT_DECODE_LAT_55                 0        0.000%                0        0.000%
MAIN_BRANCH_RESOLVE_AT_DECODE_LAT_56                 0        0.000%                1        0.165%
MAIN_BRANCH_RESOLVE_AT_DECODE_LAT_57                 0        0.000%                0        0.000%
MAIN_BRANCH_RESOLVE_AT_DECODE_LAT_58                 0        0.000%                0        0.000%
MAIN_BRANCH_RESOLVE_AT_DECODE_LAT_59                 0        0.000%                0        0.000%
MAIN_BRANCH_RESOLVE_AT_DECODE_LAT_60                 0        0.000%                0        0.000%
MAIN_BRANCH_RESOLVE_AT_DECODE_LAT_61                 0        0.000%                0        0.000%
MAIN_BRANCH_RESOLVE_AT_DECODE_LAT_62                 0        0.000%                2        0.329%
MAIN_BRANCH_RESOLVE_AT_DECODE_LAT_63                 0        0.000%                0        0.000%
MAIN_BRANCH_RESOLVE_AT_DECODE_LAT_64                 0        0.000%                2        0.329%
MAIN_BRANCH_RESOLVE_AT_DECODE_LAT_65                 0        0.000%                1        0.165%
MAIN_BRANCH_RESOLVE_AT_DECODE_LAT_66                 0        0.000%                0        0.000%
MAIN_BRANCH_RESOLVE_AT_DECODE_LAT_67                 0        0.000%                0        0.000%
MAIN_BRANCH_RESOLVE_AT_DECODE_LAT_68                 0        0.000%                0        0.000%
MAIN_BRANCH_RESOLVE_AT_DECODE_LAT_69                 0        0.000%                1        0.165%
MAIN_BRANCH_RESOLVE_AT_DECODE_LAT_70                 0        0.000%                0        0.000%
MAIN_BRANCH_RESOLVE_AT_DECODE_LAT_71                 0        0.000%                1        0.165%
MAIN_BRANCH_RESOLVE_AT_DECODE_LAT_72                 0        0.000%                1        0.165%
MAIN_BRANCH_RESOLVE_AT_DECODE_LAT_73                 0        0.000%                0        0.000%
MAIN_BRANCH_RESOLVE_AT_DECODE_LAT_74                 0        0.000%                0        0.000%
MAIN_BRANCH_RESOLVE_AT_DECODE_LAT_75                 0        0.000%                0        0.000%
MAIN_BRANCH_RESOLVE_AT_DECODE_LAT_76                 0        0.000%                0        0.000%
MAIN_BRANCH_RESOLVE_AT_DECODE_LAT_77                 0        0.000%                0        0.000%
MAIN_BRANCH_RESOLVE_AT_DECODE_LAT_78                 0        0.000%                0        0.000%
MAIN_BRANCH_RESOLVE_AT_DECODE_LAT_79                 0        0.000%                0        0.000%
MAIN_BRANCH_RESOLVE_AT_DECODE_LAT_80                 0        0.000%                0        0.000%
MAIN_BRANCH_RESOLVE_AT_DECODE_LAT_81                 0        0.000%                0        0.000%
MAIN_BRANCH_RESOLVE_AT_DECODE_LAT_82                 0        0.000%                0        0.000%
MAIN_BRANCH_RESOLVE_AT_DECODE_LAT_83                 0        0.000%                0        0.000%
MAIN_BRANCH_RESOLVE_AT_DECODE_LAT_84                 0        0.000%                0        0.000%
MAIN_BRANCH_RESOLVE_AT_DECODE_LAT_85                 0        0.000%                0        0.000%
MAIN_BRANCH_RESOLVE_AT_DECODE_LAT_86                 0        0.000%                0        0.000%
MAIN_BRANCH_RESOLVE_AT_DECODE_LAT_87                 0        0.000%                0        0.000%
MAIN_BRANCH_RESOLVE_AT_DECODE_LAT_88                 0        0.000%                0        0.000%
MAIN_BRANCH_RESOLVE_AT_DECODE_LAT_89                 0        0.000%                0        0.000%
MAIN_BRANCH_RESOLVE_AT_DECODE_LAT_90                 0        0.000%                0        0.000%
MAIN_BRANCH_RESOLVE_AT_DECODE_LAT_91                 0        0.000%                0        0.000%
MAIN_BRANCH_RESOLVE_AT_DECODE_LAT_92                 0        0.000%                0        0.000%
MAIN_BRANCH_RESOLVE_AT_DECODE_LAT_93                 1        1.562%                1        0.165%
MAIN_BRANCH_RESOLVE_AT_DECODE_LAT_94                 0        0.000%                0        0.000%
MAIN_BRANCH_RESOLVE_AT_DECODE_LAT_95                 0        0.000%                1        0.165%
MAIN_BRANCH_RESOLVE_AT_DECODE_LAT_96                 0        0.000%                0        0.000%
MAIN_BRANCH_RESOLVE_AT_DECODE_LAT_97                 0        0.000%                0        0.000%
MAIN_BRANCH_RESOLVE_AT_DECODE_LAT_98                 0        0.000%                0        0.000%
MAIN_BRANCH_RESOLVE_AT_DECODE_LAT_99                 0        0.000%                0        0.000%
MAIN_BRANCH_RESOLVE_AT_DECODE_LAT_100                0        0.000%                0        0.000%
MAIN_BRANCH_RESOLVE_AT_DECODE_LAT_GT100             21       32.812%              147       24.217%
                                                    64      100.000%              607      100.000%
                                                 48.95        46.66             36.15        41.81

MAIN_BRANCH_RESOLVE_AT_EXEC_LAT_1                    0        0.000%                0        0.000%
MAIN_BRANCH_RESOLVE_AT_EXEC_LAT_2                    0        0.000%                0        0.000%
MAIN_BRANCH_RESOLVE_AT_EXEC_LAT_3                    0        0.000%                0        0.000%
MAIN_BRANCH_RESOLVE_AT_EXEC_LAT_4                    0        0.000%                0        0.000%
MAIN_BRANCH_RESOLVE_AT_EXEC_LAT_5                    0        0.000%                0        0.000%
MAIN_BRANCH_RESOLVE_AT_EXEC_LAT_6                    0        0.000%                0        0.000%
MAIN_BRANCH_RESOLVE_AT_EXEC_LAT_7                    0        0.000%                0        0.000%
MAIN_BRANCH_RESOLVE_AT_EXEC_LAT_8                    0        0.000%                0        0.000%
MAIN_BRANCH_RESOLVE_AT_EXEC_LAT_9                    0        0.000%                0        0.000%
MAIN_BRANCH_RESOLVE_AT_EXEC_LAT_10                  51        0.295%              270        0.506%
MAIN_BRANCH_RESOLVE_AT_EXEC_LAT_11                 469        2.713%             1318        2.471%
MAIN_BRANCH_RESOLVE_AT_EXEC_LAT_12                  59        0.341%              185        0.347%
MAIN_BRANCH_RESOLVE_AT_EXEC_LAT_13                  36        0.208%              119        0.223%
MAIN_BRANCH_RESOLVE_AT_EXEC_LAT_14                  42        0.243%              116        0.217%
MAIN_BRANCH_RESOLVE_AT_EXEC_LAT_15                  42        0.243%              118        0.221%
MAIN_BRANCH_RESOLVE_AT_EXEC_LAT_16                  89        0.515%              357        0.669%
MAIN_BRANCH_RESOLVE_AT_EXEC_LAT_17                 257        1.487%             1214        2.276%
MAIN_BRANCH_RESOLVE_AT_EXEC_LAT_18                 473        2.737%             1601        3.001%
MAIN_BRANCH_RESOLVE_AT_EXEC_LAT_19                 150        0.868%              524        0.982%
MAIN_BRANCH_RESOLVE_AT_EXEC_LAT_20                 111        0.642%              405        0.759%
MAIN_BRANCH_RESOLVE_AT_EXEC_LAT_21                  85        0.492%              232        0.435%
MAIN_BRANCH_RESOLVE_AT_EXEC_LAT_22                 236        1.365%              671        1.258%
MAIN_BRANCH_RESOLVE_AT_EXEC_LAT_23                 131        0.758%              394        0.739%
MAIN_BRANCH_RESOLVE_AT_EXEC_LAT_24                 111        0.642%              320        0.600%
MAIN_BRANCH_RESOLVE_AT_EXEC_LAT_25                 119        0.688%              346        0.649%
MAIN_BRANCH_RESOLVE_AT_EXEC_LAT_26                  77        0.445%              236        0.442%
MAIN_BRANCH_RESOLVE_AT_EXEC_LAT_27                  80        0.463%              201        0.377%
MAIN_BRANCH_RESOLVE_AT_EXEC_LAT_28                  66        0.382%              188        0.352%
MAIN_BRANCH_RESOLVE_AT_EXEC_LAT_29                  99        0.573%              309        0.579%
MAIN_BRANCH_RESOLVE_AT_EXEC_LAT_30                 173        1.001%              550        1.031%
MAIN_BRANCH_RESOLVE_AT_EXEC_LAT_31                 128        0.741%              369        0.692%
MAIN_BRANCH_RESOLVE_AT_EXEC_LAT_32                  94        0.544%              311        0.583%
MAIN_BRANCH_RESOLVE_AT_EXEC_LAT_33                 123        0.712%              400        0.750%
MAIN_BRANCH_RESOLVE_AT_EXEC_LAT_34                 452        2.615%             1308        2.452%
MAIN_BRANCH_RESOLVE_AT_EXEC_LAT_35                  91        0.526%              330        0.619%
MAIN_BRANCH_RESOLVE_AT_EXEC_LAT_36                  79        0.457%              268        0.502%
MAIN_BRANCH_RESOLVE_AT_EXEC_LAT_37                  59        0.341%              207        0.388%
MAIN_BRANCH_RESOLVE_AT_EXEC_LAT_38                  56        0.324%              171        0.321%
MAIN_BRANCH_RESOLVE_AT_EXEC_LAT_39                  41        0.237%              136        0.255%
MAIN_BRANCH_RESOLVE_AT_EXEC_LAT_40                 111        0.642%              302        0.566%
MAIN_BRANCH_RESOLVE_AT_EXEC_LAT_41                  59        0.341%              159        0.298%
MAIN_BRANCH_RESOLVE_AT_EXEC_LAT_42                 259        1.498%              784        1.470%
MAIN_BRANCH_RESOLVE_AT_EXEC_LAT_43                 113        0.654%              312        0.585%
MAIN_BRANCH_RESOLVE_AT_EXEC_LAT_44                 209        1.209%              762        1.428%
MAIN_BRANCH_RESOLVE_AT_EXEC_LAT_45                  87        0.503%              277        0.519%
MAIN_BRANCH_RESOLVE_AT_EXEC_LAT_46                 133        0.769%              326        0.611%
MAIN_BRANCH_RESOLVE_AT_EXEC_LAT_47                  77        0.445%              290        0.544%
MAIN_BRANCH_RESOLVE_AT_EXEC_LAT_48                 113        0.654%              348        0.652%
MAIN_BRANCH_RESOLVE_AT_EXEC_LAT_49                 104        0.602%              312        0.585%
MAIN_BRANCH_RESOLVE_AT_EXEC_LAT_50                  74        0.428%              221        0.414%
MAIN_BRANCH_RESOLVE_AT_EXEC_LAT_51                  50        0.289%              166        0.311%
MAIN_BRANCH_RESOLVE_AT_EXEC_LAT_52                 810        4.686%             2454        4.600%
MAIN_BRANCH_RESOLVE_AT_EXEC_LAT_53                 298        1.724%              472        0.885%
MAIN_BRANCH_RESOLVE_AT_EXEC_LAT_54                 720        4.166%             2552        4.784%
MAIN_BRANCH_RESOLVE_AT_EXEC_LAT_55                  57        0.330%              171        0.321%
MAIN_BRANCH_RESOLVE_AT_EXEC_LAT_56                  62        0.359%              184        0.345%
MAIN_BRANCH_RESOLVE_AT_EXEC_LAT_57                 867        5.016%             2590        4.855%
MAIN_BRANCH_RESOLVE_AT_EXEC_LAT_58                 686        3.969%             2240        4.199%
MAIN_BRANCH_RESOLVE_AT_EXEC_LAT_59                 675        3.905%             2071        3.882%
MAIN_BRANCH_RESOLVE_AT_EXEC_LAT_60                 280        1.620%              814        1.526%
MAIN_BRANCH_RESOLVE_AT_EXEC_LAT_61                  47        0.272%              131        0.246%
MAIN_BRANCH_RESOLVE_AT_EXEC_LAT_62                  33        0.191%              103        0.193%
MAIN_BRANCH_RESOLVE_AT_EXEC_LAT_63                  68        0.393%              168        0.315%
MAIN_BRANCH_RESOLVE_AT_EXEC_LAT_64                  46        0.266%              145        0.272%
MAIN_BRANCH_RESOLVE_AT_EXEC_LAT_65                  62        0.359%              167        0.313%
MAIN_BRANCH_RESOLVE_AT_EXEC_LAT_66                  51        0.295%              157        0.294%
MAIN_BRANCH_RESOLVE_AT_EXEC_LAT_67                  35        0.202%              114        0.214%
MAIN_BRANCH_RESOLVE_AT_EXEC_LAT_68                  74        0.428%              224        0.420%
MAIN_BRANCH_RESOLVE_AT_EXEC_LAT_69                  68        0.393%              178        0.334%
MAIN_BRANCH_RESOLVE_AT_EXEC_LAT_70                  65        0.376%              184        0.345%
MAIN_BRANCH_RESOLVE_AT_EXEC_LAT_71                  51        0.295%              120        0.225%
MAIN_BRANCH_RESOLVE_AT_EXEC_LAT_72                  38        0.220%              100        0.187%
MAIN_BRANCH_RESOLVE_AT_EXEC_LAT_73                  42        0.243%              105        0.197%
MAIN_BRANCH_RESOLVE_AT_EXEC_LAT_74                  49        0.283%              169        0.317%
MAIN_BRANCH_RESOLVE_AT_EXEC_LAT_75                  25        0.145%               93        0.174%
MAIN_BRANCH_RESOLVE_AT_EXEC_LAT_76                  39        0.226%              117        0.219%
MAIN_BRANCH_RESOLVE_AT_EXEC_LAT_77                  63        0.364%              172        0.322%
MAIN_BRANCH_RESOLVE_AT_EXEC_LAT_78                 827        4.785%             2456        4.604%
MAIN_BRANCH_RESOLVE_AT_EXEC_LAT_79                  31        0.179%               96        0.180%
MAIN_BRANCH_RESOLVE_AT_EXEC_LAT_80                  49        0.283%              140        0.262%
MAIN_BRANCH_RESOLVE_AT_EXEC_LAT_81                  32        0.185%              109        0.204%
MAIN_BRANCH_RESOLVE_AT_EXEC_LAT_82                  54        0.312%              135        0.253%
MAIN_BRANCH_RESOLVE_AT_EXEC_LAT_83                  30        0.174%               86        0.161%
MAIN_BRANCH_RESOLVE_AT_EXEC_LAT_84                  19        0.110%               44        0.082%
MAIN_BRANCH_RESOLVE_AT_EXEC_LAT_85                  27        0.156%               87        0.163%
MAIN_BRANCH_RESOLVE_AT_EXEC_LAT_86                  19        0.110%               69        0.129%
MAIN_BRANCH_RESOLVE_AT_EXEC_LAT_87                  23        0.133%               72        0.135%
MAIN_BRANCH_RESOLVE_AT_EXEC_LAT_88                  48        0.278%              126        0.236%
MAIN_BRANCH_RESOLVE_AT_EXEC_LAT_89                  33        0.191%              108        0.202%
MAIN_BRANCH_RESOLVE_AT_EXEC_LAT_90                  28        0.162%               92        0.172%
MAIN_BRANCH_RESOLVE_AT_EXEC_LAT_91                  27        0.156%               75        0.141%
MAIN_BRANCH_RESOLVE_AT_EXEC_LAT_92                  33        0.191%               95        0.178%
MAIN_BRANCH_RESOLVE_AT_EXEC_LAT_93                  44        0.255%              111        0.208%
MAIN_BRANCH_RESOLVE_AT_EXEC_LAT_94                  44        0.255%              129        0.242%
MAIN_BRANCH_RESOLVE_AT_EXEC_LAT_95                  26        0.150%               82        0.154%
MAIN_BRANCH_RESOLVE_AT_EXEC_LAT_96                  10        0.058%               51        0.096%
MAIN_BRANCH_RESOLVE_AT_EXEC_LAT_97                  15        0.087%               44        0.082%
MAIN_BRANCH_RESOLVE_AT_EXEC_LAT_98                  12        0.069%               38        0.071%
MAIN_BRANCH_RESOLVE_AT_EXEC_LAT_99                   7        0.040%               32        0.060%
MAIN_BRANCH_RESOLVE_AT_EXEC_LAT_100                 10        0.058%               34        0.064%
MAIN_BRANCH_RESOLVE_AT_EXEC_LAT_GT100             5057       29.258%            15607       29.256%
                                                 17284      100.000%            53346      100.000%
                                                 62.39        45.02             61.87        45.05

PRED_TO_UPDATE_CYCLES_0                              0         -nan%                0         -nan%
PRED_TO_UPDATE_CYCLES_1                              0         -nan%                0         -nan%
PRED_TO_UPDATE_CYCLES_2                              0         -nan%                0         -nan%
PRED_TO_UPDATE_CYCLES_3                              0         -nan%                0         -nan%
PRED_TO_UPDATE_CYCLES_4                              0         -nan%                0         -nan%
PRED_TO_UPDATE_CYCLES_5                              0         -nan%                0         -nan%
PRED_TO_UPDATE_CYCLES_6                              0         -nan%                0         -nan%
PRED_TO_UPDATE_CYCLES_7                              0         -nan%                0         -nan%
PRED_TO_UPDATE_CYCLES_8                              0         -nan%                0         -nan%
PRED_TO_UPDATE_CYCLES_9                              0         -nan%                0         -nan%
PRED_TO_UPDATE_CYCLES_10                             0         -nan%                0         -nan%
PRED_TO_UPDATE_CYCLES_11                             0         -nan%                0         -nan%
PRED_TO_UPDATE_CYCLES_12                             0         -nan%                0         -nan%
PRED_TO_UPDATE_CYCLES_13                             0         -nan%                0         -nan%
PRED_TO_UPDATE_CYCLES_14                             0         -nan%                0         -nan%
PRED_TO_UPDATE_CYCLES_15                             0         -nan%                0         -nan%
PRED_TO_UPDATE_CYCLES_16                             0         -nan%                0         -nan%
PRED_TO_UPDATE_CYCLES_17                             0         -nan%                0         -nan%
PRED_TO_UPDATE_CYCLES_18                             0         -nan%                0         -nan%
PRED_TO_UPDATE_CYCLES_19                             0         -nan%                0         -nan%
PRED_TO_UPDATE_CYCLES_20                             0         -nan%                0         -nan%
PRED_TO_UPDATE_CYCLES_21                             0         -nan%                0         -nan%
PRED_TO_UPDATE_CYCLES_22                             0         -nan%                0         -nan%
PRED_TO_UPDATE_CYCLES_23                             0         -nan%                0         -nan%
PRED_TO_UPDATE_CYCLES_24                             0         -nan%                0         -nan%
PRED_TO_UPDATE_CYCLES_25                             0         -nan%                0         -nan%
PRED_TO_UPDATE_CYCLES_26                             0         -nan%                0         -nan%
PRED_TO_UPDATE_CYCLES_27                             0         -nan%                0         -nan%
PRED_TO_UPDATE_CYCLES_28                             0         -nan%                0         -nan%
PRED_TO_UPDATE_CYCLES_29                             0         -nan%                0         -nan%
PRED_TO_UPDATE_CYCLES_30                             0         -nan%                0         -nan%
                                                     0         -nan%                0         -nan%
                                                  -nan         -nan              -nan         -nan

BP_ON_PATH_CONF_RECOVER_AT_EXEC                      0         -nan%                0         -nan%
BP_ON_PATH_CONF_CORRECT                              0         -nan%                0         -nan%
                                                     0         -nan%                0         -nan%
                                                  -nan         -nan              -nan         -nan

BP_OFF_PATH_CONF_RECOVER_AT_EXEC                     0         -nan%                0         -nan%
BP_OFF_PATH_CONF_CORRECT                             0         -nan%                0         -nan%
                                                     0         -nan%                0         -nan%
                                                  -nan         -nan              -nan         -nan

BP_ON_PATH_PRED_MIS_CONF_RECOVER_AT_EXEC             0         -nan%                0         -nan%
BP_ON_PATH_PRED_MIS_CONF_CORRECT                     0         -nan%                0         -nan%
                                                     0         -nan%                0         -nan%
                                                  -nan         -nan              -nan         -nan

BP_ON_PATH_PRED_COR_CONF_RECOVER_AT_EXEC             0         -nan%                0         -nan%
BP_ON_PATH_PRED_COR_CONF_CORRECT                     0         -nan%                0         -nan%
                                                     0         -nan%                0         -nan%
                                                  -nan         -nan              -nan         -nan

BP_OFF_PATH_PRED_MIS_CONF_RECOVER_AT_EXEC             0         -nan%                0         -nan%
BP_OFF_PATH_PRED_MIS_CONF_CORRECT                    0         -nan%                0         -nan%
                                                     0         -nan%                0         -nan%
                                                  -nan         -nan              -nan         -nan

BP_OFF_PATH_PRED_COR_CONF_RECOVER_AT_EXEC             0         -nan%                0         -nan%
BP_OFF_PATH_PRED_COR_CONF_CORRECT                    0         -nan%                0         -nan%
                                                     0         -nan%                0         -nan%
                                                  -nan         -nan              -nan         -nan

ONPATH_CONF_RECOVER_AT_EXEC                          0         -nan%                0         -nan%
ONPATH_CONF_CORRECT                                  0         -nan%                0         -nan%
                                                     0         -nan%                0         -nan%
                                                  -nan         -nan              -nan         -nan

ONPATH_ON_PATH_CONF_RECOVER_AT_EXEC                  0         -nan%                0         -nan%
ONPATH_ON_PATH_CONF_CORRECT                          0         -nan%                0         -nan%
                                                     0         -nan%                0         -nan%
                                                  -nan         -nan              -nan         -nan

ONPATH_OFF_PATH_CONF_RECOVER_AT_EXEC                 0         -nan%                0         -nan%
ONPATH_OFF_PATH_CONF_CORRECT                         0         -nan%                0         -nan%
                                                     0         -nan%                0         -nan%
                                                  -nan         -nan              -nan         -nan

PRED_ONPATH_CONF_RECOVER_AT_EXEC                     0         -nan%                0         -nan%
PRED_ONPATH_CONF_CORRECT                             0         -nan%                0         -nan%
                                                     0         -nan%                0         -nan%
                                                  -nan         -nan              -nan         -nan

PRED_OFFPATH_CONF_RECOVER_AT_EXEC                    0         -nan%                0         -nan%
PRED_OFFPATH_CONF_CORRECT                            0         -nan%                0         -nan%
                                                     0         -nan%                0         -nan%
                                                  -nan         -nan              -nan         -nan

LONG_OVWT_MIS                                        0         -nan%                0         -nan%
LONG_OVWT_COR                                        0         -nan%                0         -nan%
                                                     0         -nan%                0         -nan%
                                                  -nan         -nan              -nan         -nan

OPC_LENGTH_0_7_MIS                                   0         -nan%                0         -nan%
OPC_LENGTH_0_7_COR                                   0         -nan%                0         -nan%
                                                     0         -nan%                0         -nan%
                                                  -nan         -nan              -nan         -nan

OPC_LENGTH_8_15_MIS                                  0         -nan%                0         -nan%
OPC_LENGTH_8_15_COR                                  0         -nan%                0         -nan%
                                                     0         -nan%                0         -nan%
                                                  -nan         -nan              -nan         -nan

OPC_LENGTH_16_23_MIS                                 0         -nan%                0         -nan%
OPC_LENGTH_16_23_COR                                 0         -nan%                0         -nan%
                                                     0         -nan%                0         -nan%
                                                  -nan         -nan              -nan         -nan

OPC_LENGTH_24_31_MIS                                 0         -nan%                0         -nan%
OPC_LENGTH_24_31_COR                                 0         -nan%                0         -nan%
                                                     0         -nan%                0         -nan%
                                                  -nan         -nan              -nan         -nan

OPC_LENGTH_32_39_MIS                                 0         -nan%                0         -nan%
OPC_LENGTH_32_39_COR                                 0         -nan%                0         -nan%
                                                     0         -nan%                0         -nan%
                                                  -nan         -nan              -nan         -nan

OPC_LENGTH_40_47_MIS                                 0         -nan%                0         -nan%
OPC_LENGTH_40_47_COR                                 0         -nan%                0         -nan%
                                                     0         -nan%                0         -nan%
                                                  -nan         -nan              -nan         -nan

OPC_LENGTH_48_55_MIS                                 0         -nan%                0         -nan%
OPC_LENGTH_48_55_COR                                 0         -nan%                0         -nan%
                                                     0         -nan%                0         -nan%
                                                  -nan         -nan              -nan         -nan

OPC_LENGTH_56_63_MIS                                 0         -nan%                0         -nan%
OPC_LENGTH_56_63_COR                                 0         -nan%                0         -nan%
                                                     0         -nan%                0         -nan%
                                                  -nan         -nan              -nan         -nan

OPC_LENGTH_64_71_MIS                                 0         -nan%                0         -nan%
OPC_LENGTH_64_71_COR                                 0         -nan%                0         -nan%
                                                     0         -nan%                0         -nan%
                                                  -nan         -nan              -nan         -nan

OPC_LENGTH_72_79_MIS                                 0         -nan%                0         -nan%
OPC_LENGTH_72_79_COR                                 0         -nan%                0         -nan%
                                                     0         -nan%                0         -nan%
                                                  -nan         -nan              -nan         -nan

OPC_LENGTH_80_MIS                                    0         -nan%                0         -nan%
OPC_LENGTH_80_COR                                    0         -nan%                0         -nan%
                                                     0         -nan%                0         -nan%
                                                  -nan         -nan              -nan         -nan

ALL_ONES_MIS                                         0         -nan%                0         -nan%
ALL_ONES_COR                                         0         -nan%                0         -nan%
                                                     0         -nan%                0         -nan%
                                                  -nan         -nan              -nan         -nan

FIRST_ONE_MIS                                        0         -nan%                0         -nan%
FIRST_ONE_COR                                        0         -nan%                0         -nan%
                                                     0         -nan%                0         -nan%
                                                  -nan         -nan              -nan         -nan

ZEROS_0_1_MIS                                        0         -nan%                0         -nan%
ZEROS_0_1_COR                                        0         -nan%                0         -nan%
                                                     0         -nan%                0         -nan%
                                                  -nan         -nan              -nan         -nan

ZEROS_2_3_MIS                                        0         -nan%                0         -nan%
ZEROS_2_3_COR                                        0         -nan%                0         -nan%
                                                     0         -nan%                0         -nan%
                                                  -nan         -nan              -nan         -nan

ZEROS_4_5_MIS                                        0         -nan%                0         -nan%
ZEROS_4_5_COR                                        0         -nan%                0         -nan%
                                                     0         -nan%                0         -nan%
                                                  -nan         -nan              -nan         -nan

ZEROS_6_7_MIS                                        0         -nan%                0         -nan%
ZEROS_6_7_COR                                        0         -nan%                0         -nan%
                                                     0         -nan%                0         -nan%
                                                  -nan         -nan              -nan         -nan

ZEROS_8_9_MIS                                        0         -nan%                0         -nan%
ZEROS_8_9_COR                                        0         -nan%                0         -nan%
                                                     0         -nan%                0         -nan%
                                                  -nan         -nan              -nan         -nan

ZEROS_10_11_MIS                                      0         -nan%                0         -nan%
ZEROS_10_11_COR                                      0         -nan%                0         -nan%
                                                     0         -nan%                0         -nan%
                                                  -nan         -nan              -nan         -nan

ZEROS_12_13_MIS                                      0         -nan%                0         -nan%
ZEROS_12_13_COR                                      0         -nan%                0         -nan%
                                                     0         -nan%                0         -nan%
                                                  -nan         -nan              -nan         -nan

ZEROS_14_15_MIS                                      0         -nan%                0         -nan%
ZEROS_14_15_COR                                      0         -nan%                0         -nan%
                                                     0         -nan%                0         -nan%
                                                  -nan         -nan              -nan         -nan

ZEROS_16_MIS                                         0         -nan%                0         -nan%
ZEROS_16_COR                                         0         -nan%                0         -nan%
                                                     0         -nan%                0         -nan%
                                                  -nan         -nan              -nan         -nan

GS2BC_GSHARE                                         0         -nan%                0         -nan%
GS2BC_2BC                                            0         -nan%                0         -nan%
                                                     0         -nan%                0         -nan%
                                                  -nan         -nan              -nan         -nan

GSKEW2BC_VOTE                                        0         -nan%                0         -nan%
GSKEW2BC_2BC                                         0         -nan%                0         -nan%
                                                     0         -nan%                0         -nan%
                                                  -nan         -nan              -nan         -nan

FUTGSHARE_INIT_ON_PATH_CORRECT                       0         -nan%                0         -nan%
FUTGSHARE_INIT_ON_PATH_RECOVER_AT_EXEC               0         -nan%                0         -nan%
                                                     0         -nan%                0         -nan%
                                                  -nan         -nan              -nan         -nan

FUTGSHARE_INIT_OFF_PATH_CORRECT                      0         -nan%                0         -nan%
FUTGSHARE_INIT_OFF_PATH_RECOVER_AT_EXEC              0         -nan%                0         -nan%
                                                     0         -nan%                0         -nan%
                                                  -nan         -nan              -nan         -nan

FUTGSHARE_CHANGED_CORRECTED_ON_PATH                  0         -nan%                0         -nan%
FUTGSHARE_CHANGED_SCREWED_ON_PATH                    0         -nan%                0         -nan%
                                                     0         -nan%                0         -nan%
                                                  -nan         -nan              -nan         -nan

FUTGSHARE_CHANGED_CORRECTED_OFF_PATH                 0         -nan%                0         -nan%
FUTGSHARE_CHANGED_SCREWED_OFF_PATH                   0         -nan%                0         -nan%
                                                     0         -nan%                0         -nan%
                                                  -nan         -nan              -nan         -nan

FUTGSHARE_ORIG_CORRECT_FUT_CORRECT_ON_PATH             0         -nan%                0         -nan%
FUTGSHARE_ORIG_RECOVER_AT_EXEC_FUT_CORRECT_ON_PATH             0         -nan%                0         -nan%
FUTGSHARE_ORIG_CORRECT_FUT_RECOVER_AT_EXEC_ON_PATH             0         -nan%                0         -nan%
FUTGSHARE_ORIG_RECOVER_AT_EXEC_FUT_RECOVER_AT_EXEC_ON_PATH             0         -nan%                0         -nan%
                                                     0         -nan%                0         -nan%
                                                  -nan         -nan              -nan         -nan

FUTGSHARE_ORIG_CORRECT_FUT_CORRECT_OFF_PATH             0         -nan%                0         -nan%
FUTGSHARE_ORIG_RECOVER_AT_EXEC_FUT_CORRECT_OFF_PATH             0         -nan%                0         -nan%
FUTGSHARE_ORIG_CORRECT_FUT_RECOVER_AT_EXEC_OFF_PATH             0         -nan%                0         -nan%
FUTGSHARE_ORIG_RECOVER_AT_EXEC_FUT_RECOVER_AT_EXEC_OFF_PATH             0         -nan%                0         -nan%
                                                     0         -nan%                0         -nan%
                                                  -nan         -nan              -nan         -nan

FUTGSHARE_ON_PATH_CORRECT_0                          0         -nan%                0         -nan%
FUTGSHARE_ON_PATH_RECOVER_AT_EXEC_0                  0         -nan%                0         -nan%
                                                     0         -nan%                0         -nan%
                                                  -nan         -nan              -nan         -nan

FUTGSHARE_OFF_PATH_CORRECT_0                         0         -nan%                0         -nan%
FUTGSHARE_OFF_PATH_RECOVER_AT_EXEC_0                 0         -nan%                0         -nan%
                                                     0         -nan%                0         -nan%
                                                  -nan         -nan              -nan         -nan

FUTGSHARE_ON_PATH_CORRECT_1                          0         -nan%                0         -nan%
FUTGSHARE_ON_PATH_RECOVER_AT_EXEC_1                  0         -nan%                0         -nan%
                                                     0         -nan%                0         -nan%
                                                  -nan         -nan              -nan         -nan

FUTGSHARE_OFF_PATH_CORRECT_1                         0         -nan%                0         -nan%
FUTGSHARE_OFF_PATH_RECOVER_AT_EXEC_1                 0         -nan%                0         -nan%
                                                     0         -nan%                0         -nan%
                                                  -nan         -nan              -nan         -nan

FUTGSHARE_ON_PATH_CORRECT_2                          0         -nan%                0         -nan%
FUTGSHARE_ON_PATH_RECOVER_AT_EXEC_2                  0         -nan%                0         -nan%
                                                     0         -nan%                0         -nan%
                                                  -nan         -nan              -nan         -nan

FUTGSHARE_OFF_PATH_CORRECT_2                         0         -nan%                0         -nan%
FUTGSHARE_OFF_PATH_RECOVER_AT_EXEC_2                 0         -nan%                0         -nan%
                                                     0         -nan%                0         -nan%
                                                  -nan         -nan              -nan         -nan

FUTGSHARE_ON_PATH_CORRECT_3                          0         -nan%                0         -nan%
FUTGSHARE_ON_PATH_RECOVER_AT_EXEC_3                  0         -nan%                0         -nan%
                                                     0         -nan%                0         -nan%
                                                  -nan         -nan              -nan         -nan

FUTGSHARE_OFF_PATH_CORRECT_3                         0         -nan%                0         -nan%
FUTGSHARE_OFF_PATH_RECOVER_AT_EXEC_3                 0         -nan%                0         -nan%
                                                     0         -nan%                0         -nan%
                                                  -nan         -nan              -nan         -nan

FUTGSHARE_ON_PATH_CORRECT_4                          0         -nan%                0         -nan%
FUTGSHARE_ON_PATH_RECOVER_AT_EXEC_4                  0         -nan%                0         -nan%
                                                     0         -nan%                0         -nan%
                                                  -nan         -nan              -nan         -nan

FUTGSHARE_OFF_PATH_CORRECT_4                         0         -nan%                0         -nan%
FUTGSHARE_OFF_PATH_RECOVER_AT_EXEC_4                 0         -nan%                0         -nan%
                                                     0         -nan%                0         -nan%
                                                  -nan         -nan              -nan         -nan

FUTGSHARE_ON_PATH_CORRECT_5                          0         -nan%                0         -nan%
FUTGSHARE_ON_PATH_RECOVER_AT_EXEC_5                  0         -nan%                0         -nan%
                                                     0         -nan%                0         -nan%
                                                  -nan         -nan              -nan         -nan

FUTGSHARE_OFF_PATH_CORRECT_5                         0         -nan%                0         -nan%
FUTGSHARE_OFF_PATH_RECOVER_AT_EXEC_5                 0         -nan%                0         -nan%
                                                     0         -nan%                0         -nan%
                                                  -nan         -nan              -nan         -nan

FUTGSHARE_ON_PATH_CORRECT_6                          0         -nan%                0         -nan%
FUTGSHARE_ON_PATH_RECOVER_AT_EXEC_6                  0         -nan%                0         -nan%
                                                     0         -nan%                0         -nan%
                                                  -nan         -nan              -nan         -nan

FUTGSHARE_OFF_PATH_CORRECT_6                         0         -nan%                0         -nan%
FUTGSHARE_OFF_PATH_RECOVER_AT_EXEC_6                 0         -nan%                0         -nan%
                                                     0         -nan%                0         -nan%
                                                  -nan         -nan              -nan         -nan

FUTGSHARE_ON_PATH_CORRECT_7                          0         -nan%                0         -nan%
FUTGSHARE_ON_PATH_RECOVER_AT_EXEC_7                  0         -nan%                0         -nan%
                                                     0         -nan%                0         -nan%
                                                  -nan         -nan              -nan         -nan

FUTGSHARE_OFF_PATH_CORRECT_7                         0         -nan%                0         -nan%
FUTGSHARE_OFF_PATH_RECOVER_AT_EXEC_7                 0         -nan%                0         -nan%
                                                     0         -nan%                0         -nan%
                                                  -nan         -nan              -nan         -nan

FUTGSHARE_ON_PATH_CORRECT_8                          0         -nan%                0         -nan%
FUTGSHARE_ON_PATH_RECOVER_AT_EXEC_8                  0         -nan%                0         -nan%
                                                     0         -nan%                0         -nan%
                                                  -nan         -nan              -nan         -nan

FUTGSHARE_OFF_PATH_CORRECT_8                         0         -nan%                0         -nan%
FUTGSHARE_OFF_PATH_RECOVER_AT_EXEC_8                 0         -nan%                0         -nan%
                                                     0         -nan%                0         -nan%
                                                  -nan         -nan              -nan         -nan

FUTGSHARE_ON_PATH_CORRECT_9                          0         -nan%                0         -nan%
FUTGSHARE_ON_PATH_RECOVER_AT_EXEC_9                  0         -nan%                0         -nan%
                                                     0         -nan%                0         -nan%
                                                  -nan         -nan              -nan         -nan

FUTGSHARE_OFF_PATH_CORRECT_9                         0         -nan%                0         -nan%
FUTGSHARE_OFF_PATH_RECOVER_AT_EXEC_9                 0         -nan%                0         -nan%
                                                     0         -nan%                0         -nan%
                                                  -nan         -nan              -nan         -nan

FUTGSHARE_ON_PATH_CORRECT_10                         0         -nan%                0         -nan%
FUTGSHARE_ON_PATH_RECOVER_AT_EXEC_10                 0         -nan%                0         -nan%
                                                     0         -nan%                0         -nan%
                                                  -nan         -nan              -nan         -nan

FUTGSHARE_OFF_PATH_CORRECT_10                        0         -nan%                0         -nan%
FUTGSHARE_OFF_PATH_RECOVER_AT_EXEC_10                0         -nan%                0         -nan%
                                                     0         -nan%                0         -nan%
                                                  -nan         -nan              -nan         -nan

FUTGSHARE_ON_PATH_CORRECT_11                         0         -nan%                0         -nan%
FUTGSHARE_ON_PATH_RECOVER_AT_EXEC_11                 0         -nan%                0         -nan%
                                                     0         -nan%                0         -nan%
                                                  -nan         -nan              -nan         -nan

FUTGSHARE_OFF_PATH_CORRECT_11                        0         -nan%                0         -nan%
FUTGSHARE_OFF_PATH_RECOVER_AT_EXEC_11                0         -nan%                0         -nan%
                                                     0         -nan%                0         -nan%
                                                  -nan         -nan              -nan         -nan

FUTGSHARE_ON_PATH_CORRECT_12                         0         -nan%                0         -nan%
FUTGSHARE_ON_PATH_RECOVER_AT_EXEC_12                 0         -nan%                0         -nan%
                                                     0         -nan%                0         -nan%
                                                  -nan         -nan              -nan         -nan

FUTGSHARE_OFF_PATH_CORRECT_12                        0         -nan%                0         -nan%
FUTGSHARE_OFF_PATH_RECOVER_AT_EXEC_12                0         -nan%                0         -nan%
                                                     0         -nan%                0         -nan%
                                                  -nan         -nan              -nan         -nan

FUTGSHARE_ON_PATH_CORRECT_13                         0         -nan%                0         -nan%
FUTGSHARE_ON_PATH_RECOVER_AT_EXEC_13                 0         -nan%                0         -nan%
                                                     0         -nan%                0         -nan%
                                                  -nan         -nan              -nan         -nan

FUTGSHARE_OFF_PATH_CORRECT_13                        0         -nan%                0         -nan%
FUTGSHARE_OFF_PATH_RECOVER_AT_EXEC_13                0         -nan%                0         -nan%
                                                     0         -nan%                0         -nan%
                                                  -nan         -nan              -nan         -nan

FUTGSHARE_ON_PATH_CORRECT_14                         0         -nan%                0         -nan%
FUTGSHARE_ON_PATH_RECOVER_AT_EXEC_14                 0         -nan%                0         -nan%
                                                     0         -nan%                0         -nan%
                                                  -nan         -nan              -nan         -nan

FUTGSHARE_OFF_PATH_CORRECT_14                        0         -nan%                0         -nan%
FUTGSHARE_OFF_PATH_RECOVER_AT_EXEC_14                0         -nan%                0         -nan%
                                                     0         -nan%                0         -nan%
                                                  -nan         -nan              -nan         -nan

FUTGSHARE_ON_PATH_CORRECT_15                         0         -nan%                0         -nan%
FUTGSHARE_ON_PATH_RECOVER_AT_EXEC_15                 0         -nan%                0         -nan%
                                                     0         -nan%                0         -nan%
                                                  -nan         -nan              -nan         -nan

FUTGSHARE_OFF_PATH_CORRECT_15                        0         -nan%                0         -nan%
FUTGSHARE_OFF_PATH_RECOVER_AT_EXEC_15                0         -nan%                0         -nan%
                                                     0         -nan%                0         -nan%
                                                  -nan         -nan              -nan         -nan

FUTGSHARE_CHANGED_CORRECTED_ON_PATH_0                0         -nan%                0         -nan%
FUTGSHARE_CHANGED_SCREWED_ON_PATH_0                  0         -nan%                0         -nan%
                                                     0         -nan%                0         -nan%
                                                  -nan         -nan              -nan         -nan

FUTGSHARE_CHANGED_CORRECTED_OFF_PATH_0               0         -nan%                0         -nan%
FUTGSHARE_CHANGED_SCREWED_OFF_PATH_0                 0         -nan%                0         -nan%
                                                     0         -nan%                0         -nan%
                                                  -nan         -nan              -nan         -nan

FUTGSHARE_CHANGED_CORRECTED_ON_PATH_1                0         -nan%                0         -nan%
FUTGSHARE_CHANGED_SCREWED_ON_PATH_1                  0         -nan%                0         -nan%
                                                     0         -nan%                0         -nan%
                                                  -nan         -nan              -nan         -nan

FUTGSHARE_CHANGED_CORRECTED_OFF_PATH_1               0         -nan%                0         -nan%
FUTGSHARE_CHANGED_SCREWED_OFF_PATH_1                 0         -nan%                0         -nan%
                                                     0         -nan%                0         -nan%
                                                  -nan         -nan              -nan         -nan

FUTGSHARE_CHANGED_CORRECTED_ON_PATH_2                0         -nan%                0         -nan%
FUTGSHARE_CHANGED_SCREWED_ON_PATH_2                  0         -nan%                0         -nan%
                                                     0         -nan%                0         -nan%
                                                  -nan         -nan              -nan         -nan

FUTGSHARE_CHANGED_CORRECTED_OFF_PATH_2               0         -nan%                0         -nan%
FUTGSHARE_CHANGED_SCREWED_OFF_PATH_2                 0         -nan%                0         -nan%
                                                     0         -nan%                0         -nan%
                                                  -nan         -nan              -nan         -nan

FUTGSHARE_CHANGED_CORRECTED_ON_PATH_3                0         -nan%                0         -nan%
FUTGSHARE_CHANGED_SCREWED_ON_PATH_3                  0         -nan%                0         -nan%
                                                     0         -nan%                0         -nan%
                                                  -nan         -nan              -nan         -nan

FUTGSHARE_CHANGED_CORRECTED_OFF_PATH_3               0         -nan%                0         -nan%
FUTGSHARE_CHANGED_SCREWED_OFF_PATH_3                 0         -nan%                0         -nan%
                                                     0         -nan%                0         -nan%
                                                  -nan         -nan              -nan         -nan

FUTGSHARE_CHANGED_CORRECTED_ON_PATH_4                0         -nan%                0         -nan%
FUTGSHARE_CHANGED_SCREWED_ON_PATH_4                  0         -nan%                0         -nan%
                                                     0         -nan%                0         -nan%
                                                  -nan         -nan              -nan         -nan

FUTGSHARE_CHANGED_CORRECTED_OFF_PATH_4               0         -nan%                0         -nan%
FUTGSHARE_CHANGED_SCREWED_OFF_PATH_4                 0         -nan%                0         -nan%
                                                     0         -nan%                0         -nan%
                                                  -nan         -nan              -nan         -nan

FUTGSHARE_CHANGED_CORRECTED_ON_PATH_5                0         -nan%                0         -nan%
FUTGSHARE_CHANGED_SCREWED_ON_PATH_5                  0         -nan%                0         -nan%
                                                     0         -nan%                0         -nan%
                                                  -nan         -nan              -nan         -nan

FUTGSHARE_CHANGED_CORRECTED_OFF_PATH_5               0         -nan%                0         -nan%
FUTGSHARE_CHANGED_SCREWED_OFF_PATH_5                 0         -nan%                0         -nan%
                                                     0         -nan%                0         -nan%
                                                  -nan         -nan              -nan         -nan

FUTGSHARE_CHANGED_CORRECTED_ON_PATH_6                0         -nan%                0         -nan%
FUTGSHARE_CHANGED_SCREWED_ON_PATH_6                  0         -nan%                0         -nan%
                                                     0         -nan%                0         -nan%
                                                  -nan         -nan              -nan         -nan

FUTGSHARE_CHANGED_CORRECTED_OFF_PATH_6               0         -nan%                0         -nan%
FUTGSHARE_CHANGED_SCREWED_OFF_PATH_6                 0         -nan%                0         -nan%
                                                     0         -nan%                0         -nan%
                                                  -nan         -nan              -nan         -nan

FUTGSHARE_CHANGED_CORRECTED_ON_PATH_7                0         -nan%                0         -nan%
FUTGSHARE_CHANGED_SCREWED_ON_PATH_7                  0         -nan%                0         -nan%
                                                     0         -nan%                0         -nan%
                                                  -nan         -nan              -nan         -nan

FUTGSHARE_CHANGED_CORRECTED_OFF_PATH_7               0         -nan%                0         -nan%
FUTGSHARE_CHANGED_SCREWED_OFF_PATH_7                 0         -nan%                0         -nan%
                                                     0         -nan%                0         -nan%
                                                  -nan         -nan              -nan         -nan

FUTGSHARE_CHANGED_CORRECTED_ON_PATH_8                0         -nan%                0         -nan%
FUTGSHARE_CHANGED_SCREWED_ON_PATH_8                  0         -nan%                0         -nan%
                                                     0         -nan%                0         -nan%
                                                  -nan         -nan              -nan         -nan

FUTGSHARE_CHANGED_CORRECTED_OFF_PATH_8               0         -nan%                0         -nan%
FUTGSHARE_CHANGED_SCREWED_OFF_PATH_8                 0         -nan%                0         -nan%
                                                     0         -nan%                0         -nan%
                                                  -nan         -nan              -nan         -nan

FUTGSHARE_CHANGED_CORRECTED_ON_PATH_9                0         -nan%                0         -nan%
FUTGSHARE_CHANGED_SCREWED_ON_PATH_9                  0         -nan%                0         -nan%
                                                     0         -nan%                0         -nan%
                                                  -nan         -nan              -nan         -nan

FUTGSHARE_CHANGED_CORRECTED_OFF_PATH_9               0         -nan%                0         -nan%
FUTGSHARE_CHANGED_SCREWED_OFF_PATH_9                 0         -nan%                0         -nan%
                                                     0         -nan%                0         -nan%
                                                  -nan         -nan              -nan         -nan

FUTGSHARE_CHANGED_CORRECTED_ON_PATH_10               0         -nan%                0         -nan%
FUTGSHARE_CHANGED_SCREWED_ON_PATH_10                 0         -nan%                0         -nan%
                                                     0         -nan%                0         -nan%
                                                  -nan         -nan              -nan         -nan

FUTGSHARE_CHANGED_CORRECTED_OFF_PATH_10              0         -nan%                0         -nan%
FUTGSHARE_CHANGED_SCREWED_OFF_PATH_10                0         -nan%                0         -nan%
                                                     0         -nan%                0         -nan%
                                                  -nan         -nan              -nan         -nan

FUTGSHARE_CHANGED_CORRECTED_ON_PATH_11               0         -nan%                0         -nan%
FUTGSHARE_CHANGED_SCREWED_ON_PATH_11                 0         -nan%                0         -nan%
                                                     0         -nan%                0         -nan%
                                                  -nan         -nan              -nan         -nan

FUTGSHARE_CHANGED_CORRECTED_OFF_PATH_11              0         -nan%                0         -nan%
FUTGSHARE_CHANGED_SCREWED_OFF_PATH_11                0         -nan%                0         -nan%
                                                     0         -nan%                0         -nan%
                                                  -nan         -nan              -nan         -nan

FUTGSHARE_CHANGED_CORRECTED_ON_PATH_12               0         -nan%                0         -nan%
FUTGSHARE_CHANGED_SCREWED_ON_PATH_12                 0         -nan%                0         -nan%
                                                     0         -nan%                0         -nan%
                                                  -nan         -nan              -nan         -nan

FUTGSHARE_CHANGED_CORRECTED_OFF_PATH_12              0         -nan%                0         -nan%
FUTGSHARE_CHANGED_SCREWED_OFF_PATH_12                0         -nan%                0         -nan%
                                                     0         -nan%                0         -nan%
                                                  -nan         -nan              -nan         -nan

FUTGSHARE_CHANGED_CORRECTED_ON_PATH_13               0         -nan%                0         -nan%
FUTGSHARE_CHANGED_SCREWED_ON_PATH_13                 0         -nan%                0         -nan%
                                                     0         -nan%                0         -nan%
                                                  -nan         -nan              -nan         -nan

FUTGSHARE_CHANGED_CORRECTED_OFF_PATH_13              0         -nan%                0         -nan%
FUTGSHARE_CHANGED_SCREWED_OFF_PATH_13                0         -nan%                0         -nan%
                                                     0         -nan%                0         -nan%
                                                  -nan         -nan              -nan         -nan

FUTGSHARE_CHANGED_CORRECTED_ON_PATH_14               0         -nan%                0         -nan%
FUTGSHARE_CHANGED_SCREWED_ON_PATH_14                 0         -nan%                0         -nan%
                                                     0         -nan%                0         -nan%
                                                  -nan         -nan              -nan         -nan

FUTGSHARE_CHANGED_CORRECTED_OFF_PATH_14              0         -nan%                0         -nan%
FUTGSHARE_CHANGED_SCREWED_OFF_PATH_14                0         -nan%                0         -nan%
                                                     0         -nan%                0         -nan%
                                                  -nan         -nan              -nan         -nan

FUTGSHARE_CHANGED_CORRECTED_ON_PATH_15               0         -nan%                0         -nan%
FUTGSHARE_CHANGED_SCREWED_ON_PATH_15                 0         -nan%                0         -nan%
                                                     0         -nan%                0         -nan%
                                                  -nan         -nan              -nan         -nan

FUTGSHARE_CHANGED_CORRECTED_OFF_PATH_15              0         -nan%                0         -nan%
FUTGSHARE_CHANGED_SCREWED_OFF_PATH_15                0         -nan%                0         -nan%
                                                     0         -nan%                0         -nan%
                                                  -nan         -nan              -nan         -nan

FRAGHIST_BIN_0                                       0         -nan%                0         -nan%
FRAGHIST_BIN_1                                       0         -nan%                0         -nan%
FRAGHIST_BIN_2                                       0         -nan%                0         -nan%
FRAGHIST_BIN_3                                       0         -nan%                0         -nan%
FRAGHIST_BIN_4                                       0         -nan%                0         -nan%
FRAGHIST_BIN_5                                       0         -nan%                0         -nan%
FRAGHIST_BIN_6                                       0         -nan%                0         -nan%
FRAGHIST_BIN_7                                       0         -nan%                0         -nan%
FRAGHIST_BIN_8                                       0         -nan%                0         -nan%
FRAGHIST_BIN_9                                       0         -nan%                0         -nan%
FRAGHIST_BIN_10                                      0         -nan%                0         -nan%
FRAGHIST_BIN_11                                      0         -nan%                0         -nan%
FRAGHIST_BIN_12                                      0         -nan%                0         -nan%
FRAGHIST_BIN_13                                      0         -nan%                0         -nan%
FRAGHIST_BIN_14                                      0         -nan%                0         -nan%
FRAGHIST_BIN_15                                      0         -nan%                0         -nan%
FRAGHIST_BIN_16                                      0         -nan%                0         -nan%
FRAGHIST_BIN_17                                      0         -nan%                0         -nan%
FRAGHIST_BIN_18                                      0         -nan%                0         -nan%
FRAGHIST_BIN_19                                      0         -nan%                0         -nan%
FRAGHIST_BIN_20                                      0         -nan%                0         -nan%
FRAGHIST_BIN_21                                      0         -nan%                0         -nan%
FRAGHIST_BIN_22                                      0         -nan%                0         -nan%
FRAGHIST_BIN_23                                      0         -nan%                0         -nan%
FRAGHIST_BIN_24                                      0         -nan%                0         -nan%
FRAGHIST_BIN_25                                      0         -nan%                0         -nan%
FRAGHIST_BIN_26                                      0         -nan%                0         -nan%
FRAGHIST_BIN_27                                      0         -nan%                0         -nan%
FRAGHIST_BIN_28                                      0         -nan%                0         -nan%
FRAGHIST_BIN_29                                      0         -nan%                0         -nan%
FRAGHIST_BIN_30                                      0         -nan%                0         -nan%
FRAGHIST_BIN_31                                      0         -nan%                0         -nan%
FRAGHIST_BIN_32                                      0         -nan%                0         -nan%
                                                     0         -nan%                0         -nan%
                                                  -nan         -nan              -nan         -nan

BTB_UPDATE_BTB_HIT_JITTED_NOT_CF                     0        0.000%                0        0.000%
BTB_UPDATE_BTB_HIT_JITTED_CF_BR                      0        0.000%                0        0.000%
BTB_UPDATE_BTB_HIT_JITTED_CF_CBR                     0        0.000%                0        0.000%
BTB_UPDATE_BTB_HIT_JITTED_CF_CALL                    0        0.000%                0        0.000%
BTB_UPDATE_BTB_HIT_JITTED_CF_IBR                     0        0.000%                0        0.000%
BTB_UPDATE_BTB_HIT_JITTED_CF_ICALL                  88      100.000%              274      100.000%
BTB_UPDATE_BTB_HIT_JITTED_CF_ICO                     0        0.000%                0        0.000%
BTB_UPDATE_BTB_HIT_JITTED_CF_RET                     0        0.000%                0        0.000%
                                                    88      100.000%              274      100.000%
                                                  5.00         0.00              5.00         0.00

RESTEER_BTB_MISS_NOT_CF                          72107       80.607%           214466       79.900%
RESTEER_BTB_MISS_CF_BR                               0        0.000%                0        0.000%
RESTEER_BTB_MISS_CF_CBR                              1        0.001%              138        0.051%
RESTEER_BTB_MISS_CF_REP                             42        0.047%              162        0.060%
RESTEER_BTB_MISS_CF_CALL                             0        0.000%                0        0.000%
RESTEER_BTB_MISS_CF_IBR                             21        0.023%              307        0.114%
RESTEER_BTB_MISS_CF_ICALL                            0        0.000%                0        0.000%
RESTEER_BTB_MISS_CF_ICO                              0        0.000%                0        0.000%
RESTEER_BTB_MISS_CF_RET                              0        0.000%                0        0.000%
RESTEER_RECOVER_AT_EXEC_NOT_CF                       0        0.000%                0        0.000%
RESTEER_RECOVER_AT_EXEC_CF_BR                        0        0.000%                0        0.000%
RESTEER_RECOVER_AT_EXEC_CF_CBR                   10560       11.805%            33216       12.375%
RESTEER_RECOVER_AT_EXEC_CF_REP                       0        0.000%                0        0.000%
RESTEER_RECOVER_AT_EXEC_CF_CALL                      0        0.000%                0        0.000%
RESTEER_RECOVER_AT_EXEC_CF_IBR                       0        0.000%               17        0.006%
RESTEER_RECOVER_AT_EXEC_CF_ICALL                     0        0.000%               40        0.015%
RESTEER_RECOVER_AT_EXEC_CF_ICO                       0        0.000%                0        0.000%
RESTEER_RECOVER_AT_EXEC_CF_RET                    6724        7.517%            20073        7.478%
RESTEER_RECOVER_AT_DECODE_NOT_CF                     0        0.000%                0        0.000%
RESTEER_RECOVER_AT_DECODE_CF_BR                      0        0.000%                0        0.000%
RESTEER_RECOVER_AT_DECODE_CF_CBR                     0        0.000%                0        0.000%
RESTEER_RECOVER_AT_DECODE_CF_REP                     0        0.000%                0        0.000%
RESTEER_RECOVER_AT_DECODE_CF_CALL                    0        0.000%                0        0.000%
RESTEER_RECOVER_AT_DECODE_CF_IBR                     0        0.000%                0        0.000%
RESTEER_RECOVER_AT_DECODE_CF_ICALL                   0        0.000%                0        0.000%
RESTEER_RECOVER_AT_DECODE_CF_ICO                     0        0.000%                0        0.000%
RESTEER_RECOVER_AT_DECODE_CF_RET                     0        0.000%                0        0.000%
RESTEER_NO_TARGET_CF_IBR                             0        0.000%                0        0.000%
RESTEER_NO_TARGET_CF_ICALL                           0        0.000%                0        0.000%
RESTEER_NO_TARGET_CF_ICO                             0        0.000%                0        0.000%
RESTEER_NO_TARGET_CF_RET                             0        0.000%                0        0.000%
                                                 89455      100.000%           268419      100.000%
                                                  2.58         4.90              2.64         4.91

TAGESCL_COMP_TAGE_BASE_CORRECT                  544898       50.377%          1641553       50.570%
TAGESCL_COMP_TAGE_BASE_RECOVER_AT_EXEC               7        0.001%              703        0.022%
TAGESCL_COMP_TAGE_SHORT_CORRECT                 417941       38.640%          1266230       39.007%
TAGESCL_COMP_TAGE_SHORT_RECOVER_AT_EXEC            518        0.048%             1671        0.051%
TAGESCL_COMP_TAGE_LONG_CORRECT                  100744        9.314%           288436        8.886%
TAGESCL_COMP_TAGE_LONG_RECOVER_AT_EXEC            6857        0.634%            21146        0.651%
TAGESCL_COMP_LOOP_CORRECT                         3569        0.330%             5030        0.155%
TAGESCL_COMP_LOOP_RECOVER_AT_EXEC                   11        0.001%               29        0.001%
TAGESCL_COMP_SC_CORRECT                           3923        0.363%            11663        0.359%
TAGESCL_COMP_SC_RECOVER_AT_EXEC                   3167        0.293%             9667        0.298%
                                               1081635      100.000%          3246128      100.000%
                                                  1.25         1.20              1.23         1.18

TAGESCL_COMP_BTB_MISS_TAGE_BASE_CORRECT         431387       94.560%          1302197       94.627%
TAGESCL_COMP_BTB_MISS_TAGE_BASE_RECOVER_AT_EXEC             3        0.001%              507        0.037%
TAGESCL_COMP_BTB_MISS_TAGE_SHORT_CORRECT         19434        4.260%            58117        4.223%
TAGESCL_COMP_BTB_MISS_TAGE_SHORT_RECOVER_AT_EXEC             0        0.000%                9        0.001%
TAGESCL_COMP_BTB_MISS_TAGE_LONG_CORRECT           5362        1.175%            15235        1.107%
TAGESCL_COMP_BTB_MISS_TAGE_LONG_RECOVER_AT_EXEC            15        0.003%               39        0.003%
TAGESCL_COMP_BTB_MISS_LOOP_CORRECT                   0        0.000%                0        0.000%
TAGESCL_COMP_BTB_MISS_LOOP_RECOVER_AT_EXEC             0        0.000%                0        0.000%
TAGESCL_COMP_BTB_MISS_SC_CORRECT                     4        0.001%               17        0.001%
TAGESCL_COMP_BTB_MISS_SC_RECOVER_AT_EXEC             1        0.000%               23        0.002%
                                                456206      100.000%          1376144      100.000%
                                                  0.13         0.57              0.13         0.56

TAGESCL_CONF_0_PER_BASE_RECOVER_AT_EXEC              0        0.000%                0        0.000%
TAGESCL_CONF_1_PER_BASE_RECOVER_AT_EXEC              4        0.038%              487        1.466%
TAGESCL_CONF_2_PER_BASE_RECOVER_AT_EXEC              0        0.000%                0        0.000%
TAGESCL_CONF_3_PER_BASE_RECOVER_AT_EXEC              3        0.028%              216        0.650%
TAGESCL_CONF_0_PER_SHORT_RECOVER_AT_EXEC           118        1.117%              355        1.069%
TAGESCL_CONF_1_PER_SHORT_RECOVER_AT_EXEC           135        1.278%              563        1.695%
TAGESCL_CONF_2_PER_SHORT_RECOVER_AT_EXEC           106        1.004%              302        0.909%
TAGESCL_CONF_3_PER_SHORT_RECOVER_AT_EXEC           159        1.506%              451        1.358%
TAGESCL_CONF_0_PER_LONG_RECOVER_AT_EXEC           1018        9.640%             3255        9.799%
TAGESCL_CONF_1_PER_LONG_RECOVER_AT_EXEC           1350       12.784%             4711       14.183%
TAGESCL_CONF_2_PER_LONG_RECOVER_AT_EXEC           1296       12.273%             3948       11.886%
TAGESCL_CONF_3_PER_LONG_RECOVER_AT_EXEC           3193       30.237%             9232       27.794%
TAGESCL_CONF_0_PER_LOOP_RECOVER_AT_EXEC              0        0.000%                2        0.006%
TAGESCL_CONF_1_PER_LOOP_RECOVER_AT_EXEC              1        0.009%                2        0.006%
TAGESCL_CONF_2_PER_LOOP_RECOVER_AT_EXEC              0        0.000%                1        0.003%
TAGESCL_CONF_3_PER_LOOP_RECOVER_AT_EXEC             10        0.095%               24        0.072%
TAGESCL_CONF_0_PER_SC_RECOVER_AT_EXEC              966        9.148%             2909        8.758%
TAGESCL_CONF_1_PER_SC_RECOVER_AT_EXEC             1152       10.909%             3908       11.765%
TAGESCL_CONF_2_PER_SC_RECOVER_AT_EXEC              771        7.301%             1926        5.798%
TAGESCL_CONF_3_PER_SC_RECOVER_AT_EXEC              278        2.633%              924        2.782%
                                                 10560      100.000%            33216      100.000%
                                                 11.90         4.18             11.60         4.41

TAGESCL_SC_SMALLLSUM                              4408        0.409%            14039        0.434%
TAGESCL_SC_SMALLLFIRST                             468        0.043%              813        0.025%
TAGESCL_SC_SMALLLSECOND                             85        0.008%              564        0.017%
TAGESCL_SC_IDENTICAL                           1073902       99.540%          3222967       99.524%
                                               1078863      100.000%          3238383      100.000%
                                                  2.99         2.98              2.99         2.98

CRS_UNDERFLOW_ON_PATH                                0        0.000%               18        0.057%
CRS_UNDERFLOW_OFF_PATH                           10852      100.000%            31296       99.943%
                                                 10852      100.000%            31314      100.000%
                                                  1.00         1.00              1.00         1.00



